target_attribute,bal_acc,auc,regime,debiased_concept,method,debias_layer,ba_raw,delta_ba,n_iterations,n_layers
5_o_clock_shadow,0.5193965517241379,0.5711206896551724,raw,none,none,-1,,,,
arched_eyebrows,0.5626846272007562,0.5970695970695971,raw,none,none,-1,,,,
attractive,0.5037742504409171,0.5727689594356261,raw,none,none,-1,,,,
bags_under_eyes,0.49972497249724973,0.43105977264393097,raw,none,none,-1,,,,
bald,0.7916786226685797,0.8855093256814921,raw,none,none,-1,,,,
bangs,0.7911371237458193,0.8762541806020068,raw,none,none,-1,,,,
big_lips,0.49339445923296854,0.47835945972591937,raw,none,none,-1,,,,
big_nose,0.6038961038961039,0.6026228673287497,raw,none,none,-1,,,,
black_hair,0.7624356775300172,0.874892795883362,raw,none,none,-1,,,,
blond_hair,0.8239108409321175,0.9175278622087133,raw,none,none,-1,,,,
blurry,0.6905737704918034,0.7568306010928961,raw,none,none,-1,,,,
brown_hair,0.6731892920233727,0.8200842505775241,raw,none,none,-1,,,,
bushy_eyebrows,0.5666666666666667,0.6079653679653679,raw,none,none,-1,,,,
chubby,0.5684389140271493,0.6790158371040724,raw,none,none,-1,,,,
double_chin,0.5791995787256451,0.662664560294892,raw,none,none,-1,,,,
eyeglasses,0.890625,0.95684814453125,raw,none,none,-1,,,,
goatee,0.6863132310496735,0.7727479872398602,raw,none,none,-1,,,,
gray_hair,0.8106493506493506,0.8855411255411255,raw,none,none,-1,,,,
heavy_makeup,0.5327433628318584,0.546165191740413,raw,none,none,-1,,,,
high_cheekbones,0.47804429215051714,0.3778158512595977,raw,none,none,-1,,,,
male,0.9733727810650887,0.9665374413385024,raw,none,none,-1,,,,
mouth_slightly_open,0.5359605911330049,0.5602216748768473,raw,none,none,-1,,,,
mustache,0.7235634958957026,0.8331723804925157,raw,none,none,-1,,,,
narrow_eyes,0.5625,0.5393145161290323,raw,none,none,-1,,,,
no_beard,0.5822666367243057,0.5424807246051351,raw,none,none,-1,,,,
oval_face,0.48116504854368936,0.42582524271844663,raw,none,none,-1,,,,
pale_skin,0.5313969571230982,0.681881051175657,raw,none,none,-1,,,,
pointy_nose,0.4527646129541864,0.5150078988941549,raw,none,none,-1,,,,
receding_hairline,0.540530058177117,0.5736263736263736,raw,none,none,-1,,,,
rosy_cheeks,0.6085365853658536,0.7097560975609756,raw,none,none,-1,,,,
sideburns,0.6846011131725418,0.7840445269016698,raw,none,none,-1,,,,
smiling,0.8533823079277625,0.9548209366391185,raw,none,none,-1,,,,
straight_hair,0.6095238095238096,0.6042553191489362,raw,none,none,-1,,,,
wavy_hair,0.5412589262099974,0.5826500925681036,raw,none,none,-1,,,,
wearing_earrings,0.6824614065180103,0.721483704974271,raw,none,none,-1,,,,
wearing_hat,0.9046066041581737,0.9313765457263216,raw,none,none,-1,,,,
wearing_lipstick,0.421875,0.38916015625,raw,none,none,-1,,,,
wearing_necklace,0.5299207504447678,0.5236939996765324,raw,none,none,-1,,,,
wearing_necktie,0.5631247686042207,0.6249537208441318,raw,none,none,-1,,,,
young,0.8066604995374653,0.889300030835646,raw,none,none,-1,,,,
5_o_clock_shadow,0.5086206896551724,0.5671695402298851,single,eyeglasses,diff_means,0,0.5193965517241379,-0.010775862068965525,,
arched_eyebrows,0.5824175824175823,0.5999054708732129,single,eyeglasses,diff_means,0,0.5626846272007562,0.019732955216826165,,
attractive,0.50663139329806,0.5767195767195767,single,eyeglasses,diff_means,0,0.5037742504409171,0.0028571428571428914,,
bags_under_eyes,0.4787312064539787,0.4328932893289329,single,eyeglasses,diff_means,0,0.49972497249724973,-0.020993766043271023,,
bald,0.7916786226685797,0.8851267336202773,single,eyeglasses,diff_means,0,0.7916786226685797,0.0,,
bangs,0.7911371237458193,0.8749163879598663,single,eyeglasses,diff_means,0,0.7911371237458193,0.0,,
big_lips,0.48614808242137436,0.47303559104801346,single,eyeglasses,diff_means,0,0.49339445923296854,-0.00724637681159418,,
big_nose,0.5990578049401578,0.6045963840081489,single,eyeglasses,diff_means,0,0.6038961038961039,-0.004838298955946119,,
black_hair,0.7647941680960548,0.8736063464837049,single,eyeglasses,diff_means,0,0.7624356775300172,0.002358490566037652,,
blond_hair,0.8455927051671732,0.918338399189463,single,eyeglasses,diff_means,0,0.8239108409321175,0.021681864235055692,,
blurry,0.6550546448087432,0.7476092896174864,single,eyeglasses,diff_means,0,0.6905737704918034,-0.03551912568306015,,
brown_hair,0.6731892920233727,0.8160076097295829,single,eyeglasses,diff_means,0,0.6731892920233727,0.0,,
bushy_eyebrows,0.5645021645021645,0.6091774891774893,single,eyeglasses,diff_means,0,0.5666666666666667,-0.0021645021645021467,,
chubby,0.5708898944193062,0.679392911010558,single,eyeglasses,diff_means,0,0.5684389140271493,0.002450980392156854,,
double_chin,0.5697209057398631,0.663928383359663,single,eyeglasses,diff_means,0,0.5791995787256451,-0.009478672985781977,,
eyeglasses,0.8984375,0.95703125,single,eyeglasses,diff_means,0,0.890625,0.0078125,,
goatee,0.6841105878778673,0.7646969466808446,single,eyeglasses,diff_means,0,0.6863132310496735,-0.0022026431718061845,,
gray_hair,0.8106493506493506,0.8845021645021645,single,eyeglasses,diff_means,0,0.8106493506493506,0.0,,
heavy_makeup,0.5349557522123893,0.5466076696165192,single,eyeglasses,diff_means,0,0.5327433628318584,0.0022123893805309214,,
high_cheekbones,0.4845802398629354,0.3764198235928676,single,eyeglasses,diff_means,0,0.47804429215051714,0.006535947712418277,,
male,0.9733727810650887,0.9668094946609536,single,eyeglasses,diff_means,0,0.9733727810650887,0.0,,
mouth_slightly_open,0.5222906403940887,0.5551108374384236,single,eyeglasses,diff_means,0,0.5359605911330049,-0.013669950738916192,,
mustache,0.7212699179140512,0.8230323515210044,single,eyeglasses,diff_means,0,0.7235634958957026,-0.002293577981651418,,
narrow_eyes,0.5685483870967742,0.5383064516129032,single,eyeglasses,diff_means,0,0.5625,0.006048387096774244,,
no_beard,0.5754173216558126,0.5376899468523093,single,eyeglasses,diff_means,0,0.5822666367243057,-0.006849315068493067,,
oval_face,0.48116504854368936,0.42601941747572813,single,eyeglasses,diff_means,0,0.48116504854368936,0.0,,
pale_skin,0.5334716459197787,0.6769017980636238,single,eyeglasses,diff_means,0,0.5313969571230982,0.0020746887966804906,,
pointy_nose,0.4503949447077409,0.5140600315955766,single,eyeglasses,diff_means,0,0.4527646129541864,-0.002369668246445522,,
receding_hairline,0.5548157724628313,0.5771170006464124,single,eyeglasses,diff_means,0,0.540530058177117,0.014285714285714346,,
rosy_cheeks,0.660569105691057,0.7113821138211381,single,eyeglasses,diff_means,0,0.6085365853658536,0.052032520325203335,,
sideburns,0.6825602968460112,0.7851576994434137,single,eyeglasses,diff_means,0,0.6846011131725418,-0.0020408163265306367,,
smiling,0.8575145393327211,0.9556167737985919,single,eyeglasses,diff_means,0,0.8533823079277625,0.004132231404958664,,
straight_hair,0.6073961499493414,0.5975683890577508,single,eyeglasses,diff_means,0,0.6095238095238096,-0.0021276595744681437,,
wavy_hair,0.5500308560345588,0.5833553733580182,single,eyeglasses,diff_means,0,0.5412589262099974,0.00877192982456143,,
wearing_earrings,0.6710977701543739,0.7162307032590052,single,eyeglasses,diff_means,0,0.6824614065180103,-0.011363636363636465,,
wearing_hat,0.9046066041581737,0.9317842098111155,single,eyeglasses,diff_means,0,0.9046066041581737,0.0,,
wearing_lipstick,0.42447916666666663,0.38655598958333337,single,eyeglasses,diff_means,0,0.421875,0.0026041666666666297,,
wearing_necklace,0.49288371340773085,0.5175481158013908,single,eyeglasses,diff_means,0,0.5299207504447678,-0.03703703703703698,,
wearing_necktie,0.5608416635813895,0.6316179192891522,single,eyeglasses,diff_means,0,0.5631247686042207,-0.0022831050228311334,,
young,0.7987665741597287,0.8905334566759173,single,eyeglasses,diff_means,0,0.8066604995374653,-0.007893925377736588,,
5_o_clock_shadow,0.5172413793103448,0.5680675287356323,single,eyeglasses,diff_means,1,0.5193965517241379,-0.0021551724137931494,,
arched_eyebrows,0.5755051400212691,0.5969514356611131,single,eyeglasses,diff_means,1,0.5626846272007562,0.012820512820512886,,
attractive,0.50663139329806,0.5722751322751323,single,eyeglasses,diff_means,1,0.5037742504409171,0.0028571428571428914,,
bags_under_eyes,0.4904657132379905,0.4304180418041803,single,eyeglasses,diff_means,1,0.49972497249724973,-0.009259259259259245,,
bald,0.7916786226685797,0.8841702534672405,single,eyeglasses,diff_means,1,0.7916786226685797,0.0,,
bangs,0.7889632107023412,0.8760869565217391,single,eyeglasses,diff_means,1,0.7911371237458193,-0.0021739130434781373,,
big_lips,0.49097900029577046,0.47737355811889975,single,eyeglasses,diff_means,1,0.49339445923296854,-0.0024154589371980784,,
big_nose,0.595747389865037,0.6023682200152789,single,eyeglasses,diff_means,1,0.6038961038961039,-0.008148714031066984,,
black_hair,0.7624356775300172,0.8758576329331047,single,eyeglasses,diff_means,1,0.7624356775300172,0.0,,
blond_hair,0.8260385005065856,0.9179331306990881,single,eyeglasses,diff_means,1,0.8239108409321175,0.0021276595744680327,,
blurry,0.6905737704918034,0.7544398907103825,single,eyeglasses,diff_means,1,0.6905737704918034,0.0,,
brown_hair,0.6776735969561082,0.8194048104362005,single,eyeglasses,diff_means,1,0.6731892920233727,0.004484304932735439,,
bushy_eyebrows,0.5666666666666667,0.606926406926407,single,eyeglasses,diff_means,1,0.5666666666666667,0.0,,
chubby,0.5684389140271493,0.6785444947209653,single,eyeglasses,diff_means,1,0.5684389140271493,0.0,,
double_chin,0.5768299104791996,0.6634017904160084,single,eyeglasses,diff_means,1,0.5791995787256451,-0.0023696682464454666,,
eyeglasses,0.89453125,0.95654296875,single,eyeglasses,diff_means,1,0.890625,0.00390625,,
goatee,0.6863132310496735,0.7709251101321586,single,eyeglasses,diff_means,1,0.6863132310496735,0.0,,
gray_hair,0.8106493506493506,0.8846753246753246,single,eyeglasses,diff_means,1,0.8106493506493506,0.0,,
heavy_makeup,0.5327433628318584,0.5436578171091446,single,eyeglasses,diff_means,1,0.5327433628318584,0.0,,
high_cheekbones,0.4813122660067263,0.37661019100196713,single,eyeglasses,diff_means,1,0.47804429215051714,0.0032679738562091387,,
male,0.9733727810650887,0.9662653880160511,single,eyeglasses,diff_means,1,0.9733727810650887,0.0,,
mouth_slightly_open,0.5230295566502463,0.5581896551724138,single,eyeglasses,diff_means,1,0.5359605911330049,-0.012931034482758563,,
mustache,0.7235634958957026,0.8308788025108643,single,eyeglasses,diff_means,1,0.7235634958957026,0.0,,
narrow_eyes,0.5625,0.5423387096774194,single,eyeglasses,diff_means,1,0.5625,0.0,,
no_beard,0.5822666367243057,0.5418818773860319,single,eyeglasses,diff_means,1,0.5822666367243057,0.0,,
oval_face,0.48116504854368936,0.4263106796116504,single,eyeglasses,diff_means,1,0.48116504854368936,0.0,,
pale_skin,0.5334716459197787,0.6738589211618258,single,eyeglasses,diff_means,1,0.5313969571230982,0.0020746887966804906,,
pointy_nose,0.4480252764612954,0.5110057925223803,single,eyeglasses,diff_means,1,0.4527646129541864,-0.004739336492890989,,
receding_hairline,0.5307692307692308,0.571945701357466,single,eyeglasses,diff_means,1,0.540530058177117,-0.009760827407886197,,
rosy_cheeks,0.6085365853658536,0.7113821138211383,single,eyeglasses,diff_means,1,0.6085365853658536,0.0,,
sideburns,0.6846011131725418,0.784786641929499,single,eyeglasses,diff_means,1,0.6846011131725418,0.0,,
smiling,0.8533823079277625,0.9555555555555556,single,eyeglasses,diff_means,1,0.8533823079277625,0.0,,
straight_hair,0.6095238095238096,0.6026342451874367,single,eyeglasses,diff_means,1,0.6095238095238096,0.0,,
wavy_hair,0.5412589262099974,0.5820329718769285,single,eyeglasses,diff_means,1,0.5412589262099974,0.0,,
wearing_earrings,0.6734562607204116,0.7190180102915952,single,eyeglasses,diff_means,1,0.6824614065180103,-0.009005145797598701,,
wearing_hat,0.9046066041581737,0.9312406576980568,single,eyeglasses,diff_means,1,0.9046066041581737,0.0,,
wearing_lipstick,0.4375,0.389404296875,single,eyeglasses,diff_means,1,0.421875,0.015625,,
wearing_necklace,0.5135856380397865,0.5240174672489083,single,eyeglasses,diff_means,1,0.5299207504447678,-0.01633511240498131,,
wearing_necktie,0.5654078736270517,0.6254473651733926,single,eyeglasses,diff_means,1,0.5631247686042207,0.0022831050228310223,,
young,0.8102065988282454,0.8901017576318224,single,eyeglasses,diff_means,1,0.8066604995374653,0.0035460992907800915,,
5_o_clock_shadow,0.5193965517241379,0.5711206896551725,single,eyeglasses,diff_means,2,0.5193965517241379,0.0,,
arched_eyebrows,0.5567765567765568,0.5994328252392769,single,eyeglasses,diff_means,2,0.5626846272007562,-0.005908070424199385,,
attractive,0.5037742504409171,0.5729805996472663,single,eyeglasses,diff_means,2,0.5037742504409171,0.0,,
bags_under_eyes,0.49972497249724973,0.43133480014668135,single,eyeglasses,diff_means,2,0.49972497249724973,0.0,,
bald,0.7916786226685797,0.8854136776661885,single,eyeglasses,diff_means,2,0.7916786226685797,0.0,,
bangs,0.7911371237458193,0.8755852842809364,single,eyeglasses,diff_means,2,0.7911371237458193,0.0,,
big_lips,0.49097900029577046,0.4803312629399586,single,eyeglasses,diff_means,2,0.49339445923296854,-0.0024154589371980784,,
big_nose,0.5974025974025974,0.6035141329258977,single,eyeglasses,diff_means,2,0.6038961038961039,-0.006493506493506551,,
black_hair,0.7624356775300172,0.8747855917667239,single,eyeglasses,diff_means,2,0.7624356775300172,0.0,,
blond_hair,0.8239108409321175,0.9173252279635258,single,eyeglasses,diff_means,2,0.8239108409321175,0.0,,
blurry,0.6885245901639344,0.7544398907103825,single,eyeglasses,diff_means,2,0.6905737704918034,-0.002049180327868938,,
brown_hair,0.6754314444897405,0.8199483625492594,single,eyeglasses,diff_means,2,0.6731892920233727,0.0022421524663677195,,
bushy_eyebrows,0.5688311688311689,0.6062337662337662,single,eyeglasses,diff_means,2,0.5666666666666667,0.0021645021645022577,,
chubby,0.5684389140271493,0.6808069381598794,single,eyeglasses,diff_means,2,0.5684389140271493,0.0,,
double_chin,0.574460242232754,0.6624539231174302,single,eyeglasses,diff_means,2,0.5791995787256451,-0.004739336492891044,,
eyeglasses,0.89453125,0.9569091796875,single,eyeglasses,diff_means,2,0.890625,0.00390625,,
goatee,0.7079598967036306,0.7754823029014127,single,eyeglasses,diff_means,2,0.6863132310496735,0.02164666565395712,,
gray_hair,0.8084848484848486,0.8857142857142857,single,eyeglasses,diff_means,2,0.8106493506493506,-0.0021645021645020357,,
heavy_makeup,0.5371681415929204,0.5448377581120945,single,eyeglasses,diff_means,2,0.5327433628318584,0.004424778761061954,,
high_cheekbones,0.4813122660067263,0.37826004188082996,single,eyeglasses,diff_means,2,0.47804429215051714,0.0032679738562091387,,
male,0.9733727810650887,0.9664694280078895,single,eyeglasses,diff_means,2,0.9733727810650887,0.0,,
mouth_slightly_open,0.5410098522167488,0.5599753694581281,single,eyeglasses,diff_means,2,0.5359605911330049,0.005049261083743928,,
mustache,0.7235634958957026,0.8341380975374215,single,eyeglasses,diff_means,2,0.7235634958957026,0.0,,
narrow_eyes,0.5625,0.5357862903225806,single,eyeglasses,diff_means,2,0.5625,0.0,,
no_beard,0.5822666367243057,0.5443521221648328,single,eyeglasses,diff_means,2,0.5822666367243057,0.0,,
oval_face,0.48116504854368936,0.4263106796116505,single,eyeglasses,diff_means,2,0.48116504854368936,0.0,,
pale_skin,0.5313969571230982,0.6810511756569848,single,eyeglasses,diff_means,2,0.5313969571230982,0.0,,
pointy_nose,0.4503949447077409,0.5142706687730385,single,eyeglasses,diff_means,2,0.4527646129541864,-0.002369668246445522,,
receding_hairline,0.5285067873303168,0.5741435035552682,single,eyeglasses,diff_means,2,0.540530058177117,-0.012023270846800216,,
rosy_cheeks,0.6085365853658536,0.708130081300813,single,eyeglasses,diff_means,2,0.6085365853658536,0.0,,
sideburns,0.6825602968460112,0.7844155844155843,single,eyeglasses,diff_means,2,0.6846011131725418,-0.0020408163265306367,,
smiling,0.8533823079277625,0.954759718396082,single,eyeglasses,diff_means,2,0.8533823079277625,0.0,,
straight_hair,0.6116514690982776,0.6068895643363729,single,eyeglasses,diff_means,2,0.6095238095238096,0.0021276595744680327,,
wavy_hair,0.5412589262099974,0.5845014546416292,single,eyeglasses,diff_means,2,0.5412589262099974,0.0,,
wearing_earrings,0.6710977701543739,0.7220197255574614,single,eyeglasses,diff_means,2,0.6824614065180103,-0.011363636363636465,,
wearing_hat,0.9046066041581737,0.931648321782851,single,eyeglasses,diff_means,2,0.9046066041581737,0.0,,
wearing_lipstick,0.43489583333333337,0.388427734375,single,eyeglasses,diff_means,2,0.421875,0.01302083333333337,,
wearing_necklace,0.5255539382176937,0.5267669416141032,single,eyeglasses,diff_means,2,0.5299207504447678,-0.004366812227074135,,
wearing_necktie,0.5631247686042207,0.6239664321856103,single,eyeglasses,diff_means,2,0.5631247686042207,0.0,,
young,0.7987665741597287,0.8884983040394696,single,eyeglasses,diff_means,2,0.8066604995374653,-0.007893925377736588,,
5_o_clock_shadow,0.5129310344827587,0.5702227011494253,single,eyeglasses,diff_means,3,0.5193965517241379,-0.006465517241379226,,
arched_eyebrows,0.554472409311119,0.597424081295049,single,eyeglasses,diff_means,3,0.5626846272007562,-0.008212217889637219,,
attractive,0.5037742504409171,0.5724867724867725,single,eyeglasses,diff_means,3,0.5037742504409171,0.0,,
bags_under_eyes,0.4904657132379905,0.42895122845617895,single,eyeglasses,diff_means,3,0.49972497249724973,-0.009259259259259245,,
bald,0.8014825442372071,0.8847441415590627,single,eyeglasses,diff_means,3,0.7916786226685797,0.009803921568627416,,
bangs,0.7889632107023412,0.875752508361204,single,eyeglasses,diff_means,3,0.7911371237458193,-0.0021739130434781373,,
big_lips,0.49097900029577046,0.47658483683328406,single,eyeglasses,diff_means,3,0.49339445923296854,-0.0024154589371980784,,
big_nose,0.6038961038961039,0.6024318818436466,single,eyeglasses,diff_means,3,0.6038961038961039,0.0,,
black_hair,0.7647941680960548,0.8747855917667239,single,eyeglasses,diff_means,3,0.7624356775300172,0.002358490566037652,,
blond_hair,0.8239108409321175,0.9173252279635258,single,eyeglasses,diff_means,3,0.8239108409321175,0.0,,
blurry,0.6905737704918034,0.7558060109289617,single,eyeglasses,diff_means,3,0.6905737704918034,0.0,,
brown_hair,0.6776735969561082,0.8187253702948771,single,eyeglasses,diff_means,3,0.6731892920233727,0.004484304932735439,,
bushy_eyebrows,0.5666666666666667,0.6067532467532467,single,eyeglasses,diff_means,3,0.5666666666666667,0.0,,
chubby,0.5684389140271493,0.6796757164404222,single,eyeglasses,diff_means,3,0.5684389140271493,0.0,,
double_chin,0.5791995787256451,0.6622432859399684,single,eyeglasses,diff_means,3,0.5791995787256451,0.0,,
eyeglasses,0.890625,0.95635986328125,single,eyeglasses,diff_means,3,0.890625,0.0,,
goatee,0.6885158742214795,0.772140361537293,single,eyeglasses,diff_means,3,0.6863132310496735,0.0022026431718060735,,
gray_hair,0.8084848484848486,0.8851948051948052,single,eyeglasses,diff_means,3,0.8106493506493506,-0.0021645021645020357,,
heavy_makeup,0.5327433628318584,0.5477876106194691,single,eyeglasses,diff_means,3,0.5327433628318584,0.0,,
high_cheekbones,0.47804429215051714,0.37654673519893395,single,eyeglasses,diff_means,3,0.47804429215051714,0.0,,
male,0.9733727810650887,0.9664694280078895,single,eyeglasses,diff_means,3,0.9733727810650887,0.0,,
mouth_slightly_open,0.5273399014778325,0.5584975369458128,single,eyeglasses,diff_means,3,0.5359605911330049,-0.008620689655172376,,
mustache,0.7235634958957026,0.8322066634476099,single,eyeglasses,diff_means,3,0.7235634958957026,0.0,,
narrow_eyes,0.5625,0.5428427419354839,single,eyeglasses,diff_means,3,0.5625,0.0,,
no_beard,0.5822666367243057,0.5422561568979715,single,eyeglasses,diff_means,3,0.5822666367243057,0.0,,
oval_face,0.48116504854368936,0.4265048543689321,single,eyeglasses,diff_means,3,0.48116504854368936,0.0,,
pale_skin,0.5334716459197787,0.677731673582296,single,eyeglasses,diff_means,3,0.5313969571230982,0.0020746887966804906,,
pointy_nose,0.4503949447077409,0.5121642969984203,single,eyeglasses,diff_means,3,0.4527646129541864,-0.002369668246445522,,
receding_hairline,0.542792501616031,0.572333548804137,single,eyeglasses,diff_means,3,0.540530058177117,0.002262443438914019,,
rosy_cheeks,0.6085365853658536,0.7117886178861788,single,eyeglasses,diff_means,3,0.6085365853658536,0.0,,
sideburns,0.6846011131725418,0.7858998144712431,single,eyeglasses,diff_means,3,0.6846011131725418,0.0,,
smiling,0.8533823079277625,0.9550658096112642,single,eyeglasses,diff_means,3,0.8533823079277625,0.0,,
straight_hair,0.6116514690982776,0.6030395136778115,single,eyeglasses,diff_means,3,0.6095238095238096,0.0021276595744680327,,
wavy_hair,0.5412589262099974,0.5824737723706249,single,eyeglasses,diff_means,3,0.5412589262099974,0.0,,
wearing_earrings,0.664451114922813,0.7192324185248714,single,eyeglasses,diff_means,3,0.6824614065180103,-0.018010291595197403,,
wearing_hat,0.9046066041581737,0.9319200978393803,single,eyeglasses,diff_means,3,0.9046066041581737,0.0,,
wearing_lipstick,0.44010416666666663,0.3900553385416667,single,eyeglasses,diff_means,3,0.421875,0.01822916666666663,,
wearing_necklace,0.5092188258127123,0.5266052078279152,single,eyeglasses,diff_means,3,0.5299207504447678,-0.020701924632055557,,
wearing_necktie,0.5631247686042207,0.6206343329631001,single,eyeglasses,diff_means,3,0.5631247686042207,0.0,,
young,0.8066604995374653,0.8897934011717545,single,eyeglasses,diff_means,3,0.8066604995374653,0.0,,
5_o_clock_shadow,0.5193965517241379,0.5695043103448276,single,eyeglasses,diff_means,4,0.5193965517241379,0.0,,
arched_eyebrows,0.5567765567765568,0.598014888337469,single,eyeglasses,diff_means,4,0.5626846272007562,-0.005908070424199385,,
attractive,0.5037742504409171,0.5722045855379189,single,eyeglasses,diff_means,4,0.5037742504409171,0.0,,
bags_under_eyes,0.47194719471947194,0.4341767510084341,single,eyeglasses,diff_means,4,0.49972497249724973,-0.02777777777777779,,
bald,0.7916786226685797,0.8837876614060259,single,eyeglasses,diff_means,4,0.7916786226685797,0.0,,
bangs,0.795484949832776,0.8755852842809364,single,eyeglasses,diff_means,4,0.7911371237458193,0.004347826086956608,,
big_lips,0.49339445923296854,0.4796411318150449,single,eyeglasses,diff_means,4,0.49339445923296854,0.0,,
big_nose,0.6006493506493507,0.6012859689330278,single,eyeglasses,diff_means,4,0.6038961038961039,-0.0032467532467532756,,
black_hair,0.7624356775300172,0.8743567753001715,single,eyeglasses,diff_means,4,0.7624356775300172,0.0,,
blond_hair,0.8239108409321175,0.9171225937183384,single,eyeglasses,diff_means,4,0.8239108409321175,0.0,,
blurry,0.6967213114754098,0.7452185792349727,single,eyeglasses,diff_means,4,0.6905737704918034,0.006147540983606481,,
brown_hair,0.6731892920233727,0.8165511618426418,single,eyeglasses,diff_means,4,0.6731892920233727,0.0,,
bushy_eyebrows,0.5688311688311689,0.607965367965368,single,eyeglasses,diff_means,4,0.5666666666666667,0.0021645021645022577,,
chubby,0.5780542986425339,0.6808069381598794,single,eyeglasses,diff_means,4,0.5684389140271493,0.009615384615384581,,
double_chin,0.5768299104791996,0.6607688256977357,single,eyeglasses,diff_means,4,0.5791995787256451,-0.0023696682464454666,,
eyeglasses,0.890625,0.95745849609375,single,eyeglasses,diff_means,4,0.890625,0.0,,
goatee,0.7035546103600183,0.7748746771988455,single,eyeglasses,diff_means,4,0.6863132310496735,0.017241379310344862,,
gray_hair,0.8106493506493506,0.8858874458874458,single,eyeglasses,diff_means,4,0.8106493506493506,0.0,,
heavy_makeup,0.5393805309734514,0.5454277286135694,single,eyeglasses,diff_means,4,0.5327433628318584,0.006637168141592986,,
high_cheekbones,0.47804429215051714,0.3797195253505934,single,eyeglasses,diff_means,4,0.47804429215051714,0.0,,
male,0.9733727810650887,0.9668094946609535,single,eyeglasses,diff_means,4,0.9733727810650887,0.0,,
mouth_slightly_open,0.5331280788177339,0.5620689655172414,single,eyeglasses,diff_means,4,0.5359605911330049,-0.0028325123152709297,,
mustache,0.725857073877354,0.8329309512312892,single,eyeglasses,diff_means,4,0.7235634958957026,0.002293577981651418,,
narrow_eyes,0.5625,0.545866935483871,single,eyeglasses,diff_means,4,0.5625,0.0,,
no_beard,0.5754173216558126,0.5440526985552812,single,eyeglasses,diff_means,4,0.5822666367243057,-0.006849315068493067,,
oval_face,0.48116504854368936,0.42699029126213595,single,eyeglasses,diff_means,4,0.48116504854368936,0.0,,
pale_skin,0.5313969571230982,0.6852005532503458,single,eyeglasses,diff_means,4,0.5313969571230982,0.0,,
pointy_nose,0.4321748288572933,0.5147972617166929,single,eyeglasses,diff_means,4,0.4527646129541864,-0.020589784096893105,,
receding_hairline,0.5330316742081448,0.5732385261797026,single,eyeglasses,diff_means,4,0.540530058177117,-0.007498383968972178,,
rosy_cheeks,0.6065040650406504,0.7101626016260162,single,eyeglasses,diff_means,4,0.6085365853658536,-0.002032520325203291,,
sideburns,0.6805194805194805,0.7851576994434137,single,eyeglasses,diff_means,4,0.6846011131725418,-0.004081632653061273,,
smiling,0.8533823079277625,0.9550045913682277,single,eyeglasses,diff_means,4,0.8533823079277625,0.0,,
straight_hair,0.6333333333333333,0.6109422492401215,single,eyeglasses,diff_means,4,0.6095238095238096,0.023809523809523725,,
wavy_hair,0.5412589262099974,0.583884333950454,single,eyeglasses,diff_means,4,0.5412589262099974,0.0,,
wearing_earrings,0.6687392795883362,0.7190180102915952,single,eyeglasses,diff_means,4,0.6824614065180103,-0.013722126929674117,,
wearing_hat,0.9046066041581737,0.931648321782851,single,eyeglasses,diff_means,4,0.9046066041581737,0.0,,
wearing_lipstick,0.42708333333333337,0.38362630208333337,single,eyeglasses,diff_means,4,0.421875,0.00520833333333337,,
wearing_necklace,0.5070354196991752,0.5269286754002911,single,eyeglasses,diff_means,4,0.5299207504447678,-0.022885330745592625,,
wearing_necktie,0.5496112550907072,0.6249537208441318,single,eyeglasses,diff_means,4,0.5631247686042207,-0.013513513513513487,,
young,0.8066604995374653,0.8899784150477952,single,eyeglasses,diff_means,4,0.8066604995374653,0.0,,
5_o_clock_shadow,0.5129310344827587,0.5687859195402298,single,eyeglasses,diff_means,5,0.5193965517241379,-0.006465517241379226,,
arched_eyebrows,0.5567765567765568,0.597778565520501,single,eyeglasses,diff_means,5,0.5626846272007562,-0.005908070424199385,,
attractive,0.5037742504409171,0.5707936507936507,single,eyeglasses,diff_means,5,0.5037742504409171,0.0,,
bags_under_eyes,0.4787312064539787,0.4331683168316831,single,eyeglasses,diff_means,5,0.49972497249724973,-0.020993766043271023,,
bald,0.8014825442372071,0.8847441415590626,single,eyeglasses,diff_means,5,0.7916786226685797,0.009803921568627416,,
bangs,0.7911371237458193,0.8769230769230769,single,eyeglasses,diff_means,5,0.7911371237458193,0.0,,
big_lips,0.48614808242137436,0.4772749679581978,single,eyeglasses,diff_means,5,0.49339445923296854,-0.00724637681159418,,
big_nose,0.5941558441558441,0.6026865291571173,single,eyeglasses,diff_means,5,0.6038961038961039,-0.009740259740259827,,
black_hair,0.7624356775300172,0.8759648370497427,single,eyeglasses,diff_means,5,0.7624356775300172,0.0,,
blond_hair,0.8260385005065856,0.9171225937183384,single,eyeglasses,diff_means,5,0.8239108409321175,0.0021276595744680327,,
blurry,0.6926229508196722,0.7465846994535519,single,eyeglasses,diff_means,5,0.6905737704918034,0.002049180327868827,,
brown_hair,0.6776735969561082,0.8184535942383476,single,eyeglasses,diff_means,5,0.6731892920233727,0.004484304932735439,,
bushy_eyebrows,0.5688311688311689,0.6074458874458875,single,eyeglasses,diff_means,5,0.5666666666666667,0.0021645021645022577,,
chubby,0.5684389140271493,0.680052790346908,single,eyeglasses,diff_means,5,0.5684389140271493,0.0,,
double_chin,0.5768299104791996,0.6611901000526592,single,eyeglasses,diff_means,5,0.5791995787256451,-0.0023696682464454666,,
eyeglasses,0.89453125,0.95623779296875,single,eyeglasses,diff_means,5,0.890625,0.00390625,,
goatee,0.6885158742214795,0.7724441743885766,single,eyeglasses,diff_means,5,0.6863132310496735,0.0022026431718060735,,
gray_hair,0.8106493506493506,0.8857142857142858,single,eyeglasses,diff_means,5,0.8106493506493506,0.0,,
heavy_makeup,0.5327433628318584,0.5469026548672566,single,eyeglasses,diff_means,5,0.5327433628318584,0.0,,
high_cheekbones,0.47804429215051714,0.37756202804746497,single,eyeglasses,diff_means,5,0.47804429215051714,0.0,,
male,0.9733727810650887,0.9670135346527919,single,eyeglasses,diff_means,5,0.9733727810650887,0.0,,
mouth_slightly_open,0.5288177339901478,0.5571428571428572,single,eyeglasses,diff_means,5,0.5359605911330049,-0.0071428571428571175,,
mustache,0.7235634958957026,0.8329309512312892,single,eyeglasses,diff_means,5,0.7235634958957026,0.0,,
narrow_eyes,0.5625,0.5483870967741935,single,eyeglasses,diff_means,5,0.5625,0.0,,
no_beard,0.5822666367243057,0.5442024103600569,single,eyeglasses,diff_means,5,0.5822666367243057,0.0,,
oval_face,0.48116504854368936,0.42766990291262136,single,eyeglasses,diff_means,5,0.48116504854368936,0.0,,
pale_skin,0.5313969571230982,0.6782849239280775,single,eyeglasses,diff_means,5,0.5313969571230982,0.0,,
pointy_nose,0.4480252764612954,0.5169036334913112,single,eyeglasses,diff_means,5,0.4527646129541864,-0.004739336492890989,,
receding_hairline,0.5450549450549451,0.5725921137685843,single,eyeglasses,diff_means,5,0.540530058177117,0.004524886877828149,,
rosy_cheeks,0.6044715447154472,0.7101626016260163,single,eyeglasses,diff_means,5,0.6085365853658536,-0.004065040650406471,,
sideburns,0.6825602968460112,0.7855287569573285,single,eyeglasses,diff_means,5,0.6846011131725418,-0.0020408163265306367,,
smiling,0.8575145393327211,0.9552494643403735,single,eyeglasses,diff_means,5,0.8533823079277625,0.004132231404958664,,
straight_hair,0.6095238095238096,0.6091185410334347,single,eyeglasses,diff_means,5,0.6095238095238096,0.0,,
wavy_hair,0.5412589262099974,0.5823856122718858,single,eyeglasses,diff_means,5,0.5412589262099974,0.0,,
wearing_earrings,0.6573756432246998,0.7156946826758148,single,eyeglasses,diff_means,5,0.6824614065180103,-0.02508576329331058,,
wearing_hat,0.9046066041581737,0.9317842098111156,single,eyeglasses,diff_means,5,0.9046066041581737,0.0,,
wearing_lipstick,0.44270833333333337,0.38680013020833337,single,eyeglasses,diff_means,5,0.421875,0.02083333333333337,,
wearing_necklace,0.5233705321041565,0.5254730713245996,single,eyeglasses,diff_means,5,0.5299207504447678,-0.0065502183406113135,,
wearing_necktie,0.5654078736270517,0.6263112427495989,single,eyeglasses,diff_means,5,0.5631247686042207,0.0022831050228310223,,
young,0.8066604995374653,0.8886833179155104,single,eyeglasses,diff_means,5,0.8066604995374653,0.0,,
5_o_clock_shadow,0.49856321839080464,0.5680675287356323,single,eyeglasses,diff_means,6,0.5193965517241379,-0.02083333333333326,,
arched_eyebrows,0.5672929221316318,0.5974240812950491,single,eyeglasses,diff_means,6,0.5626846272007562,0.004608294930875667,,
attractive,0.5037742504409171,0.5695238095238095,single,eyeglasses,diff_means,6,0.5037742504409171,0.0,,
bags_under_eyes,0.47194719471947194,0.4362852951961863,single,eyeglasses,diff_means,6,0.49972497249724973,-0.02777777777777779,,
bald,0.7916786226685797,0.8831181252989001,single,eyeglasses,diff_means,6,0.7916786226685797,0.0,,
bangs,0.795484949832776,0.8772575250836121,single,eyeglasses,diff_means,6,0.7911371237458193,0.004347826086956608,,
big_lips,0.49339445923296854,0.4795425416543429,single,eyeglasses,diff_means,6,0.49339445923296854,0.0,,
big_nose,0.595747389865037,0.6011586452762925,single,eyeglasses,diff_means,6,0.6038961038961039,-0.008148714031066984,,
black_hair,0.7624356775300172,0.8752144082332762,single,eyeglasses,diff_means,6,0.7624356775300172,0.0,,
blond_hair,0.8239108409321175,0.9167173252279635,single,eyeglasses,diff_means,6,0.8239108409321175,0.0,,
blurry,0.694672131147541,0.744535519125683,single,eyeglasses,diff_means,6,0.6905737704918034,0.004098360655737654,,
brown_hair,0.670947139557005,0.8149205055034652,single,eyeglasses,diff_means,6,0.6731892920233727,-0.0022421524663677195,,
bushy_eyebrows,0.5688311688311689,0.6086580086580087,single,eyeglasses,diff_means,6,0.5666666666666667,0.0021645021645022577,,
chubby,0.5780542986425339,0.6799585218702866,single,eyeglasses,diff_means,6,0.5684389140271493,0.009615384615384581,,
double_chin,0.5768299104791996,0.6607688256977357,single,eyeglasses,diff_means,6,0.5791995787256451,-0.0023696682464454666,,
eyeglasses,0.890625,0.95703125,single,eyeglasses,diff_means,6,0.890625,0.0,,
goatee,0.6885158742214795,0.7741151450706365,single,eyeglasses,diff_means,6,0.6863132310496735,0.0022026431718060735,,
gray_hair,0.814978354978355,0.8839826839826839,single,eyeglasses,diff_means,6,0.8106493506493506,0.0043290043290044045,,
heavy_makeup,0.5393805309734514,0.5458702064896755,single,eyeglasses,diff_means,6,0.5327433628318584,0.006637168141592986,,
high_cheekbones,0.48289866108255597,0.380290627577892,single,eyeglasses,diff_means,6,0.47804429215051714,0.004854368932038833,,
male,0.9733727810650887,0.9671495613140175,single,eyeglasses,diff_means,6,0.9733727810650887,0.0,,
mouth_slightly_open,0.5252463054187192,0.5623768472906403,single,eyeglasses,diff_means,6,0.5359605911330049,-0.010714285714285676,,
mustache,0.7235634958957026,0.8331723804925157,single,eyeglasses,diff_means,6,0.7235634958957026,0.0,,
narrow_eyes,0.5625,0.5519153225806452,single,eyeglasses,diff_means,6,0.5625,0.0,,
no_beard,0.5754173216558126,0.5442772662624448,single,eyeglasses,diff_means,6,0.5822666367243057,-0.006849315068493067,,
oval_face,0.48116504854368936,0.4270873786407767,single,eyeglasses,diff_means,6,0.48116504854368936,0.0,,
pale_skin,0.5313969571230982,0.677731673582296,single,eyeglasses,diff_means,6,0.5313969571230982,0.0,,
pointy_nose,0.43454449710373877,0.5123749341758821,single,eyeglasses,diff_means,6,0.4527646129541864,-0.018220115850447638,,
receding_hairline,0.5187459599224304,0.5714285714285714,single,eyeglasses,diff_means,6,0.540530058177117,-0.021784098254686524,,
rosy_cheeks,0.6044715447154472,0.7048780487804878,single,eyeglasses,diff_means,6,0.6085365853658536,-0.004065040650406471,,
sideburns,0.6846011131725418,0.7877551020408163,single,eyeglasses,diff_means,6,0.6846011131725418,0.0,,
smiling,0.8492500765228037,0.9544536271808999,single,eyeglasses,diff_means,6,0.8533823079277625,-0.004132231404958775,,
straight_hair,0.6312056737588652,0.6107396149949341,single,eyeglasses,diff_means,6,0.6095238095238096,0.02168186423505558,,
wavy_hair,0.5412589262099974,0.5807105703958388,single,eyeglasses,diff_means,6,0.5412589262099974,0.0,,
wearing_earrings,0.6801029159519726,0.7192324185248714,single,eyeglasses,diff_means,6,0.6824614065180103,-0.002358490566037763,,
wearing_hat,0.9046066041581737,0.9311047696697922,single,eyeglasses,diff_means,6,0.9046066041581737,0.0,,
wearing_lipstick,0.42708333333333337,0.3849283854166667,single,eyeglasses,diff_means,6,0.421875,0.00520833333333337,,
wearing_necklace,0.5255539382176937,0.5267669416141032,single,eyeglasses,diff_means,6,0.5299207504447678,-0.004366812227074135,,
wearing_necktie,0.5564605701592003,0.628902875478218,single,eyeglasses,diff_means,6,0.5631247686042207,-0.0066641984450204195,,
young,0.8094048720320691,0.8901017576318224,single,eyeglasses,diff_means,6,0.8066604995374653,0.0027443724946037973,,
5_o_clock_shadow,0.521551724137931,0.5678879310344828,single,eyeglasses,diff_means,7,0.5193965517241379,0.0021551724137931494,,
arched_eyebrows,0.554472409311119,0.5984875339714049,single,eyeglasses,diff_means,7,0.5626846272007562,-0.008212217889637219,,
attractive,0.5037742504409171,0.5708641975308641,single,eyeglasses,diff_means,7,0.5037742504409171,0.0,,
bags_under_eyes,0.4812064539787312,0.4330766409974331,single,eyeglasses,diff_means,7,0.49972497249724973,-0.018518518518518545,,
bald,0.7916786226685797,0.8834050693448111,single,eyeglasses,diff_means,7,0.7916786226685797,0.0,,
bangs,0.7933110367892977,0.8765886287625417,single,eyeglasses,diff_means,7,0.7911371237458193,0.0021739130434783593,,
big_lips,0.4885635413585724,0.4797397219757468,single,eyeglasses,diff_means,7,0.49339445923296854,-0.004830917874396157,,
big_nose,0.595747389865037,0.6020499108734403,single,eyeglasses,diff_means,7,0.6038961038961039,-0.008148714031066984,,
black_hair,0.7624356775300172,0.8763936535162951,single,eyeglasses,diff_means,7,0.7624356775300172,0.0,,
blond_hair,0.8239108409321175,0.916919959473151,single,eyeglasses,diff_means,7,0.8239108409321175,0.0,,
blurry,0.6967213114754098,0.7418032786885247,single,eyeglasses,diff_means,7,0.6905737704918034,0.006147540983606481,,
brown_hair,0.6731892920233727,0.8162793857861123,single,eyeglasses,diff_means,7,0.6731892920233727,0.0,,
bushy_eyebrows,0.5688311688311689,0.6091774891774893,single,eyeglasses,diff_means,7,0.5666666666666667,0.0021645021645022577,,
chubby,0.5805052790346907,0.6813725490196079,single,eyeglasses,diff_means,7,0.5684389140271493,0.012066365007541435,,
double_chin,0.574460242232754,0.6617166929963139,single,eyeglasses,diff_means,7,0.5791995787256451,-0.004739336492891044,,
eyeglasses,0.8984375,0.95709228515625,single,eyeglasses,diff_means,7,0.890625,0.0078125,,
goatee,0.6885158742214795,0.7732037065167857,single,eyeglasses,diff_means,7,0.6863132310496735,0.0022026431718060735,,
gray_hair,0.8128138528138529,0.8846753246753246,single,eyeglasses,diff_means,7,0.8106493506493506,0.0021645021645022577,,
heavy_makeup,0.5371681415929204,0.5452802359882006,single,eyeglasses,diff_means,7,0.5327433628318584,0.004424778761061954,,
high_cheekbones,0.4861666349387651,0.37971952535059333,single,eyeglasses,diff_means,7,0.47804429215051714,0.008122342788247972,,
male,0.9733727810650887,0.9664014146772767,single,eyeglasses,diff_means,7,0.9733727810650887,0.0,,
mouth_slightly_open,0.5252463054187192,0.5606527093596059,single,eyeglasses,diff_means,7,0.5359605911330049,-0.010714285714285676,,
mustache,0.7235634958957026,0.8329309512312892,single,eyeglasses,diff_means,7,0.7235634958957026,0.0,,
narrow_eyes,0.5625,0.5463709677419355,single,eyeglasses,diff_means,7,0.5625,0.0,,
no_beard,0.5754173216558126,0.5436035631409537,single,eyeglasses,diff_means,7,0.5822666367243057,-0.006849315068493067,,
oval_face,0.48116504854368936,0.4279611650485437,single,eyeglasses,diff_means,7,0.48116504854368936,0.0,,
pale_skin,0.5313969571230982,0.6799446749654219,single,eyeglasses,diff_means,7,0.5313969571230982,0.0,,
pointy_nose,0.43454449710373877,0.5129015271195365,single,eyeglasses,diff_means,7,0.4527646129541864,-0.018220115850447638,,
receding_hairline,0.5232708468002585,0.572721396250808,single,eyeglasses,diff_means,7,0.540530058177117,-0.017259211376858485,,
rosy_cheeks,0.6044715447154472,0.709349593495935,single,eyeglasses,diff_means,7,0.6085365853658536,-0.004065040650406471,,
sideburns,0.6846011131725418,0.7844155844155846,single,eyeglasses,diff_means,7,0.6846011131725418,0.0,,
smiling,0.8533823079277625,0.9546372819100091,single,eyeglasses,diff_means,7,0.8533823079277625,0.0,,
straight_hair,0.6052684903748733,0.6107396149949341,single,eyeglasses,diff_means,7,0.6095238095238096,-0.004255319148936287,,
wavy_hair,0.5412589262099974,0.5829145728643217,single,eyeglasses,diff_means,7,0.5412589262099974,0.0,,
wearing_earrings,0.6777444253859348,0.7191252144082332,single,eyeglasses,diff_means,7,0.6824614065180103,-0.004716981132075526,,
wearing_hat,0.9046066041581737,0.9313765457263216,single,eyeglasses,diff_means,7,0.9046066041581737,0.0,,
wearing_lipstick,0.42447916666666663,0.3841959635416667,single,eyeglasses,diff_means,7,0.421875,0.0026041666666666297,,
wearing_necklace,0.5233705321041565,0.5272521429726669,single,eyeglasses,diff_means,7,0.5299207504447678,-0.0065502183406113135,,
wearing_necktie,0.5518943601135382,0.6284092311489572,single,eyeglasses,diff_means,7,0.5631247686042207,-0.011230408490682464,,
young,0.8066604995374653,0.8899167437557817,single,eyeglasses,diff_means,7,0.8066604995374653,0.0,,
5_o_clock_shadow,0.5007183908045977,0.5689655172413793,single,eyeglasses,diff_means,8,0.5193965517241379,-0.01867816091954022,,
arched_eyebrows,0.564988774666194,0.5924613021387215,single,eyeglasses,diff_means,8,0.5626846272007562,0.0023041474654378336,,
attractive,0.5037742504409171,0.5722045855379189,single,eyeglasses,diff_means,8,0.5037742504409171,0.0,,
bags_under_eyes,0.4651631829849652,0.4340850751741841,single,eyeglasses,diff_means,8,0.49972497249724973,-0.03456178951228456,,
bald,0.7916786226685797,0.882831181252989,single,eyeglasses,diff_means,8,0.7916786226685797,0.0,,
bangs,0.7911371237458193,0.8754180602006689,single,eyeglasses,diff_means,8,0.7911371237458193,0.0,,
big_lips,0.5035985408656216,0.48289460711820964,single,eyeglasses,diff_means,8,0.49339445923296854,0.010204081632653073,,
big_nose,0.595747389865037,0.6026228673287497,single,eyeglasses,diff_means,8,0.6038961038961039,-0.008148714031066984,,
black_hair,0.7624356775300172,0.8780017152658661,single,eyeglasses,diff_means,8,0.7624356775300172,0.0,,
blond_hair,0.8239108409321175,0.9177304964539007,single,eyeglasses,diff_means,8,0.8239108409321175,0.0,,
blurry,0.6987704918032787,0.7414617486338797,single,eyeglasses,diff_means,8,0.6905737704918034,0.008196721311475308,,
brown_hair,0.6731892920233727,0.8162793857861121,single,eyeglasses,diff_means,8,0.6731892920233727,0.0,,
bushy_eyebrows,0.5666666666666667,0.6124675324675325,single,eyeglasses,diff_means,8,0.5666666666666667,0.0,,
chubby,0.5805052790346907,0.6805241327300151,single,eyeglasses,diff_means,8,0.5684389140271493,0.012066365007541435,,
double_chin,0.5791995787256451,0.6610847814639284,single,eyeglasses,diff_means,8,0.5791995787256451,0.0,,
eyeglasses,0.890625,0.95709228515625,single,eyeglasses,diff_means,8,0.890625,0.0,,
goatee,0.6863132310496735,0.772140361537293,single,eyeglasses,diff_means,8,0.6863132310496735,0.0,,
gray_hair,0.8128138528138529,0.8853679653679654,single,eyeglasses,diff_means,8,0.8106493506493506,0.0021645021645022577,,
heavy_makeup,0.5393805309734514,0.5455752212389381,single,eyeglasses,diff_means,8,0.5327433628318584,0.006637168141592986,,
high_cheekbones,0.47804429215051714,0.3804175391839584,single,eyeglasses,diff_means,8,0.47804429215051714,0.0,,
male,0.9733727810650887,0.9668094946609536,single,eyeglasses,diff_means,8,0.9733727810650887,0.0,,
mouth_slightly_open,0.5288177339901478,0.5614532019704433,single,eyeglasses,diff_means,8,0.5359605911330049,-0.0071428571428571175,,
mustache,0.7235634958957026,0.8334138097537422,single,eyeglasses,diff_means,8,0.7235634958957026,0.0,,
narrow_eyes,0.564516129032258,0.5574596774193548,single,eyeglasses,diff_means,8,0.5625,0.002016129032258007,,
no_beard,0.5754173216558126,0.5439029867505053,single,eyeglasses,diff_means,8,0.5822666367243057,-0.006849315068493067,,
oval_face,0.47873786407766994,0.4280582524271845,single,eyeglasses,diff_means,8,0.48116504854368936,-0.0024271844660194164,,
pale_skin,0.5313969571230982,0.6829875518672199,single,eyeglasses,diff_means,8,0.5313969571230982,0.0,,
pointy_nose,0.4321748288572933,0.5121642969984203,single,eyeglasses,diff_means,8,0.4527646129541864,-0.020589784096893105,,
receding_hairline,0.5187459599224304,0.5728506787330316,single,eyeglasses,diff_means,8,0.540530058177117,-0.021784098254686524,,
rosy_cheeks,0.6044715447154472,0.7089430894308943,single,eyeglasses,diff_means,8,0.6085365853658536,-0.004065040650406471,,
sideburns,0.6866419294990724,0.7836734693877551,single,eyeglasses,diff_means,8,0.6846011131725418,0.0020408163265306367,,
smiling,0.8459749005203551,0.9539026629935721,single,eyeglasses,diff_means,8,0.8533823079277625,-0.007407407407407418,,
straight_hair,0.6312056737588652,0.6139817629179332,single,eyeglasses,diff_means,8,0.6095238095238096,0.02168186423505558,,
wavy_hair,0.5412589262099974,0.5775368068412237,single,eyeglasses,diff_means,8,0.5412589262099974,0.0,,
wearing_earrings,0.6801029159519726,0.7198756432246999,single,eyeglasses,diff_means,8,0.6824614065180103,-0.002358490566037763,,
wearing_hat,0.9046066041581737,0.9315124337545863,single,eyeglasses,diff_means,8,0.9046066041581737,0.0,,
wearing_lipstick,0.43229166666666663,0.38614908854166663,single,eyeglasses,diff_means,8,0.421875,0.01041666666666663,,
wearing_necklace,0.5299207504447678,0.5356622998544396,single,eyeglasses,diff_means,8,0.5299207504447678,0.0,,
wearing_necktie,0.5633098852276934,0.6265580649142293,single,eyeglasses,diff_means,8,0.5631247686042207,0.0001851166234727586,,
young,0.8172987974098057,0.8904717853839038,single,eyeglasses,diff_means,8,0.8066604995374653,0.010638297872340385,,
5_o_clock_shadow,0.5028735632183908,0.5687859195402298,single,eyeglasses,diff_means,9,0.5193965517241379,-0.01652298850574707,,
arched_eyebrows,0.5626846272007562,0.5934065934065934,single,eyeglasses,diff_means,9,0.5626846272007562,0.0,,
attractive,0.5037742504409171,0.5708641975308641,single,eyeglasses,diff_means,9,0.5037742504409171,0.0,,
bags_under_eyes,0.45342867620095345,0.42950128346167954,single,eyeglasses,diff_means,9,0.49972497249724973,-0.04629629629629628,,
bald,0.7916786226685797,0.8822572931611669,single,eyeglasses,diff_means,9,0.7916786226685797,0.0,,
bangs,0.7889632107023412,0.8762541806020067,single,eyeglasses,diff_means,9,0.7911371237458193,-0.0021739130434781373,,
big_lips,0.5060139998028197,0.48141575470768017,single,eyeglasses,diff_means,9,0.49339445923296854,0.012619540569851151,,
big_nose,0.600585688820983,0.6014132925897632,single,eyeglasses,diff_means,9,0.6038961038961039,-0.003310415075120976,,
black_hair,0.7624356775300172,0.8761792452830188,single,eyeglasses,diff_means,9,0.7624356775300172,0.0,,
blond_hair,0.8239108409321175,0.9181357649442756,single,eyeglasses,diff_means,9,0.8239108409321175,0.0,,
blurry,0.7069672131147541,0.7547814207650273,single,eyeglasses,diff_means,9,0.6905737704918034,0.016393442622950727,,
brown_hair,0.6754314444897405,0.8196765864927301,single,eyeglasses,diff_means,9,0.6731892920233727,0.0022421524663677195,,
bushy_eyebrows,0.5645021645021645,0.6096969696969697,single,eyeglasses,diff_means,9,0.5666666666666667,-0.0021645021645021467,,
chubby,0.5805052790346907,0.6797699849170438,single,eyeglasses,diff_means,9,0.5684389140271493,0.012066365007541435,,
double_chin,0.5791995787256451,0.6612954186413903,single,eyeglasses,diff_means,9,0.5791995787256451,0.0,,
eyeglasses,0.90234375,0.9564208984375,single,eyeglasses,diff_means,9,0.890625,0.01171875,,
goatee,0.6863132310496735,0.7712289229834421,single,eyeglasses,diff_means,9,0.6863132310496735,0.0,,
gray_hair,0.814978354978355,0.885021645021645,single,eyeglasses,diff_means,9,0.8106493506493506,0.0043290043290044045,,
heavy_makeup,0.5393805309734514,0.5452802359882006,single,eyeglasses,diff_means,9,0.5327433628318584,0.006637168141592986,,
high_cheekbones,0.48289866108255597,0.3797829811536265,single,eyeglasses,diff_means,9,0.47804429215051714,0.004854368932038833,,
male,0.9733727810650887,0.9667414813303408,single,eyeglasses,diff_means,9,0.9733727810650887,0.0,,
mouth_slightly_open,0.5245073891625616,0.5607758620689656,single,eyeglasses,diff_means,9,0.5359605911330049,-0.011453201970443305,,
mustache,0.7126991791405118,0.8365523901496862,single,eyeglasses,diff_means,9,0.7235634958957026,-0.010864316755190728,,
narrow_eyes,0.564516129032258,0.5579637096774194,single,eyeglasses,diff_means,9,0.5625,0.002016129032258007,,
no_beard,0.5822666367243057,0.5439029867505053,single,eyeglasses,diff_means,9,0.5822666367243057,0.0,,
oval_face,0.4763106796116505,0.42330097087378643,single,eyeglasses,diff_means,9,0.48116504854368936,-0.004854368932038833,,
pale_skin,0.5313969571230982,0.6782849239280775,single,eyeglasses,diff_means,9,0.5313969571230982,0.0,,
pointy_nose,0.44328593996840443,0.5114270668773038,single,eyeglasses,diff_means,9,0.4527646129541864,-0.009478672985781977,,
receding_hairline,0.5352941176470588,0.573109243697479,single,eyeglasses,diff_means,9,0.540530058177117,-0.0052359405300581585,,
rosy_cheeks,0.6044715447154472,0.710569105691057,single,eyeglasses,diff_means,9,0.6085365853658536,-0.004065040650406471,,
sideburns,0.6907235621521336,0.7844155844155846,single,eyeglasses,diff_means,9,0.6846011131725418,0.006122448979591799,,
smiling,0.8496786042240587,0.9543924089378635,single,eyeglasses,diff_means,9,0.8533823079277625,-0.0037037037037037646,,
straight_hair,0.6137791286727456,0.6095238095238096,single,eyeglasses,diff_means,9,0.6095238095238096,0.004255319148936065,,
wavy_hair,0.5362338005818567,0.5760380851626554,single,eyeglasses,diff_means,9,0.5412589262099974,-0.005025125628140725,,
wearing_earrings,0.6663807890222984,0.7215909090909092,single,eyeglasses,diff_means,9,0.6824614065180103,-0.01608061749571199,,
wearing_hat,0.9197581193096889,0.9312406576980569,single,eyeglasses,diff_means,9,0.9046066041581737,0.015151515151515138,,
wearing_lipstick,0.4296875,0.3872884114583333,single,eyeglasses,diff_means,9,0.421875,0.0078125,,
wearing_necklace,0.5364709687853793,0.5359857674268154,single,eyeglasses,diff_means,9,0.5299207504447678,0.0065502183406114245,,
wearing_necktie,0.5339997531778353,0.6145871899296558,single,eyeglasses,diff_means,9,0.5631247686042207,-0.029125015426385348,,
young,0.8137526981190256,0.8910884983040395,single,eyeglasses,diff_means,9,0.8066604995374653,0.007092198581560294,,
5_o_clock_shadow,0.5028735632183908,0.5657327586206897,single,eyeglasses,diff_means,10,0.5193965517241379,-0.01652298850574707,,
arched_eyebrows,0.5498641143802434,0.5911615266453976,single,eyeglasses,diff_means,10,0.5626846272007562,-0.012820512820512775,,
attractive,0.50663139329806,0.569100529100529,single,eyeglasses,diff_means,10,0.5037742504409171,0.0028571428571428914,,
bags_under_eyes,0.46763843050971765,0.43133480014668135,single,eyeglasses,diff_means,10,0.49972497249724973,-0.03208654198753208,,
bald,0.7916786226685797,0.8824485891917742,single,eyeglasses,diff_means,10,0.7916786226685797,0.0,,
bangs,0.7911371237458193,0.8750836120401337,single,eyeglasses,diff_means,10,0.7911371237458193,0.0,,
big_lips,0.5084294587400178,0.48338755792171945,single,eyeglasses,diff_means,10,0.49339445923296854,0.01503499950704923,,
big_nose,0.595747389865037,0.6001400560224089,single,eyeglasses,diff_means,10,0.6038961038961039,-0.008148714031066984,,
black_hair,0.7624356775300172,0.8773584905660378,single,eyeglasses,diff_means,10,0.7624356775300172,0.0,,
blond_hair,0.8260385005065856,0.9179331306990882,single,eyeglasses,diff_means,10,0.8239108409321175,0.0021276595744680327,,
blurry,0.6612021857923497,0.7373633879781422,single,eyeglasses,diff_means,10,0.6905737704918034,-0.029371584699453668,,
brown_hair,0.6754314444897405,0.8173664900122299,single,eyeglasses,diff_means,10,0.6731892920233727,0.0022421524663677195,,
bushy_eyebrows,0.5688311688311689,0.6081385281385282,single,eyeglasses,diff_means,10,0.5666666666666667,0.0021645021645022577,,
chubby,0.5829562594268476,0.6804298642533937,single,eyeglasses,diff_means,10,0.5684389140271493,0.01451734539969829,,
double_chin,0.5768299104791996,0.6612954186413901,single,eyeglasses,diff_means,10,0.5791995787256451,-0.0023696682464454666,,
eyeglasses,0.89453125,0.95550537109375,single,eyeglasses,diff_means,10,0.890625,0.00390625,,
goatee,0.6885158742214795,0.7703174844295915,single,eyeglasses,diff_means,10,0.6863132310496735,0.0022026431718060735,,
gray_hair,0.8128138528138529,0.8843290043290043,single,eyeglasses,diff_means,10,0.8106493506493506,0.0021645021645022577,,
heavy_makeup,0.5349557522123893,0.5451327433628319,single,eyeglasses,diff_means,10,0.5327433628318584,0.0022123893805309214,,
high_cheekbones,0.47963068722634683,0.37895805571419505,single,eyeglasses,diff_means,10,0.47804429215051714,0.001586395075829694,,
male,0.9733727810650887,0.9665374413385024,single,eyeglasses,diff_means,10,0.9733727810650887,0.0,,
mouth_slightly_open,0.520935960591133,0.5620073891625615,single,eyeglasses,diff_means,10,0.5359605911330049,-0.015024630541871864,,
mustache,0.7104056011588604,0.8380009657170449,single,eyeglasses,diff_means,10,0.7235634958957026,-0.013157894736842146,,
narrow_eyes,0.564516129032258,0.561491935483871,single,eyeglasses,diff_means,10,0.5625,0.002016129032258007,,
no_beard,0.5754173216558126,0.5427801482146868,single,eyeglasses,diff_means,10,0.5822666367243057,-0.006849315068493067,,
oval_face,0.47873786407766994,0.4253398058252427,single,eyeglasses,diff_means,10,0.48116504854368936,-0.0024271844660194164,,
pale_skin,0.5313969571230982,0.670539419087137,single,eyeglasses,diff_means,10,0.5313969571230982,0.0,,
pointy_nose,0.4456556082148499,0.5116377040547657,single,eyeglasses,diff_means,10,0.4527646129541864,-0.007109004739336511,,
receding_hairline,0.5307692307692308,0.572333548804137,single,eyeglasses,diff_means,10,0.540530058177117,-0.009760827407886197,,
rosy_cheeks,0.602439024390244,0.7101626016260162,single,eyeglasses,diff_means,10,0.6085365853658536,-0.0060975609756096505,,
sideburns,0.6886827458256031,0.7829313543599258,single,eyeglasses,diff_means,10,0.6846011131725418,0.004081632653061273,,
smiling,0.8455463728191002,0.9535965717783899,single,eyeglasses,diff_means,10,0.8533823079277625,-0.007835935108662317,,
straight_hair,0.6095238095238096,0.6074974670719352,single,eyeglasses,diff_means,10,0.6095238095238096,0.0,,
wavy_hair,0.538746363395927,0.5733932822004761,single,eyeglasses,diff_means,10,0.5412589262099974,-0.002512562814070418,,
wearing_earrings,0.6640222984562607,0.7201972555746141,single,eyeglasses,diff_means,10,0.6824614065180103,-0.018439108061749643,,
wearing_hat,0.9046066041581737,0.9309688816415274,single,eyeglasses,diff_means,10,0.9046066041581737,0.0,,
wearing_lipstick,0.44010416666666663,0.3907063802083333,single,eyeglasses,diff_means,10,0.421875,0.01822916666666663,,
wearing_necklace,0.5299207504447678,0.5413229823710173,single,eyeglasses,diff_means,10,0.5299207504447678,0.0,,
wearing_necktie,0.5497963717141799,0.6112550907071455,single,eyeglasses,diff_means,10,0.5631247686042207,-0.013328396890040728,,
young,0.8172987974098057,0.8907184705519581,single,eyeglasses,diff_means,10,0.8066604995374653,0.010638297872340385,,
5_o_clock_shadow,0.5028735632183908,0.5693247126436782,single,eyeglasses,diff_means,11,0.5193965517241379,-0.01652298850574707,,
arched_eyebrows,0.5393477490251684,0.5895072669266217,single,eyeglasses,diff_means,11,0.5626846272007562,-0.023336878175587827,,
attractive,0.5037742504409171,0.5639506172839506,single,eyeglasses,diff_means,11,0.5037742504409171,0.0,,
bags_under_eyes,0.4651631829849652,0.43399339933993397,single,eyeglasses,diff_means,11,0.49972497249724973,-0.03456178951228456,,
bald,0.7916786226685797,0.8808225729316116,single,eyeglasses,diff_means,11,0.7916786226685797,0.0,,
bangs,0.7911371237458193,0.8774247491638796,single,eyeglasses,diff_means,11,0.7911371237458193,0.0,,
big_lips,0.4982253771073647,0.4799369022971508,single,eyeglasses,diff_means,11,0.49339445923296854,0.004830917874396157,,
big_nose,0.6022408963585434,0.6019225872167049,single,eyeglasses,diff_means,11,0.6038961038961039,-0.0016552075375605435,,
black_hair,0.7647941680960548,0.8780017152658663,single,eyeglasses,diff_means,11,0.7624356775300172,0.002358490566037652,,
blond_hair,0.8260385005065856,0.9181357649442756,single,eyeglasses,diff_means,11,0.8239108409321175,0.0021276595744680327,,
blurry,0.7028688524590163,0.7213114754098361,single,eyeglasses,diff_means,11,0.6905737704918034,0.012295081967212962,,
brown_hair,0.6731892920233727,0.8151922815599946,single,eyeglasses,diff_means,11,0.6731892920233727,0.0,,
bushy_eyebrows,0.5488311688311689,0.6057142857142858,single,eyeglasses,diff_means,11,0.5666666666666667,-0.01783549783549776,,
chubby,0.5708898944193062,0.6793929110105581,single,eyeglasses,diff_means,11,0.5684389140271493,0.002450980392156854,,
double_chin,0.5855713533438652,0.6603475513428119,single,eyeglasses,diff_means,11,0.5791995787256451,0.0063717746182201385,,
eyeglasses,0.90234375,0.9549560546875,single,eyeglasses,diff_means,11,0.890625,0.01171875,,
goatee,0.6885158742214795,0.7732037065167856,single,eyeglasses,diff_means,11,0.6863132310496735,0.0022026431718060735,,
gray_hair,0.8128138528138529,0.8824242424242424,single,eyeglasses,diff_means,11,0.8106493506493506,0.0021645021645022577,,
heavy_makeup,0.5415929203539823,0.5492625368731564,single,eyeglasses,diff_means,11,0.5327433628318584,0.008849557522123908,,
high_cheekbones,0.4763627133701377,0.37971952535059333,single,eyeglasses,diff_means,11,0.47804429215051714,-0.0016815787803794446,,
male,0.9733727810650887,0.9672175746446303,single,eyeglasses,diff_means,11,0.9733727810650887,0.0,,
mouth_slightly_open,0.5259852216748768,0.5598522167487684,single,eyeglasses,diff_means,11,0.5359605911330049,-0.009975369458128047,,
mustache,0.7212699179140512,0.8352245292129405,single,eyeglasses,diff_means,11,0.7235634958957026,-0.002293577981651418,,
narrow_eyes,0.564516129032258,0.5599798387096774,single,eyeglasses,diff_means,11,0.5625,0.002016129032258007,,
no_beard,0.5685680065873194,0.5429298600194625,single,eyeglasses,diff_means,11,0.5822666367243057,-0.013698630136986245,,
oval_face,0.48116504854368936,0.42349514563106794,single,eyeglasses,diff_means,11,0.48116504854368936,0.0,,
pale_skin,0.5313969571230982,0.6738589211618258,single,eyeglasses,diff_means,11,0.5313969571230982,0.0,,
pointy_nose,0.4369141653501843,0.5120589784096894,single,eyeglasses,diff_means,11,0.4527646129541864,-0.015850447604002116,,
receding_hairline,0.5164835164835164,0.5697478991596638,single,eyeglasses,diff_means,11,0.540530058177117,-0.024046541693600543,,
rosy_cheeks,0.6065040650406504,0.7097560975609757,single,eyeglasses,diff_means,11,0.6085365853658536,-0.002032520325203291,,
sideburns,0.6866419294990724,0.7821892393320965,single,eyeglasses,diff_means,11,0.6846011131725418,0.0020408163265306367,,
smiling,0.8459749005203551,0.9540863177226814,single,eyeglasses,diff_means,11,0.8533823079277625,-0.007407407407407418,,
straight_hair,0.6073961499493414,0.6060790273556231,single,eyeglasses,diff_means,11,0.6095238095238096,-0.0021276595744681437,,
wavy_hair,0.5412589262099974,0.5767433659525698,single,eyeglasses,diff_means,11,0.5412589262099974,0.0,,
wearing_earrings,0.6663807890222984,0.7221269296740994,single,eyeglasses,diff_means,11,0.6824614065180103,-0.01608061749571199,,
wearing_hat,0.9046066041581737,0.931648321782851,single,eyeglasses,diff_means,11,0.9046066041581737,0.0,,
wearing_lipstick,0.4453125,0.3914388020833333,single,eyeglasses,diff_means,11,0.421875,0.0234375,,
wearing_necklace,0.5277373443312308,0.5427785864467087,single,eyeglasses,diff_means,11,0.5299207504447678,-0.0021834061135370675,,
wearing_necktie,0.5497963717141799,0.6071825249907442,single,eyeglasses,diff_means,11,0.5631247686042207,-0.013328396890040728,,
young,0.8102065988282454,0.8907801418439716,single,eyeglasses,diff_means,11,0.8066604995374653,0.0035460992907800915,,
5_o_clock_shadow,0.5172413793103448,0.5729166666666666,single,eyeglasses,diff_means,12,0.5193965517241379,-0.0021551724137931494,,
arched_eyebrows,0.5439560439560439,0.5903343967860096,single,eyeglasses,diff_means,12,0.5626846272007562,-0.01872858324471227,,
attractive,0.5037742504409171,0.5625396825396826,single,eyeglasses,diff_means,12,0.5037742504409171,0.0,,
bags_under_eyes,0.4651631829849652,0.4317015034836817,single,eyeglasses,diff_means,12,0.49972497249724973,-0.03456178951228456,,
bald,0.7916786226685797,0.8850310856049737,single,eyeglasses,diff_means,12,0.7916786226685797,0.0,,
bangs,0.7889632107023412,0.8765886287625417,single,eyeglasses,diff_means,12,0.7911371237458193,-0.0021739130434781373,,
big_lips,0.48614808242137436,0.4771763777974958,single,eyeglasses,diff_means,12,0.49339445923296854,-0.00724637681159418,,
big_nose,0.6038961038961039,0.6024318818436465,single,eyeglasses,diff_means,12,0.6038961038961039,0.0,,
black_hair,0.7600771869639794,0.877680102915952,single,eyeglasses,diff_means,12,0.7624356775300172,-0.002358490566037763,,
blond_hair,0.8239108409321175,0.9189463019250254,single,eyeglasses,diff_means,12,0.8239108409321175,0.0,,
blurry,0.73224043715847,0.7482923497267759,single,eyeglasses,diff_means,12,0.6905737704918034,0.04166666666666663,,
brown_hair,0.6731892920233727,0.8194048104362006,single,eyeglasses,diff_means,12,0.6731892920233727,0.0,,
bushy_eyebrows,0.5488311688311689,0.6053679653679654,single,eyeglasses,diff_means,12,0.5666666666666667,-0.01783549783549776,,
chubby,0.5829562594268476,0.6798642533936652,single,eyeglasses,diff_means,12,0.5684389140271493,0.01451734539969829,,
double_chin,0.5832016850974198,0.6599262769878884,single,eyeglasses,diff_means,12,0.5791995787256451,0.004002106371774672,,
eyeglasses,0.89453125,0.95452880859375,single,eyeglasses,diff_means,12,0.890625,0.00390625,,
goatee,0.6841105878778673,0.7748746771988455,single,eyeglasses,diff_means,12,0.6863132310496735,-0.0022026431718061845,,
gray_hair,0.8106493506493506,0.8794805194805195,single,eyeglasses,diff_means,12,0.8106493506493506,0.0,,
heavy_makeup,0.5349557522123893,0.5508849557522124,single,eyeglasses,diff_means,12,0.5327433628318584,0.0022123893805309214,,
high_cheekbones,0.47804429215051714,0.3777523954565645,single,eyeglasses,diff_means,12,0.47804429215051714,0.0,,
male,0.9733727810650887,0.9670815479834048,single,eyeglasses,diff_means,12,0.9733727810650887,0.0,,
mouth_slightly_open,0.5323891625615763,0.561884236453202,single,eyeglasses,diff_means,12,0.5359605911330049,-0.0035714285714285587,,
mustache,0.7212699179140512,0.8370352486721391,single,eyeglasses,diff_means,12,0.7235634958957026,-0.002293577981651418,,
narrow_eyes,0.5625,0.5569556451612904,single,eyeglasses,diff_means,12,0.5625,0.0,,
no_beard,0.5754173216558126,0.5461486638221424,single,eyeglasses,diff_means,12,0.5822666367243057,-0.006849315068493067,,
oval_face,0.47873786407766994,0.42213592233009706,single,eyeglasses,diff_means,12,0.48116504854368936,-0.0024271844660194164,,
pale_skin,0.5334716459197787,0.6600276625172891,single,eyeglasses,diff_means,12,0.5313969571230982,0.0020746887966804906,,
pointy_nose,0.4369141653501843,0.5107951553449184,single,eyeglasses,diff_means,12,0.4527646129541864,-0.015850447604002116,,
receding_hairline,0.5307692307692308,0.5693600517129929,single,eyeglasses,diff_means,12,0.540530058177117,-0.009760827407886197,,
rosy_cheeks,0.6044715447154472,0.7052845528455285,single,eyeglasses,diff_means,12,0.6085365853658536,-0.004065040650406471,,
sideburns,0.6764378478664193,0.785899814471243,single,eyeglasses,diff_means,12,0.6846011131725418,-0.008163265306122547,,
smiling,0.8533823079277625,0.9545148454239363,single,eyeglasses,diff_means,12,0.8533823079277625,0.0,,
straight_hair,0.6116514690982776,0.6048632218844985,single,eyeglasses,diff_means,12,0.6095238095238096,0.0021276595744680327,,
wavy_hair,0.5437714890240677,0.5731288019042581,single,eyeglasses,diff_means,12,0.5412589262099974,0.002512562814070307,,
wearing_earrings,0.6687392795883362,0.7222341337907375,single,eyeglasses,diff_means,12,0.6824614065180103,-0.013722126929674117,,
wearing_hat,0.9046066041581737,0.9335507541785569,single,eyeglasses,diff_means,12,0.9046066041581737,0.0,,
wearing_lipstick,0.44010416666666663,0.3924153645833333,single,eyeglasses,diff_means,12,0.421875,0.01822916666666663,,
wearing_necklace,0.532104156558305,0.5401908458677017,single,eyeglasses,diff_means,12,0.5299207504447678,0.0021834061135371785,,
wearing_necktie,0.5406639516228557,0.5953350610884858,single,eyeglasses,diff_means,12,0.5631247686042207,-0.02246081698136493,,
young,0.8102065988282454,0.8901017576318224,single,eyeglasses,diff_means,12,0.8066604995374653,0.0035460992907800915,,
5_o_clock_shadow,0.5129310344827587,0.5783045977011494,single,eyeglasses,diff_means,13,0.5193965517241379,-0.006465517241379226,,
arched_eyebrows,0.5462601914214817,0.5896254283351058,single,eyeglasses,diff_means,13,0.5626846272007562,-0.016424435779274438,,
attractive,0.5037742504409171,0.562469135802469,single,eyeglasses,diff_means,13,0.5037742504409171,0.0,,
bags_under_eyes,0.4904657132379905,0.4287678767876788,single,eyeglasses,diff_means,13,0.49972497249724973,-0.009259259259259245,,
bald,0.7916786226685797,0.8849354375896701,single,eyeglasses,diff_means,13,0.7916786226685797,0.0,,
bangs,0.7911371237458193,0.8774247491638796,single,eyeglasses,diff_means,13,0.7911371237458193,0.0,,
big_lips,0.48614808242137436,0.4785566400473233,single,eyeglasses,diff_means,13,0.49339445923296854,-0.00724637681159418,,
big_nose,0.5974025974025974,0.6031321619556914,single,eyeglasses,diff_means,13,0.6038961038961039,-0.006493506493506551,,
black_hair,0.7624356775300172,0.877680102915952,single,eyeglasses,diff_means,13,0.7624356775300172,0.0,,
blond_hair,0.8217831813576495,0.9193515704154003,single,eyeglasses,diff_means,13,0.8239108409321175,-0.0021276595744680327,,
blurry,0.6905737704918034,0.7568306010928962,single,eyeglasses,diff_means,13,0.6905737704918034,0.0,,
brown_hair,0.6731892920233727,0.8225302350862889,single,eyeglasses,diff_means,13,0.6731892920233727,0.0,,
bushy_eyebrows,0.5645021645021645,0.6072727272727272,single,eyeglasses,diff_means,13,0.5666666666666667,-0.0021645021645021467,,
chubby,0.5708898944193062,0.6810897435897436,single,eyeglasses,diff_means,13,0.5684389140271493,0.002450980392156854,,
double_chin,0.5720905739863086,0.656766719325961,single,eyeglasses,diff_means,13,0.5791995787256451,-0.007109004739336511,,
eyeglasses,0.89453125,0.9530029296875,single,eyeglasses,diff_means,13,0.890625,0.00390625,,
goatee,0.6819079447060611,0.7759380221783382,single,eyeglasses,diff_means,13,0.6863132310496735,-0.004405286343612369,,
gray_hair,0.8041558441558442,0.8801731601731602,single,eyeglasses,diff_means,13,0.8106493506493506,-0.00649350649350644,,
heavy_makeup,0.5261061946902655,0.5523598820058997,single,eyeglasses,diff_means,13,0.5327433628318584,-0.006637168141592875,,
high_cheekbones,0.4845802398629354,0.37781585125959766,single,eyeglasses,diff_means,13,0.47804429215051714,0.006535947712418277,,
male,0.9733727810650887,0.9667414813303408,single,eyeglasses,diff_means,13,0.9733727810650887,0.0,,
mouth_slightly_open,0.5323891625615763,0.5584975369458128,single,eyeglasses,diff_means,13,0.5359605911330049,-0.0035714285714285587,,
mustache,0.7189763399323998,0.8355866731047803,single,eyeglasses,diff_means,13,0.7235634958957026,-0.004587155963302725,,
narrow_eyes,0.5665322580645161,0.5564516129032258,single,eyeglasses,diff_means,13,0.5625,0.0040322580645161255,,
no_beard,0.5891159517927989,0.5471217905531851,single,eyeglasses,diff_means,13,0.5822666367243057,0.006849315068493178,,
oval_face,0.48359223300970877,0.42475728155339804,single,eyeglasses,diff_means,13,0.48116504854368936,0.0024271844660194164,,
pale_skin,0.5334716459197787,0.6517289073305671,single,eyeglasses,diff_means,13,0.5313969571230982,0.0020746887966804906,,
pointy_nose,0.4369141653501843,0.5129015271195366,single,eyeglasses,diff_means,13,0.4527646129541864,-0.015850447604002116,,
receding_hairline,0.5450549450549451,0.5718164188752425,single,eyeglasses,diff_means,13,0.540530058177117,0.004524886877828149,,
rosy_cheeks,0.6065040650406504,0.7004065040650407,single,eyeglasses,diff_means,13,0.6085365853658536,-0.002032520325203291,,
sideburns,0.6723562152133581,0.7858998144712431,single,eyeglasses,diff_means,13,0.6846011131725418,-0.01224489795918371,,
smiling,0.8533823079277625,0.9552494643403734,single,eyeglasses,diff_means,13,0.8533823079277625,0.0,,
straight_hair,0.6073961499493414,0.6004052684903748,single,eyeglasses,diff_means,13,0.6095238095238096,-0.0021276595744681437,,
wavy_hair,0.5437714890240677,0.5774486467424843,single,eyeglasses,diff_means,13,0.5412589262099974,0.002512562814070307,,
wearing_earrings,0.6710977701543739,0.7265222984562607,single,eyeglasses,diff_means,13,0.6824614065180103,-0.011363636363636465,,
wearing_hat,0.9046066041581737,0.9317842098111156,single,eyeglasses,diff_means,13,0.9046066041581737,0.0,,
wearing_lipstick,0.44270833333333337,0.3944498697916667,single,eyeglasses,diff_means,13,0.421875,0.02083333333333337,,
wearing_necklace,0.5397056445091379,0.534691897137312,single,eyeglasses,diff_means,13,0.5299207504447678,0.009784894064370109,,
wearing_necktie,0.5631247686042207,0.6007651487103542,single,eyeglasses,diff_means,13,0.5631247686042207,0.0,,
young,0.8102065988282454,0.8897317298797409,single,eyeglasses,diff_means,13,0.8066604995374653,0.0035460992907800915,,
5_o_clock_shadow,0.5337643678160919,0.5820761494252873,single,eyeglasses,diff_means,14,0.5193965517241379,0.014367816091954033,,
arched_eyebrows,0.5485643388869196,0.5884438142502659,single,eyeglasses,diff_means,14,0.5626846272007562,-0.014120288313836604,,
attractive,0.5037742504409171,0.5666313932980599,single,eyeglasses,diff_means,14,0.5037742504409171,0.0,,
bags_under_eyes,0.48734873487348734,0.42794279427942794,single,eyeglasses,diff_means,14,0.49972497249724973,-0.012376237623762387,,
bald,0.7916786226685797,0.8863701578192251,single,eyeglasses,diff_means,14,0.7916786226685797,0.0,,
bangs,0.7867892976588629,0.8767558528428094,single,eyeglasses,diff_means,14,0.7911371237458193,-0.004347826086956497,,
big_lips,0.48614808242137436,0.47648624667258205,single,eyeglasses,diff_means,14,0.49339445923296854,-0.00724637681159418,,
big_nose,0.6006493506493507,0.6067608861726509,single,eyeglasses,diff_means,14,0.6038961038961039,-0.0032467532467532756,,
black_hair,0.7714408233276158,0.8758576329331047,single,eyeglasses,diff_means,14,0.7624356775300172,0.00900514579759859,,
blond_hair,0.8196555217831814,0.9179331306990881,single,eyeglasses,diff_means,14,0.8239108409321175,-0.004255319148936176,,
blurry,0.6864754098360656,0.7527322404371585,single,eyeglasses,diff_means,14,0.6905737704918034,-0.004098360655737765,,
brown_hair,0.6664628346242696,0.8200842505775242,single,eyeglasses,diff_means,14,0.6731892920233727,-0.006726457399103158,,
bushy_eyebrows,0.5666666666666667,0.6098701298701299,single,eyeglasses,diff_means,14,0.5666666666666667,0.0,,
chubby,0.5708898944193062,0.6813725490196079,single,eyeglasses,diff_means,14,0.5684389140271493,0.002450980392156854,,
double_chin,0.5673512374934175,0.6582411795681937,single,eyeglasses,diff_means,14,0.5791995787256451,-0.011848341232227555,,
eyeglasses,0.890625,0.95306396484375,single,eyeglasses,diff_means,14,0.890625,0.0,,
goatee,0.6797053015342549,0.774570864347562,single,eyeglasses,diff_means,14,0.6863132310496735,-0.0066079295154185536,,
gray_hair,0.7998268398268398,0.8827705627705628,single,eyeglasses,diff_means,14,0.8106493506493506,-0.010822510822510845,,
heavy_makeup,0.5261061946902655,0.5538348082595871,single,eyeglasses,diff_means,14,0.5327433628318584,-0.006637168141592875,,
high_cheekbones,0.4813122660067263,0.37800621866869727,single,eyeglasses,diff_means,14,0.47804429215051714,0.0032679738562091387,,
male,0.9733727810650887,0.9665374413385024,single,eyeglasses,diff_means,14,0.9733727810650887,0.0,,
mouth_slightly_open,0.5438423645320197,0.5576970443349755,single,eyeglasses,diff_means,14,0.5359605911330049,0.007881773399014858,,
mustache,0.7189763399323998,0.8319652341863835,single,eyeglasses,diff_means,14,0.7235634958957026,-0.004587155963302725,,
narrow_eyes,0.5705645161290323,0.543850806451613,single,eyeglasses,diff_means,14,0.5625,0.008064516129032251,,
no_beard,0.5891159517927989,0.5443521221648328,single,eyeglasses,diff_means,14,0.5822666367243057,0.006849315068493178,,
oval_face,0.48359223300970877,0.423883495145631,single,eyeglasses,diff_means,14,0.48116504854368936,0.0024271844660194164,,
pale_skin,0.5355463347164592,0.665283540802213,single,eyeglasses,diff_means,14,0.5313969571230982,0.004149377593360981,,
pointy_nose,0.4503949447077409,0.5141653501843075,single,eyeglasses,diff_means,14,0.4527646129541864,-0.002369668246445522,,
receding_hairline,0.5307692307692308,0.5718164188752424,single,eyeglasses,diff_means,14,0.540530058177117,-0.009760827407886197,,
rosy_cheeks,0.6105691056910569,0.7073170731707317,single,eyeglasses,diff_means,14,0.6085365853658536,0.002032520325203291,,
sideburns,0.6743970315398887,0.788126159554731,single,eyeglasses,diff_means,14,0.6846011131725418,-0.010204081632653073,,
smiling,0.8533823079277625,0.9559840832568105,single,eyeglasses,diff_means,14,0.8533823079277625,0.0,,
straight_hair,0.6031408308004053,0.6008105369807497,single,eyeglasses,diff_means,14,0.6095238095238096,-0.00638297872340432,,
wavy_hair,0.5487966146522084,0.5789473684210527,single,eyeglasses,diff_means,14,0.5412589262099974,0.007537688442211032,,
wearing_earrings,0.6824614065180103,0.7293096054888508,single,eyeglasses,diff_means,14,0.6824614065180103,0.0,,
wearing_hat,0.9046066041581737,0.9331430900937627,single,eyeglasses,diff_means,14,0.9046066041581737,0.0,,
wearing_lipstick,0.4453125,0.39656575520833337,single,eyeglasses,diff_means,14,0.421875,0.0234375,,
wearing_necklace,0.5397056445091379,0.5262817402555393,single,eyeglasses,diff_means,14,0.5299207504447678,0.009784894064370109,,
wearing_necktie,0.5539923485128965,0.6097741577193632,single,eyeglasses,diff_means,14,0.5631247686042207,-0.0091324200913242,,
young,0.8066604995374653,0.8893617021276595,single,eyeglasses,diff_means,14,0.8066604995374653,0.0,,
5_o_clock_shadow,0.5150862068965517,0.5766882183908045,single,eyeglasses,diff_means,15,0.5193965517241379,-0.004310344827586188,,
arched_eyebrows,0.5485643388869196,0.5831265508684863,single,eyeglasses,diff_means,15,0.5626846272007562,-0.014120288313836604,,
attractive,0.50663139329806,0.5576014109347442,single,eyeglasses,diff_means,15,0.5037742504409171,0.0028571428571428914,,
bags_under_eyes,0.4805647231389806,0.4253758709204254,single,eyeglasses,diff_means,15,0.49972497249724973,-0.019160249358269155,,
bald,0.7916786226685797,0.8867527498804401,single,eyeglasses,diff_means,15,0.7916786226685797,0.0,,
bangs,0.7889632107023412,0.8775919732441472,single,eyeglasses,diff_means,15,0.7911371237458193,-0.0021739130434781373,,
big_lips,0.4813171645469782,0.4780636892438135,single,eyeglasses,diff_means,15,0.49339445923296854,-0.012077294685990336,,
big_nose,0.6055513114336644,0.6056149732620322,single,eyeglasses,diff_means,15,0.6038961038961039,0.0016552075375604325,,
black_hair,0.7671526586620927,0.8771440823327615,single,eyeglasses,diff_means,15,0.7624356775300172,0.004716981132075526,,
blond_hair,0.8260385005065856,0.9193515704154003,single,eyeglasses,diff_means,15,0.8239108409321175,0.0021276595744680327,,
blurry,0.6905737704918034,0.757172131147541,single,eyeglasses,diff_means,15,0.6905737704918034,0.0,,
brown_hair,0.6754314444897405,0.8206278026905829,single,eyeglasses,diff_means,15,0.6731892920233727,0.0022421524663677195,,
bushy_eyebrows,0.5688311688311689,0.6109090909090908,single,eyeglasses,diff_means,15,0.5666666666666667,0.0021645021645022577,,
chubby,0.5684389140271493,0.6789215686274509,single,eyeglasses,diff_means,15,0.5684389140271493,0.0,,
double_chin,0.5673512374934175,0.6539231174302265,single,eyeglasses,diff_means,15,0.5791995787256451,-0.011848341232227555,,
eyeglasses,0.89453125,0.9532470703125,single,eyeglasses,diff_means,15,0.890625,0.00390625,,
goatee,0.6819079447060611,0.771380829409084,single,eyeglasses,diff_means,15,0.6863132310496735,-0.004405286343612369,,
gray_hair,0.801991341991342,0.8832900432900432,single,eyeglasses,diff_means,15,0.8106493506493506,-0.008658008658008587,,
heavy_makeup,0.5283185840707965,0.5489675516224188,single,eyeglasses,diff_means,15,0.5327433628318584,-0.004424778761061954,,
high_cheekbones,0.4845802398629354,0.37699092582016624,single,eyeglasses,diff_means,15,0.47804429215051714,0.006535947712418277,,
male,0.9733727810650887,0.9666054546691152,single,eyeglasses,diff_means,15,0.9733727810650887,0.0,,
mouth_slightly_open,0.5352216748768472,0.558743842364532,single,eyeglasses,diff_means,15,0.5359605911330049,-0.000738916256157629,,
mustache,0.7081120231772091,0.8285852245292129,single,eyeglasses,diff_means,15,0.7235634958957026,-0.015451472718493453,,
narrow_eyes,0.564516129032258,0.5403225806451613,single,eyeglasses,diff_means,15,0.5625,0.002016129032258007,,
no_beard,0.5795343962871473,0.5428550041170747,single,eyeglasses,diff_means,15,0.5822666367243057,-0.002732240437158362,,
oval_face,0.48116504854368936,0.429126213592233,single,eyeglasses,diff_means,15,0.48116504854368936,0.0,,
pale_skin,0.5355463347164592,0.6603042876901798,single,eyeglasses,diff_means,15,0.5313969571230982,0.004149377593360981,,
pointy_nose,0.4527646129541864,0.5070036861506055,single,eyeglasses,diff_means,15,0.4527646129541864,0.0,,
receding_hairline,0.5330316742081448,0.5742727860374919,single,eyeglasses,diff_means,15,0.540530058177117,-0.007498383968972178,,
rosy_cheeks,0.6105691056910569,0.7105691056910569,single,eyeglasses,diff_means,15,0.6085365853658536,0.002032520325203291,,
sideburns,0.6764378478664193,0.7884972170686457,single,eyeglasses,diff_means,15,0.6846011131725418,-0.008163265306122547,,
smiling,0.8533823079277625,0.956351392715029,single,eyeglasses,diff_means,15,0.8533823079277625,0.0,,
straight_hair,0.6073961499493414,0.6024316109422492,single,eyeglasses,diff_means,15,0.6095238095238096,-0.0021276595744681437,,
wavy_hair,0.5462840518381381,0.5804460900996209,single,eyeglasses,diff_means,15,0.5412589262099974,0.005025125628140725,,
wearing_earrings,0.6734562607204116,0.7229845626072042,single,eyeglasses,diff_means,15,0.6824614065180103,-0.009005145797598701,,
wearing_hat,0.9046066041581737,0.9325995379807038,single,eyeglasses,diff_means,15,0.9046066041581737,0.0,,
wearing_lipstick,0.44010416666666663,0.3965657552083333,single,eyeglasses,diff_means,15,0.421875,0.01822916666666663,,
wearing_necklace,0.5418890506226751,0.5248261361798479,single,eyeglasses,diff_means,15,0.5299207504447678,0.011968300177907287,,
wearing_necktie,0.5608416635813895,0.6121189682833519,single,eyeglasses,diff_means,15,0.5631247686042207,-0.0022831050228311334,,
young,0.8066604995374653,0.8876965772432932,single,eyeglasses,diff_means,15,0.8066604995374653,0.0,,
5_o_clock_shadow,0.5237068965517242,0.5759698275862069,single,eyeglasses,diff_means,16,0.5193965517241379,0.004310344827586299,,
arched_eyebrows,0.5416518964906062,0.5883256528417818,single,eyeglasses,diff_means,16,0.5626846272007562,-0.021032730710149994,,
attractive,0.5037742504409171,0.5557671957671958,single,eyeglasses,diff_means,16,0.5037742504409171,0.0,,
bags_under_eyes,0.4626879354602127,0.41895856252291896,single,eyeglasses,diff_means,16,0.49972497249724973,-0.037037037037037035,,
bald,0.8014825442372071,0.8865614538498326,single,eyeglasses,diff_means,16,0.7916786226685797,0.009803921568627416,,
bangs,0.7911371237458193,0.8777591973244148,single,eyeglasses,diff_means,16,0.7911371237458193,0.0,,
big_lips,0.49339445923296854,0.4770284925564429,single,eyeglasses,diff_means,16,0.49339445923296854,0.0,,
big_nose,0.6120448179271709,0.6039597657244715,single,eyeglasses,diff_means,16,0.6038961038961039,0.008148714031066984,,
black_hair,0.7671526586620927,0.8761792452830188,single,eyeglasses,diff_means,16,0.7624356775300172,0.004716981132075526,,
blond_hair,0.8260385005065856,0.9193515704154003,single,eyeglasses,diff_means,16,0.8239108409321175,0.0021276595744680327,,
blurry,0.730191256830601,0.7694672131147542,single,eyeglasses,diff_means,16,0.6905737704918034,0.03961748633879769,,
brown_hair,0.6754314444897405,0.8236173393124065,single,eyeglasses,diff_means,16,0.6731892920233727,0.0022421524663677195,,
bushy_eyebrows,0.550995670995671,0.6072727272727273,single,eyeglasses,diff_means,16,0.5666666666666667,-0.015670995670995613,,
chubby,0.5780542986425339,0.6801470588235293,single,eyeglasses,diff_means,16,0.5684389140271493,0.009615384615384581,,
double_chin,0.5791995787256451,0.6539231174302264,single,eyeglasses,diff_means,16,0.5791995787256451,0.0,,
eyeglasses,0.890625,0.9521484375,single,eyeglasses,diff_means,16,0.890625,0.0,,
goatee,0.6885158742214795,0.7770013671578307,single,eyeglasses,diff_means,16,0.6863132310496735,0.0022026431718060735,,
gray_hair,0.8041558441558442,0.8834632034632035,single,eyeglasses,diff_means,16,0.8106493506493506,-0.00649350649350644,,
heavy_makeup,0.5349557522123893,0.5467551622418879,single,eyeglasses,diff_means,16,0.5327433628318584,0.0022123893805309214,,
high_cheekbones,0.474776318294308,0.37826004188083,single,eyeglasses,diff_means,16,0.47804429215051714,-0.0032679738562091387,,
male,0.9733727810650887,0.9664014146772767,single,eyeglasses,diff_means,16,0.9733727810650887,0.0,,
mouth_slightly_open,0.5295566502463054,0.560652709359606,single,eyeglasses,diff_means,16,0.5359605911330049,-0.0064039408866994885,,
mustache,0.7212699179140512,0.8405359729599228,single,eyeglasses,diff_means,16,0.7235634958957026,-0.002293577981651418,,
narrow_eyes,0.5625,0.549899193548387,single,eyeglasses,diff_means,16,0.5625,0.0,,
no_beard,0.5754173216558126,0.5458492402125907,single,eyeglasses,diff_means,16,0.5822666367243057,-0.006849315068493067,,
oval_face,0.47873786407766994,0.4298058252427185,single,eyeglasses,diff_means,16,0.48116504854368936,-0.0024271844660194164,,
pale_skin,0.5293222683264177,0.6683264177040111,single,eyeglasses,diff_means,16,0.5313969571230982,-0.0020746887966804906,,
pointy_nose,0.4503949447077409,0.5098472880463402,single,eyeglasses,diff_means,16,0.4527646129541864,-0.002369668246445522,,
receding_hairline,0.5330316742081448,0.5700064641241113,single,eyeglasses,diff_means,16,0.540530058177117,-0.007498383968972178,,
rosy_cheeks,0.6085365853658536,0.7065040650406504,single,eyeglasses,diff_means,16,0.6085365853658536,0.0,,
sideburns,0.6866419294990724,0.7907235621521336,single,eyeglasses,diff_means,16,0.6846011131725418,0.0020408163265306367,,
smiling,0.8496786042240587,0.9553106825834099,single,eyeglasses,diff_means,16,0.8533823079277625,-0.0037037037037037646,,
straight_hair,0.5899696048632219,0.6010131712259371,single,eyeglasses,diff_means,16,0.6095238095238096,-0.01955420466058766,,
wavy_hair,0.5412589262099974,0.5772723265450057,single,eyeglasses,diff_means,16,0.5412589262099974,0.0,,
wearing_earrings,0.6710977701543739,0.7241638078902229,single,eyeglasses,diff_means,16,0.6824614065180103,-0.011363636363636465,,
wearing_hat,0.9046066041581737,0.9313765457263216,single,eyeglasses,diff_means,16,0.9046066041581737,0.0,,
wearing_lipstick,0.43489583333333337,0.392333984375,single,eyeglasses,diff_means,16,0.421875,0.01302083333333337,,
wearing_necklace,0.5342875626718422,0.5342066957787481,single,eyeglasses,diff_means,16,0.5299207504447678,0.004366812227074357,,
wearing_necktie,0.5655929902505246,0.6028631371097125,single,eyeglasses,diff_means,16,0.5631247686042207,0.002468221646303892,,
young,0.8066604995374653,0.8890533456675918,single,eyeglasses,diff_means,16,0.8066604995374653,0.0,,
5_o_clock_shadow,0.5172413793103448,0.5682471264367817,single,eyeglasses,diff_means,17,0.5193965517241379,-0.0021551724137931494,,
arched_eyebrows,0.5521682618456811,0.58678955453149,single,eyeglasses,diff_means,17,0.5626846272007562,-0.010516365355075052,,
attractive,0.5037742504409171,0.55336860670194,single,eyeglasses,diff_means,17,0.5037742504409171,0.0,,
bags_under_eyes,0.450953428676201,0.42546754675467546,single,eyeglasses,diff_means,17,0.49972497249724973,-0.04877154382104876,,
bald,0.8014825442372071,0.8863701578192253,single,eyeglasses,diff_means,17,0.7916786226685797,0.009803921568627416,,
bangs,0.7889632107023412,0.8770903010033445,single,eyeglasses,diff_means,17,0.7911371237458193,-0.0021739130434781373,,
big_lips,0.4958099181701666,0.4798383121364488,single,eyeglasses,diff_means,17,0.49339445923296854,0.0024154589371980784,,
big_nose,0.6038961038961039,0.6043417366946778,single,eyeglasses,diff_means,17,0.6038961038961039,0.0,,
black_hair,0.7624356775300172,0.8760720411663808,single,eyeglasses,diff_means,17,0.7624356775300172,0.0,,
blond_hair,0.8260385005065856,0.9203647416413373,single,eyeglasses,diff_means,17,0.8239108409321175,0.0021276595744680327,,
blurry,0.73224043715847,0.7681010928961749,single,eyeglasses,diff_means,17,0.6905737704918034,0.04166666666666663,,
brown_hair,0.6731892920233727,0.8211713548036418,single,eyeglasses,diff_means,17,0.6731892920233727,0.0,,
bushy_eyebrows,0.5488311688311689,0.6110822510822511,single,eyeglasses,diff_means,17,0.5666666666666667,-0.01783549783549776,,
chubby,0.5708898944193062,0.6786387631975868,single,eyeglasses,diff_means,17,0.5684389140271493,0.002450980392156854,,
double_chin,0.5791995787256451,0.6525539757767246,single,eyeglasses,diff_means,17,0.5791995787256451,0.0,,
eyeglasses,0.8984375,0.95196533203125,single,eyeglasses,diff_means,17,0.890625,0.0078125,,
goatee,0.6841105878778673,0.7757861157526963,single,eyeglasses,diff_means,17,0.6863132310496735,-0.0022026431718061845,,
gray_hair,0.8084848484848486,0.8841558441558441,single,eyeglasses,diff_means,17,0.8106493506493506,-0.0021645021645020357,,
heavy_makeup,0.5160766961651918,0.5405604719764011,single,eyeglasses,diff_means,17,0.5327433628318584,-0.016666666666666607,,
high_cheekbones,0.47150834443809886,0.37845040928992957,single,eyeglasses,diff_means,17,0.47804429215051714,-0.006535947712418277,,
male,0.9733727810650887,0.9667414813303408,single,eyeglasses,diff_means,17,0.9733727810650887,0.0,,
mouth_slightly_open,0.5331280788177339,0.5607758620689655,single,eyeglasses,diff_means,17,0.5359605911330049,-0.0028325123152709297,,
mustache,0.7212699179140512,0.8365523901496861,single,eyeglasses,diff_means,17,0.7235634958957026,-0.002293577981651418,,
narrow_eyes,0.5625,0.5453629032258065,single,eyeglasses,diff_means,17,0.5625,0.0,,
no_beard,0.5754173216558126,0.5443521221648328,single,eyeglasses,diff_means,17,0.5822666367243057,-0.006849315068493067,,
oval_face,0.47873786407766994,0.4272815533980583,single,eyeglasses,diff_means,17,0.48116504854368936,-0.0024271844660194164,,
pale_skin,0.5293222683264177,0.6721991701244814,single,eyeglasses,diff_means,17,0.5313969571230982,-0.0020746887966804906,,
pointy_nose,0.4456556082148499,0.5024749868351763,single,eyeglasses,diff_means,17,0.4527646129541864,-0.007109004739336511,,
receding_hairline,0.5398190045248868,0.5688429217840982,single,eyeglasses,diff_means,17,0.540530058177117,-0.0007110536522301203,,
rosy_cheeks,0.6105691056910569,0.7048780487804878,single,eyeglasses,diff_means,17,0.6085365853658536,0.002032520325203291,,
sideburns,0.6846011131725418,0.7910946196660482,single,eyeglasses,diff_means,17,0.6846011131725418,0.0,,
smiling,0.8496786042240587,0.9545148454239363,single,eyeglasses,diff_means,17,0.8533823079277625,-0.0037037037037037646,,
straight_hair,0.6180344478216819,0.6012158054711245,single,eyeglasses,diff_means,17,0.6095238095238096,0.008510638297872353,,
wavy_hair,0.5475182932204884,0.5788592083223133,single,eyeglasses,diff_means,17,0.5412589262099974,0.006259367010491013,,
wearing_earrings,0.6824614065180103,0.7230917667238421,single,eyeglasses,diff_means,17,0.6824614065180103,0.0,,
wearing_hat,0.9046066041581737,0.930697105584998,single,eyeglasses,diff_means,17,0.9046066041581737,0.0,,
wearing_lipstick,0.43229166666666663,0.3914388020833333,single,eyeglasses,diff_means,17,0.421875,0.01041666666666663,,
wearing_necklace,0.5528060811903607,0.5298398835516739,single,eyeglasses,diff_means,17,0.5299207504447678,0.022885330745592847,,
wearing_necktie,0.5564605701592003,0.6103912131309391,single,eyeglasses,diff_means,17,0.5631247686042207,-0.0066641984450204195,,
young,0.8015109466543324,0.8869565217391304,single,eyeglasses,diff_means,17,0.8066604995374653,-0.005149552883132902,,
5_o_clock_shadow,0.5193965517241379,0.56878591954023,single,eyeglasses,diff_means,18,0.5193965517241379,0.0,,
arched_eyebrows,0.5498641143802434,0.586080586080586,single,eyeglasses,diff_means,18,0.5626846272007562,-0.012820512820512775,,
attractive,0.5037742504409171,0.5474426807760141,single,eyeglasses,diff_means,18,0.5037742504409171,0.0,,
bags_under_eyes,0.45342867620095345,0.42125045837917124,single,eyeglasses,diff_means,18,0.49972497249724973,-0.04629629629629628,,
bald,0.8014825442372071,0.8846484935437591,single,eyeglasses,diff_means,18,0.7916786226685797,0.009803921568627416,,
bangs,0.7889632107023412,0.8774247491638796,single,eyeglasses,diff_means,18,0.7911371237458193,-0.0021739130434781373,,
big_lips,0.4982253771073647,0.48013408261855467,single,eyeglasses,diff_means,18,0.49339445923296854,0.004830917874396157,,
big_nose,0.5907817672523554,0.6010313216195569,single,eyeglasses,diff_means,18,0.6038961038961039,-0.013114336643748503,,
black_hair,0.7647941680960548,0.8760720411663809,single,eyeglasses,diff_means,18,0.7624356775300172,0.002358490566037652,,
blond_hair,0.8281661600810537,0.9197568389057751,single,eyeglasses,diff_means,18,0.8239108409321175,0.004255319148936176,,
blurry,0.73224043715847,0.7704918032786885,single,eyeglasses,diff_means,18,0.6905737704918034,0.04166666666666663,,
brown_hair,0.6731892920233727,0.8222584590297595,single,eyeglasses,diff_means,18,0.6731892920233727,0.0,,
bushy_eyebrows,0.5488311688311689,0.6154112554112555,single,eyeglasses,diff_means,18,0.5666666666666667,-0.01783549783549776,,
chubby,0.5684389140271493,0.6802413273001509,single,eyeglasses,diff_means,18,0.5684389140271493,0.0,,
double_chin,0.5791995787256451,0.6557135334386518,single,eyeglasses,diff_means,18,0.5791995787256451,0.0,,
eyeglasses,0.89453125,0.94921875,single,eyeglasses,diff_means,18,0.890625,0.00390625,,
goatee,0.6819079447060611,0.7771532735834725,single,eyeglasses,diff_means,18,0.6863132310496735,-0.004405286343612369,,
gray_hair,0.8214718614718615,0.8848484848484849,single,eyeglasses,diff_means,18,0.8106493506493506,0.010822510822510845,,
heavy_makeup,0.5138643067846608,0.5336283185840709,single,eyeglasses,diff_means,18,0.5327433628318584,-0.01887905604719764,,
high_cheekbones,0.47963068722634683,0.37826004188083,single,eyeglasses,diff_means,18,0.47804429215051714,0.001586395075829694,,
male,0.9733727810650887,0.9668775079915665,single,eyeglasses,diff_means,18,0.9733727810650887,0.0,,
mouth_slightly_open,0.5389162561576355,0.5613916256157635,single,eyeglasses,diff_means,18,0.5359605911330049,0.002955665024630627,,
mustache,0.7212699179140512,0.8363109608884596,single,eyeglasses,diff_means,18,0.7235634958957026,-0.002293577981651418,,
narrow_eyes,0.5665322580645161,0.5398185483870968,single,eyeglasses,diff_means,18,0.5625,0.0040322580645161255,,
no_beard,0.5754173216558126,0.5451755370910996,single,eyeglasses,diff_means,18,0.5822666367243057,-0.006849315068493067,,
oval_face,0.47873786407766994,0.43106796116504853,single,eyeglasses,diff_means,18,0.48116504854368936,-0.0024271844660194164,,
pale_skin,0.5272475795297372,0.6686030428769019,single,eyeglasses,diff_means,18,0.5313969571230982,-0.004149377593360981,,
pointy_nose,0.4409162717219589,0.5008952080042127,single,eyeglasses,diff_means,18,0.4527646129541864,-0.0118483412322275,,
receding_hairline,0.5277957336780866,0.5687136393018746,single,eyeglasses,diff_means,18,0.540530058177117,-0.012734324499030336,,
rosy_cheeks,0.6065040650406504,0.6995934959349593,single,eyeglasses,diff_means,18,0.6085365853658536,-0.002032520325203291,,
sideburns,0.6866419294990724,0.7903525046382188,single,eyeglasses,diff_means,18,0.6846011131725418,0.0020408163265306367,,
smiling,0.8496786042240587,0.9545760636669728,single,eyeglasses,diff_means,18,0.8533823079277625,-0.0037037037037037646,,
straight_hair,0.6137791286727456,0.6040526849037487,single,eyeglasses,diff_means,18,0.6095238095238096,0.004255319148936065,,
wavy_hair,0.5562902230450498,0.5779776073349202,single,eyeglasses,diff_means,18,0.5412589262099974,0.015031296835052443,,
wearing_earrings,0.6824614065180103,0.7223413379073756,single,eyeglasses,diff_means,18,0.6824614065180103,0.0,,
wearing_hat,0.9046066041581737,0.932055985867645,single,eyeglasses,diff_means,18,0.9046066041581737,0.0,,
wearing_lipstick,0.44270833333333337,0.3916015625,single,eyeglasses,diff_means,18,0.421875,0.02083333333333337,,
wearing_necklace,0.5549894873038979,0.5385735080058224,single,eyeglasses,diff_means,18,0.5299207504447678,0.025068736859130025,,
wearing_necktie,0.5587436751820314,0.6087868690608417,single,eyeglasses,diff_means,18,0.5631247686042207,-0.004381093422189286,,
young,0.8050570459451125,0.886154794942954,single,eyeglasses,diff_means,18,0.8066604995374653,-0.0016034535923528104,,
5_o_clock_shadow,0.5237068965517242,0.5711206896551724,single,eyeglasses,diff_means,19,0.5193965517241379,0.004310344827586299,,
arched_eyebrows,0.5393477490251684,0.5853716176296822,single,eyeglasses,diff_means,19,0.5626846272007562,-0.023336878175587827,,
attractive,0.5037742504409171,0.5531569664902999,single,eyeglasses,diff_means,19,0.5037742504409171,0.0,,
bags_under_eyes,0.4651631829849652,0.4262926292629263,single,eyeglasses,diff_means,19,0.49972497249724973,-0.03456178951228456,,
bald,0.8014825442372071,0.8851267336202773,single,eyeglasses,diff_means,19,0.7916786226685797,0.009803921568627416,,
bangs,0.7867892976588629,0.8762541806020068,single,eyeglasses,diff_means,19,0.7911371237458193,-0.004347826086956497,,
big_lips,0.5127181307305531,0.487035393867692,single,eyeglasses,diff_means,19,0.49339445923296854,0.019323671497584516,,
big_nose,0.5858798064680417,0.6009039979628216,single,eyeglasses,diff_means,19,0.6038961038961039,-0.01801629742806221,,
black_hair,0.7828044596912521,0.8741423670668954,single,eyeglasses,diff_means,19,0.7624356775300172,0.020368782161234944,,
blond_hair,0.8239108409321175,0.918743667679838,single,eyeglasses,diff_means,19,0.8239108409321175,0.0,,
blurry,0.6926229508196722,0.7636612021857925,single,eyeglasses,diff_means,19,0.6905737704918034,0.002049180327868827,,
brown_hair,0.670947139557005,0.8194048104362006,single,eyeglasses,diff_means,19,0.6731892920233727,-0.0022421524663677195,,
bushy_eyebrows,0.5531601731601732,0.6244155844155844,single,eyeglasses,diff_means,19,0.5666666666666667,-0.013506493506493467,,
chubby,0.5708898944193062,0.6803355957767723,single,eyeglasses,diff_means,19,0.5684389140271493,0.002450980392156854,,
double_chin,0.5815692469720906,0.6631911532385466,single,eyeglasses,diff_means,19,0.5791995787256451,0.0023696682464454666,,
eyeglasses,0.87109375,0.93780517578125,single,eyeglasses,diff_means,19,0.890625,-0.01953125,,
goatee,0.6819079447060611,0.7765456478809054,single,eyeglasses,diff_means,19,0.6863132310496735,-0.004405286343612369,,
gray_hair,0.8236363636363637,0.8883116883116883,single,eyeglasses,diff_means,19,0.8106493506493506,0.012987012987013102,,
heavy_makeup,0.5182890855457227,0.5377581120943953,single,eyeglasses,diff_means,19,0.5327433628318584,-0.014454277286135686,,
high_cheekbones,0.4813122660067263,0.38200393425978807,single,eyeglasses,diff_means,19,0.47804429215051714,0.0032679738562091387,,
male,0.9733727810650887,0.966333401346664,single,eyeglasses,diff_means,19,0.9733727810650887,0.0,,
mouth_slightly_open,0.5432266009852217,0.5598522167487685,single,eyeglasses,diff_means,19,0.5359605911330049,0.007266009852216815,,
mustache,0.7235634958957026,0.8366731047802993,single,eyeglasses,diff_means,19,0.7235634958957026,0.0,,
narrow_eyes,0.5665322580645161,0.5514112903225806,single,eyeglasses,diff_means,19,0.5625,0.0040322580645161255,,
no_beard,0.5754173216558126,0.5451006811887118,single,eyeglasses,diff_means,19,0.5822666367243057,-0.006849315068493067,,
oval_face,0.4763106796116505,0.42466019417475726,single,eyeglasses,diff_means,19,0.48116504854368936,-0.004854368932038833,,
pale_skin,0.5355463347164592,0.6733056708160443,single,eyeglasses,diff_means,19,0.5313969571230982,0.004149377593360981,,
pointy_nose,0.4456556082148499,0.5010005265929436,single,eyeglasses,diff_means,19,0.4527646129541864,-0.007109004739336511,,
receding_hairline,0.5420814479638009,0.5727213962508081,single,eyeglasses,diff_means,19,0.540530058177117,0.0015513897866838988,,
rosy_cheeks,0.6126016260162601,0.7044715447154472,single,eyeglasses,diff_means,19,0.6085365853658536,0.004065040650406471,,
sideburns,0.6846011131725418,0.787012987012987,single,eyeglasses,diff_means,19,0.6846011131725418,0.0,,
smiling,0.8533823079277625,0.9559228650137741,single,eyeglasses,diff_means,19,0.8533823079277625,0.0,,
straight_hair,0.62016210739615,0.6042553191489362,single,eyeglasses,diff_means,19,0.6095238095238096,0.010638297872340385,,
wavy_hair,0.5562902230450498,0.5774486467424843,single,eyeglasses,diff_means,19,0.5412589262099974,0.015031296835052443,,
wearing_earrings,0.6730274442538593,0.7222341337907375,single,eyeglasses,diff_means,19,0.6824614065180103,-0.009433962264151052,,
wearing_hat,0.8894550890066585,0.9325995379807038,single,eyeglasses,diff_means,19,0.9046066041581737,-0.015151515151515249,,
wearing_lipstick,0.44791666666666663,0.399169921875,single,eyeglasses,diff_means,19,0.421875,0.02604166666666663,,
wearing_necklace,0.5342875626718422,0.5298398835516739,single,eyeglasses,diff_means,19,0.5299207504447678,0.004366812227074357,,
wearing_necktie,0.5541774651363692,0.6202640997161545,single,eyeglasses,diff_means,19,0.5631247686042207,-0.008947303467851442,,
young,0.7999074930619796,0.8850447116867098,single,eyeglasses,diff_means,19,0.8066604995374653,-0.006753006475485712,,
5_o_clock_shadow,0.521551724137931,0.5714798850574713,single,eyeglasses,diff_means,20,0.5193965517241379,0.0021551724137931494,,
arched_eyebrows,0.5347394540942928,0.5792272243885147,single,eyeglasses,diff_means,20,0.5626846272007562,-0.027945173106463383,,
attractive,0.5037742504409171,0.5535802469135802,single,eyeglasses,diff_means,20,0.5037742504409171,0.0,,
bags_under_eyes,0.45526219288595526,0.42720938760542726,single,eyeglasses,diff_means,20,0.49972497249724973,-0.04446277961129447,,
bald,0.8014825442372071,0.8872309899569585,single,eyeglasses,diff_means,20,0.7916786226685797,0.009803921568627416,,
bangs,0.7889632107023412,0.8749163879598663,single,eyeglasses,diff_means,20,0.7911371237458193,-0.0021739130434781373,,
big_lips,0.5078872128561569,0.4845706398501429,single,eyeglasses,diff_means,20,0.49339445923296854,0.01449275362318836,,
big_nose,0.5907817672523554,0.601031321619557,single,eyeglasses,diff_means,20,0.6038961038961039,-0.013114336643748503,,
black_hair,0.7600771869639794,0.8753216123499143,single,eyeglasses,diff_means,20,0.7624356775300172,-0.002358490566037763,,
blond_hair,0.8260385005065856,0.9185410334346504,single,eyeglasses,diff_means,20,0.8239108409321175,0.0021276595744680327,,
blurry,0.6885245901639344,0.7612704918032787,single,eyeglasses,diff_means,20,0.6905737704918034,-0.002049180327868938,,
brown_hair,0.6687049870906373,0.8173664900122299,single,eyeglasses,diff_means,20,0.6731892920233727,-0.004484304932735439,,
bushy_eyebrows,0.5488311688311689,0.6271861471861472,single,eyeglasses,diff_means,20,0.5666666666666667,-0.01783549783549776,,
chubby,0.5780542986425339,0.6817496229260935,single,eyeglasses,diff_means,20,0.5684389140271493,0.009615384615384581,,
double_chin,0.5791995787256451,0.6606635071090047,single,eyeglasses,diff_means,20,0.5791995787256451,0.0,,
eyeglasses,0.8515625,0.9317626953125,single,eyeglasses,diff_means,20,0.890625,-0.0390625,,
goatee,0.6841105878778673,0.7774570864347562,single,eyeglasses,diff_means,20,0.6863132310496735,-0.0022026431718061845,,
gray_hair,0.8236363636363637,0.8834632034632035,single,eyeglasses,diff_means,20,0.8106493506493506,0.012987012987013102,,
heavy_makeup,0.5205014749262538,0.5342182890855457,single,eyeglasses,diff_means,20,0.5327433628318584,-0.012241887905604654,,
high_cheekbones,0.4813122660067263,0.38365378513865095,single,eyeglasses,diff_means,20,0.47804429215051714,0.0032679738562091387,,
male,0.9733727810650887,0.9660613480242127,single,eyeglasses,diff_means,20,0.9733727810650887,0.0,,
mouth_slightly_open,0.5503694581280788,0.5599753694581281,single,eyeglasses,diff_means,20,0.5359605911330049,0.014408866995073932,,
mustache,0.7104056011588604,0.8352245292129405,single,eyeglasses,diff_means,20,0.7235634958957026,-0.013157894736842146,,
narrow_eyes,0.5625,0.5347782258064516,single,eyeglasses,diff_means,20,0.5625,0.0,,
no_beard,0.5754173216558126,0.5439029867505053,single,eyeglasses,diff_means,20,0.5822666367243057,-0.006849315068493067,,
oval_face,0.4763106796116505,0.42854368932038833,single,eyeglasses,diff_means,20,0.48116504854368936,-0.004854368932038833,,
pale_skin,0.5313969571230982,0.6791147994467497,single,eyeglasses,diff_means,20,0.5313969571230982,0.0,,
pointy_nose,0.4456556082148499,0.5068983675618747,single,eyeglasses,diff_means,20,0.4527646129541864,-0.007109004739336511,,
receding_hairline,0.5398190045248868,0.5744020685197155,single,eyeglasses,diff_means,20,0.540530058177117,-0.0007110536522301203,,
rosy_cheeks,0.6146341463414634,0.7126016260162602,single,eyeglasses,diff_means,20,0.6085365853658536,0.0060975609756097615,,
sideburns,0.6866419294990724,0.787012987012987,single,eyeglasses,diff_means,20,0.6846011131725418,0.0020408163265306367,,
smiling,0.8575145393327211,0.9564126109580655,single,eyeglasses,diff_means,20,0.8533823079277625,0.004132231404958664,,
straight_hair,0.622289766970618,0.6048632218844985,single,eyeglasses,diff_means,20,0.6095238095238096,0.012765957446808418,,
wavy_hair,0.5613153486731906,0.5743630432866084,single,eyeglasses,diff_means,20,0.5412589262099974,0.02005642246319317,,
wearing_earrings,0.6801029159519726,0.7208404802744426,single,eyeglasses,diff_means,20,0.6824614065180103,-0.002358490566037763,,
wearing_hat,0.9046066041581737,0.9321918738959097,single,eyeglasses,diff_means,20,0.9046066041581737,0.0,,
wearing_lipstick,0.4453125,0.40185546875,single,eyeglasses,diff_means,20,0.421875,0.0234375,,
wearing_necklace,0.5342875626718422,0.5343684295649361,single,eyeglasses,diff_means,20,0.5299207504447678,0.004366812227074357,,
wearing_necktie,0.5587436751820314,0.6191533999753178,single,eyeglasses,diff_means,20,0.5631247686042207,-0.004381093422189286,,
young,0.7963613937711995,0.883872957138452,single,eyeglasses,diff_means,20,0.8066604995374653,-0.010299105766265804,,
5_o_clock_shadow,0.5258620689655172,0.5890804597701149,single,eyeglasses,diff_means,21,0.5193965517241379,0.006465517241379337,,
arched_eyebrows,0.5370436015597306,0.5787545787545787,single,eyeglasses,diff_means,21,0.5626846272007562,-0.02564102564102555,,
attractive,0.5037742504409171,0.557037037037037,single,eyeglasses,diff_means,21,0.5037742504409171,0.0,,
bags_under_eyes,0.48551521818848553,0.428034470113678,single,eyeglasses,diff_means,21,0.49972497249724973,-0.0142097543087642,,
bald,0.8014825442372071,0.8864658058345289,single,eyeglasses,diff_means,21,0.7916786226685797,0.009803921568627416,,
bangs,0.7889632107023412,0.8780936454849498,single,eyeglasses,diff_means,21,0.7911371237458193,-0.0021739130434781373,,
big_lips,0.5205067534260082,0.49748595090209996,single,eyeglasses,diff_means,21,0.49339445923296854,0.02711229419303962,,
big_nose,0.5793862999745353,0.5965113318054496,single,eyeglasses,diff_means,21,0.6038961038961039,-0.02450980392156865,,
black_hair,0.7714408233276158,0.8734991423670669,single,eyeglasses,diff_means,21,0.7624356775300172,0.00900514579759859,,
blond_hair,0.8281661600810537,0.918338399189463,single,eyeglasses,diff_means,21,0.8239108409321175,0.004255319148936176,,
blurry,0.6885245901639344,0.7585382513661203,single,eyeglasses,diff_means,21,0.6905737704918034,-0.002049180327868938,,
brown_hair,0.6687049870906373,0.8058160076097296,single,eyeglasses,diff_means,21,0.6731892920233727,-0.004484304932735439,,
bushy_eyebrows,0.5623376623376624,0.64,single,eyeglasses,diff_means,21,0.5666666666666667,-0.0043290043290042934,,
chubby,0.5684389140271493,0.6809954751131222,single,eyeglasses,diff_means,21,0.5684389140271493,0.0,,
double_chin,0.5593470247498684,0.6577145866245392,single,eyeglasses,diff_means,21,0.5791995787256451,-0.019852553975776677,,
eyeglasses,0.8125,0.9141845703125,single,eyeglasses,diff_means,21,0.890625,-0.078125,,
goatee,0.6819079447060611,0.7742670514962783,single,eyeglasses,diff_means,21,0.6863132310496735,-0.004405286343612369,,
gray_hair,0.8236363636363637,0.8813852813852814,single,eyeglasses,diff_means,21,0.8106493506493506,0.012987012987013102,,
heavy_makeup,0.5227138643067847,0.5558997050147493,single,eyeglasses,diff_means,21,0.5327433628318584,-0.010029498525073732,,
high_cheekbones,0.4813122660067263,0.3899359096389365,single,eyeglasses,diff_means,21,0.47804429215051714,0.0032679738562091387,,
male,0.9733727810650887,0.9653812147180848,single,eyeglasses,diff_means,21,0.9733727810650887,0.0,,
mouth_slightly_open,0.5424876847290641,0.5594211822660098,single,eyeglasses,diff_means,21,0.5359605911330049,0.006527093596059186,,
mustache,0.7212699179140512,0.834379526798648,single,eyeglasses,diff_means,21,0.7235634958957026,-0.002293577981651418,,
narrow_eyes,0.560483870967742,0.5231854838709677,single,eyeglasses,diff_means,21,0.5625,-0.002016129032258007,,
no_beard,0.5754173216558126,0.5404596152406618,single,eyeglasses,diff_means,21,0.5822666367243057,-0.006849315068493067,,
oval_face,0.48116504854368936,0.42504854368932043,single,eyeglasses,diff_means,21,0.48116504854368936,0.0,,
pale_skin,0.5313969571230982,0.6757952973720609,single,eyeglasses,diff_means,21,0.5313969571230982,0.0,,
pointy_nose,0.4480252764612954,0.5044760400210637,single,eyeglasses,diff_means,21,0.4527646129541864,-0.004739336492890989,,
receding_hairline,0.5443438914027149,0.5714285714285714,single,eyeglasses,diff_means,21,0.540530058177117,0.003813833225597918,,
rosy_cheeks,0.6646341463414633,0.7146341463414634,single,eyeglasses,diff_means,21,0.6085365853658536,0.056097560975609695,,
sideburns,0.6784786641929499,0.7847866419294991,single,eyeglasses,diff_means,21,0.6846011131725418,-0.00612244897959191,,
smiling,0.8657790021426385,0.9563513927150291,single,eyeglasses,diff_means,21,0.8533823079277625,0.012396694214875992,,
straight_hair,0.62016210739615,0.6028368794326241,single,eyeglasses,diff_means,21,0.6095238095238096,0.010638297872340385,,
wavy_hair,0.5437714890240677,0.576478885656352,single,eyeglasses,diff_means,21,0.5412589262099974,0.002512562814070307,,
wearing_earrings,0.6710977701543739,0.7194468267581475,single,eyeglasses,diff_means,21,0.6824614065180103,-0.011363636363636465,,
wearing_hat,0.9046066041581737,0.9328713140372333,single,eyeglasses,diff_means,21,0.9046066041581737,0.0,,
wearing_lipstick,0.47395833333333337,0.4112141927083333,single,eyeglasses,diff_means,21,0.421875,0.05208333333333337,,
wearing_necklace,0.559356299530972,0.5461749959566553,single,eyeglasses,diff_means,21,0.5299207504447678,0.02943554908620416,,
wearing_necktie,0.5518943601135382,0.622485499197828,single,eyeglasses,diff_means,21,0.5631247686042207,-0.011230408490682464,,
young,0.792013567684243,0.8764107308048104,single,eyeglasses,diff_means,21,0.8066604995374653,-0.0146469318532223,,
5_o_clock_shadow,0.5344827586206897,0.5885416666666666,single,eyeglasses,diff_means,22,0.5193965517241379,0.015086206896551824,,
arched_eyebrows,0.5324353066288551,0.5668202764976958,single,eyeglasses,diff_means,22,0.5626846272007562,-0.030249320571901106,,
attractive,0.5037742504409171,0.5485714285714286,single,eyeglasses,diff_means,22,0.5037742504409171,0.0,,
bags_under_eyes,0.5157682434910158,0.43766043270993765,single,eyeglasses,diff_means,22,0.49972497249724973,0.016043270993766068,,
bald,0.7916786226685797,0.8835007173601147,single,eyeglasses,diff_means,22,0.7916786226685797,0.0,,
bangs,0.7911371237458193,0.8739130434782608,single,eyeglasses,diff_means,22,0.7911371237458193,0.0,,
big_lips,0.5205067534260082,0.48999309868875085,single,eyeglasses,diff_means,22,0.49339445923296854,0.02711229419303962,,
big_nose,0.5744206773618539,0.5834606569900689,single,eyeglasses,diff_means,22,0.6038961038961039,-0.02947542653425006,,
black_hair,0.7737993138936535,0.8721054888507719,single,eyeglasses,diff_means,22,0.7624356775300172,0.011363636363636354,,
blond_hair,0.8498480243161094,0.9252279635258359,single,eyeglasses,diff_means,22,0.8239108409321175,0.02593718338399187,,
blurry,0.6844262295081966,0.7599043715846995,single,eyeglasses,diff_means,22,0.6905737704918034,-0.006147540983606703,,
brown_hair,0.6687049870906373,0.8151922815599946,single,eyeglasses,diff_means,22,0.6731892920233727,-0.004484304932735439,,
bushy_eyebrows,0.5926406926406926,0.6479653679653681,single,eyeglasses,diff_means,22,0.5666666666666667,0.025974025974025983,,
chubby,0.575603318250377,0.6792986425339367,single,eyeglasses,diff_means,22,0.5684389140271493,0.007164404223227727,,
double_chin,0.5506055818852027,0.6565560821484991,single,eyeglasses,diff_means,22,0.5791995787256451,-0.028593996840442393,,
eyeglasses,0.79296875,0.871826171875,single,eyeglasses,diff_means,22,0.890625,-0.09765625,,
goatee,0.6797053015342549,0.7719884551116512,single,eyeglasses,diff_means,22,0.6863132310496735,-0.0066079295154185536,,
gray_hair,0.8387878787878789,0.8774025974025974,single,eyeglasses,diff_means,22,0.8106493506493506,0.02813852813852824,,
heavy_makeup,0.5615044247787611,0.6056047197640118,single,eyeglasses,diff_means,22,0.5327433628318584,0.028761061946902644,,
high_cheekbones,0.48299384478710583,0.39685259216955393,single,eyeglasses,diff_means,22,0.47804429215051714,0.004949552636588694,,
male,0.9733727810650887,0.9661293613548256,single,eyeglasses,diff_means,22,0.9733727810650887,0.0,,
mouth_slightly_open,0.5289408866995073,0.5611453201970443,single,eyeglasses,diff_means,22,0.5359605911330049,-0.007019704433497531,,
mustache,0.7235634958957026,0.8352245292129405,single,eyeglasses,diff_means,22,0.7235634958957026,0.0,,
narrow_eyes,0.5786290322580645,0.5216733870967742,single,eyeglasses,diff_means,22,0.5625,0.016129032258064502,,
no_beard,0.5836514709184819,0.5364922524141027,single,eyeglasses,diff_means,22,0.5822666367243057,0.001384834194176232,,
oval_face,0.48116504854368936,0.4243689320388349,single,eyeglasses,diff_means,22,0.48116504854368936,0.0,,
pale_skin,0.5313969571230982,0.6697095435684648,single,eyeglasses,diff_means,22,0.5313969571230982,0.0,,
pointy_nose,0.4456556082148499,0.5007898894154817,single,eyeglasses,diff_means,22,0.4527646129541864,-0.007109004739336511,,
receding_hairline,0.5345830639948287,0.5737556561085972,single,eyeglasses,diff_means,22,0.540530058177117,-0.005946994182288279,,
rosy_cheeks,0.6065040650406504,0.7150406504065041,single,eyeglasses,diff_means,22,0.6085365853658536,-0.002032520325203291,,
sideburns,0.6846011131725418,0.7847866419294992,single,eyeglasses,diff_means,22,0.6846011131725418,0.0,,
smiling,0.8575145393327211,0.9558616467707377,single,eyeglasses,diff_means,22,0.8533823079277625,0.004132231404958664,,
straight_hair,0.6027355623100303,0.6103343465045592,single,eyeglasses,diff_means,22,0.6095238095238096,-0.0067882472137792416,,
wavy_hair,0.5500308560345588,0.574803843780305,single,eyeglasses,diff_means,22,0.5412589262099974,0.00877192982456143,,
wearing_earrings,0.6801029159519726,0.7206260720411664,single,eyeglasses,diff_means,22,0.6824614065180103,-0.002358490566037763,,
wearing_hat,0.9046066041581737,0.9357249626307922,single,eyeglasses,diff_means,22,0.9046066041581737,0.0,,
wearing_lipstick,0.484375,0.43424479166666663,single,eyeglasses,diff_means,22,0.421875,0.0625,,
wearing_necklace,0.5680899239851205,0.5526443474041728,single,eyeglasses,diff_means,22,0.5299207504447678,0.03816917354035265,,
wearing_necktie,0.5562754535357275,0.6287794643959028,single,eyeglasses,diff_means,22,0.5631247686042207,-0.006849315068493178,,
young,0.801850138760407,0.8670983657107616,single,eyeglasses,diff_means,22,0.8066604995374653,-0.00481036077705832,,
5_o_clock_shadow,0.5653735632183908,0.6307471264367815,single,eyeglasses,diff_means,23,0.5193965517241379,0.04597701149425293,,
arched_eyebrows,0.5393477490251684,0.5519319390287133,single,eyeglasses,diff_means,23,0.5626846272007562,-0.023336878175587827,,
attractive,0.5037742504409171,0.5571075837742504,single,eyeglasses,diff_means,23,0.5037742504409171,0.0,,
bags_under_eyes,0.49724972497249725,0.4373854052071874,single,eyeglasses,diff_means,23,0.49972497249724973,-0.0024752475247524774,,
bald,0.7916786226685797,0.8811095169775227,single,eyeglasses,diff_means,23,0.7916786226685797,0.0,,
bangs,0.7933110367892977,0.8719063545150503,single,eyeglasses,diff_means,23,0.7911371237458193,0.0021739130434783593,,
big_lips,0.5108449176772158,0.49265503302770386,single,eyeglasses,diff_means,23,0.49339445923296854,0.017450458444247308,,
big_nose,0.5402342755283932,0.5727018079959256,single,eyeglasses,diff_means,23,0.6038961038961039,-0.06366182836771073,,
black_hair,0.7439965694682675,0.8664236706689538,single,eyeglasses,diff_means,23,0.7624356775300172,-0.018439108061749643,,
blond_hair,0.8260385005065856,0.9238095238095239,single,eyeglasses,diff_means,23,0.8239108409321175,0.0021276595744680327,,
blurry,0.6926229508196722,0.755464480874317,single,eyeglasses,diff_means,23,0.6905737704918034,0.002049180327868827,,
brown_hair,0.6664628346242696,0.8056801195814649,single,eyeglasses,diff_means,23,0.6731892920233727,-0.006726457399103158,,
bushy_eyebrows,0.6001731601731601,0.6912554112554112,single,eyeglasses,diff_means,23,0.5666666666666667,0.033506493506493484,,
chubby,0.5684389140271493,0.6798642533936652,single,eyeglasses,diff_means,23,0.5684389140271493,0.0,,
double_chin,0.5498683517640863,0.6445497630331753,single,eyeglasses,diff_means,23,0.5791995787256451,-0.029331226961558765,,
eyeglasses,0.5390625,0.55230712890625,single,eyeglasses,diff_means,23,0.890625,-0.3515625,,
goatee,0.6841105878778673,0.7754823029014127,single,eyeglasses,diff_means,23,0.6863132310496735,-0.0022026431718061845,,
gray_hair,0.8058008658008657,0.8526406926406925,single,eyeglasses,diff_means,23,0.8106493506493506,-0.00484848484848488,,
heavy_makeup,0.5371681415929204,0.6094395280235989,single,eyeglasses,diff_means,23,0.5327433628318584,0.004424778761061954,,
high_cheekbones,0.4813122660067263,0.39171267212386573,single,eyeglasses,diff_means,23,0.47804429215051714,0.0032679738562091387,,
male,0.9733727810650887,0.964633068081344,single,eyeglasses,diff_means,23,0.9733727810650887,0.0,,
mouth_slightly_open,0.530295566502463,0.5538177339901478,single,eyeglasses,diff_means,23,0.5359605911330049,-0.0056650246305418595,,
mustache,0.7275470787059392,0.8425881216803477,single,eyeglasses,diff_means,23,0.7235634958957026,0.0039835828102365856,,
narrow_eyes,0.502016129032258,0.44254032258064513,single,eyeglasses,diff_means,23,0.5625,-0.06048387096774199,,
no_beard,0.5754173216558126,0.5415075978740923,single,eyeglasses,diff_means,23,0.5822666367243057,-0.006849315068493067,,
oval_face,0.48116504854368936,0.42446601941747575,single,eyeglasses,diff_means,23,0.48116504854368936,0.0,,
pale_skin,0.5313969571230982,0.6752420470262794,single,eyeglasses,diff_means,23,0.5313969571230982,0.0,,
pointy_nose,0.4503949447077409,0.5106898367561875,single,eyeglasses,diff_means,23,0.4527646129541864,-0.002369668246445522,,
receding_hairline,0.5262443438914027,0.5634130575307046,single,eyeglasses,diff_means,23,0.540530058177117,-0.014285714285714235,,
rosy_cheeks,0.6044715447154472,0.6804878048780487,single,eyeglasses,diff_means,23,0.6085365853658536,-0.004065040650406471,,
sideburns,0.6805194805194805,0.7933209647495362,single,eyeglasses,diff_means,23,0.6846011131725418,-0.004081632653061273,,
smiling,0.8533823079277625,0.9539638812366086,single,eyeglasses,diff_means,23,0.8533823079277625,0.0,,
straight_hair,0.6137791286727456,0.6151975683890577,single,eyeglasses,diff_means,23,0.6095238095238096,0.004255319148936065,,
wavy_hair,0.5412589262099974,0.5757736048664375,single,eyeglasses,diff_means,23,0.5412589262099974,0.0,,
wearing_earrings,0.6710977701543739,0.7180531732418525,single,eyeglasses,diff_means,23,0.6824614065180103,-0.011363636363636465,,
wearing_hat,0.8916972414730262,0.9335507541785569,single,eyeglasses,diff_means,23,0.9046066041581737,-0.01290936268514753,,
wearing_lipstick,0.48697916666666663,0.492431640625,single,eyeglasses,diff_means,23,0.421875,0.06510416666666663,,
wearing_necklace,0.5506226750768235,0.5377648390748827,single,eyeglasses,diff_means,23,0.5299207504447678,0.020701924632055668,,
wearing_necktie,0.5947180056769098,0.6690114772306552,single,eyeglasses,diff_means,23,0.5631247686042207,0.03159323707268913,,
young,0.7549491211840889,0.8403946962688869,single,eyeglasses,diff_means,23,0.8066604995374653,-0.05171137835337647,,
5_o_clock_shadow,0.5172413793103448,0.5713002873563219,single,eyeglasses,lr,0,0.5193965517241379,-0.0021551724137931494,,
arched_eyebrows,0.5498641143802434,0.597424081295049,single,eyeglasses,lr,0,0.5626846272007562,-0.012820512820512775,,
attractive,0.5037742504409171,0.5734038800705468,single,eyeglasses,lr,0,0.5037742504409171,0.0,,
bags_under_eyes,0.4904657132379905,0.43238907224055734,single,eyeglasses,lr,0,0.49972497249724973,-0.009259259259259245,,
bald,0.7916786226685797,0.8853180296508848,single,eyeglasses,lr,0,0.7916786226685797,0.0,,
bangs,0.7911371237458193,0.8759197324414716,single,eyeglasses,lr,0,0.7911371237458193,0.0,,
big_lips,0.4885635413585724,0.4791481810115351,single,eyeglasses,lr,0,0.49339445923296854,-0.004830917874396157,,
big_nose,0.6022408963585434,0.6024955436720143,single,eyeglasses,lr,0,0.6038961038961039,-0.0016552075375605435,,
black_hair,0.7624356775300172,0.8758576329331047,single,eyeglasses,lr,0,0.7624356775300172,0.0,,
blond_hair,0.8239108409321175,0.9175278622087133,single,eyeglasses,lr,0,0.8239108409321175,0.0,,
blurry,0.6905737704918034,0.7537568306010929,single,eyeglasses,lr,0,0.6905737704918034,0.0,,
brown_hair,0.6731892920233727,0.81967658649273,single,eyeglasses,lr,0,0.6731892920233727,0.0,,
bushy_eyebrows,0.5688311688311689,0.6060606060606061,single,eyeglasses,lr,0,0.5666666666666667,0.0021645021645022577,,
chubby,0.5684389140271493,0.678921568627451,single,eyeglasses,lr,0,0.5684389140271493,0.0,,
double_chin,0.5768299104791996,0.6632964718272775,single,eyeglasses,lr,0,0.5791995787256451,-0.0023696682464454666,,
eyeglasses,0.89453125,0.95654296875,single,eyeglasses,lr,0,0.890625,0.00390625,,
goatee,0.6863132310496735,0.7736594257937109,single,eyeglasses,lr,0,0.6863132310496735,0.0,,
gray_hair,0.8128138528138529,0.8855411255411255,single,eyeglasses,lr,0,0.8106493506493506,0.0021645021645022577,,
heavy_makeup,0.5349557522123893,0.5463126843657817,single,eyeglasses,lr,0,0.5327433628318584,0.0022123893805309214,,
high_cheekbones,0.4813122660067263,0.37845040928992957,single,eyeglasses,lr,0,0.47804429215051714,0.0032679738562091387,,
male,0.9733727810650887,0.9665374413385023,single,eyeglasses,lr,0,0.9733727810650887,0.0,,
mouth_slightly_open,0.5280788177339901,0.5596674876847291,single,eyeglasses,lr,0,0.5359605911330049,-0.007881773399014746,,
mustache,0.7235634958957026,0.8326895219700627,single,eyeglasses,lr,0,0.7235634958957026,0.0,,
narrow_eyes,0.5625,0.5362903225806452,single,eyeglasses,lr,0,0.5625,0.0,,
no_beard,0.5822666367243057,0.5429298600194625,single,eyeglasses,lr,0,0.5822666367243057,0.0,,
oval_face,0.48116504854368936,0.4259223300970874,single,eyeglasses,lr,0,0.48116504854368936,0.0,,
pale_skin,0.5313969571230982,0.6804979253112033,single,eyeglasses,lr,0,0.5313969571230982,0.0,,
pointy_nose,0.4480252764612954,0.5138493944181147,single,eyeglasses,lr,0,0.4527646129541864,-0.004739336492890989,,
receding_hairline,0.5262443438914027,0.5725921137685843,single,eyeglasses,lr,0,0.540530058177117,-0.014285714285714235,,
rosy_cheeks,0.6085365853658536,0.7101626016260163,single,eyeglasses,lr,0,0.6085365853658536,0.0,,
sideburns,0.6866419294990724,0.7836734693877551,single,eyeglasses,lr,0,0.6846011131725418,0.0020408163265306367,,
smiling,0.8533823079277625,0.9551882460973369,single,eyeglasses,lr,0,0.8533823079277625,0.0,,
straight_hair,0.6095238095238096,0.6048632218844985,single,eyeglasses,lr,0,0.6095238095238096,0.0,,
wavy_hair,0.5412589262099974,0.5826500925681036,single,eyeglasses,lr,0,0.5412589262099974,0.0,,
wearing_earrings,0.6801029159519726,0.7212156946826759,single,eyeglasses,lr,0,0.6824614065180103,-0.002358490566037763,,
wearing_hat,0.9046066041581737,0.9312406576980568,single,eyeglasses,lr,0,0.9046066041581737,0.0,,
wearing_lipstick,0.43489583333333337,0.3882649739583333,single,eyeglasses,lr,0,0.421875,0.01302083333333337,,
wearing_necklace,0.5277373443312308,0.5254730713245996,single,eyeglasses,lr,0,0.5299207504447678,-0.0021834061135370675,,
wearing_necktie,0.5473281500678762,0.6255707762557078,single,eyeglasses,lr,0,0.5631247686042207,-0.01579661853634451,,
young,0.8102065988282454,0.8898550724637682,single,eyeglasses,lr,0,0.8066604995374653,0.0035460992907800915,,
5_o_clock_shadow,0.521551724137931,0.569683908045977,single,eyeglasses,lr,1,0.5193965517241379,0.0021551724137931494,,
arched_eyebrows,0.5626846272007562,0.598014888337469,single,eyeglasses,lr,1,0.5626846272007562,0.0,,
attractive,0.5037742504409171,0.5729100529100529,single,eyeglasses,lr,1,0.5037742504409171,0.0,,
bags_under_eyes,0.49972497249724973,0.4303263659699303,single,eyeglasses,lr,1,0.49972497249724973,0.0,,
bald,0.7916786226685797,0.885222381635581,single,eyeglasses,lr,1,0.7916786226685797,0.0,,
bangs,0.7933110367892977,0.8754180602006689,single,eyeglasses,lr,1,0.7911371237458193,0.0021739130434783593,,
big_lips,0.49097900029577046,0.4773735581188997,single,eyeglasses,lr,1,0.49339445923296854,-0.0024154589371980784,,
big_nose,0.6071428571428572,0.6030685001273237,single,eyeglasses,lr,1,0.6038961038961039,0.0032467532467532756,,
black_hair,0.7624356775300172,0.8756432246998285,single,eyeglasses,lr,1,0.7624356775300172,0.0,,
blond_hair,0.8239108409321175,0.9173252279635258,single,eyeglasses,lr,1,0.8239108409321175,0.0,,
blurry,0.6926229508196722,0.757172131147541,single,eyeglasses,lr,1,0.6905737704918034,0.002049180327868827,,
brown_hair,0.6731892920233727,0.8203560266340536,single,eyeglasses,lr,1,0.6731892920233727,0.0,,
bushy_eyebrows,0.5666666666666667,0.6065800865800866,single,eyeglasses,lr,1,0.5666666666666667,0.0,,
chubby,0.5684389140271493,0.6798642533936652,single,eyeglasses,lr,1,0.5684389140271493,0.0,,
double_chin,0.5768299104791996,0.6624539231174301,single,eyeglasses,lr,1,0.5791995787256451,-0.0023696682464454666,,
eyeglasses,0.89453125,0.956787109375,single,eyeglasses,lr,1,0.890625,0.00390625,,
goatee,0.6863132310496735,0.7739632386449947,single,eyeglasses,lr,1,0.6863132310496735,0.0,,
gray_hair,0.8106493506493506,0.8845021645021645,single,eyeglasses,lr,1,0.8106493506493506,0.0,,
heavy_makeup,0.5349557522123893,0.5452802359882006,single,eyeglasses,lr,1,0.5327433628318584,0.0022123893805309214,,
high_cheekbones,0.4813122660067263,0.37826004188083,single,eyeglasses,lr,1,0.47804429215051714,0.0032679738562091387,,
male,0.9733727810650887,0.9665374413385023,single,eyeglasses,lr,1,0.9733727810650887,0.0,,
mouth_slightly_open,0.5280788177339901,0.5592364532019705,single,eyeglasses,lr,1,0.5359605911330049,-0.007881773399014746,,
mustache,0.7235634958957026,0.8332930951231289,single,eyeglasses,lr,1,0.7235634958957026,0.0,,
narrow_eyes,0.5625,0.5413306451612903,single,eyeglasses,lr,1,0.5625,0.0,,
no_beard,0.5822666367243057,0.5423310128003593,single,eyeglasses,lr,1,0.5822666367243057,0.0,,
oval_face,0.48116504854368936,0.42621359223300975,single,eyeglasses,lr,1,0.48116504854368936,0.0,,
pale_skin,0.5313969571230982,0.6816044260027663,single,eyeglasses,lr,1,0.5313969571230982,0.0,,
pointy_nose,0.4527646129541864,0.5137440758293839,single,eyeglasses,lr,1,0.4527646129541864,0.0,,
receding_hairline,0.5450549450549451,0.5728506787330316,single,eyeglasses,lr,1,0.540530058177117,0.004524886877828149,,
rosy_cheeks,0.6085365853658536,0.7085365853658536,single,eyeglasses,lr,1,0.6085365853658536,0.0,,
sideburns,0.6866419294990724,0.7862708719851578,single,eyeglasses,lr,1,0.6846011131725418,0.0020408163265306367,,
smiling,0.8533823079277625,0.9555555555555556,single,eyeglasses,lr,1,0.8533823079277625,0.0,,
straight_hair,0.6116514690982776,0.6026342451874367,single,eyeglasses,lr,1,0.6095238095238096,0.0021276595744680327,,
wavy_hair,0.5412589262099974,0.5837080137529753,single,eyeglasses,lr,1,0.5412589262099974,0.0,,
wearing_earrings,0.6734562607204116,0.7211620926243568,single,eyeglasses,lr,1,0.6824614065180103,-0.009005145797598701,,
wearing_hat,0.9046066041581737,0.931104769669792,single,eyeglasses,lr,1,0.9046066041581737,0.0,,
wearing_lipstick,0.43229166666666663,0.38932291666666674,single,eyeglasses,lr,1,0.421875,0.01041666666666663,,
wearing_necklace,0.5299207504447678,0.5262817402555394,single,eyeglasses,lr,1,0.5299207504447678,0.0,,
wearing_necktie,0.5473281500678762,0.6249537208441318,single,eyeglasses,lr,1,0.5631247686042207,-0.01579661853634451,,
young,0.8066604995374653,0.8898550724637682,single,eyeglasses,lr,1,0.8066604995374653,0.0,,
5_o_clock_shadow,0.5172413793103448,0.5698635057471264,single,eyeglasses,lr,2,0.5193965517241379,-0.0021551724137931494,,
arched_eyebrows,0.5498641143802434,0.5957698215762731,single,eyeglasses,lr,2,0.5626846272007562,-0.012820512820512775,,
attractive,0.5037742504409171,0.5735449735449735,single,eyeglasses,lr,2,0.5037742504409171,0.0,,
bags_under_eyes,0.4812064539787312,0.4311514484781811,single,eyeglasses,lr,2,0.49972497249724973,-0.018518518518518545,,
bald,0.7916786226685797,0.8853180296508849,single,eyeglasses,lr,2,0.7916786226685797,0.0,,
bangs,0.7889632107023412,0.8750836120401337,single,eyeglasses,lr,2,0.7911371237458193,-0.0021739130434781373,,
big_lips,0.49097900029577046,0.47717637779749583,single,eyeglasses,lr,2,0.49339445923296854,-0.0024154589371980784,,
big_nose,0.6022408963585434,0.6021772345301758,single,eyeglasses,lr,2,0.6038961038961039,-0.0016552075375605435,,
black_hair,0.7624356775300172,0.8763936535162951,single,eyeglasses,lr,2,0.7624356775300172,0.0,,
blond_hair,0.8239108409321175,0.916919959473151,single,eyeglasses,lr,2,0.8239108409321175,0.0,,
blurry,0.6905737704918034,0.7561475409836065,single,eyeglasses,lr,2,0.6905737704918034,0.0,,
brown_hair,0.6776735969561082,0.8203560266340536,single,eyeglasses,lr,2,0.6731892920233727,0.004484304932735439,,
bushy_eyebrows,0.5666666666666667,0.6070995670995671,single,eyeglasses,lr,2,0.5666666666666667,0.0,,
chubby,0.5684389140271493,0.6795814479638009,single,eyeglasses,lr,2,0.5684389140271493,0.0,,
double_chin,0.5768299104791996,0.6623486045286993,single,eyeglasses,lr,2,0.5791995787256451,-0.0023696682464454666,,
eyeglasses,0.890625,0.956787109375,single,eyeglasses,lr,2,0.890625,0.0,,
goatee,0.6863132310496735,0.7732037065167856,single,eyeglasses,lr,2,0.6863132310496735,0.0,,
gray_hair,0.8084848484848486,0.8841558441558441,single,eyeglasses,lr,2,0.8106493506493506,-0.0021645021645020357,,
heavy_makeup,0.5349557522123893,0.5473451327433628,single,eyeglasses,lr,2,0.5327433628318584,0.0022123893805309214,,
high_cheekbones,0.4813122660067263,0.3776254838504981,single,eyeglasses,lr,2,0.47804429215051714,0.0032679738562091387,,
male,0.9733727810650887,0.9665374413385023,single,eyeglasses,lr,2,0.9733727810650887,0.0,,
mouth_slightly_open,0.5316502463054187,0.5589285714285714,single,eyeglasses,lr,2,0.5359605911330049,-0.004310344827586188,,
mustache,0.7235634958957026,0.8334138097537421,single,eyeglasses,lr,2,0.7235634958957026,0.0,,
narrow_eyes,0.5625,0.5393145161290323,single,eyeglasses,lr,2,0.5625,0.0,,
no_beard,0.5822666367243057,0.5427052923122988,single,eyeglasses,lr,2,0.5822666367243057,0.0,,
oval_face,0.48116504854368936,0.42524271844660194,single,eyeglasses,lr,2,0.48116504854368936,0.0,,
pale_skin,0.5313969571230982,0.6835408022130014,single,eyeglasses,lr,2,0.5313969571230982,0.0,,
pointy_nose,0.4503949447077409,0.5138493944181148,single,eyeglasses,lr,2,0.4527646129541864,-0.002369668246445522,,
receding_hairline,0.542792501616031,0.5724628312863607,single,eyeglasses,lr,2,0.540530058177117,0.002262443438914019,,
rosy_cheeks,0.6085365853658536,0.7085365853658536,single,eyeglasses,lr,2,0.6085365853658536,0.0,,
sideburns,0.6866419294990724,0.7836734693877552,single,eyeglasses,lr,2,0.6846011131725418,0.0020408163265306367,,
smiling,0.8533823079277625,0.9548209366391185,single,eyeglasses,lr,2,0.8533823079277625,0.0,,
straight_hair,0.6137791286727456,0.6034447821681864,single,eyeglasses,lr,2,0.6095238095238096,0.004255319148936065,,
wavy_hair,0.5412589262099974,0.5836198536542361,single,eyeglasses,lr,2,0.5412589262099974,0.0,,
wearing_earrings,0.6734562607204116,0.722770154373928,single,eyeglasses,lr,2,0.6824614065180103,-0.009005145797598701,,
wearing_hat,0.9046066041581737,0.9321918738959099,single,eyeglasses,lr,2,0.9046066041581737,0.0,,
wearing_lipstick,0.44270833333333337,0.38891601562499994,single,eyeglasses,lr,2,0.421875,0.02083333333333337,,
wearing_necklace,0.5070354196991752,0.5245026686074721,single,eyeglasses,lr,2,0.5299207504447678,-0.022885330745592625,,
wearing_necktie,0.5631247686042207,0.6253239540910774,single,eyeglasses,lr,2,0.5631247686042207,0.0,,
young,0.8102065988282454,0.8897934011717545,single,eyeglasses,lr,2,0.8066604995374653,0.0035460992907800915,,
5_o_clock_shadow,0.5193965517241379,0.5700431034482758,single,eyeglasses,lr,3,0.5193965517241379,0.0,,
arched_eyebrows,0.5498641143802434,0.5963606286186931,single,eyeglasses,lr,3,0.5626846272007562,-0.012820512820512775,,
attractive,0.5037742504409171,0.5724867724867725,single,eyeglasses,lr,3,0.5037742504409171,0.0,,
bags_under_eyes,0.4904657132379905,0.4317931793179317,single,eyeglasses,lr,3,0.49972497249724973,-0.009259259259259245,,
bald,0.7916786226685797,0.8856049736967958,single,eyeglasses,lr,3,0.7916786226685797,0.0,,
bangs,0.7933110367892977,0.8762541806020065,single,eyeglasses,lr,3,0.7911371237458193,0.0021739130434783593,,
big_lips,0.49097900029577046,0.47845804988662133,single,eyeglasses,lr,3,0.49339445923296854,-0.0024154589371980784,,
big_nose,0.6038961038961039,0.6023682200152788,single,eyeglasses,lr,3,0.6038961038961039,0.0,,
black_hair,0.7624356775300172,0.8754288164665522,single,eyeglasses,lr,3,0.7624356775300172,0.0,,
blond_hair,0.8239108409321175,0.9179331306990881,single,eyeglasses,lr,3,0.8239108409321175,0.0,,
blurry,0.6926229508196722,0.757172131147541,single,eyeglasses,lr,3,0.6905737704918034,0.002049180327868827,,
brown_hair,0.6776735969561082,0.8194048104362006,single,eyeglasses,lr,3,0.6731892920233727,0.004484304932735439,,
bushy_eyebrows,0.5688311688311689,0.6083116883116884,single,eyeglasses,lr,3,0.5666666666666667,0.0021645021645022577,,
chubby,0.5684389140271493,0.6796757164404224,single,eyeglasses,lr,3,0.5684389140271493,0.0,,
double_chin,0.5791995787256451,0.6625592417061612,single,eyeglasses,lr,3,0.5791995787256451,0.0,,
eyeglasses,0.890625,0.95709228515625,single,eyeglasses,lr,3,0.890625,0.0,,
goatee,0.6885158742214795,0.7728998936655022,single,eyeglasses,lr,3,0.6863132310496735,0.0022026431718060735,,
gray_hair,0.8084848484848486,0.8862337662337663,single,eyeglasses,lr,3,0.8106493506493506,-0.0021645021645020357,,
heavy_makeup,0.5327433628318584,0.5467551622418879,single,eyeglasses,lr,3,0.5327433628318584,0.0,,
high_cheekbones,0.4813122660067263,0.37762548385049816,single,eyeglasses,lr,3,0.47804429215051714,0.0032679738562091387,,
male,0.9733727810650887,0.9666734679997279,single,eyeglasses,lr,3,0.9733727810650887,0.0,,
mouth_slightly_open,0.5366995073891626,0.5584975369458128,single,eyeglasses,lr,3,0.5359605911330049,0.00073891625615774,,
mustache,0.7235634958957026,0.8334138097537421,single,eyeglasses,lr,3,0.7235634958957026,0.0,,
narrow_eyes,0.5625,0.5418346774193549,single,eyeglasses,lr,3,0.5625,0.0,,
no_beard,0.5822666367243057,0.5427801482146867,single,eyeglasses,lr,3,0.5822666367243057,0.0,,
oval_face,0.48116504854368936,0.4261165048543689,single,eyeglasses,lr,3,0.48116504854368936,0.0,,
pale_skin,0.5313969571230982,0.6821576763485477,single,eyeglasses,lr,3,0.5313969571230982,0.0,,
pointy_nose,0.4527646129541864,0.514797261716693,single,eyeglasses,lr,3,0.4527646129541864,0.0,,
receding_hairline,0.542792501616031,0.5742727860374919,single,eyeglasses,lr,3,0.540530058177117,0.002262443438914019,,
rosy_cheeks,0.6105691056910569,0.7089430894308943,single,eyeglasses,lr,3,0.6085365853658536,0.002032520325203291,,
sideburns,0.6846011131725418,0.7840445269016698,single,eyeglasses,lr,3,0.6846011131725418,0.0,,
smiling,0.8533823079277625,0.9553719008264463,single,eyeglasses,lr,3,0.8533823079277625,0.0,,
straight_hair,0.6116514690982776,0.6047619047619047,single,eyeglasses,lr,3,0.6095238095238096,0.0021276595744680327,,
wavy_hair,0.5412589262099974,0.5822974521731463,single,eyeglasses,lr,3,0.5412589262099974,0.0,,
wearing_earrings,0.6710977701543739,0.7209476843910807,single,eyeglasses,lr,3,0.6824614065180103,-0.011363636363636465,,
wearing_hat,0.9046066041581737,0.9309688816415274,single,eyeglasses,lr,3,0.9046066041581737,0.0,,
wearing_lipstick,0.44010416666666663,0.38924153645833337,single,eyeglasses,lr,3,0.421875,0.01822916666666663,,
wearing_necklace,0.5114022319262495,0.5245026686074721,single,eyeglasses,lr,3,0.5299207504447678,-0.01851851851851838,,
wearing_necktie,0.5631247686042207,0.6242132543502408,single,eyeglasses,lr,3,0.5631247686042207,0.0,,
young,0.8031144002466852,0.8897934011717545,single,eyeglasses,lr,3,0.8066604995374653,-0.0035460992907800915,,
5_o_clock_shadow,0.5193965517241379,0.5682471264367815,single,eyeglasses,lr,4,0.5193965517241379,0.0,,
arched_eyebrows,0.5521682618456811,0.5970695970695972,single,eyeglasses,lr,4,0.5626846272007562,-0.010516365355075052,,
attractive,0.5037742504409171,0.5695238095238095,single,eyeglasses,lr,4,0.5037742504409171,0.0,,
bags_under_eyes,0.48368170150348366,0.4356435643564357,single,eyeglasses,lr,4,0.49972497249724973,-0.016043270993766068,,
bald,0.7916786226685797,0.8845528455284553,single,eyeglasses,lr,4,0.7916786226685797,0.0,,
bangs,0.795484949832776,0.8752508361204013,single,eyeglasses,lr,4,0.7911371237458193,0.004347826086956608,,
big_lips,0.49097900029577046,0.48013408261855467,single,eyeglasses,lr,4,0.49339445923296854,-0.0024154589371980784,,
big_nose,0.5989941431117901,0.6007766743060861,single,eyeglasses,lr,4,0.6038961038961039,-0.004901960784313819,,
black_hair,0.7624356775300172,0.8731775300171527,single,eyeglasses,lr,4,0.7624356775300172,0.0,,
blond_hair,0.8239108409321175,0.9177304964539007,single,eyeglasses,lr,4,0.8239108409321175,0.0,,
blurry,0.6926229508196722,0.7476092896174863,single,eyeglasses,lr,4,0.6905737704918034,0.002049180327868827,,
brown_hair,0.6731892920233727,0.8169588259274358,single,eyeglasses,lr,4,0.6731892920233727,0.0,,
bushy_eyebrows,0.5688311688311689,0.6074458874458875,single,eyeglasses,lr,4,0.5666666666666667,0.0021645021645022577,,
chubby,0.5780542986425339,0.6809012066365008,single,eyeglasses,lr,4,0.5684389140271493,0.009615384615384581,,
double_chin,0.5768299104791996,0.6622432859399683,single,eyeglasses,lr,4,0.5791995787256451,-0.0023696682464454666,,
eyeglasses,0.890625,0.95709228515625,single,eyeglasses,lr,4,0.890625,0.0,,
goatee,0.7035546103600183,0.7779128057116816,single,eyeglasses,lr,4,0.6863132310496735,0.017241379310344862,,
gray_hair,0.8128138528138529,0.8862337662337663,single,eyeglasses,lr,4,0.8106493506493506,0.0021645021645022577,,
heavy_makeup,0.5415929203539823,0.5446902654867257,single,eyeglasses,lr,4,0.5327433628318584,0.008849557522123908,,
high_cheekbones,0.474776318294308,0.3795291579414937,single,eyeglasses,lr,4,0.47804429215051714,-0.0032679738562091387,,
male,0.9733727810650887,0.9672855879752431,single,eyeglasses,lr,4,0.9733727810650887,0.0,,
mouth_slightly_open,0.5323891625615763,0.5629310344827587,single,eyeglasses,lr,4,0.5359605911330049,-0.0035714285714285587,,
mustache,0.725857073877354,0.8348623853211009,single,eyeglasses,lr,4,0.7235634958957026,0.002293577981651418,,
narrow_eyes,0.5625,0.5483870967741935,single,eyeglasses,lr,4,0.5625,0.0,,
no_beard,0.5754173216558126,0.5448012575791602,single,eyeglasses,lr,4,0.5822666367243057,-0.006849315068493067,,
oval_face,0.48116504854368936,0.42893203883495146,single,eyeglasses,lr,4,0.48116504854368936,0.0,,
pale_skin,0.5313969571230982,0.6846473029045643,single,eyeglasses,lr,4,0.5313969571230982,0.0,,
pointy_nose,0.4409162717219589,0.5143759873617694,single,eyeglasses,lr,4,0.4527646129541864,-0.0118483412322275,,
receding_hairline,0.5307692307692308,0.572721396250808,single,eyeglasses,lr,4,0.540530058177117,-0.009760827407886197,,
rosy_cheeks,0.6085365853658536,0.7089430894308942,single,eyeglasses,lr,4,0.6085365853658536,0.0,,
sideburns,0.6805194805194805,0.788126159554731,single,eyeglasses,lr,4,0.6846011131725418,-0.004081632653061273,,
smiling,0.8533823079277625,0.9549433731251913,single,eyeglasses,lr,4,0.8533823079277625,0.0,,
straight_hair,0.6137791286727456,0.6095238095238096,single,eyeglasses,lr,4,0.6095238095238096,0.004255319148936065,,
wavy_hair,0.538746363395927,0.5830027329630609,single,eyeglasses,lr,4,0.5412589262099974,-0.002512562814070418,,
wearing_earrings,0.6824614065180103,0.7203044596912521,single,eyeglasses,lr,4,0.6824614065180103,0.0,,
wearing_hat,0.9046066041581737,0.9301535534719391,single,eyeglasses,lr,4,0.9046066041581737,0.0,,
wearing_lipstick,0.42447916666666663,0.38590494791666663,single,eyeglasses,lr,4,0.421875,0.0026041666666666297,,
wearing_necklace,0.5070354196991752,0.527252142972667,single,eyeglasses,lr,4,0.5299207504447678,-0.022885330745592625,,
wearing_necktie,0.5518943601135382,0.6275453535727509,single,eyeglasses,lr,4,0.5631247686042207,-0.011230408490682464,,
young,0.8102065988282454,0.8896083872957138,single,eyeglasses,lr,4,0.8066604995374653,0.0035460992907800915,,
5_o_clock_shadow,0.521551724137931,0.570941091954023,single,eyeglasses,lr,5,0.5193965517241379,0.0021551724137931494,,
arched_eyebrows,0.564988774666194,0.597778565520501,single,eyeglasses,lr,5,0.5626846272007562,0.0023041474654378336,,
attractive,0.5037742504409171,0.571358024691358,single,eyeglasses,lr,5,0.5037742504409171,0.0,,
bags_under_eyes,0.4812064539787312,0.4353685368536854,single,eyeglasses,lr,5,0.49972497249724973,-0.018518518518518545,,
bald,0.7916786226685797,0.884361549497848,single,eyeglasses,lr,5,0.7916786226685797,0.0,,
bangs,0.7933110367892977,0.8764214046822743,single,eyeglasses,lr,5,0.7911371237458193,0.0021739130434783593,,
big_lips,0.4958099181701666,0.4807256235827665,single,eyeglasses,lr,5,0.49339445923296854,0.0024154589371980784,,
big_nose,0.6022408963585434,0.6030048382989559,single,eyeglasses,lr,5,0.6038961038961039,-0.0016552075375605435,,
black_hair,0.7624356775300172,0.8727487135506002,single,eyeglasses,lr,5,0.7624356775300172,0.0,,
blond_hair,0.8239108409321175,0.9177304964539007,single,eyeglasses,lr,5,0.8239108409321175,0.0,,
blurry,0.694672131147541,0.7506830601092895,single,eyeglasses,lr,5,0.6905737704918034,0.004098360655737654,,
brown_hair,0.670947139557005,0.817774154097024,single,eyeglasses,lr,5,0.6731892920233727,-0.0022421524663677195,,
bushy_eyebrows,0.5688311688311689,0.6074458874458875,single,eyeglasses,lr,5,0.5666666666666667,0.0021645021645022577,,
chubby,0.5780542986425339,0.6792043740573152,single,eyeglasses,lr,5,0.5684389140271493,0.009615384615384581,,
double_chin,0.5791995787256451,0.6636124275934703,single,eyeglasses,lr,5,0.5791995787256451,0.0,,
eyeglasses,0.89453125,0.95660400390625,single,eyeglasses,lr,5,0.890625,0.00390625,,
goatee,0.6841105878778673,0.7763937414552636,single,eyeglasses,lr,5,0.6863132310496735,-0.0022026431718061845,,
gray_hair,0.814978354978355,0.8851948051948052,single,eyeglasses,lr,5,0.8106493506493506,0.0043290043290044045,,
heavy_makeup,0.5371681415929204,0.544542772861357,single,eyeglasses,lr,5,0.5327433628318584,0.004424778761061954,,
high_cheekbones,0.4813122660067263,0.3789580557141951,single,eyeglasses,lr,5,0.47804429215051714,0.0032679738562091387,,
male,0.9733727810650887,0.967353601305856,single,eyeglasses,lr,5,0.9733727810650887,0.0,,
mouth_slightly_open,0.5323891625615763,0.5612684729064039,single,eyeglasses,lr,5,0.5359605911330049,-0.0035714285714285587,,
mustache,0.7235634958957026,0.834379526798648,single,eyeglasses,lr,5,0.7235634958957026,0.0,,
narrow_eyes,0.5625,0.5473790322580645,single,eyeglasses,lr,5,0.5625,0.0,,
no_beard,0.5822666367243057,0.5453252488958754,single,eyeglasses,lr,5,0.5822666367243057,0.0,,
oval_face,0.48116504854368936,0.42825242718446604,single,eyeglasses,lr,5,0.48116504854368936,0.0,,
pale_skin,0.5313969571230982,0.6793914246196404,single,eyeglasses,lr,5,0.5313969571230982,0.0,,
pointy_nose,0.44328593996840443,0.5146919431279621,single,eyeglasses,lr,5,0.4527646129541864,-0.009478672985781977,,
receding_hairline,0.5450549450549451,0.5709114414996768,single,eyeglasses,lr,5,0.540530058177117,0.004524886877828149,,
rosy_cheeks,0.6085365853658536,0.7097560975609757,single,eyeglasses,lr,5,0.6085365853658536,0.0,,
sideburns,0.6825602968460112,0.7888682745825603,single,eyeglasses,lr,5,0.6846011131725418,-0.0020408163265306367,,
smiling,0.8492500765228037,0.9546985001530456,single,eyeglasses,lr,5,0.8533823079277625,-0.004132231404958775,,
straight_hair,0.6159067882472138,0.60790273556231,single,eyeglasses,lr,5,0.6095238095238096,0.006382978723404209,,
wavy_hair,0.5412589262099974,0.5825619324693643,single,eyeglasses,lr,5,0.5412589262099974,0.0,,
wearing_earrings,0.6801029159519726,0.7221269296740994,single,eyeglasses,lr,5,0.6824614065180103,-0.002358490566037763,,
wearing_hat,0.9046066041581737,0.9308329936132627,single,eyeglasses,lr,5,0.9046066041581737,0.0,,
wearing_lipstick,0.42708333333333337,0.385498046875,single,eyeglasses,lr,5,0.421875,0.00520833333333337,,
wearing_necklace,0.5070354196991752,0.5266052078279153,single,eyeglasses,lr,5,0.5299207504447678,-0.022885330745592625,,
wearing_necktie,0.5541774651363692,0.6301369863013699,single,eyeglasses,lr,5,0.5631247686042207,-0.008947303467851442,,
young,0.8137526981190256,0.8897934011717545,single,eyeglasses,lr,5,0.8066604995374653,0.007092198581560294,,
5_o_clock_shadow,0.5007183908045977,0.5691451149425287,single,eyeglasses,lr,6,0.5193965517241379,-0.01867816091954022,,
arched_eyebrows,0.5521682618456811,0.5929339477726574,single,eyeglasses,lr,6,0.5626846272007562,-0.010516365355075052,,
attractive,0.5037742504409171,0.571005291005291,single,eyeglasses,lr,6,0.5037742504409171,0.0,,
bags_under_eyes,0.48615694902823614,0.4356435643564356,single,eyeglasses,lr,6,0.49972497249724973,-0.01356802346901359,,
bald,0.7916786226685797,0.883452893352463,single,eyeglasses,lr,6,0.7916786226685797,0.0,,
bangs,0.7911371237458193,0.8765886287625417,single,eyeglasses,lr,6,0.7911371237458193,0.0,,
big_lips,0.49339445923296854,0.4795425416543429,single,eyeglasses,lr,6,0.49339445923296854,0.0,,
big_nose,0.5989941431117901,0.603641456582633,single,eyeglasses,lr,6,0.6038961038961039,-0.004901960784313819,,
black_hair,0.7624356775300172,0.8729631217838765,single,eyeglasses,lr,6,0.7624356775300172,0.0,,
blond_hair,0.8260385005065856,0.916919959473151,single,eyeglasses,lr,6,0.8239108409321175,0.0021276595744680327,,
blurry,0.7383879781420766,0.75,single,eyeglasses,lr,6,0.6905737704918034,0.04781420765027322,,
brown_hair,0.670947139557005,0.813153961136024,single,eyeglasses,lr,6,0.6731892920233727,-0.0022421524663677195,,
bushy_eyebrows,0.5688311688311689,0.6062337662337662,single,eyeglasses,lr,6,0.5666666666666667,0.0021645021645022577,,
chubby,0.5684389140271493,0.6770361990950227,single,eyeglasses,lr,6,0.5684389140271493,0.0,,
double_chin,0.5593470247498684,0.6615060558188519,single,eyeglasses,lr,6,0.5791995787256451,-0.019852553975776677,,
eyeglasses,0.8984375,0.95745849609375,single,eyeglasses,lr,6,0.890625,0.0078125,,
goatee,0.6907185173932857,0.777608992860398,single,eyeglasses,lr,6,0.6863132310496735,0.004405286343612258,,
gray_hair,0.814978354978355,0.8838095238095238,single,eyeglasses,lr,6,0.8106493506493506,0.0043290043290044045,,
heavy_makeup,0.5227138643067847,0.5471976401179941,single,eyeglasses,lr,6,0.5327433628318584,-0.010029498525073732,,
high_cheekbones,0.47804429215051714,0.37902151151722824,single,eyeglasses,lr,6,0.47804429215051714,0.0,,
male,0.9733727810650887,0.9671495613140175,single,eyeglasses,lr,6,0.9733727810650887,0.0,,
mouth_slightly_open,0.5288177339901478,0.5625615763546797,single,eyeglasses,lr,6,0.5359605911330049,-0.0071428571428571175,,
mustache,0.725857073877354,0.8335345243843554,single,eyeglasses,lr,6,0.7235634958957026,0.002293577981651418,,
narrow_eyes,0.560483870967742,0.5584677419354838,single,eyeglasses,lr,6,0.5625,-0.002016129032258007,,
no_beard,0.5754173216558126,0.5449509693839358,single,eyeglasses,lr,6,0.5822666367243057,-0.006849315068493067,,
oval_face,0.4738834951456311,0.4298058252427185,single,eyeglasses,lr,6,0.48116504854368936,-0.007281553398058249,,
pale_skin,0.5293222683264177,0.681881051175657,single,eyeglasses,lr,6,0.5313969571230982,-0.0020746887966804906,,
pointy_nose,0.43454449710373877,0.5114270668773039,single,eyeglasses,lr,6,0.4527646129541864,-0.018220115850447638,,
receding_hairline,0.5450549450549451,0.5696186166774402,single,eyeglasses,lr,6,0.540530058177117,0.004524886877828149,,
rosy_cheeks,0.6065040650406504,0.7060975609756097,single,eyeglasses,lr,6,0.6085365853658536,-0.002032520325203291,,
sideburns,0.6948051948051948,0.7903525046382189,single,eyeglasses,lr,6,0.6846011131725418,0.010204081632652962,,
smiling,0.8492500765228037,0.9542699724517907,single,eyeglasses,lr,6,0.8533823079277625,-0.004132231404958775,,
straight_hair,0.6159067882472138,0.6113475177304963,single,eyeglasses,lr,6,0.6095238095238096,0.006382978723404209,,
wavy_hair,0.538746363395927,0.5798289694084457,single,eyeglasses,lr,6,0.5412589262099974,-0.002512562814070418,,
wearing_earrings,0.6895368782161235,0.7220197255574614,single,eyeglasses,lr,6,0.6824614065180103,0.007075471698113178,,
wearing_hat,0.9046066041581737,0.9308329936132627,single,eyeglasses,lr,6,0.9046066041581737,0.0,,
wearing_lipstick,0.43489583333333337,0.387939453125,single,eyeglasses,lr,6,0.421875,0.01302083333333337,,
wearing_necklace,0.5070354196991752,0.5296781497654859,single,eyeglasses,lr,6,0.5299207504447678,-0.022885330745592625,,
wearing_necktie,0.5633098852276934,0.6335924966061953,single,eyeglasses,lr,6,0.5631247686042207,0.0001851166234727586,,
young,0.815695343817453,0.8897317298797409,single,eyeglasses,lr,6,0.8066604995374653,0.009034844279987686,,
5_o_clock_shadow,0.521551724137931,0.5714798850574713,single,eyeglasses,lr,7,0.5193965517241379,0.0021551724137931494,,
arched_eyebrows,0.5521682618456811,0.5954153373508213,single,eyeglasses,lr,7,0.5626846272007562,-0.010516365355075052,,
attractive,0.50663139329806,0.572063492063492,single,eyeglasses,lr,7,0.5037742504409171,0.0028571428571428914,,
bags_under_eyes,0.47194719471947194,0.4338100476714338,single,eyeglasses,lr,7,0.49972497249724973,-0.02777777777777779,,
bald,0.7916786226685797,0.8839789574366331,single,eyeglasses,lr,7,0.7916786226685797,0.0,,
bangs,0.7911371237458193,0.8760869565217391,single,eyeglasses,lr,7,0.7911371237458193,0.0,,
big_lips,0.49097900029577046,0.4801340826185547,single,eyeglasses,lr,7,0.49339445923296854,-0.0024154589371980784,,
big_nose,0.5908454290807232,0.604532722179781,single,eyeglasses,lr,7,0.6038961038961039,-0.013050674815380692,,
black_hair,0.7600771869639794,0.8754288164665524,single,eyeglasses,lr,7,0.7624356775300172,-0.002358490566037763,,
blond_hair,0.8281661600810537,0.9171225937183385,single,eyeglasses,lr,7,0.8239108409321175,0.004255319148936176,,
blurry,0.6967213114754098,0.7500000000000001,single,eyeglasses,lr,7,0.6905737704918034,0.006147540983606481,,
brown_hair,0.670947139557005,0.8161434977578476,single,eyeglasses,lr,7,0.6731892920233727,-0.0022421524663677195,,
bushy_eyebrows,0.5688311688311689,0.609004329004329,single,eyeglasses,lr,7,0.5666666666666667,0.0021645021645022577,,
chubby,0.5684389140271493,0.6792986425339367,single,eyeglasses,lr,7,0.5684389140271493,0.0,,
double_chin,0.5768299104791996,0.6627698788836229,single,eyeglasses,lr,7,0.5791995787256451,-0.0023696682464454666,,
eyeglasses,0.8984375,0.95758056640625,single,eyeglasses,lr,7,0.890625,0.0078125,,
goatee,0.6907185173932857,0.7754823029014127,single,eyeglasses,lr,7,0.6863132310496735,0.004405286343612258,,
gray_hair,0.8128138528138529,0.8867532467532467,single,eyeglasses,lr,7,0.8106493506493506,0.0021645021645022577,,
heavy_makeup,0.5349557522123893,0.5476401179941004,single,eyeglasses,lr,7,0.5327433628318584,0.0022123893805309214,,
high_cheekbones,0.4813122660067263,0.3790215115172283,single,eyeglasses,lr,7,0.47804429215051714,0.0032679738562091387,,
male,0.9733727810650887,0.9664014146772767,single,eyeglasses,lr,7,0.9733727810650887,0.0,,
mouth_slightly_open,0.5359605911330049,0.562192118226601,single,eyeglasses,lr,7,0.5359605911330049,0.0,,
mustache,0.725857073877354,0.8329309512312892,single,eyeglasses,lr,7,0.7235634958957026,0.002293577981651418,,
narrow_eyes,0.5625,0.544858870967742,single,eyeglasses,lr,7,0.5625,0.0,,
no_beard,0.5822666367243057,0.5432292836290141,single,eyeglasses,lr,7,0.5822666367243057,0.0,,
oval_face,0.4763106796116505,0.42932038834951464,single,eyeglasses,lr,7,0.48116504854368936,-0.004854368932038833,,
pale_skin,0.5293222683264177,0.6885200553250346,single,eyeglasses,lr,7,0.5313969571230982,-0.0020746887966804906,,
pointy_nose,0.43454449710373877,0.5133228014744603,single,eyeglasses,lr,7,0.4527646129541864,-0.018220115850447638,,
receding_hairline,0.5307692307692308,0.5712992889463477,single,eyeglasses,lr,7,0.540530058177117,-0.009760827407886197,,
rosy_cheeks,0.6085365853658536,0.7121951219512196,single,eyeglasses,lr,7,0.6085365853658536,0.0,,
sideburns,0.6907235621521336,0.7866419294990724,single,eyeglasses,lr,7,0.6846011131725418,0.006122448979591799,,
smiling,0.8533823079277625,0.9546985001530456,single,eyeglasses,lr,7,0.8533823079277625,0.0,,
straight_hair,0.6137791286727456,0.6093211752786221,single,eyeglasses,lr,7,0.6095238095238096,0.004255319148936065,,
wavy_hair,0.5362338005818567,0.5815921713832319,single,eyeglasses,lr,7,0.5412589262099974,-0.005025125628140725,,
wearing_earrings,0.684819897084048,0.7236277873070326,single,eyeglasses,lr,7,0.6824614065180103,0.002358490566037652,,
wearing_hat,0.9046066041581737,0.9302894415002038,single,eyeglasses,lr,7,0.9046066041581737,0.0,,
wearing_lipstick,0.44010416666666663,0.39021809895833337,single,eyeglasses,lr,7,0.421875,0.01822916666666663,,
wearing_necklace,0.5092188258127123,0.5269286754002911,single,eyeglasses,lr,7,0.5299207504447678,-0.020701924632055557,,
wearing_necktie,0.5610267802048624,0.632111563618413,single,eyeglasses,lr,7,0.5631247686042207,-0.0020979883993582638,,
young,0.8066604995374653,0.8899784150477952,single,eyeglasses,lr,7,0.8066604995374653,0.0,,
5_o_clock_shadow,0.5258620689655172,0.5714798850574713,single,eyeglasses,lr,8,0.5193965517241379,0.006465517241379337,,
arched_eyebrows,0.5626846272007562,0.5918704950963015,single,eyeglasses,lr,8,0.5626846272007562,0.0,,
attractive,0.50663139329806,0.5687477954144621,single,eyeglasses,lr,8,0.5037742504409171,0.0028571428571428914,,
bags_under_eyes,0.4651631829849652,0.43078474514118076,single,eyeglasses,lr,8,0.49972497249724973,-0.03456178951228456,,
bald,0.8014825442372071,0.8827355332376854,single,eyeglasses,lr,8,0.7916786226685797,0.009803921568627416,,
bangs,0.7911371237458193,0.8762541806020067,single,eyeglasses,lr,8,0.7911371237458193,0.0,,
big_lips,0.49097900029577046,0.4824016563146998,single,eyeglasses,lr,8,0.49339445923296854,-0.0024154589371980784,,
big_nose,0.595747389865037,0.6040234275528392,single,eyeglasses,lr,8,0.6038961038961039,-0.008148714031066984,,
black_hair,0.7624356775300172,0.8761792452830188,single,eyeglasses,lr,8,0.7624356775300172,0.0,,
blond_hair,0.8281661600810537,0.9171225937183384,single,eyeglasses,lr,8,0.8239108409321175,0.004255319148936176,,
blurry,0.7342896174863388,0.7561475409836065,single,eyeglasses,lr,8,0.6905737704918034,0.04371584699453546,,
brown_hair,0.670947139557005,0.8166870498709063,single,eyeglasses,lr,8,0.6731892920233727,-0.0022421524663677195,,
bushy_eyebrows,0.5623376623376624,0.6107359307359307,single,eyeglasses,lr,8,0.5666666666666667,-0.0043290043290042934,,
chubby,0.5684389140271493,0.6776018099547512,single,eyeglasses,lr,8,0.5684389140271493,0.0,,
double_chin,0.5704581358609795,0.6648762506582412,single,eyeglasses,lr,8,0.5791995787256451,-0.008741442864665605,,
eyeglasses,0.8984375,0.95770263671875,single,eyeglasses,lr,8,0.890625,0.0078125,,
goatee,0.6907185173932857,0.7738113322193529,single,eyeglasses,lr,8,0.6863132310496735,0.004405286343612258,,
gray_hair,0.8171428571428572,0.8850216450216449,single,eyeglasses,lr,8,0.8106493506493506,0.006493506493506551,,
heavy_makeup,0.5349557522123893,0.5504424778761061,single,eyeglasses,lr,8,0.5327433628318584,0.0022123893805309214,,
high_cheekbones,0.4813122660067263,0.37756202804746497,single,eyeglasses,lr,8,0.47804429215051714,0.0032679738562091387,,
male,0.9733727810650887,0.9668775079915662,single,eyeglasses,lr,8,0.9733727810650887,0.0,,
mouth_slightly_open,0.5402709359605912,0.5622536945812808,single,eyeglasses,lr,8,0.5359605911330049,0.004310344827586299,,
mustache,0.7281506518590053,0.8358281023660068,single,eyeglasses,lr,8,0.7235634958957026,0.004587155963302725,,
narrow_eyes,0.5625,0.5569556451612904,single,eyeglasses,lr,8,0.5625,0.0,,
no_beard,0.5754173216558126,0.5436784190433416,single,eyeglasses,lr,8,0.5822666367243057,-0.006849315068493067,,
oval_face,0.4738834951456311,0.4298058252427185,single,eyeglasses,lr,8,0.48116504854368936,-0.007281553398058249,,
pale_skin,0.5293222683264177,0.69432918395574,single,eyeglasses,lr,8,0.5313969571230982,-0.0020746887966804906,,
pointy_nose,0.4321748288572933,0.5114270668773039,single,eyeglasses,lr,8,0.4527646129541864,-0.020589784096893105,,
receding_hairline,0.5307692307692308,0.5710407239819004,single,eyeglasses,lr,8,0.540530058177117,-0.009760827407886197,,
rosy_cheeks,0.6065040650406504,0.7170731707317074,single,eyeglasses,lr,8,0.6085365853658536,-0.002032520325203291,,
sideburns,0.698886827458256,0.7910946196660482,single,eyeglasses,lr,8,0.6846011131725418,0.014285714285714235,,
smiling,0.8575145393327211,0.9551270278543005,single,eyeglasses,lr,8,0.8533823079277625,0.004132231404958664,,
straight_hair,0.6159067882472138,0.6107396149949341,single,eyeglasses,lr,8,0.6095238095238096,0.006382978723404209,,
wavy_hair,0.538746363395927,0.5812395309882746,single,eyeglasses,lr,8,0.5412589262099974,-0.002512562814070418,,
wearing_earrings,0.6871783876500858,0.7215909090909091,single,eyeglasses,lr,8,0.6824614065180103,0.004716981132075415,,
wearing_hat,0.9046066041581737,0.9308329936132625,single,eyeglasses,lr,8,0.9046066041581737,0.0,,
wearing_lipstick,0.43229166666666663,0.391357421875,single,eyeglasses,lr,8,0.421875,0.01041666666666663,,
wearing_necklace,0.5092188258127123,0.529839883551674,single,eyeglasses,lr,8,0.5299207504447678,-0.020701924632055557,,
wearing_necktie,0.5633098852276934,0.6284092311489571,single,eyeglasses,lr,8,0.5631247686042207,0.0001851166234727586,,
young,0.824390995991366,0.8909034844279988,single,eyeglasses,lr,8,0.8066604995374653,0.01773049645390068,,
5_o_clock_shadow,0.5301724137931034,0.5714798850574713,single,eyeglasses,lr,9,0.5193965517241379,0.010775862068965525,,
arched_eyebrows,0.5521682618456811,0.5925794635472055,single,eyeglasses,lr,9,0.5626846272007562,-0.010516365355075052,,
attractive,0.50663139329806,0.5693827160493827,single,eyeglasses,lr,9,0.5037742504409171,0.0028571428571428914,,
bags_under_eyes,0.48368170150348366,0.43225155848918223,single,eyeglasses,lr,9,0.49972497249724973,-0.016043270993766068,,
bald,0.8014825442372071,0.8842659014825441,single,eyeglasses,lr,9,0.7916786226685797,0.009803921568627416,,
bangs,0.7867892976588629,0.8745819397993311,single,eyeglasses,lr,9,0.7911371237458193,-0.004347826086956497,,
big_lips,0.4885635413585724,0.48023267277925663,single,eyeglasses,lr,9,0.49339445923296854,-0.004830917874396157,,
big_nose,0.6006493506493507,0.6037687802393684,single,eyeglasses,lr,9,0.6038961038961039,-0.0032467532467532756,,
black_hair,0.7624356775300172,0.8753216123499142,single,eyeglasses,lr,9,0.7624356775300172,0.0,,
blond_hair,0.8260385005065856,0.9181357649442756,single,eyeglasses,lr,9,0.8239108409321175,0.0021276595744680327,,
blurry,0.7363387978142077,0.7592213114754098,single,eyeglasses,lr,9,0.6905737704918034,0.045765027322404395,,
brown_hair,0.670947139557005,0.8215790188884359,single,eyeglasses,lr,9,0.6731892920233727,-0.0022421524663677195,,
bushy_eyebrows,0.5666666666666667,0.6062337662337662,single,eyeglasses,lr,9,0.5666666666666667,0.0,,
chubby,0.5684389140271493,0.6781674208144797,single,eyeglasses,lr,9,0.5684389140271493,0.0,,
double_chin,0.583938915218536,0.663928383359663,single,eyeglasses,lr,9,0.5791995787256451,0.004739336492890933,,
eyeglasses,0.90234375,0.95623779296875,single,eyeglasses,lr,9,0.890625,0.01171875,,
goatee,0.6907185173932857,0.7722922679629348,single,eyeglasses,lr,9,0.6863132310496735,0.004405286343612258,,
gray_hair,0.814978354978355,0.8846753246753246,single,eyeglasses,lr,9,0.8106493506493506,0.0043290043290044045,,
heavy_makeup,0.5327433628318584,0.548967551622419,single,eyeglasses,lr,9,0.5327433628318584,0.0,,
high_cheekbones,0.4813122660067263,0.37743511644139854,single,eyeglasses,lr,9,0.47804429215051714,0.0032679738562091387,,
male,0.9733727810650887,0.9668094946609535,single,eyeglasses,lr,9,0.9733727810650887,0.0,,
mouth_slightly_open,0.5245073891625616,0.5629310344827586,single,eyeglasses,lr,9,0.5359605911330049,-0.011453201970443305,,
mustache,0.7281506518590053,0.8366731047802994,single,eyeglasses,lr,9,0.7235634958957026,0.004587155963302725,,
narrow_eyes,0.5685483870967742,0.5554435483870968,single,eyeglasses,lr,9,0.5625,0.006048387096774244,,
no_beard,0.5822666367243057,0.5432292836290141,single,eyeglasses,lr,9,0.5822666367243057,0.0,,
oval_face,0.4763106796116505,0.4248543689320389,single,eyeglasses,lr,9,0.48116504854368936,-0.004854368932038833,,
pale_skin,0.5313969571230982,0.6849239280774551,single,eyeglasses,lr,9,0.5313969571230982,0.0,,
pointy_nose,0.4503949447077409,0.5164823591363876,single,eyeglasses,lr,9,0.4527646129541864,-0.002369668246445522,,
receding_hairline,0.5450549450549451,0.5718164188752424,single,eyeglasses,lr,9,0.540530058177117,0.004524886877828149,,
rosy_cheeks,0.6085365853658536,0.708130081300813,single,eyeglasses,lr,9,0.6085365853658536,0.0,,
sideburns,0.6907235621521336,0.789239332096475,single,eyeglasses,lr,9,0.6846011131725418,0.006122448979591799,,
smiling,0.8455463728191002,0.9548209366391185,single,eyeglasses,lr,9,0.8533823079277625,-0.007835935108662317,,
straight_hair,0.6116514690982776,0.606484295845998,single,eyeglasses,lr,9,0.6095238095238096,0.0021276595744680327,,
wavy_hair,0.5412589262099974,0.5793000088160098,single,eyeglasses,lr,9,0.5412589262099974,0.0,,
wearing_earrings,0.684819897084048,0.7163379073756433,single,eyeglasses,lr,9,0.6824614065180103,0.002358490566037652,,
wearing_hat,0.9046066041581737,0.9308329936132627,single,eyeglasses,lr,9,0.9046066041581737,0.0,,
wearing_lipstick,0.43489583333333337,0.390380859375,single,eyeglasses,lr,9,0.421875,0.01302083333333337,,
wearing_necklace,0.5114022319262495,0.5303250849102378,single,eyeglasses,lr,9,0.5299207504447678,-0.01851851851851838,,
wearing_necktie,0.5564605701592003,0.6175490559052204,single,eyeglasses,lr,9,0.5631247686042207,-0.0066641984450204195,,
young,0.8208448967005859,0.8902251002158494,single,eyeglasses,lr,9,0.8066604995374653,0.014184397163120588,,
5_o_clock_shadow,0.521551724137931,0.5704022988505748,single,eyeglasses,lr,10,0.5193965517241379,0.0021551724137931494,,
arched_eyebrows,0.5498641143802434,0.5949426917168853,single,eyeglasses,lr,10,0.5626846272007562,-0.012820512820512775,,
attractive,0.50663139329806,0.5718518518518518,single,eyeglasses,lr,10,0.5037742504409171,0.0028571428571428914,,
bags_under_eyes,0.47194719471947194,0.42995966263292995,single,eyeglasses,lr,10,0.49972497249724973,-0.02777777777777779,,
bald,0.8014825442372071,0.8843615494978478,single,eyeglasses,lr,10,0.7916786226685797,0.009803921568627416,,
bangs,0.7911371237458193,0.8750836120401337,single,eyeglasses,lr,10,0.7911371237458193,0.0,,
big_lips,0.49097900029577046,0.47845804988662133,single,eyeglasses,lr,10,0.49339445923296854,-0.0024154589371980784,,
big_nose,0.6087980646804176,0.6026228673287497,single,eyeglasses,lr,10,0.6038961038961039,0.004901960784313708,,
black_hair,0.7647941680960548,0.8757504288164666,single,eyeglasses,lr,10,0.7624356775300172,0.002358490566037652,,
blond_hair,0.8260385005065856,0.918338399189463,single,eyeglasses,lr,10,0.8239108409321175,0.0021276595744680327,,
blurry,0.7342896174863388,0.7537568306010929,single,eyeglasses,lr,10,0.6905737704918034,0.04371584699453546,,
brown_hair,0.670947139557005,0.8177741540970241,single,eyeglasses,lr,10,0.6731892920233727,-0.0022421524663677195,,
bushy_eyebrows,0.5645021645021645,0.6064069264069264,single,eyeglasses,lr,10,0.5666666666666667,-0.0021645021645021467,,
chubby,0.5684389140271493,0.6797699849170438,single,eyeglasses,lr,10,0.5684389140271493,0.0,,
double_chin,0.5815692469720906,0.6619273301737757,single,eyeglasses,lr,10,0.5791995787256451,0.0023696682464454666,,
eyeglasses,0.89453125,0.95587158203125,single,eyeglasses,lr,10,0.890625,0.00390625,,
goatee,0.6885158742214795,0.7738113322193529,single,eyeglasses,lr,10,0.6863132310496735,0.0022026431718060735,,
gray_hair,0.8106493506493506,0.8851948051948052,single,eyeglasses,lr,10,0.8106493506493506,0.0,,
heavy_makeup,0.5327433628318584,0.546165191740413,single,eyeglasses,lr,10,0.5327433628318584,0.0,,
high_cheekbones,0.4813122660067263,0.3774351164413986,single,eyeglasses,lr,10,0.47804429215051714,0.0032679738562091387,,
male,0.9733727810650887,0.9666054546691151,single,eyeglasses,lr,10,0.9733727810650887,0.0,,
mouth_slightly_open,0.5366995073891626,0.5624384236453202,single,eyeglasses,lr,10,0.5359605911330049,0.00073891625615774,,
mustache,0.7235634958957026,0.8352245292129405,single,eyeglasses,lr,10,0.7235634958957026,0.0,,
narrow_eyes,0.564516129032258,0.5483870967741936,single,eyeglasses,lr,10,0.5625,0.002016129032258007,,
no_beard,0.5822666367243057,0.5427052923122988,single,eyeglasses,lr,10,0.5822666367243057,0.0,,
oval_face,0.47873786407766994,0.4240776699029126,single,eyeglasses,lr,10,0.48116504854368936,-0.0024271844660194164,,
pale_skin,0.5313969571230982,0.6771784232365146,single,eyeglasses,lr,10,0.5313969571230982,0.0,,
pointy_nose,0.4456556082148499,0.5123749341758821,single,eyeglasses,lr,10,0.4527646129541864,-0.007109004739336511,,
receding_hairline,0.5450549450549451,0.5732385261797026,single,eyeglasses,lr,10,0.540530058177117,0.004524886877828149,,
rosy_cheeks,0.6105691056910569,0.709349593495935,single,eyeglasses,lr,10,0.6085365853658536,0.002032520325203291,,
sideburns,0.6886827458256031,0.787012987012987,single,eyeglasses,lr,10,0.6846011131725418,0.004081632653061273,,
smiling,0.8533823079277625,0.9550045913682277,single,eyeglasses,lr,10,0.8533823079277625,0.0,,
straight_hair,0.6137791286727456,0.6038500506585612,single,eyeglasses,lr,10,0.6095238095238096,0.004255319148936065,,
wavy_hair,0.538746363395927,0.5815921713832319,single,eyeglasses,lr,10,0.5412589262099974,-0.002512562814070418,,
wearing_earrings,0.6710977701543739,0.7189108061749572,single,eyeglasses,lr,10,0.6824614065180103,-0.011363636363636465,,
wearing_hat,0.9046066041581737,0.9305612175567333,single,eyeglasses,lr,10,0.9046066041581737,0.0,,
wearing_lipstick,0.43229166666666663,0.38997395833333337,single,eyeglasses,lr,10,0.421875,0.01041666666666663,,
wearing_necklace,0.532104156558305,0.5285460132621704,single,eyeglasses,lr,10,0.5299207504447678,0.0021834061135371785,,
wearing_necktie,0.5564605701592003,0.6218684437862521,single,eyeglasses,lr,10,0.5631247686042207,-0.0066641984450204195,,
young,0.8102065988282454,0.8890533456675918,single,eyeglasses,lr,10,0.8066604995374653,0.0035460992907800915,,
5_o_clock_shadow,0.5172413793103448,0.5720186781609196,single,eyeglasses,lr,11,0.5193965517241379,-0.0021551724137931494,,
arched_eyebrows,0.564988774666194,0.5963606286186932,single,eyeglasses,lr,11,0.5626846272007562,0.0023041474654378336,,
attractive,0.50663139329806,0.572063492063492,single,eyeglasses,lr,11,0.5037742504409171,0.0028571428571428914,,
bags_under_eyes,0.4904657132379905,0.433076640997433,single,eyeglasses,lr,11,0.49972497249724973,-0.009259259259259245,,
bald,0.7916786226685797,0.8851267336202775,single,eyeglasses,lr,11,0.7916786226685797,0.0,,
bangs,0.7911371237458193,0.8755852842809364,single,eyeglasses,lr,11,0.7911371237458193,0.0,,
big_lips,0.49339445923296854,0.47855664004732323,single,eyeglasses,lr,11,0.49339445923296854,0.0,,
big_nose,0.6038961038961039,0.6032594856124268,single,eyeglasses,lr,11,0.6038961038961039,0.0,,
black_hair,0.7761578044596913,0.8758576329331047,single,eyeglasses,lr,11,0.7624356775300172,0.013722126929674117,,
blond_hair,0.8239108409321175,0.9179331306990882,single,eyeglasses,lr,11,0.8239108409321175,0.0,,
blurry,0.7363387978142077,0.7592213114754098,single,eyeglasses,lr,11,0.6905737704918034,0.045765027322404395,,
brown_hair,0.670947139557005,0.8198124745209947,single,eyeglasses,lr,11,0.6731892920233727,-0.0022421524663677195,,
bushy_eyebrows,0.5666666666666667,0.6062337662337662,single,eyeglasses,lr,11,0.5666666666666667,0.0,,
chubby,0.5684389140271493,0.6793929110105581,single,eyeglasses,lr,11,0.5684389140271493,0.0,,
double_chin,0.5791995787256451,0.6626645602948921,single,eyeglasses,lr,11,0.5791995787256451,0.0,,
eyeglasses,0.89453125,0.95587158203125,single,eyeglasses,lr,11,0.890625,0.00390625,,
goatee,0.6885158742214795,0.7738113322193528,single,eyeglasses,lr,11,0.6863132310496735,0.0022026431718060735,,
gray_hair,0.8084848484848486,0.8846753246753246,single,eyeglasses,lr,11,0.8106493506493506,-0.0021645021645020357,,
heavy_makeup,0.5327433628318584,0.5451327433628319,single,eyeglasses,lr,11,0.5327433628318584,0.0,,
high_cheekbones,0.4813122660067263,0.37826004188083,single,eyeglasses,lr,11,0.47804429215051714,0.0032679738562091387,,
male,0.9733727810650887,0.9664694280078896,single,eyeglasses,lr,11,0.9733727810650887,0.0,,
mouth_slightly_open,0.5323891625615763,0.5601600985221675,single,eyeglasses,lr,11,0.5359605911330049,-0.0035714285714285587,,
mustache,0.7235634958957026,0.8334138097537421,single,eyeglasses,lr,11,0.7235634958957026,0.0,,
narrow_eyes,0.5625,0.547883064516129,single,eyeglasses,lr,11,0.5625,0.0,,
no_beard,0.5822666367243057,0.5424807246051352,single,eyeglasses,lr,11,0.5822666367243057,0.0,,
oval_face,0.48116504854368936,0.4253398058252427,single,eyeglasses,lr,11,0.48116504854368936,0.0,,
pale_skin,0.5313969571230982,0.6769017980636238,single,eyeglasses,lr,11,0.5313969571230982,0.0,,
pointy_nose,0.4527646129541864,0.5153238546603477,single,eyeglasses,lr,11,0.4527646129541864,0.0,,
receding_hairline,0.5473173884938591,0.571945701357466,single,eyeglasses,lr,11,0.540530058177117,0.006787330316742168,,
rosy_cheeks,0.6105691056910569,0.7048780487804879,single,eyeglasses,lr,11,0.6085365853658536,0.002032520325203291,,
sideburns,0.6886827458256031,0.7851576994434136,single,eyeglasses,lr,11,0.6846011131725418,0.004081632653061273,,
smiling,0.8496786042240587,0.9552494643403735,single,eyeglasses,lr,11,0.8533823079277625,-0.0037037037037037646,,
straight_hair,0.6137791286727456,0.6034447821681864,single,eyeglasses,lr,11,0.6095238095238096,0.004255319148936065,,
wavy_hair,0.538746363395927,0.5838843339504539,single,eyeglasses,lr,11,0.5412589262099974,-0.002512562814070418,,
wearing_earrings,0.6824614065180103,0.7193396226415094,single,eyeglasses,lr,11,0.6824614065180103,0.0,,
wearing_hat,0.9046066041581737,0.9306971055849981,single,eyeglasses,lr,11,0.9046066041581737,0.0,,
wearing_lipstick,0.4375,0.390380859375,single,eyeglasses,lr,11,0.421875,0.015625,,
wearing_necklace,0.5342875626718422,0.5262817402555393,single,eyeglasses,lr,11,0.5299207504447678,0.004366812227074357,,
wearing_necktie,0.5383808466000246,0.6254473651733926,single,eyeglasses,lr,11,0.5631247686042207,-0.02474392200419606,,
young,0.8066604995374653,0.8890533456675918,single,eyeglasses,lr,11,0.8066604995374653,0.0,,
5_o_clock_shadow,0.5172413793103448,0.5702227011494253,single,eyeglasses,lr,12,0.5193965517241379,-0.0021551724137931494,,
arched_eyebrows,0.564988774666194,0.5956516601677891,single,eyeglasses,lr,12,0.5626846272007562,0.0023041474654378336,,
attractive,0.5037742504409171,0.5711463844797178,single,eyeglasses,lr,12,0.5037742504409171,0.0,,
bags_under_eyes,0.4904657132379905,0.43188485515218183,single,eyeglasses,lr,12,0.49972497249724973,-0.009259259259259245,,
bald,0.7916786226685797,0.8848397895743664,single,eyeglasses,lr,12,0.7916786226685797,0.0,,
bangs,0.795484949832776,0.8760869565217392,single,eyeglasses,lr,12,0.7911371237458193,0.004347826086956608,,
big_lips,0.49339445923296854,0.4782608695652174,single,eyeglasses,lr,12,0.49339445923296854,0.0,,
big_nose,0.6038961038961039,0.6035777947542654,single,eyeglasses,lr,12,0.6038961038961039,0.0,,
black_hair,0.7647941680960548,0.8756432246998285,single,eyeglasses,lr,12,0.7624356775300172,0.002358490566037652,,
blond_hair,0.8239108409321175,0.9181357649442756,single,eyeglasses,lr,12,0.8239108409321175,0.0,,
blurry,0.6905737704918034,0.7585382513661202,single,eyeglasses,lr,12,0.6905737704918034,0.0,,
brown_hair,0.670947139557005,0.8202201386057889,single,eyeglasses,lr,12,0.6731892920233727,-0.0022421524663677195,,
bushy_eyebrows,0.5645021645021645,0.6062337662337662,single,eyeglasses,lr,12,0.5666666666666667,-0.0021645021645021467,,
chubby,0.5684389140271493,0.6797699849170438,single,eyeglasses,lr,12,0.5684389140271493,0.0,,
double_chin,0.5768299104791996,0.6632964718272775,single,eyeglasses,lr,12,0.5791995787256451,-0.0023696682464454666,,
eyeglasses,0.88671875,0.95599365234375,single,eyeglasses,lr,12,0.890625,-0.00390625,,
goatee,0.6863132310496735,0.7739632386449947,single,eyeglasses,lr,12,0.6863132310496735,0.0,,
gray_hair,0.8106493506493506,0.8831168831168831,single,eyeglasses,lr,12,0.8106493506493506,0.0,,
heavy_makeup,0.5349557522123893,0.5442477876106195,single,eyeglasses,lr,12,0.5327433628318584,0.0022123893805309214,,
high_cheekbones,0.4845802398629354,0.37857732089599594,single,eyeglasses,lr,12,0.47804429215051714,0.006535947712418277,,
male,0.9733727810650887,0.9666054546691151,single,eyeglasses,lr,12,0.9733727810650887,0.0,,
mouth_slightly_open,0.5366995073891626,0.5605295566502463,single,eyeglasses,lr,12,0.5359605911330049,0.00073891625615774,,
mustache,0.7235634958957026,0.8336552390149686,single,eyeglasses,lr,12,0.7235634958957026,0.0,,
narrow_eyes,0.5625,0.5428427419354839,single,eyeglasses,lr,12,0.5625,0.0,,
no_beard,0.5822666367243057,0.5428550041170747,single,eyeglasses,lr,12,0.5822666367243057,0.0,,
oval_face,0.48116504854368936,0.42475728155339804,single,eyeglasses,lr,12,0.48116504854368936,0.0,,
pale_skin,0.5313969571230982,0.678838174273859,single,eyeglasses,lr,12,0.5313969571230982,0.0,,
pointy_nose,0.4480252764612954,0.5138493944181148,single,eyeglasses,lr,12,0.4527646129541864,-0.004739336492890989,,
receding_hairline,0.5473173884938591,0.5736263736263736,single,eyeglasses,lr,12,0.540530058177117,0.006787330316742168,,
rosy_cheeks,0.6105691056910569,0.7065040650406503,single,eyeglasses,lr,12,0.6085365853658536,0.002032520325203291,,
sideburns,0.6886827458256031,0.7847866419294991,single,eyeglasses,lr,12,0.6846011131725418,0.004081632653061273,,
smiling,0.8492500765228037,0.9556167737985921,single,eyeglasses,lr,12,0.8533823079277625,-0.004132231404958775,,
straight_hair,0.6116514690982776,0.603242147922999,single,eyeglasses,lr,12,0.6095238095238096,0.0021276595744680327,,
wavy_hair,0.5412589262099974,0.5829145728643217,single,eyeglasses,lr,12,0.5412589262099974,0.0,,
wearing_earrings,0.6824614065180103,0.7218053173241853,single,eyeglasses,lr,12,0.6824614065180103,0.0,,
wearing_hat,0.9046066041581737,0.9308329936132627,single,eyeglasses,lr,12,0.9046066041581737,0.0,,
wearing_lipstick,0.43489583333333337,0.3895670572916667,single,eyeglasses,lr,12,0.421875,0.01302083333333337,,
wearing_necklace,0.5114022319262495,0.5262817402555393,single,eyeglasses,lr,12,0.5299207504447678,-0.01851851851851838,,
wearing_necktie,0.5518943601135382,0.6248303097618166,single,eyeglasses,lr,12,0.5631247686042207,-0.011230408490682464,,
young,0.8066604995374653,0.8895467160037003,single,eyeglasses,lr,12,0.8066604995374653,0.0,,
5_o_clock_shadow,0.5172413793103448,0.5682471264367817,single,eyeglasses,lr,13,0.5193965517241379,-0.0021551724137931494,,
arched_eyebrows,0.5521682618456811,0.5958879829847572,single,eyeglasses,lr,13,0.5626846272007562,-0.010516365355075052,,
attractive,0.5037742504409171,0.5701587301587301,single,eyeglasses,lr,13,0.5037742504409171,0.0,,
bags_under_eyes,0.4904657132379905,0.4308764209754309,single,eyeglasses,lr,13,0.49972497249724973,-0.009259259259259245,,
bald,0.7916786226685797,0.885222381635581,single,eyeglasses,lr,13,0.7916786226685797,0.0,,
bangs,0.7911371237458193,0.8759197324414716,single,eyeglasses,lr,13,0.7911371237458193,0.0,,
big_lips,0.49097900029577046,0.47796509908311147,single,eyeglasses,lr,13,0.49339445923296854,-0.0024154589371980784,,
big_nose,0.5974025974025974,0.6029411764705882,single,eyeglasses,lr,13,0.6038961038961039,-0.006493506493506551,,
black_hair,0.7624356775300172,0.8756432246998286,single,eyeglasses,lr,13,0.7624356775300172,0.0,,
blond_hair,0.8239108409321175,0.9179331306990881,single,eyeglasses,lr,13,0.8239108409321175,0.0,,
blurry,0.6905737704918034,0.7588797814207651,single,eyeglasses,lr,13,0.6905737704918034,0.0,,
brown_hair,0.6776735969561082,0.8189971463514064,single,eyeglasses,lr,13,0.6731892920233727,0.004484304932735439,,
bushy_eyebrows,0.5666666666666667,0.6072727272727273,single,eyeglasses,lr,13,0.5666666666666667,0.0,,
chubby,0.5684389140271493,0.6806184012066364,single,eyeglasses,lr,13,0.5684389140271493,0.0,,
double_chin,0.5815692469720906,0.6630858346498157,single,eyeglasses,lr,13,0.5791995787256451,0.0023696682464454666,,
eyeglasses,0.88671875,0.955810546875,single,eyeglasses,lr,13,0.890625,-0.00390625,,
goatee,0.6885158742214795,0.7735075193680693,single,eyeglasses,lr,13,0.6863132310496735,0.0022026431718060735,,
gray_hair,0.8106493506493506,0.8843290043290043,single,eyeglasses,lr,13,0.8106493506493506,0.0,,
heavy_makeup,0.5327433628318584,0.5464601769911505,single,eyeglasses,lr,13,0.5327433628318584,0.0,,
high_cheekbones,0.4845802398629354,0.3774351164413986,single,eyeglasses,lr,13,0.47804429215051714,0.006535947712418277,,
male,0.9733727810650887,0.9663334013466639,single,eyeglasses,lr,13,0.9733727810650887,0.0,,
mouth_slightly_open,0.5366995073891626,0.5602832512315271,single,eyeglasses,lr,13,0.5359605911330049,0.00073891625615774,,
mustache,0.7235634958957026,0.8331723804925157,single,eyeglasses,lr,13,0.7235634958957026,0.0,,
narrow_eyes,0.5625,0.5433467741935484,single,eyeglasses,lr,13,0.5625,0.0,,
no_beard,0.5822666367243057,0.5426304364099109,single,eyeglasses,lr,13,0.5822666367243057,0.0,,
oval_face,0.48116504854368936,0.4248543689320389,single,eyeglasses,lr,13,0.48116504854368936,0.0,,
pale_skin,0.5313969571230982,0.677731673582296,single,eyeglasses,lr,13,0.5313969571230982,0.0,,
pointy_nose,0.4480252764612954,0.5138493944181148,single,eyeglasses,lr,13,0.4527646129541864,-0.004739336492890989,,
receding_hairline,0.5307692307692308,0.5737556561085972,single,eyeglasses,lr,13,0.540530058177117,-0.009760827407886197,,
rosy_cheeks,0.6085365853658536,0.7069105691056911,single,eyeglasses,lr,13,0.6085365853658536,0.0,,
sideburns,0.6886827458256031,0.7844155844155843,single,eyeglasses,lr,13,0.6846011131725418,0.004081632653061273,,
smiling,0.8533823079277625,0.9556167737985921,single,eyeglasses,lr,13,0.8533823079277625,0.0,,
straight_hair,0.6095238095238096,0.6036474164133738,single,eyeglasses,lr,13,0.6095238095238096,0.0,,
wavy_hair,0.5412589262099974,0.5822974521731464,single,eyeglasses,lr,13,0.5412589262099974,0.0,,
wearing_earrings,0.6824614065180103,0.7210548885077187,single,eyeglasses,lr,13,0.6824614065180103,0.0,,
wearing_hat,0.9046066041581737,0.9311047696697922,single,eyeglasses,lr,13,0.9046066041581737,0.0,,
wearing_lipstick,0.4375,0.390869140625,single,eyeglasses,lr,13,0.421875,0.015625,,
wearing_necklace,0.5299207504447678,0.5253113375384117,single,eyeglasses,lr,13,0.5299207504447678,0.0,,
wearing_necktie,0.5518943601135382,0.6274219424904357,single,eyeglasses,lr,13,0.5631247686042207,-0.011230408490682464,,
young,0.8066604995374653,0.8896083872957138,single,eyeglasses,lr,13,0.8066604995374653,0.0,,
5_o_clock_shadow,0.5172413793103448,0.5689655172413793,single,eyeglasses,lr,14,0.5193965517241379,-0.0021551724137931494,,
arched_eyebrows,0.5755051400212691,0.5969514356611131,single,eyeglasses,lr,14,0.5626846272007562,0.012820512820512886,,
attractive,0.5037742504409171,0.5718518518518518,single,eyeglasses,lr,14,0.5037742504409171,0.0,,
bags_under_eyes,0.49972497249724973,0.43096809680968096,single,eyeglasses,lr,14,0.49972497249724973,0.0,,
bald,0.7916786226685797,0.885509325681492,single,eyeglasses,lr,14,0.7916786226685797,0.0,,
bangs,0.7911371237458193,0.8760869565217391,single,eyeglasses,lr,14,0.7911371237458193,0.0,,
big_lips,0.49097900029577046,0.4783594597259193,single,eyeglasses,lr,14,0.49339445923296854,-0.0024154589371980784,,
big_nose,0.6038961038961039,0.603641456582633,single,eyeglasses,lr,14,0.6038961038961039,0.0,,
black_hair,0.7624356775300172,0.8742495711835334,single,eyeglasses,lr,14,0.7624356775300172,0.0,,
blond_hair,0.8239108409321175,0.9181357649442756,single,eyeglasses,lr,14,0.8239108409321175,0.0,,
blurry,0.6905737704918034,0.7581967213114754,single,eyeglasses,lr,14,0.6905737704918034,0.0,,
brown_hair,0.6731892920233727,0.8189971463514065,single,eyeglasses,lr,14,0.6731892920233727,0.0,,
bushy_eyebrows,0.5666666666666667,0.6086580086580088,single,eyeglasses,lr,14,0.5666666666666667,0.0,,
chubby,0.5684389140271493,0.6797699849170438,single,eyeglasses,lr,14,0.5684389140271493,0.0,,
double_chin,0.5815692469720906,0.6630858346498157,single,eyeglasses,lr,14,0.5791995787256451,0.0023696682464454666,,
eyeglasses,0.890625,0.95599365234375,single,eyeglasses,lr,14,0.890625,0.0,,
goatee,0.6885158742214795,0.7719884551116513,single,eyeglasses,lr,14,0.6863132310496735,0.0022026431718060735,,
gray_hair,0.8106493506493506,0.8841558441558443,single,eyeglasses,lr,14,0.8106493506493506,0.0,,
heavy_makeup,0.5349557522123893,0.5458702064896755,single,eyeglasses,lr,14,0.5327433628318584,0.0022123893805309214,,
high_cheekbones,0.4845802398629354,0.3780062186686973,single,eyeglasses,lr,14,0.47804429215051714,0.006535947712418277,,
male,0.9733727810650887,0.9659933346935999,single,eyeglasses,lr,14,0.9733727810650887,0.0,,
mouth_slightly_open,0.5316502463054187,0.5595443349753696,single,eyeglasses,lr,14,0.5359605911330049,-0.004310344827586188,,
mustache,0.7235634958957026,0.8332930951231289,single,eyeglasses,lr,14,0.7235634958957026,0.0,,
narrow_eyes,0.5625,0.5398185483870968,single,eyeglasses,lr,14,0.5625,0.0,,
no_beard,0.5822666367243057,0.5424807246051351,single,eyeglasses,lr,14,0.5822666367243057,0.0,,
oval_face,0.48116504854368936,0.42466019417475726,single,eyeglasses,lr,14,0.48116504854368936,0.0,,
pale_skin,0.5313969571230982,0.6810511756569848,single,eyeglasses,lr,14,0.5313969571230982,0.0,,
pointy_nose,0.4480252764612954,0.5132174828857294,single,eyeglasses,lr,14,0.4527646129541864,-0.004739336492890989,,
receding_hairline,0.5307692307692308,0.5732385261797026,single,eyeglasses,lr,14,0.540530058177117,-0.009760827407886197,,
rosy_cheeks,0.6085365853658536,0.7077235772357724,single,eyeglasses,lr,14,0.6085365853658536,0.0,,
sideburns,0.6846011131725418,0.7840445269016698,single,eyeglasses,lr,14,0.6846011131725418,0.0,,
smiling,0.8533823079277625,0.9551882460973371,single,eyeglasses,lr,14,0.8533823079277625,0.0,,
straight_hair,0.6073961499493414,0.6042553191489362,single,eyeglasses,lr,14,0.6095238095238096,-0.0021276595744681437,,
wavy_hair,0.538746363395927,0.5823856122718857,single,eyeglasses,lr,14,0.5412589262099974,-0.002512562814070418,,
wearing_earrings,0.6801029159519726,0.7207332761578044,single,eyeglasses,lr,14,0.6824614065180103,-0.002358490566037763,,
wearing_hat,0.9046066041581737,0.9305612175567334,single,eyeglasses,lr,14,0.9046066041581737,0.0,,
wearing_lipstick,0.43489583333333337,0.38997395833333337,single,eyeglasses,lr,14,0.421875,0.01302083333333337,,
wearing_necklace,0.5277373443312308,0.5254730713245996,single,eyeglasses,lr,14,0.5299207504447678,-0.0021834061135370675,,
wearing_necktie,0.5608416635813895,0.6248303097618166,single,eyeglasses,lr,14,0.5631247686042207,-0.0022831050228311334,,
young,0.8031144002466852,0.8900400863398088,single,eyeglasses,lr,14,0.8066604995374653,-0.0035460992907800915,,
5_o_clock_shadow,0.5172413793103448,0.5704022988505748,single,eyeglasses,lr,15,0.5193965517241379,-0.0021551724137931494,,
arched_eyebrows,0.5498641143802434,0.5934065934065934,single,eyeglasses,lr,15,0.5626846272007562,-0.012820512820512775,,
attractive,0.5037742504409171,0.571358024691358,single,eyeglasses,lr,15,0.5037742504409171,0.0,,
bags_under_eyes,0.4904657132379905,0.4317931793179317,single,eyeglasses,lr,15,0.49972497249724973,-0.009259259259259245,,
bald,0.7916786226685797,0.8852223816355812,single,eyeglasses,lr,15,0.7916786226685797,0.0,,
bangs,0.7911371237458193,0.8759197324414716,single,eyeglasses,lr,15,0.7911371237458193,0.0,,
big_lips,0.4885635413585724,0.4779650990831115,single,eyeglasses,lr,15,0.49339445923296854,-0.004830917874396157,,
big_nose,0.6006493506493507,0.6032594856124268,single,eyeglasses,lr,15,0.6038961038961039,-0.0032467532467532756,,
black_hair,0.7624356775300172,0.8754288164665522,single,eyeglasses,lr,15,0.7624356775300172,0.0,,
blond_hair,0.8239108409321175,0.9177304964539008,single,eyeglasses,lr,15,0.8239108409321175,0.0,,
blurry,0.73224043715847,0.7568306010928962,single,eyeglasses,lr,15,0.6905737704918034,0.04166666666666663,,
brown_hair,0.6731892920233727,0.8194048104362006,single,eyeglasses,lr,15,0.6731892920233727,0.0,,
bushy_eyebrows,0.5666666666666667,0.6081385281385282,single,eyeglasses,lr,15,0.5666666666666667,0.0,,
chubby,0.5684389140271493,0.6803355957767723,single,eyeglasses,lr,15,0.5684389140271493,0.0,,
double_chin,0.5791995787256451,0.6625592417061611,single,eyeglasses,lr,15,0.5791995787256451,0.0,,
eyeglasses,0.89453125,0.9560546875,single,eyeglasses,lr,15,0.890625,0.00390625,,
goatee,0.6863132310496735,0.7739632386449947,single,eyeglasses,lr,15,0.6863132310496735,0.0,,
gray_hair,0.8106493506493506,0.8855411255411256,single,eyeglasses,lr,15,0.8106493506493506,0.0,,
heavy_makeup,0.5349557522123893,0.5421828908554572,single,eyeglasses,lr,15,0.5327433628318584,0.0022123893805309214,,
high_cheekbones,0.4845802398629354,0.3774985722444318,single,eyeglasses,lr,15,0.47804429215051714,0.006535947712418277,,
male,0.9733727810650887,0.9661293613548255,single,eyeglasses,lr,15,0.9733727810650887,0.0,,
mouth_slightly_open,0.5280788177339901,0.5600985221674877,single,eyeglasses,lr,15,0.5359605911330049,-0.007881773399014746,,
mustache,0.7235634958957026,0.8330516658619024,single,eyeglasses,lr,15,0.7235634958957026,0.0,,
narrow_eyes,0.5625,0.5378024193548387,single,eyeglasses,lr,15,0.5625,0.0,,
no_beard,0.5822666367243057,0.5424058687027472,single,eyeglasses,lr,15,0.5822666367243057,0.0,,
oval_face,0.48116504854368936,0.4253398058252427,single,eyeglasses,lr,15,0.48116504854368936,0.0,,
pale_skin,0.5313969571230982,0.6793914246196404,single,eyeglasses,lr,15,0.5313969571230982,0.0,,
pointy_nose,0.4503949447077409,0.5156398104265403,single,eyeglasses,lr,15,0.4527646129541864,-0.002369668246445522,,
receding_hairline,0.5307692307692308,0.5740142210730446,single,eyeglasses,lr,15,0.540530058177117,-0.009760827407886197,,
rosy_cheeks,0.6126016260162601,0.7101626016260163,single,eyeglasses,lr,15,0.6085365853658536,0.004065040650406471,,
sideburns,0.6846011131725418,0.7847866419294991,single,eyeglasses,lr,15,0.6846011131725418,0.0,,
smiling,0.8533823079277625,0.9555555555555555,single,eyeglasses,lr,15,0.8533823079277625,0.0,,
straight_hair,0.6159067882472138,0.605065856129686,single,eyeglasses,lr,15,0.6095238095238096,0.006382978723404209,,
wavy_hair,0.538746363395927,0.5825619324693642,single,eyeglasses,lr,15,0.5412589262099974,-0.002512562814070418,,
wearing_earrings,0.6758147512864494,0.7219125214408234,single,eyeglasses,lr,15,0.6824614065180103,-0.006646655231560938,,
wearing_hat,0.9046066041581737,0.9311047696697922,single,eyeglasses,lr,15,0.9046066041581737,0.0,,
wearing_lipstick,0.421875,0.3883463541666667,single,eyeglasses,lr,15,0.421875,0.0,,
wearing_necklace,0.49288371340773085,0.5233705321041565,single,eyeglasses,lr,15,0.5299207504447678,-0.03703703703703698,,
wearing_necktie,0.5631247686042207,0.6254473651733927,single,eyeglasses,lr,15,0.5631247686042207,0.0,,
young,0.8066604995374653,0.8901634289238359,single,eyeglasses,lr,15,0.8066604995374653,0.0,,
5_o_clock_shadow,0.5172413793103448,0.5711206896551725,single,eyeglasses,lr,16,0.5193965517241379,-0.0021551724137931494,,
arched_eyebrows,0.564988774666194,0.5924613021387215,single,eyeglasses,lr,16,0.5626846272007562,0.0023041474654378336,,
attractive,0.5037742504409171,0.5707231040564373,single,eyeglasses,lr,16,0.5037742504409171,0.0,,
bags_under_eyes,0.4904657132379905,0.4315181518151815,single,eyeglasses,lr,16,0.49972497249724973,-0.009259259259259245,,
bald,0.7916786226685797,0.8846484935437591,single,eyeglasses,lr,16,0.7916786226685797,0.0,,
bangs,0.7911371237458193,0.8762541806020068,single,eyeglasses,lr,16,0.7911371237458193,0.0,,
big_lips,0.49097900029577046,0.4788524105294292,single,eyeglasses,lr,16,0.49339445923296854,-0.0024154589371980784,,
big_nose,0.6071428571428572,0.6034504710975299,single,eyeglasses,lr,16,0.6038961038961039,0.0032467532467532756,,
black_hair,0.7624356775300172,0.8758576329331047,single,eyeglasses,lr,16,0.7624356775300172,0.0,,
blond_hair,0.8239108409321175,0.9185410334346504,single,eyeglasses,lr,16,0.8239108409321175,0.0,,
blurry,0.73224043715847,0.7581967213114754,single,eyeglasses,lr,16,0.6905737704918034,0.04166666666666663,,
brown_hair,0.6754314444897405,0.8214431308601712,single,eyeglasses,lr,16,0.6731892920233727,0.0022421524663677195,,
bushy_eyebrows,0.5666666666666667,0.6064069264069264,single,eyeglasses,lr,16,0.5666666666666667,0.0,,
chubby,0.5684389140271493,0.6797699849170438,single,eyeglasses,lr,16,0.5684389140271493,0.0,,
double_chin,0.5815692469720906,0.661400737230121,single,eyeglasses,lr,16,0.5791995787256451,0.0023696682464454666,,
eyeglasses,0.890625,0.95556640625,single,eyeglasses,lr,16,0.890625,0.0,,
goatee,0.6863132310496735,0.7742670514962783,single,eyeglasses,lr,16,0.6863132310496735,0.0,,
gray_hair,0.8084848484848486,0.8843290043290044,single,eyeglasses,lr,16,0.8106493506493506,-0.0021645021645020357,,
heavy_makeup,0.5327433628318584,0.5435103244837759,single,eyeglasses,lr,16,0.5327433628318584,0.0,,
high_cheekbones,0.4845802398629354,0.37838695348689644,single,eyeglasses,lr,16,0.47804429215051714,0.006535947712418277,,
male,0.9733727810650887,0.9664694280078895,single,eyeglasses,lr,16,0.9733727810650887,0.0,,
mouth_slightly_open,0.5366995073891626,0.5605295566502463,single,eyeglasses,lr,16,0.5359605911330049,0.00073891625615774,,
mustache,0.7235634958957026,0.834983099951714,single,eyeglasses,lr,16,0.7235634958957026,0.0,,
narrow_eyes,0.5625,0.5403225806451613,single,eyeglasses,lr,16,0.5625,0.0,,
no_beard,0.5822666367243057,0.5430047159218505,single,eyeglasses,lr,16,0.5822666367243057,0.0,,
oval_face,0.48116504854368936,0.42563106796116507,single,eyeglasses,lr,16,0.48116504854368936,0.0,,
pale_skin,0.5313969571230982,0.678838174273859,single,eyeglasses,lr,16,0.5313969571230982,0.0,,
pointy_nose,0.4503949447077409,0.5150078988941548,single,eyeglasses,lr,16,0.4527646129541864,-0.002369668246445522,,
receding_hairline,0.5473173884938591,0.5733678086619263,single,eyeglasses,lr,16,0.540530058177117,0.006787330316742168,,
rosy_cheeks,0.6105691056910569,0.7105691056910569,single,eyeglasses,lr,16,0.6085365853658536,0.002032520325203291,,
sideburns,0.6846011131725418,0.7847866419294991,single,eyeglasses,lr,16,0.6846011131725418,0.0,,
smiling,0.8533823079277625,0.9550658096112642,single,eyeglasses,lr,16,0.8533823079277625,0.0,,
straight_hair,0.6095238095238096,0.6034447821681863,single,eyeglasses,lr,16,0.6095238095238096,0.0,,
wavy_hair,0.5412589262099974,0.5818566516794497,single,eyeglasses,lr,16,0.5412589262099974,0.0,,
wearing_earrings,0.684819897084048,0.7213765008576329,single,eyeglasses,lr,16,0.6824614065180103,0.002358490566037652,,
wearing_hat,0.9046066041581737,0.9312406576980568,single,eyeglasses,lr,16,0.9046066041581737,0.0,,
wearing_lipstick,0.43489583333333337,0.38818359375,single,eyeglasses,lr,16,0.421875,0.01302083333333337,,
wearing_necklace,0.532104156558305,0.5261200064693514,single,eyeglasses,lr,16,0.5299207504447678,0.0021834061135371785,,
wearing_necktie,0.5631247686042207,0.6240898432679254,single,eyeglasses,lr,16,0.5631247686042207,0.0,,
young,0.8031144002466852,0.8895467160037003,single,eyeglasses,lr,16,0.8066604995374653,-0.0035460992907800915,,
5_o_clock_shadow,0.521551724137931,0.5705818965517242,single,eyeglasses,lr,17,0.5193965517241379,0.0021551724137931494,,
arched_eyebrows,0.564988774666194,0.5961243058017253,single,eyeglasses,lr,17,0.5626846272007562,0.0023041474654378336,,
attractive,0.5037742504409171,0.5727689594356261,single,eyeglasses,lr,17,0.5037742504409171,0.0,,
bags_under_eyes,0.4904657132379905,0.43426842684268424,single,eyeglasses,lr,17,0.49972497249724973,-0.009259259259259245,,
bald,0.8014825442372071,0.8850310856049737,single,eyeglasses,lr,17,0.7916786226685797,0.009803921568627416,,
bangs,0.795484949832776,0.8769230769230769,single,eyeglasses,lr,17,0.7911371237458193,0.004347826086956608,,
big_lips,0.49097900029577046,0.479246771172237,single,eyeglasses,lr,17,0.49339445923296854,-0.0024154589371980784,,
big_nose,0.6071428571428572,0.602559205500382,single,eyeglasses,lr,17,0.6038961038961039,0.0032467532467532756,,
black_hair,0.7624356775300172,0.8742495711835334,single,eyeglasses,lr,17,0.7624356775300172,0.0,,
blond_hair,0.8260385005065856,0.9181357649442756,single,eyeglasses,lr,17,0.8239108409321175,0.0021276595744680327,,
blurry,0.73224043715847,0.7595628415300546,single,eyeglasses,lr,17,0.6905737704918034,0.04166666666666663,,
brown_hair,0.6731892920233727,0.820627802690583,single,eyeglasses,lr,17,0.6731892920233727,0.0,,
bushy_eyebrows,0.5688311688311689,0.6102164502164502,single,eyeglasses,lr,17,0.5666666666666667,0.0021645021645022577,,
chubby,0.5684389140271493,0.6786387631975868,single,eyeglasses,lr,17,0.5684389140271493,0.0,,
double_chin,0.5791995787256451,0.6627698788836229,single,eyeglasses,lr,17,0.5791995787256451,0.0,,
eyeglasses,0.89453125,0.954345703125,single,eyeglasses,lr,17,0.890625,0.00390625,,
goatee,0.6863132310496735,0.7735075193680693,single,eyeglasses,lr,17,0.6863132310496735,0.0,,
gray_hair,0.8106493506493506,0.8857142857142857,single,eyeglasses,lr,17,0.8106493506493506,0.0,,
heavy_makeup,0.5327433628318584,0.5448377581120945,single,eyeglasses,lr,17,0.5327433628318584,0.0,,
high_cheekbones,0.47804429215051714,0.3788945999111619,single,eyeglasses,lr,17,0.47804429215051714,0.0,,
male,0.9733727810650887,0.9661973746854383,single,eyeglasses,lr,17,0.9733727810650887,0.0,,
mouth_slightly_open,0.5331280788177339,0.5604679802955665,single,eyeglasses,lr,17,0.5359605911330049,-0.0028325123152709297,,
mustache,0.7235634958957026,0.833896668276195,single,eyeglasses,lr,17,0.7235634958957026,0.0,,
narrow_eyes,0.564516129032258,0.5418346774193548,single,eyeglasses,lr,17,0.5625,0.002016129032258007,,
no_beard,0.5754173216558126,0.5412081742645407,single,eyeglasses,lr,17,0.5822666367243057,-0.006849315068493067,,
oval_face,0.48116504854368936,0.42631067961165053,single,eyeglasses,lr,17,0.48116504854368936,0.0,,
pale_skin,0.5313969571230982,0.6766251728907331,single,eyeglasses,lr,17,0.5313969571230982,0.0,,
pointy_nose,0.4456556082148499,0.5121642969984203,single,eyeglasses,lr,17,0.4527646129541864,-0.007109004739336511,,
receding_hairline,0.5352941176470588,0.5741435035552682,single,eyeglasses,lr,17,0.540530058177117,-0.0052359405300581585,,
rosy_cheeks,0.6126016260162601,0.7097560975609756,single,eyeglasses,lr,17,0.6085365853658536,0.004065040650406471,,
sideburns,0.6846011131725418,0.7844155844155845,single,eyeglasses,lr,17,0.6846011131725418,0.0,,
smiling,0.8492500765228037,0.9545148454239363,single,eyeglasses,lr,17,0.8533823079277625,-0.004132231404958775,,
straight_hair,0.6073961499493414,0.603242147922999,single,eyeglasses,lr,17,0.6095238095238096,-0.0021276595744681437,,
wavy_hair,0.5412589262099974,0.5834435334567576,single,eyeglasses,lr,17,0.5412589262099974,0.0,,
wearing_earrings,0.684819897084048,0.7205188679245284,single,eyeglasses,lr,17,0.6824614065180103,0.002358490566037652,,
wearing_hat,0.9046066041581737,0.9292023372740862,single,eyeglasses,lr,17,0.9046066041581737,0.0,,
wearing_lipstick,0.421875,0.38631184895833337,single,eyeglasses,lr,17,0.421875,0.0,,
wearing_necklace,0.5277373443312308,0.5259582726831635,single,eyeglasses,lr,17,0.5299207504447678,-0.0021834061135370675,,
wearing_necktie,0.5676909786498827,0.6280389979020117,single,eyeglasses,lr,17,0.5631247686042207,0.004566210045662045,,
young,0.8066604995374653,0.8889916743755781,single,eyeglasses,lr,17,0.8066604995374653,0.0,,
5_o_clock_shadow,0.521551724137931,0.5705818965517241,single,eyeglasses,lr,18,0.5193965517241379,0.0021551724137931494,,
arched_eyebrows,0.5626846272007562,0.5957698215762732,single,eyeglasses,lr,18,0.5626846272007562,0.0,,
attractive,0.5037742504409171,0.5712522045855378,single,eyeglasses,lr,18,0.5037742504409171,0.0,,
bags_under_eyes,0.49294096076274296,0.4356435643564356,single,eyeglasses,lr,18,0.49972497249724973,-0.006784011734506767,,
bald,0.8014825442372071,0.8847441415590628,single,eyeglasses,lr,18,0.7916786226685797,0.009803921568627416,,
bangs,0.795484949832776,0.8769230769230769,single,eyeglasses,lr,18,0.7911371237458193,0.004347826086956608,,
big_lips,0.4982253771073647,0.4827960169575076,single,eyeglasses,lr,18,0.49339445923296854,0.004830917874396157,,
big_nose,0.5973389355742297,0.6024955436720143,single,eyeglasses,lr,18,0.6038961038961039,-0.006557168321874252,,
black_hair,0.7624356775300172,0.8740351629502572,single,eyeglasses,lr,18,0.7624356775300172,0.0,,
blond_hair,0.8217831813576495,0.9181357649442756,single,eyeglasses,lr,18,0.8239108409321175,-0.0021276595744680327,,
blurry,0.73224043715847,0.755464480874317,single,eyeglasses,lr,18,0.6905737704918034,0.04166666666666663,,
brown_hair,0.6754314444897405,0.8223943470580241,single,eyeglasses,lr,18,0.6731892920233727,0.0022421524663677195,,
bushy_eyebrows,0.5488311688311689,0.6103896103896104,single,eyeglasses,lr,18,0.5666666666666667,-0.01783549783549776,,
chubby,0.5708898944193062,0.6793929110105581,single,eyeglasses,lr,18,0.5684389140271493,0.002450980392156854,,
double_chin,0.5791995787256451,0.6643496577145866,single,eyeglasses,lr,18,0.5791995787256451,0.0,,
eyeglasses,0.89453125,0.95263671875,single,eyeglasses,lr,18,0.890625,0.00390625,,
goatee,0.6885158742214795,0.7744189579219202,single,eyeglasses,lr,18,0.6863132310496735,0.0022026431718060735,,
gray_hair,0.8236363636363637,0.8838095238095238,single,eyeglasses,lr,18,0.8106493506493506,0.012987012987013102,,
heavy_makeup,0.5327433628318584,0.5429203539823009,single,eyeglasses,lr,18,0.5327433628318584,0.0,,
high_cheekbones,0.4845802398629354,0.37971952535059333,single,eyeglasses,lr,18,0.47804429215051714,0.006535947712418277,,
male,0.9733727810650887,0.9659253213629871,single,eyeglasses,lr,18,0.9733727810650887,0.0,,
mouth_slightly_open,0.5417487684729063,0.5613916256157636,single,eyeglasses,lr,18,0.5359605911330049,0.005788177339901446,,
mustache,0.7235634958957026,0.8364316755190729,single,eyeglasses,lr,18,0.7235634958957026,0.0,,
narrow_eyes,0.5665322580645161,0.5398185483870968,single,eyeglasses,lr,18,0.5625,0.0040322580645161255,,
no_beard,0.5754173216558126,0.5424807246051351,single,eyeglasses,lr,18,0.5822666367243057,-0.006849315068493067,,
oval_face,0.48116504854368936,0.4260194174757282,single,eyeglasses,lr,18,0.48116504854368936,0.0,,
pale_skin,0.5313969571230982,0.6744121715076072,single,eyeglasses,lr,18,0.5313969571230982,0.0,,
pointy_nose,0.4456556082148499,0.5118483412322276,single,eyeglasses,lr,18,0.4527646129541864,-0.007109004739336511,,
receding_hairline,0.5593406593406594,0.5749191984486102,single,eyeglasses,lr,18,0.540530058177117,0.018810601163542384,,
rosy_cheeks,0.6105691056910569,0.7065040650406504,single,eyeglasses,lr,18,0.6085365853658536,0.002032520325203291,,
sideburns,0.6866419294990724,0.7862708719851578,single,eyeglasses,lr,18,0.6846011131725418,0.0020408163265306367,,
smiling,0.8414141414141414,0.9543311906948271,single,eyeglasses,lr,18,0.8533823079277625,-0.011968166513621092,,
straight_hair,0.6095238095238096,0.6038500506585613,single,eyeglasses,lr,18,0.6095238095238096,0.0,,
wavy_hair,0.538746363395927,0.5834435334567575,single,eyeglasses,lr,18,0.5412589262099974,-0.002512562814070418,,
wearing_earrings,0.6824614065180103,0.7193396226415093,single,eyeglasses,lr,18,0.6824614065180103,0.0,,
wearing_hat,0.9046066041581737,0.9298817774154097,single,eyeglasses,lr,18,0.9046066041581737,0.0,,
wearing_lipstick,0.4296875,0.39021809895833337,single,eyeglasses,lr,18,0.421875,0.0078125,,
wearing_necklace,0.5179524502668608,0.5269286754002911,single,eyeglasses,lr,18,0.5299207504447678,-0.011968300177907065,,
wearing_necktie,0.5699740836727138,0.6287794643959028,single,eyeglasses,lr,18,0.5631247686042207,0.006849315068493178,,
young,0.8015109466543324,0.8890533456675918,single,eyeglasses,lr,18,0.8066604995374653,-0.005149552883132902,,
5_o_clock_shadow,0.521551724137931,0.5705818965517242,single,eyeglasses,lr,19,0.5193965517241379,0.0021551724137931494,,
arched_eyebrows,0.5626846272007562,0.5930521091811414,single,eyeglasses,lr,19,0.5626846272007562,0.0,,
attractive,0.50663139329806,0.5710052910052911,single,eyeglasses,lr,19,0.5037742504409171,0.0028571428571428914,,
bags_under_eyes,0.49972497249724973,0.4284011734506784,single,eyeglasses,lr,19,0.49972497249724973,0.0,,
bald,0.7916786226685797,0.8844571975131517,single,eyeglasses,lr,19,0.7916786226685797,0.0,,
bangs,0.7889632107023412,0.874247491638796,single,eyeglasses,lr,19,0.7911371237458193,-0.0021739130434781373,,
big_lips,0.4958099181701666,0.4821058858325939,single,eyeglasses,lr,19,0.49339445923296854,0.0024154589371980784,,
big_nose,0.6022408963585434,0.6040234275528393,single,eyeglasses,lr,19,0.6038961038961039,-0.0016552075375605435,,
black_hair,0.7624356775300172,0.873606346483705,single,eyeglasses,lr,19,0.7624356775300172,0.0,,
blond_hair,0.8239108409321175,0.9185410334346504,single,eyeglasses,lr,19,0.8239108409321175,0.0,,
blurry,0.6905737704918034,0.7585382513661202,single,eyeglasses,lr,19,0.6905737704918034,0.0,,
brown_hair,0.6731892920233727,0.8213072428319065,single,eyeglasses,lr,19,0.6731892920233727,0.0,,
bushy_eyebrows,0.5531601731601732,0.6147186147186148,single,eyeglasses,lr,19,0.5666666666666667,-0.013506493506493467,,
chubby,0.5684389140271493,0.679392911010558,single,eyeglasses,lr,19,0.5684389140271493,0.0,,
double_chin,0.574460242232754,0.6643496577145865,single,eyeglasses,lr,19,0.5791995787256451,-0.004739336492891044,,
eyeglasses,0.8828125,0.94293212890625,single,eyeglasses,lr,19,0.890625,-0.0078125,,
goatee,0.7035546103600183,0.7733556129424274,single,eyeglasses,lr,19,0.6863132310496735,0.017241379310344862,,
gray_hair,0.8128138528138529,0.887099567099567,single,eyeglasses,lr,19,0.8106493506493506,0.0021645021645022577,,
heavy_makeup,0.5327433628318584,0.5415929203539823,single,eyeglasses,lr,19,0.5327433628318584,0.0,,
high_cheekbones,0.4845802398629354,0.3814328320324894,single,eyeglasses,lr,19,0.47804429215051714,0.006535947712418277,,
male,0.9733727810650887,0.9661973746854383,single,eyeglasses,lr,19,0.9733727810650887,0.0,,
mouth_slightly_open,0.5331280788177339,0.5591748768472906,single,eyeglasses,lr,19,0.5359605911330049,-0.0028325123152709297,,
mustache,0.7235634958957026,0.833293095123129,single,eyeglasses,lr,19,0.7235634958957026,0.0,,
narrow_eyes,0.564516129032258,0.5463709677419355,single,eyeglasses,lr,19,0.5625,0.002016129032258007,,
no_beard,0.5822666367243057,0.5438281308481173,single,eyeglasses,lr,19,0.5822666367243057,0.0,,
oval_face,0.48116504854368936,0.4269902912621359,single,eyeglasses,lr,19,0.48116504854368936,0.0,,
pale_skin,0.5334716459197787,0.6785615491009682,single,eyeglasses,lr,19,0.5313969571230982,0.0020746887966804906,,
pointy_nose,0.4480252764612954,0.5125855713533438,single,eyeglasses,lr,19,0.4527646129541864,-0.004739336492890989,,
receding_hairline,0.542792501616031,0.5725921137685843,single,eyeglasses,lr,19,0.540530058177117,0.002262443438914019,,
rosy_cheeks,0.6126016260162601,0.7060975609756097,single,eyeglasses,lr,19,0.6085365853658536,0.004065040650406471,,
sideburns,0.6866419294990724,0.7833024118738405,single,eyeglasses,lr,19,0.6846011131725418,0.0020408163265306367,,
smiling,0.8492500765228037,0.9548821548821549,single,eyeglasses,lr,19,0.8533823079277625,-0.004132231404958775,,
straight_hair,0.6095238095238096,0.6046605876393111,single,eyeglasses,lr,19,0.6095238095238096,0.0,,
wavy_hair,0.5437714890240677,0.5806224102970995,single,eyeglasses,lr,19,0.5412589262099974,0.002512562814070307,,
wearing_earrings,0.6801029159519726,0.7204116638078902,single,eyeglasses,lr,19,0.6824614065180103,-0.002358490566037763,,
wearing_hat,0.9046066041581737,0.9309688816415275,single,eyeglasses,lr,19,0.9046066041581737,0.0,,
wearing_lipstick,0.42447916666666663,0.3905436197916667,single,eyeglasses,lr,19,0.421875,0.0026041666666666297,,
wearing_necklace,0.5277373443312308,0.522400129387029,single,eyeglasses,lr,19,0.5299207504447678,-0.0021834061135370675,,
wearing_necktie,0.5608416635813895,0.6245834875971863,single,eyeglasses,lr,19,0.5631247686042207,-0.0022831050228311334,,
young,0.8023126734505088,0.8896083872957138,single,eyeglasses,lr,19,0.8066604995374653,-0.004347826086956497,,
5_o_clock_shadow,0.5193965517241379,0.5716594827586207,single,eyeglasses,lr,20,0.5193965517241379,0.0,,
arched_eyebrows,0.5498641143802434,0.5897435897435898,single,eyeglasses,lr,20,0.5626846272007562,-0.012820512820512775,,
attractive,0.50663139329806,0.5730511463844797,single,eyeglasses,lr,20,0.5037742504409171,0.0028571428571428914,,
bags_under_eyes,0.487990465713238,0.42840117345067835,single,eyeglasses,lr,20,0.49972497249724973,-0.011734506784011722,,
bald,0.8014825442372071,0.8844571975131515,single,eyeglasses,lr,20,0.7916786226685797,0.009803921568627416,,
bangs,0.7867892976588629,0.8747491638795987,single,eyeglasses,lr,20,0.7911371237458193,-0.004347826086956497,,
big_lips,0.4958099181701666,0.47993690229715075,single,eyeglasses,lr,20,0.49339445923296854,0.0024154589371980784,,
big_nose,0.6022408963585434,0.6038961038961039,single,eyeglasses,lr,20,0.6038961038961039,-0.0016552075375605435,,
black_hair,0.7624356775300172,0.8743567753001714,single,eyeglasses,lr,20,0.7624356775300172,0.0,,
blond_hair,0.8260385005065856,0.9179331306990881,single,eyeglasses,lr,20,0.8239108409321175,0.0021276595744680327,,
blurry,0.73224043715847,0.7599043715846994,single,eyeglasses,lr,20,0.6905737704918034,0.04166666666666663,,
brown_hair,0.6731892920233727,0.8226661231145536,single,eyeglasses,lr,20,0.6731892920233727,0.0,,
bushy_eyebrows,0.5531601731601732,0.6145454545454546,single,eyeglasses,lr,20,0.5666666666666667,-0.013506493506493467,,
chubby,0.5684389140271493,0.6791101055806938,single,eyeglasses,lr,20,0.5684389140271493,0.0,,
double_chin,0.5815692469720906,0.6646656134807793,single,eyeglasses,lr,20,0.5791995787256451,0.0023696682464454666,,
eyeglasses,0.88671875,0.93853759765625,single,eyeglasses,lr,20,0.890625,-0.00390625,,
goatee,0.701351967188212,0.7733556129424275,single,eyeglasses,lr,20,0.6863132310496735,0.015038736138538567,,
gray_hair,0.8106493506493506,0.8864069264069264,single,eyeglasses,lr,20,0.8106493506493506,0.0,,
heavy_makeup,0.5327433628318584,0.5433628318584071,single,eyeglasses,lr,20,0.5327433628318584,0.0,,
high_cheekbones,0.48784821371914466,0.3830192271083191,single,eyeglasses,lr,20,0.47804429215051714,0.009803921568627527,,
male,0.9733727810650887,0.9665374413385024,single,eyeglasses,lr,20,0.9733727810650887,0.0,,
mouth_slightly_open,0.5374384236453202,0.5593596059113299,single,eyeglasses,lr,20,0.5359605911330049,0.001477832512315369,,
mustache,0.725857073877354,0.8329309512312892,single,eyeglasses,lr,20,0.7235634958957026,0.002293577981651418,,
narrow_eyes,0.5625,0.5418346774193549,single,eyeglasses,lr,20,0.5625,0.0,,
no_beard,0.5822666367243057,0.5433041395314021,single,eyeglasses,lr,20,0.5822666367243057,0.0,,
oval_face,0.48116504854368936,0.42611650485436897,single,eyeglasses,lr,20,0.48116504854368936,0.0,,
pale_skin,0.5313969571230982,0.6840940525587829,single,eyeglasses,lr,20,0.5313969571230982,0.0,,
pointy_nose,0.4480252764612954,0.5162717219589258,single,eyeglasses,lr,20,0.4527646129541864,-0.004739336492890989,,
receding_hairline,0.5473173884938591,0.5740142210730446,single,eyeglasses,lr,20,0.540530058177117,0.006787330316742168,,
rosy_cheeks,0.6105691056910569,0.7085365853658537,single,eyeglasses,lr,20,0.6085365853658536,0.002032520325203291,,
sideburns,0.6866419294990724,0.7833024118738405,single,eyeglasses,lr,20,0.6846011131725418,0.0020408163265306367,,
smiling,0.8492500765228037,0.9554943373125191,single,eyeglasses,lr,20,0.8533823079277625,-0.004132231404958775,,
straight_hair,0.6116514690982776,0.6034447821681864,single,eyeglasses,lr,20,0.6095238095238096,0.0021276595744680327,,
wavy_hair,0.5412589262099974,0.5822092920744072,single,eyeglasses,lr,20,0.5412589262099974,0.0,,
wearing_earrings,0.6687392795883362,0.7196612349914238,single,eyeglasses,lr,20,0.6824614065180103,-0.013722126929674117,,
wearing_hat,0.9046066041581737,0.9328713140372332,single,eyeglasses,lr,20,0.9046066041581737,0.0,,
wearing_lipstick,0.421875,0.3902994791666667,single,eyeglasses,lr,20,0.421875,0.0,,
wearing_necklace,0.532104156558305,0.5235322658903445,single,eyeglasses,lr,20,0.5299207504447678,0.0021834061135371785,,
wearing_necktie,0.5585585585585585,0.6272985314081205,single,eyeglasses,lr,20,0.5631247686042207,-0.004566210045662156,,
young,0.8023126734505088,0.8897317298797409,single,eyeglasses,lr,20,0.8066604995374653,-0.004347826086956497,,
5_o_clock_shadow,0.5237068965517242,0.5752514367816093,single,eyeglasses,lr,21,0.5193965517241379,0.004310344827586299,,
arched_eyebrows,0.5475599669148057,0.5923431407302375,single,eyeglasses,lr,21,0.5626846272007562,-0.015124660285950497,,
attractive,0.5037742504409171,0.5709347442680776,single,eyeglasses,lr,21,0.5037742504409171,0.0,,
bags_under_eyes,0.49724972497249725,0.42785111844517787,single,eyeglasses,lr,21,0.49972497249724973,-0.0024752475247524774,,
bald,0.7916786226685797,0.8841702534672405,single,eyeglasses,lr,21,0.7916786226685797,0.0,,
bangs,0.7889632107023412,0.8752508361204013,single,eyeglasses,lr,21,0.7911371237458193,-0.0021739130434781373,,
big_lips,0.5078872128561569,0.48575372177856646,single,eyeglasses,lr,21,0.49339445923296854,0.01449275362318836,,
big_nose,0.592436974789916,0.6056149732620321,single,eyeglasses,lr,21,0.6038961038961039,-0.01145912910618796,,
black_hair,0.7600771869639794,0.8743567753001715,single,eyeglasses,lr,21,0.7624356775300172,-0.002358490566037763,,
blond_hair,0.8260385005065856,0.9185410334346504,single,eyeglasses,lr,21,0.8239108409321175,0.0021276595744680327,,
blurry,0.6905737704918034,0.7530737704918032,single,eyeglasses,lr,21,0.6905737704918034,0.0,,
brown_hair,0.6731892920233727,0.8213072428319066,single,eyeglasses,lr,21,0.6731892920233727,0.0,,
bushy_eyebrows,0.5574891774891775,0.6221645021645021,single,eyeglasses,lr,21,0.5666666666666667,-0.009177489177489173,,
chubby,0.5684389140271493,0.6786387631975868,single,eyeglasses,lr,21,0.5684389140271493,0.0,,
double_chin,0.5768299104791996,0.6631911532385466,single,eyeglasses,lr,21,0.5791995787256451,-0.0023696682464454666,,
eyeglasses,0.8515625,0.92742919921875,single,eyeglasses,lr,21,0.890625,-0.0390625,,
goatee,0.6863132310496735,0.7744189579219201,single,eyeglasses,lr,21,0.6863132310496735,0.0,,
gray_hair,0.814978354978355,0.8851948051948052,single,eyeglasses,lr,21,0.8106493506493506,0.0043290043290044045,,
heavy_makeup,0.5349557522123893,0.5513274336283186,single,eyeglasses,lr,21,0.5327433628318584,0.0022123893805309214,,
high_cheekbones,0.48784821371914466,0.38479598959324834,single,eyeglasses,lr,21,0.47804429215051714,0.009803921568627527,,
male,0.9733727810650887,0.9661973746854384,single,eyeglasses,lr,21,0.9733727810650887,0.0,,
mouth_slightly_open,0.5245073891625616,0.5596059113300493,single,eyeglasses,lr,21,0.5359605911330049,-0.011453201970443305,,
mustache,0.725857073877354,0.8347416706904878,single,eyeglasses,lr,21,0.7235634958957026,0.002293577981651418,,
narrow_eyes,0.564516129032258,0.5418346774193548,single,eyeglasses,lr,21,0.5625,0.002016129032258007,,
no_beard,0.5754173216558126,0.542555580507523,single,eyeglasses,lr,21,0.5822666367243057,-0.006849315068493067,,
oval_face,0.48116504854368936,0.42563106796116507,single,eyeglasses,lr,21,0.48116504854368936,0.0,,
pale_skin,0.5313969571230982,0.6802213001383126,single,eyeglasses,lr,21,0.5313969571230982,0.0,,
pointy_nose,0.4527646129541864,0.5189046866771985,single,eyeglasses,lr,21,0.4527646129541864,0.0,,
receding_hairline,0.5473173884938591,0.5745313510019392,single,eyeglasses,lr,21,0.540530058177117,0.006787330316742168,,
rosy_cheeks,0.6126016260162601,0.7089430894308943,single,eyeglasses,lr,21,0.6085365853658536,0.004065040650406471,,
sideburns,0.6907235621521336,0.7836734693877552,single,eyeglasses,lr,21,0.6846011131725418,0.006122448979591799,,
smiling,0.8492500765228037,0.9552494643403734,single,eyeglasses,lr,21,0.8533823079277625,-0.004132231404958775,,
straight_hair,0.6137791286727456,0.6052684903748733,single,eyeglasses,lr,21,0.6095238095238096,0.004255319148936065,,
wavy_hair,0.5412589262099974,0.5840606541479326,single,eyeglasses,lr,21,0.5412589262099974,0.0,,
wearing_earrings,0.6777444253859348,0.720090051457976,single,eyeglasses,lr,21,0.6824614065180103,-0.004716981132075526,,
wearing_hat,0.9046066041581737,0.9319200978393803,single,eyeglasses,lr,21,0.9046066041581737,0.0,,
wearing_lipstick,0.42447916666666663,0.3929850260416667,single,eyeglasses,lr,21,0.421875,0.0026041666666666297,,
wearing_necklace,0.532104156558305,0.524826136179848,single,eyeglasses,lr,21,0.5299207504447678,0.0021834061135371785,,
wearing_necktie,0.5608416635813895,0.6279155868196964,single,eyeglasses,lr,21,0.5631247686042207,-0.0022831050228311334,,
young,0.8058587727412889,0.8890533456675918,single,eyeglasses,lr,21,0.8066604995374653,-0.0008017267961764052,,
5_o_clock_shadow,0.521551724137931,0.5702227011494253,single,eyeglasses,lr,22,0.5193965517241379,0.0021551724137931494,,
arched_eyebrows,0.5370436015597306,0.585962424672102,single,eyeglasses,lr,22,0.5626846272007562,-0.02564102564102555,,
attractive,0.5037742504409171,0.5714991181657848,single,eyeglasses,lr,22,0.5037742504409171,0.0,,
bags_under_eyes,0.4787312064539787,0.42455078841217453,single,eyeglasses,lr,22,0.49972497249724973,-0.020993766043271023,,
bald,0.7916786226685797,0.8830224772835965,single,eyeglasses,lr,22,0.7916786226685797,0.0,,
bangs,0.7911371237458193,0.8759197324414716,single,eyeglasses,lr,22,0.7911371237458193,0.0,,
big_lips,0.5011830819284235,0.4831903776003155,single,eyeglasses,lr,22,0.49339445923296854,0.007788622695454994,,
big_nose,0.5940921823274764,0.6051056786350903,single,eyeglasses,lr,22,0.6038961038961039,-0.009803921568627527,,
black_hair,0.7624356775300172,0.8740351629502573,single,eyeglasses,lr,22,0.7624356775300172,0.0,,
blond_hair,0.8434650455927051,0.92016210739615,single,eyeglasses,lr,22,0.8239108409321175,0.01955420466058755,,
blurry,0.6926229508196722,0.7575136612021858,single,eyeglasses,lr,22,0.6905737704918034,0.002049180327868827,,
brown_hair,0.6731892920233727,0.8181818181818181,single,eyeglasses,lr,22,0.6731892920233727,0.0,,
bushy_eyebrows,0.5466666666666666,0.6304761904761905,single,eyeglasses,lr,22,0.5666666666666667,-0.020000000000000018,,
chubby,0.5684389140271493,0.6787330316742082,single,eyeglasses,lr,22,0.5684389140271493,0.0,,
double_chin,0.5815692469720906,0.6643496577145865,single,eyeglasses,lr,22,0.5791995787256451,0.0023696682464454666,,
eyeglasses,0.765625,0.90155029296875,single,eyeglasses,lr,22,0.890625,-0.125,,
goatee,0.6863132310496735,0.7724441743885767,single,eyeglasses,lr,22,0.6863132310496735,0.0,,
gray_hair,0.8084848484848486,0.8843290043290043,single,eyeglasses,lr,22,0.8106493506493506,-0.0021645021645020357,,
heavy_makeup,0.5393805309734514,0.5622418879056047,single,eyeglasses,lr,22,0.5327433628318584,0.006637168141592986,,
high_cheekbones,0.4845802398629354,0.38790532394187455,single,eyeglasses,lr,22,0.47804429215051714,0.006535947712418277,,
male,0.9733727810650887,0.9664694280078896,single,eyeglasses,lr,22,0.9733727810650887,0.0,,
mouth_slightly_open,0.5417487684729063,0.5637315270935961,single,eyeglasses,lr,22,0.5359605911330049,0.005788177339901446,,
mustache,0.7212699179140512,0.8352245292129407,single,eyeglasses,lr,22,0.7235634958957026,-0.002293577981651418,,
narrow_eyes,0.564516129032258,0.5453629032258064,single,eyeglasses,lr,22,0.5625,0.002016129032258007,,
no_beard,0.5822666367243057,0.5401601916311101,single,eyeglasses,lr,22,0.5822666367243057,0.0,,
oval_face,0.48116504854368936,0.4239805825242719,single,eyeglasses,lr,22,0.48116504854368936,0.0,,
pale_skin,0.5313969571230982,0.6829875518672199,single,eyeglasses,lr,22,0.5313969571230982,0.0,,
pointy_nose,0.4480252764612954,0.5153238546603476,single,eyeglasses,lr,22,0.4527646129541864,-0.004739336492890989,,
receding_hairline,0.5638655462184874,0.5755656108597285,single,eyeglasses,lr,22,0.540530058177117,0.023335488041370422,,
rosy_cheeks,0.6105691056910569,0.7089430894308943,single,eyeglasses,lr,22,0.6085365853658536,0.002032520325203291,,
sideburns,0.6825602968460112,0.7844155844155845,single,eyeglasses,lr,22,0.6846011131725418,-0.0020408163265306367,,
smiling,0.8575145393327211,0.9549433731251913,single,eyeglasses,lr,22,0.8533823079277625,0.004132231404958664,,
straight_hair,0.6159067882472138,0.6036474164133739,single,eyeglasses,lr,22,0.6095238095238096,0.006382978723404209,,
wavy_hair,0.5412589262099974,0.582473772370625,single,eyeglasses,lr,22,0.5412589262099974,0.0,,
wearing_earrings,0.6777444253859348,0.7204116638078902,single,eyeglasses,lr,22,0.6824614065180103,-0.004716981132075526,,
wearing_hat,0.8894550890066585,0.9313765457263216,single,eyeglasses,lr,22,0.9046066041581737,-0.015151515151515249,,
wearing_lipstick,0.44010416666666663,0.395751953125,single,eyeglasses,lr,22,0.421875,0.01822916666666663,,
wearing_necklace,0.5299207504447678,0.5280608119036067,single,eyeglasses,lr,22,0.5299207504447678,0.0,,
wearing_necktie,0.5631247686042207,0.6266814759965444,single,eyeglasses,lr,22,0.5631247686042207,0.0,,
young,0.7987665741597287,0.8891150169596053,single,eyeglasses,lr,22,0.8066604995374653,-0.007893925377736588,,
5_o_clock_shadow,0.5380747126436781,0.5784841954022988,single,eyeglasses,lr,23,0.5193965517241379,0.01867816091954022,,
arched_eyebrows,0.5498641143802434,0.5951790145338532,single,eyeglasses,lr,23,0.5626846272007562,-0.012820512820512775,,
attractive,0.50663139329806,0.5736155202821869,single,eyeglasses,lr,23,0.5037742504409171,0.0028571428571428914,,
bags_under_eyes,0.45773744041070774,0.4184085075174184,single,eyeglasses,lr,23,0.49972497249724973,-0.04198753208654199,,
bald,0.7916786226685797,0.887039693926351,single,eyeglasses,lr,23,0.7916786226685797,0.0,,
bangs,0.7911371237458193,0.8770903010033444,single,eyeglasses,lr,23,0.7911371237458193,0.0,,
big_lips,0.48560583653751355,0.4839790988859312,single,eyeglasses,lr,23,0.49339445923296854,-0.007788622695454994,,
big_nose,0.5826330532212886,0.618156353450471,single,eyeglasses,lr,23,0.6038961038961039,-0.021263050674815376,,
black_hair,0.7647941680960548,0.8719982847341339,single,eyeglasses,lr,23,0.7624356775300172,0.002358490566037652,,
blond_hair,0.8630192502532927,0.923404255319149,single,eyeglasses,lr,23,0.8239108409321175,0.03910840932117521,,
blurry,0.7342896174863388,0.7537568306010929,single,eyeglasses,lr,23,0.6905737704918034,0.04371584699453546,,
brown_hair,0.670947139557005,0.8194048104362006,single,eyeglasses,lr,23,0.6731892920233727,-0.0022421524663677195,,
bushy_eyebrows,0.6153246753246753,0.6593939393939394,single,eyeglasses,lr,23,0.5666666666666667,0.04865800865800862,,
chubby,0.575603318250377,0.6753393665158371,single,eyeglasses,lr,23,0.5684389140271493,0.007164404223227727,,
double_chin,0.5791995787256451,0.6617166929963139,single,eyeglasses,lr,23,0.5791995787256451,0.0,,
eyeglasses,0.61328125,0.67657470703125,single,eyeglasses,lr,23,0.890625,-0.27734375,,
goatee,0.6819079447060611,0.7774570864347562,single,eyeglasses,lr,23,0.6863132310496735,-0.004405286343612369,,
gray_hair,0.801991341991342,0.8916017316017316,single,eyeglasses,lr,23,0.8106493506493506,-0.008658008658008587,,
heavy_makeup,0.5371681415929204,0.552212389380531,single,eyeglasses,lr,23,0.5327433628318584,0.004424778761061954,,
high_cheekbones,0.4813122660067263,0.3955834761088902,single,eyeglasses,lr,23,0.47804429215051714,0.0032679738562091387,,
male,0.9733727810650887,0.9665374413385024,single,eyeglasses,lr,23,0.9733727810650887,0.0,,
mouth_slightly_open,0.5460591133004926,0.5619458128078818,single,eyeglasses,lr,23,0.5359605911330049,0.010098522167487745,,
mustache,0.7189763399323998,0.841743119266055,single,eyeglasses,lr,23,0.7235634958957026,-0.004587155963302725,,
narrow_eyes,0.5665322580645161,0.546875,single,eyeglasses,lr,23,0.5625,0.0040322580645161255,,
no_beard,0.5822666367243057,0.5424058687027472,single,eyeglasses,lr,23,0.5822666367243057,0.0,,
oval_face,0.48116504854368936,0.429126213592233,single,eyeglasses,lr,23,0.48116504854368936,0.0,,
pale_skin,0.5334716459197787,0.6810511756569848,single,eyeglasses,lr,23,0.5313969571230982,0.0020746887966804906,,
pointy_nose,0.4503949447077409,0.5121642969984203,single,eyeglasses,lr,23,0.4527646129541864,-0.002369668246445522,,
receding_hairline,0.5638655462184874,0.5765998707175177,single,eyeglasses,lr,23,0.540530058177117,0.023335488041370422,,
rosy_cheeks,0.6105691056910569,0.7126016260162602,single,eyeglasses,lr,23,0.6085365853658536,0.002032520325203291,,
sideburns,0.6784786641929499,0.7896103896103895,single,eyeglasses,lr,23,0.6846011131725418,-0.00612244897959191,,
smiling,0.8575145393327211,0.9550658096112642,single,eyeglasses,lr,23,0.8533823079277625,0.004132231404958664,,
straight_hair,0.6137791286727456,0.6044579533941237,single,eyeglasses,lr,23,0.6095238095238096,0.004255319148936065,,
wavy_hair,0.5412589262099974,0.5830908930618002,single,eyeglasses,lr,23,0.5412589262099974,0.0,,
wearing_earrings,0.6801029159519726,0.7193396226415095,single,eyeglasses,lr,23,0.6824614065180103,-0.002358490566037763,,
wearing_hat,0.8743035738551433,0.9345019703764098,single,eyeglasses,lr,23,0.9046066041581737,-0.030303030303030387,,
wearing_lipstick,0.44791666666666663,0.41186523437500006,single,eyeglasses,lr,23,0.421875,0.02604166666666663,,
wearing_necklace,0.5277373443312308,0.5309720200549894,single,eyeglasses,lr,23,0.5299207504447678,-0.0021834061135370675,,
wearing_necktie,0.5631247686042207,0.6274219424904356,single,eyeglasses,lr,23,0.5631247686042207,0.0,,
young,0.8058587727412889,0.8875115633672526,single,eyeglasses,lr,23,0.8066604995374653,-0.0008017267961764052,,
5_o_clock_shadow,0.5193965517241379,0.5707614942528736,single,eyeglasses,pclarc,0,0.5193965517241379,0.0,,
arched_eyebrows,0.5521682618456811,0.598369372562921,single,eyeglasses,pclarc,0,0.5626846272007562,-0.010516365355075052,,
attractive,0.5037742504409171,0.5737566137566138,single,eyeglasses,pclarc,0,0.5037742504409171,0.0,,
bags_under_eyes,0.4904657132379905,0.43115144847818115,single,eyeglasses,pclarc,0,0.49972497249724973,-0.009259259259259245,,
bald,0.7916786226685797,0.8853180296508848,single,eyeglasses,pclarc,0,0.7916786226685797,0.0,,
bangs,0.7889632107023412,0.8759197324414716,single,eyeglasses,pclarc,0,0.7911371237458193,-0.0021739130434781373,,
big_lips,0.4885635413585724,0.4779650990831115,single,eyeglasses,pclarc,0,0.49339445923296854,-0.004830917874396157,,
big_nose,0.6038961038961039,0.6025592055003819,single,eyeglasses,pclarc,0,0.6038961038961039,0.0,,
black_hair,0.7624356775300172,0.8757504288164666,single,eyeglasses,pclarc,0,0.7624356775300172,0.0,,
blond_hair,0.8239108409321175,0.9171225937183385,single,eyeglasses,pclarc,0,0.8239108409321175,0.0,,
blurry,0.6905737704918034,0.7585382513661203,single,eyeglasses,pclarc,0,0.6905737704918034,0.0,,
brown_hair,0.6731892920233727,0.818725370294877,single,eyeglasses,pclarc,0,0.6731892920233727,0.0,,
bushy_eyebrows,0.5666666666666667,0.6062337662337662,single,eyeglasses,pclarc,0,0.5666666666666667,0.0,,
chubby,0.5708898944193062,0.6794871794871795,single,eyeglasses,pclarc,0,0.5684389140271493,0.002450980392156854,,
double_chin,0.574460242232754,0.6626645602948921,single,eyeglasses,pclarc,0,0.5791995787256451,-0.004739336492891044,,
eyeglasses,0.89453125,0.95654296875,single,eyeglasses,pclarc,0,0.890625,0.00390625,,
goatee,0.6863132310496735,0.7730518000911438,single,eyeglasses,pclarc,0,0.6863132310496735,0.0,,
gray_hair,0.8084848484848486,0.8843290043290043,single,eyeglasses,pclarc,0,0.8106493506493506,-0.0021645021645020357,,
heavy_makeup,0.5349557522123893,0.5452802359882006,single,eyeglasses,pclarc,0,0.5327433628318584,0.0022123893805309214,,
high_cheekbones,0.47804429215051714,0.37806967447173045,single,eyeglasses,pclarc,0,0.47804429215051714,0.0,,
male,0.9733727810650887,0.9662653880160511,single,eyeglasses,pclarc,0,0.9733727810650887,0.0,,
mouth_slightly_open,0.5359605911330049,0.5602832512315271,single,eyeglasses,pclarc,0,0.5359605911330049,0.0,,
mustache,0.7235634958957026,0.8324480927088364,single,eyeglasses,pclarc,0,0.7235634958957026,0.0,,
narrow_eyes,0.5625,0.5362903225806451,single,eyeglasses,pclarc,0,0.5625,0.0,,
no_beard,0.5822666367243057,0.5428550041170747,single,eyeglasses,pclarc,0,0.5822666367243057,0.0,,
oval_face,0.48116504854368936,0.4255339805825243,single,eyeglasses,pclarc,0,0.48116504854368936,0.0,,
pale_skin,0.5334716459197787,0.6802213001383126,single,eyeglasses,pclarc,0,0.5313969571230982,0.0020746887966804906,,
pointy_nose,0.4527646129541864,0.5144813059505002,single,eyeglasses,pclarc,0,0.4527646129541864,0.0,,
receding_hairline,0.5285067873303168,0.5712992889463477,single,eyeglasses,pclarc,0,0.540530058177117,-0.012023270846800216,,
rosy_cheeks,0.6085365853658536,0.7085365853658536,single,eyeglasses,pclarc,0,0.6085365853658536,0.0,,
sideburns,0.6846011131725418,0.7851576994434138,single,eyeglasses,pclarc,0,0.6846011131725418,0.0,,
smiling,0.8533823079277625,0.9554331190694827,single,eyeglasses,pclarc,0,0.8533823079277625,0.0,,
straight_hair,0.6137791286727456,0.6052684903748733,single,eyeglasses,pclarc,0,0.6095238095238096,0.004255319148936065,,
wavy_hair,0.5412589262099974,0.5822092920744071,single,eyeglasses,pclarc,0,0.5412589262099974,0.0,,
wearing_earrings,0.6687392795883362,0.7220197255574614,single,eyeglasses,pclarc,0,0.6824614065180103,-0.013722126929674117,,
wearing_hat,0.9046066041581737,0.9317842098111155,single,eyeglasses,pclarc,0,0.9046066041581737,0.0,,
wearing_lipstick,0.43229166666666663,0.388916015625,single,eyeglasses,pclarc,0,0.421875,0.01041666666666663,,
wearing_necklace,0.5299207504447678,0.5262817402555393,single,eyeglasses,pclarc,0,0.5299207504447678,0.0,,
wearing_necktie,0.5473281500678762,0.6237196100209799,single,eyeglasses,pclarc,0,0.5631247686042207,-0.01579661853634451,,
young,0.8066604995374653,0.8901017576318224,single,eyeglasses,pclarc,0,0.8066604995374653,0.0,,
5_o_clock_shadow,0.5193965517241379,0.5705818965517241,single,eyeglasses,pclarc,1,0.5193965517241379,0.0,,
arched_eyebrows,0.5672929221316318,0.598487533971405,single,eyeglasses,pclarc,1,0.5626846272007562,0.004608294930875667,,
attractive,0.5037742504409171,0.5738271604938272,single,eyeglasses,pclarc,1,0.5037742504409171,0.0,,
bags_under_eyes,0.4904657132379905,0.4321598826549321,single,eyeglasses,pclarc,1,0.49972497249724973,-0.009259259259259245,,
bald,0.8014825442372071,0.8850310856049737,single,eyeglasses,pclarc,1,0.7916786226685797,0.009803921568627416,,
bangs,0.7889632107023412,0.8760869565217391,single,eyeglasses,pclarc,1,0.7911371237458193,-0.0021739130434781373,,
big_lips,0.4885635413585724,0.4774721482796017,single,eyeglasses,pclarc,1,0.49339445923296854,-0.004830917874396157,,
big_nose,0.6038961038961039,0.6026228673287497,single,eyeglasses,pclarc,1,0.6038961038961039,0.0,,
black_hair,0.7624356775300172,0.8760720411663808,single,eyeglasses,pclarc,1,0.7624356775300172,0.0,,
blond_hair,0.8239108409321175,0.9177304964539007,single,eyeglasses,pclarc,1,0.8239108409321175,0.0,,
blurry,0.6926229508196722,0.7534153005464481,single,eyeglasses,pclarc,1,0.6905737704918034,0.002049180327868827,,
brown_hair,0.6754314444897405,0.8200842505775241,single,eyeglasses,pclarc,1,0.6731892920233727,0.0022421524663677195,,
bushy_eyebrows,0.5666666666666667,0.6055411255411255,single,eyeglasses,pclarc,1,0.5666666666666667,0.0,,
chubby,0.5684389140271493,0.679392911010558,single,eyeglasses,pclarc,1,0.5684389140271493,0.0,,
double_chin,0.5768299104791996,0.664033701948394,single,eyeglasses,pclarc,1,0.5791995787256451,-0.0023696682464454666,,
eyeglasses,0.890625,0.95635986328125,single,eyeglasses,pclarc,1,0.890625,0.0,,
goatee,0.6863132310496735,0.7730518000911438,single,eyeglasses,pclarc,1,0.6863132310496735,0.0,,
gray_hair,0.8106493506493506,0.8850216450216449,single,eyeglasses,pclarc,1,0.8106493506493506,0.0,,
heavy_makeup,0.5349557522123893,0.5451327433628319,single,eyeglasses,pclarc,1,0.5327433628318584,0.0022123893805309214,,
high_cheekbones,0.47804429215051714,0.3784504092899295,single,eyeglasses,pclarc,1,0.47804429215051714,0.0,,
male,0.9733727810650887,0.9664694280078896,single,eyeglasses,pclarc,1,0.9733727810650887,0.0,,
mouth_slightly_open,0.5323891625615763,0.5594827586206897,single,eyeglasses,pclarc,1,0.5359605911330049,-0.0035714285714285587,,
mustache,0.7235634958957026,0.8336552390149686,single,eyeglasses,pclarc,1,0.7235634958957026,0.0,,
narrow_eyes,0.564516129032258,0.5393145161290323,single,eyeglasses,pclarc,1,0.5625,0.002016129032258007,,
no_beard,0.5822666367243057,0.5423310128003593,single,eyeglasses,pclarc,1,0.5822666367243057,0.0,,
oval_face,0.48116504854368936,0.4260194174757282,single,eyeglasses,pclarc,1,0.48116504854368936,0.0,,
pale_skin,0.5313969571230982,0.6827109266943292,single,eyeglasses,pclarc,1,0.5313969571230982,0.0,,
pointy_nose,0.4480252764612954,0.513638757240653,single,eyeglasses,pclarc,1,0.4527646129541864,-0.004739336492890989,,
receding_hairline,0.5262443438914027,0.572721396250808,single,eyeglasses,pclarc,1,0.540530058177117,-0.014285714285714235,,
rosy_cheeks,0.6085365853658536,0.7069105691056911,single,eyeglasses,pclarc,1,0.6085365853658536,0.0,,
sideburns,0.6805194805194805,0.7844155844155845,single,eyeglasses,pclarc,1,0.6846011131725418,-0.004081632653061273,,
smiling,0.8533823079277625,0.9548821548821549,single,eyeglasses,pclarc,1,0.8533823079277625,0.0,,
straight_hair,0.6116514690982776,0.6042553191489362,single,eyeglasses,pclarc,1,0.6095238095238096,0.0021276595744680327,,
wavy_hair,0.5412589262099974,0.582738252666843,single,eyeglasses,pclarc,1,0.5412589262099974,0.0,,
wearing_earrings,0.684819897084048,0.7194468267581475,single,eyeglasses,pclarc,1,0.6824614065180103,0.002358490566037652,,
wearing_hat,0.9046066041581737,0.9315124337545863,single,eyeglasses,pclarc,1,0.9046066041581737,0.0,,
wearing_lipstick,0.43489583333333337,0.38989257812500006,single,eyeglasses,pclarc,1,0.421875,0.01302083333333337,,
wearing_necklace,0.5135856380397865,0.5241792010350962,single,eyeglasses,pclarc,1,0.5299207504447678,-0.01633511240498131,,
wearing_necktie,0.5496112550907072,0.6235961989386647,single,eyeglasses,pclarc,1,0.5631247686042207,-0.013513513513513487,,
young,0.8102065988282454,0.8893617021276596,single,eyeglasses,pclarc,1,0.8066604995374653,0.0035460992907800915,,
5_o_clock_shadow,0.5150862068965517,0.569683908045977,single,eyeglasses,pclarc,2,0.5193965517241379,-0.004310344827586188,,
arched_eyebrows,0.554472409311119,0.5991965024223089,single,eyeglasses,pclarc,2,0.5626846272007562,-0.008212217889637219,,
attractive,0.5037742504409171,0.5719223985890652,single,eyeglasses,pclarc,2,0.5037742504409171,0.0,,
bags_under_eyes,0.49972497249724973,0.42995966263292995,single,eyeglasses,pclarc,2,0.49972497249724973,0.0,,
bald,0.7916786226685797,0.884648493543759,single,eyeglasses,pclarc,2,0.7916786226685797,0.0,,
bangs,0.7889632107023412,0.8760869565217391,single,eyeglasses,pclarc,2,0.7911371237458193,-0.0021739130434781373,,
big_lips,0.4885635413585724,0.4781622794045154,single,eyeglasses,pclarc,2,0.49339445923296854,-0.004830917874396157,,
big_nose,0.6038961038961039,0.6024318818436465,single,eyeglasses,pclarc,2,0.6038961038961039,0.0,,
black_hair,0.7624356775300172,0.8756432246998286,single,eyeglasses,pclarc,2,0.7624356775300172,0.0,,
blond_hair,0.8239108409321175,0.9185410334346505,single,eyeglasses,pclarc,2,0.8239108409321175,0.0,,
blurry,0.6926229508196722,0.7558060109289617,single,eyeglasses,pclarc,2,0.6905737704918034,0.002049180327868827,,
brown_hair,0.6731892920233727,0.8200842505775241,single,eyeglasses,pclarc,2,0.6731892920233727,0.0,,
bushy_eyebrows,0.5666666666666667,0.608831168831169,single,eyeglasses,pclarc,2,0.5666666666666667,0.0,,
chubby,0.5684389140271493,0.6801470588235294,single,eyeglasses,pclarc,2,0.5684389140271493,0.0,,
double_chin,0.5768299104791996,0.6623486045286993,single,eyeglasses,pclarc,2,0.5791995787256451,-0.0023696682464454666,,
eyeglasses,0.890625,0.9560546875,single,eyeglasses,pclarc,2,0.890625,0.0,,
goatee,0.6885158742214795,0.7738113322193528,single,eyeglasses,pclarc,2,0.6863132310496735,0.0022026431718060735,,
gray_hair,0.8128138528138529,0.8855411255411255,single,eyeglasses,pclarc,2,0.8106493506493506,0.0021645021645022577,,
heavy_makeup,0.5349557522123893,0.5448377581120945,single,eyeglasses,pclarc,2,0.5327433628318584,0.0022123893805309214,,
high_cheekbones,0.4813122660067263,0.37768893965353134,single,eyeglasses,pclarc,2,0.47804429215051714,0.0032679738562091387,,
male,0.9733727810650887,0.9664694280078895,single,eyeglasses,pclarc,2,0.9733727810650887,0.0,,
mouth_slightly_open,0.5366995073891626,0.5584359605911331,single,eyeglasses,pclarc,2,0.5359605911330049,0.00073891625615774,,
mustache,0.7235634958957026,0.8332327378078224,single,eyeglasses,pclarc,2,0.7235634958957026,0.0,,
narrow_eyes,0.5625,0.5378024193548387,single,eyeglasses,pclarc,2,0.5625,0.0,,
no_beard,0.5822666367243057,0.5438281308481174,single,eyeglasses,pclarc,2,0.5822666367243057,0.0,,
oval_face,0.48116504854368936,0.4261165048543689,single,eyeglasses,pclarc,2,0.48116504854368936,0.0,,
pale_skin,0.5313969571230982,0.6810511756569848,single,eyeglasses,pclarc,2,0.5313969571230982,0.0,,
pointy_nose,0.4480252764612954,0.5157451290152713,single,eyeglasses,pclarc,2,0.4527646129541864,-0.004739336492890989,,
receding_hairline,0.5285067873303168,0.5741435035552683,single,eyeglasses,pclarc,2,0.540530058177117,-0.012023270846800216,,
rosy_cheeks,0.6085365853658536,0.7105691056910569,single,eyeglasses,pclarc,2,0.6085365853658536,0.0,,
sideburns,0.6846011131725418,0.7855287569573285,single,eyeglasses,pclarc,2,0.6846011131725418,0.0,,
smiling,0.8533823079277625,0.9548821548821549,single,eyeglasses,pclarc,2,0.8533823079277625,0.0,,
straight_hair,0.6073961499493414,0.6034447821681864,single,eyeglasses,pclarc,2,0.6095238095238096,-0.0021276595744681437,,
wavy_hair,0.5412589262099974,0.5832672132592788,single,eyeglasses,pclarc,2,0.5412589262099974,0.0,,
wearing_earrings,0.6710977701543739,0.720197255574614,single,eyeglasses,pclarc,2,0.6824614065180103,-0.011363636363636465,,
wearing_hat,0.9046066041581737,0.930697105584998,single,eyeglasses,pclarc,2,0.9046066041581737,0.0,,
wearing_lipstick,0.42447916666666663,0.3890787760416667,single,eyeglasses,pclarc,2,0.421875,0.0026041666666666297,,
wearing_necklace,0.5255539382176937,0.524987869966036,single,eyeglasses,pclarc,2,0.5299207504447678,-0.004366812227074135,,
wearing_necktie,0.5473281500678762,0.6210045662100456,single,eyeglasses,pclarc,2,0.5631247686042207,-0.01579661853634451,,
young,0.8031144002466852,0.8900400863398088,single,eyeglasses,pclarc,2,0.8066604995374653,-0.0035460992907800915,,
5_o_clock_shadow,0.5193965517241379,0.5705818965517242,single,eyeglasses,pclarc,3,0.5193965517241379,0.0,,
arched_eyebrows,0.564988774666194,0.597896726928985,single,eyeglasses,pclarc,3,0.5626846272007562,0.0023041474654378336,,
attractive,0.5037742504409171,0.5722045855379188,single,eyeglasses,pclarc,3,0.5037742504409171,0.0,,
bags_under_eyes,0.4904657132379905,0.43078474514118076,single,eyeglasses,pclarc,3,0.49972497249724973,-0.009259259259259245,,
bald,0.7916786226685797,0.8847441415590627,single,eyeglasses,pclarc,3,0.7916786226685797,0.0,,
bangs,0.7933110367892977,0.8765886287625417,single,eyeglasses,pclarc,3,0.7911371237458193,0.0021739130434783593,,
big_lips,0.49097900029577046,0.4770777876367938,single,eyeglasses,pclarc,3,0.49339445923296854,-0.0024154589371980784,,
big_nose,0.6038961038961039,0.6024955436720143,single,eyeglasses,pclarc,3,0.6038961038961039,0.0,,
black_hair,0.7624356775300172,0.8738207547169812,single,eyeglasses,pclarc,3,0.7624356775300172,0.0,,
blond_hair,0.8260385005065856,0.9181357649442756,single,eyeglasses,pclarc,3,0.8239108409321175,0.0021276595744680327,,
blurry,0.6926229508196722,0.7544398907103825,single,eyeglasses,pclarc,3,0.6905737704918034,0.002049180327868827,,
brown_hair,0.6754314444897405,0.8180459301535534,single,eyeglasses,pclarc,3,0.6731892920233727,0.0022421524663677195,,
bushy_eyebrows,0.5688311688311689,0.6074458874458875,single,eyeglasses,pclarc,3,0.5666666666666667,0.0021645021645022577,,
chubby,0.5684389140271493,0.6792986425339367,single,eyeglasses,pclarc,3,0.5684389140271493,0.0,,
double_chin,0.5791995787256451,0.6625592417061611,single,eyeglasses,pclarc,3,0.5791995787256451,0.0,,
eyeglasses,0.890625,0.95672607421875,single,eyeglasses,pclarc,3,0.890625,0.0,,
goatee,0.6863132310496735,0.7741151450706365,single,eyeglasses,pclarc,3,0.6863132310496735,0.0,,
gray_hair,0.8106493506493506,0.8853679653679654,single,eyeglasses,pclarc,3,0.8106493506493506,0.0,,
heavy_makeup,0.5349557522123893,0.5463126843657817,single,eyeglasses,pclarc,3,0.5327433628318584,0.0022123893805309214,,
high_cheekbones,0.47804429215051714,0.37756202804746497,single,eyeglasses,pclarc,3,0.47804429215051714,0.0,,
male,0.9733727810650887,0.9661973746854383,single,eyeglasses,pclarc,3,0.9733727810650887,0.0,,
mouth_slightly_open,0.5410098522167488,0.5586206896551724,single,eyeglasses,pclarc,3,0.5359605911330049,0.005049261083743928,,
mustache,0.7235634958957026,0.8329309512312892,single,eyeglasses,pclarc,3,0.7235634958957026,0.0,,
narrow_eyes,0.5625,0.5388104838709677,single,eyeglasses,pclarc,3,0.5625,0.0,,
no_beard,0.5822666367243057,0.5427801482146868,single,eyeglasses,pclarc,3,0.5822666367243057,0.0,,
oval_face,0.48116504854368936,0.4248543689320389,single,eyeglasses,pclarc,3,0.48116504854368936,0.0,,
pale_skin,0.5313969571230982,0.6802213001383126,single,eyeglasses,pclarc,3,0.5313969571230982,0.0,,
pointy_nose,0.4527646129541864,0.5139020537124803,single,eyeglasses,pclarc,3,0.4527646129541864,0.0,,
receding_hairline,0.5285067873303168,0.5738849385908209,single,eyeglasses,pclarc,3,0.540530058177117,-0.012023270846800216,,
rosy_cheeks,0.6085365853658536,0.7081300813008131,single,eyeglasses,pclarc,3,0.6085365853658536,0.0,,
sideburns,0.6846011131725418,0.7836734693877551,single,eyeglasses,pclarc,3,0.6846011131725418,0.0,,
smiling,0.8533823079277625,0.9552494643403735,single,eyeglasses,pclarc,3,0.8533823079277625,0.0,,
straight_hair,0.6116514690982776,0.6054711246200608,single,eyeglasses,pclarc,3,0.6095238095238096,0.0021276595744680327,,
wavy_hair,0.5412589262099974,0.5834435334567575,single,eyeglasses,pclarc,3,0.5412589262099974,0.0,,
wearing_earrings,0.6824614065180103,0.7211620926243568,single,eyeglasses,pclarc,3,0.6824614065180103,0.0,,
wearing_hat,0.9046066041581737,0.9313765457263214,single,eyeglasses,pclarc,3,0.9046066041581737,0.0,,
wearing_lipstick,0.43229166666666663,0.38916015625,single,eyeglasses,pclarc,3,0.421875,0.01041666666666663,,
wearing_necklace,0.5255539382176937,0.5235322658903444,single,eyeglasses,pclarc,3,0.5299207504447678,-0.004366812227074135,,
wearing_necktie,0.5473281500678762,0.6229791435270887,single,eyeglasses,pclarc,3,0.5631247686042207,-0.01579661853634451,,
young,0.8031144002466852,0.8894233734196731,single,eyeglasses,pclarc,3,0.8066604995374653,-0.0035460992907800915,,
5_o_clock_shadow,0.5193965517241379,0.5686063218390804,single,eyeglasses,pclarc,4,0.5193965517241379,0.0,,
arched_eyebrows,0.5567765567765568,0.5982512111544369,single,eyeglasses,pclarc,4,0.5626846272007562,-0.005908070424199385,,
attractive,0.5037742504409171,0.5719929453262786,single,eyeglasses,pclarc,4,0.5037742504409171,0.0,,
bags_under_eyes,0.4812064539787312,0.43225155848918223,single,eyeglasses,pclarc,4,0.49972497249724973,-0.018518518518518545,,
bald,0.7916786226685797,0.8847441415590627,single,eyeglasses,pclarc,4,0.7916786226685797,0.0,,
bangs,0.7933110367892977,0.8762541806020068,single,eyeglasses,pclarc,4,0.7911371237458193,0.0021739130434783593,,
big_lips,0.49097900029577046,0.47816227940451544,single,eyeglasses,pclarc,4,0.49339445923296854,-0.0024154589371980784,,
big_nose,0.6006493506493507,0.6026865291571174,single,eyeglasses,pclarc,4,0.6038961038961039,-0.0032467532467532756,,
black_hair,0.7624356775300172,0.8757504288164666,single,eyeglasses,pclarc,4,0.7624356775300172,0.0,,
blond_hair,0.8260385005065856,0.9177304964539007,single,eyeglasses,pclarc,4,0.8239108409321175,0.0021276595744680327,,
blurry,0.6905737704918034,0.7493169398907104,single,eyeglasses,pclarc,4,0.6905737704918034,0.0,,
brown_hair,0.6731892920233727,0.8180459301535534,single,eyeglasses,pclarc,4,0.6731892920233727,0.0,,
bushy_eyebrows,0.5688311688311689,0.6081385281385282,single,eyeglasses,pclarc,4,0.5666666666666667,0.0021645021645022577,,
chubby,0.5684389140271493,0.6792043740573153,single,eyeglasses,pclarc,4,0.5684389140271493,0.0,,
double_chin,0.5768299104791996,0.6631911532385467,single,eyeglasses,pclarc,4,0.5791995787256451,-0.0023696682464454666,,
eyeglasses,0.89453125,0.95648193359375,single,eyeglasses,pclarc,4,0.890625,0.00390625,,
goatee,0.6885158742214795,0.7718365486860094,single,eyeglasses,pclarc,4,0.6863132310496735,0.0022026431718060735,,
gray_hair,0.8106493506493506,0.885021645021645,single,eyeglasses,pclarc,4,0.8106493506493506,0.0,,
heavy_makeup,0.5371681415929204,0.5464601769911505,single,eyeglasses,pclarc,4,0.5327433628318584,0.004424778761061954,,
high_cheekbones,0.47804429215051714,0.3778793070626309,single,eyeglasses,pclarc,4,0.47804429215051714,0.0,,
male,0.9733727810650887,0.9666054546691151,single,eyeglasses,pclarc,4,0.9733727810650887,0.0,,
mouth_slightly_open,0.5323891625615763,0.5594211822660099,single,eyeglasses,pclarc,4,0.5359605911330049,-0.0035714285714285587,,
mustache,0.7235634958957026,0.832810236600676,single,eyeglasses,pclarc,4,0.7235634958957026,0.0,,
narrow_eyes,0.5625,0.5463709677419355,single,eyeglasses,pclarc,4,0.5625,0.0,,
no_beard,0.5754173216558126,0.5427801482146867,single,eyeglasses,pclarc,4,0.5822666367243057,-0.006849315068493067,,
oval_face,0.48116504854368936,0.4263106796116505,single,eyeglasses,pclarc,4,0.48116504854368936,0.0,,
pale_skin,0.5334716459197787,0.6774550484094053,single,eyeglasses,pclarc,4,0.5313969571230982,0.0020746887966804906,,
pointy_nose,0.4527646129541864,0.5152185360716166,single,eyeglasses,pclarc,4,0.4527646129541864,0.0,,
receding_hairline,0.5285067873303168,0.5732385261797026,single,eyeglasses,pclarc,4,0.540530058177117,-0.012023270846800216,,
rosy_cheeks,0.6085365853658536,0.7097560975609756,single,eyeglasses,pclarc,4,0.6085365853658536,0.0,,
sideburns,0.6825602968460112,0.7836734693877551,single,eyeglasses,pclarc,4,0.6846011131725418,-0.0020408163265306367,,
smiling,0.8533823079277625,0.9547597183960821,single,eyeglasses,pclarc,4,0.8533823079277625,0.0,,
straight_hair,0.6095238095238096,0.6066869300911855,single,eyeglasses,pclarc,4,0.6095238095238096,0.0,,
wavy_hair,0.5412589262099974,0.5837080137529754,single,eyeglasses,pclarc,4,0.5412589262099974,0.0,,
wearing_earrings,0.6734562607204116,0.7191252144082333,single,eyeglasses,pclarc,4,0.6824614065180103,-0.009005145797598701,,
wearing_hat,0.9046066041581737,0.931104769669792,single,eyeglasses,pclarc,4,0.9046066041581737,0.0,,
wearing_lipstick,0.43229166666666663,0.38671875,single,eyeglasses,pclarc,4,0.421875,0.01041666666666663,,
wearing_necklace,0.5233705321041565,0.5240174672489082,single,eyeglasses,pclarc,4,0.5299207504447678,-0.0065502183406113135,,
wearing_necktie,0.5608416635813895,0.625077131926447,single,eyeglasses,pclarc,4,0.5631247686042207,-0.0022831050228311334,,
young,0.8066604995374653,0.8901634289238359,single,eyeglasses,pclarc,4,0.8066604995374653,0.0,,
5_o_clock_shadow,0.5172413793103448,0.5686063218390804,single,eyeglasses,pclarc,5,0.5193965517241379,-0.0021551724137931494,,
arched_eyebrows,0.5695970695970696,0.5987238567883729,single,eyeglasses,pclarc,5,0.5626846272007562,0.00691244239631339,,
attractive,0.5037742504409171,0.571005291005291,single,eyeglasses,pclarc,5,0.5037742504409171,0.0,,
bags_under_eyes,0.4812064539787312,0.43325999266593324,single,eyeglasses,pclarc,5,0.49972497249724973,-0.018518518518518545,,
bald,0.8014825442372071,0.884361549497848,single,eyeglasses,pclarc,5,0.7916786226685797,0.009803921568627416,,
bangs,0.7933110367892977,0.8765886287625418,single,eyeglasses,pclarc,5,0.7911371237458193,0.0021739130434783593,,
big_lips,0.4885635413585724,0.47944395149364094,single,eyeglasses,pclarc,5,0.49339445923296854,-0.004830917874396157,,
big_nose,0.5941558441558441,0.602113572701808,single,eyeglasses,pclarc,5,0.6038961038961039,-0.009740259740259827,,
black_hair,0.7624356775300172,0.8755360205831904,single,eyeglasses,pclarc,5,0.7624356775300172,0.0,,
blond_hair,0.8239108409321175,0.9173252279635258,single,eyeglasses,pclarc,5,0.8239108409321175,0.0,,
blurry,0.694672131147541,0.7472677595628415,single,eyeglasses,pclarc,5,0.6905737704918034,0.004098360655737654,,
brown_hair,0.6754314444897405,0.8179100421252888,single,eyeglasses,pclarc,5,0.6731892920233727,0.0022421524663677195,,
bushy_eyebrows,0.5688311688311689,0.607965367965368,single,eyeglasses,pclarc,5,0.5666666666666667,0.0021645021645022577,,
chubby,0.5780542986425339,0.680052790346908,single,eyeglasses,pclarc,5,0.5684389140271493,0.009615384615384581,,
double_chin,0.574460242232754,0.6617166929963137,single,eyeglasses,pclarc,5,0.5791995787256451,-0.004739336492891044,,
eyeglasses,0.89453125,0.9560546875,single,eyeglasses,pclarc,5,0.890625,0.00390625,,
goatee,0.6885158742214795,0.7741151450706365,single,eyeglasses,pclarc,5,0.6863132310496735,0.0022026431718060735,,
gray_hair,0.8106493506493506,0.8853679653679654,single,eyeglasses,pclarc,5,0.8106493506493506,0.0,,
heavy_makeup,0.5327433628318584,0.5470501474926254,single,eyeglasses,pclarc,5,0.5327433628318584,0.0,,
high_cheekbones,0.47804429215051714,0.37895805571419505,single,eyeglasses,pclarc,5,0.47804429215051714,0.0,,
male,0.9733727810650887,0.9673536013058559,single,eyeglasses,pclarc,5,0.9733727810650887,0.0,,
mouth_slightly_open,0.5331280788177339,0.5572660098522167,single,eyeglasses,pclarc,5,0.5359605911330049,-0.0028325123152709297,,
mustache,0.7235634958957026,0.833293095123129,single,eyeglasses,pclarc,5,0.7235634958957026,0.0,,
narrow_eyes,0.5625,0.5463709677419355,single,eyeglasses,pclarc,5,0.5625,0.0,,
no_beard,0.5822666367243057,0.54337899543379,single,eyeglasses,pclarc,5,0.5822666367243057,0.0,,
oval_face,0.48116504854368936,0.42796116504854365,single,eyeglasses,pclarc,5,0.48116504854368936,0.0,,
pale_skin,0.5313969571230982,0.6771784232365146,single,eyeglasses,pclarc,5,0.5313969571230982,0.0,,
pointy_nose,0.4527646129541864,0.5141653501843075,single,eyeglasses,pclarc,5,0.4527646129541864,0.0,,
receding_hairline,0.5352941176470588,0.572333548804137,single,eyeglasses,pclarc,5,0.540530058177117,-0.0052359405300581585,,
rosy_cheeks,0.6044715447154472,0.7101626016260162,single,eyeglasses,pclarc,5,0.6085365853658536,-0.004065040650406471,,
sideburns,0.6825602968460112,0.7855287569573285,single,eyeglasses,pclarc,5,0.6846011131725418,-0.0020408163265306367,,
smiling,0.8533823079277625,0.9550045913682277,single,eyeglasses,pclarc,5,0.8533823079277625,0.0,,
straight_hair,0.6095238095238096,0.609726443768997,single,eyeglasses,pclarc,5,0.6095238095238096,0.0,,
wavy_hair,0.5412589262099974,0.5826500925681036,single,eyeglasses,pclarc,5,0.5412589262099974,0.0,,
wearing_earrings,0.6687392795883362,0.7169811320754718,single,eyeglasses,pclarc,5,0.6824614065180103,-0.013722126929674117,,
wearing_hat,0.9046066041581737,0.9317842098111156,single,eyeglasses,pclarc,5,0.9046066041581737,0.0,,
wearing_lipstick,0.43489583333333337,0.3848470052083333,single,eyeglasses,pclarc,5,0.421875,0.01302083333333337,,
wearing_necklace,0.5255539382176937,0.5264434740417274,single,eyeglasses,pclarc,5,0.5299207504447678,-0.004366812227074135,,
wearing_necktie,0.5608416635813895,0.6260644205849686,single,eyeglasses,pclarc,5,0.5631247686042207,-0.0022831050228311334,,
young,0.8066604995374653,0.8889916743755781,single,eyeglasses,pclarc,5,0.8066604995374653,0.0,,
5_o_clock_shadow,0.5172413793103448,0.5705818965517241,single,eyeglasses,pclarc,6,0.5193965517241379,-0.0021551724137931494,,
arched_eyebrows,0.5567765567765568,0.5964787900271771,single,eyeglasses,pclarc,6,0.5626846272007562,-0.005908070424199385,,
attractive,0.5037742504409171,0.5695238095238094,single,eyeglasses,pclarc,6,0.5037742504409171,0.0,,
bags_under_eyes,0.4812064539787312,0.43344334433443343,single,eyeglasses,pclarc,6,0.49972497249724973,-0.018518518518518545,,
bald,0.8014825442372071,0.8837876614060259,single,eyeglasses,pclarc,6,0.7916786226685797,0.009803921568627416,,
bangs,0.7933110367892977,0.8769230769230769,single,eyeglasses,pclarc,6,0.7911371237458193,0.0021739130434783593,,
big_lips,0.48614808242137436,0.47619047619047616,single,eyeglasses,pclarc,6,0.49339445923296854,-0.00724637681159418,,
big_nose,0.5974025974025974,0.6028775146422205,single,eyeglasses,pclarc,6,0.6038961038961039,-0.006493506493506551,,
black_hair,0.7624356775300172,0.8763936535162951,single,eyeglasses,pclarc,6,0.7624356775300172,0.0,,
blond_hair,0.8239108409321175,0.9167173252279635,single,eyeglasses,pclarc,6,0.8239108409321175,0.0,,
blurry,0.694672131147541,0.7441939890710383,single,eyeglasses,pclarc,6,0.6905737704918034,0.004098360655737654,,
brown_hair,0.6731892920233727,0.8161434977578476,single,eyeglasses,pclarc,6,0.6731892920233727,0.0,,
bushy_eyebrows,0.5688311688311689,0.6077922077922078,single,eyeglasses,pclarc,6,0.5666666666666667,0.0021645021645022577,,
chubby,0.5684389140271493,0.6796757164404222,single,eyeglasses,pclarc,6,0.5684389140271493,0.0,,
double_chin,0.574460242232754,0.661506055818852,single,eyeglasses,pclarc,6,0.5791995787256451,-0.004739336492891044,,
eyeglasses,0.8984375,0.956298828125,single,eyeglasses,pclarc,6,0.890625,0.0078125,,
goatee,0.6863132310496735,0.7738113322193529,single,eyeglasses,pclarc,6,0.6863132310496735,0.0,,
gray_hair,0.8106493506493506,0.8841558441558441,single,eyeglasses,pclarc,6,0.8106493506493506,0.0,,
heavy_makeup,0.5349557522123893,0.5463126843657817,single,eyeglasses,pclarc,6,0.5327433628318584,0.0022123893805309214,,
high_cheekbones,0.47804429215051714,0.37819658607779677,single,eyeglasses,pclarc,6,0.47804429215051714,0.0,,
male,0.9733727810650887,0.9674896279670815,single,eyeglasses,pclarc,6,0.9733727810650887,0.0,,
mouth_slightly_open,0.5245073891625616,0.5583128078817734,single,eyeglasses,pclarc,6,0.5359605911330049,-0.011453201970443305,,
mustache,0.7235634958957026,0.8335345243843555,single,eyeglasses,pclarc,6,0.7235634958957026,0.0,,
narrow_eyes,0.5625,0.5514112903225806,single,eyeglasses,pclarc,6,0.5625,0.0,,
no_beard,0.5822666367243057,0.5444269780672206,single,eyeglasses,pclarc,6,0.5822666367243057,0.0,,
oval_face,0.48116504854368936,0.42766990291262136,single,eyeglasses,pclarc,6,0.48116504854368936,0.0,,
pale_skin,0.5313969571230982,0.6766251728907331,single,eyeglasses,pclarc,6,0.5313969571230982,0.0,,
pointy_nose,0.4369141653501843,0.5157451290152711,single,eyeglasses,pclarc,6,0.4527646129541864,-0.015850447604002116,,
receding_hairline,0.5330316742081448,0.5725921137685843,single,eyeglasses,pclarc,6,0.540530058177117,-0.007498383968972178,,
rosy_cheeks,0.6044715447154472,0.7077235772357724,single,eyeglasses,pclarc,6,0.6085365853658536,-0.004065040650406471,,
sideburns,0.6846011131725418,0.7862708719851578,single,eyeglasses,pclarc,6,0.6846011131725418,0.0,,
smiling,0.8575145393327211,0.9544536271809,single,eyeglasses,pclarc,6,0.8533823079277625,0.004132231404958664,,
straight_hair,0.6052684903748733,0.6107396149949342,single,eyeglasses,pclarc,6,0.6095238095238096,-0.004255319148936287,,
wavy_hair,0.5412589262099974,0.5819448117781891,single,eyeglasses,pclarc,6,0.5412589262099974,0.0,,
wearing_earrings,0.6663807890222984,0.7179459691252144,single,eyeglasses,pclarc,6,0.6824614065180103,-0.01608061749571199,,
wearing_hat,0.9046066041581737,0.9317842098111156,single,eyeglasses,pclarc,6,0.9046066041581737,0.0,,
wearing_lipstick,0.44010416666666663,0.386474609375,single,eyeglasses,pclarc,6,0.421875,0.01822916666666663,,
wearing_necklace,0.5233705321041565,0.5249878699660359,single,eyeglasses,pclarc,6,0.5299207504447678,-0.0065502183406113135,,
wearing_necktie,0.5631247686042207,0.6280389979020117,single,eyeglasses,pclarc,6,0.5631247686042207,0.0,,
young,0.8102065988282454,0.8895467160037003,single,eyeglasses,pclarc,6,0.8066604995374653,0.0035460992907800915,,
5_o_clock_shadow,0.521551724137931,0.5693247126436782,single,eyeglasses,pclarc,7,0.5193965517241379,0.0021551724137931494,,
arched_eyebrows,0.5590807042419945,0.5970695970695971,single,eyeglasses,pclarc,7,0.5626846272007562,-0.003603922958761663,,
attractive,0.5037742504409171,0.5693121693121693,single,eyeglasses,pclarc,7,0.5037742504409171,0.0,,
bags_under_eyes,0.4787312064539787,0.4322515584891823,single,eyeglasses,pclarc,7,0.49972497249724973,-0.020993766043271023,,
bald,0.8014825442372071,0.884074605451937,single,eyeglasses,pclarc,7,0.7916786226685797,0.009803921568627416,,
bangs,0.795484949832776,0.8762541806020067,single,eyeglasses,pclarc,7,0.7911371237458193,0.004347826086956608,,
big_lips,0.48614808242137436,0.47766932860100564,single,eyeglasses,pclarc,7,0.49339445923296854,-0.00724637681159418,,
big_nose,0.6071428571428572,0.6027501909854851,single,eyeglasses,pclarc,7,0.6038961038961039,0.0032467532467532756,,
black_hair,0.7624356775300172,0.8766080617495713,single,eyeglasses,pclarc,7,0.7624356775300172,0.0,,
blond_hair,0.8239108409321175,0.9171225937183384,single,eyeglasses,pclarc,7,0.8239108409321175,0.0,,
blurry,0.6926229508196722,0.7387295081967212,single,eyeglasses,pclarc,7,0.6905737704918034,0.002049180327868827,,
brown_hair,0.6731892920233727,0.8173664900122298,single,eyeglasses,pclarc,7,0.6731892920233727,0.0,,
bushy_eyebrows,0.5688311688311689,0.6065800865800867,single,eyeglasses,pclarc,7,0.5666666666666667,0.0021645021645022577,,
chubby,0.5805052790346907,0.6819381598793364,single,eyeglasses,pclarc,7,0.5684389140271493,0.012066365007541435,,
double_chin,0.574460242232754,0.6627698788836228,single,eyeglasses,pclarc,7,0.5791995787256451,-0.004739336492891044,,
eyeglasses,0.8984375,0.95654296875,single,eyeglasses,pclarc,7,0.890625,0.0078125,,
goatee,0.6885158742214795,0.772899893665502,single,eyeglasses,pclarc,7,0.6863132310496735,0.0022026431718060735,,
gray_hair,0.8128138528138529,0.8851948051948052,single,eyeglasses,pclarc,7,0.8106493506493506,0.0021645021645022577,,
heavy_makeup,0.5349557522123893,0.5458702064896755,single,eyeglasses,pclarc,7,0.5327433628318584,0.0022123893805309214,,
high_cheekbones,0.47804429215051714,0.3786407766990291,single,eyeglasses,pclarc,7,0.47804429215051714,0.0,,
male,0.9733727810650887,0.9669455213221791,single,eyeglasses,pclarc,7,0.9733727810650887,0.0,,
mouth_slightly_open,0.5280788177339901,0.5589901477832513,single,eyeglasses,pclarc,7,0.5359605911330049,-0.007881773399014746,,
mustache,0.7235634958957026,0.8325688073394495,single,eyeglasses,pclarc,7,0.7235634958957026,0.0,,
narrow_eyes,0.5625,0.5463709677419355,single,eyeglasses,pclarc,7,0.5625,0.0,,
no_beard,0.5822666367243057,0.5431169997754323,single,eyeglasses,pclarc,7,0.5822666367243057,0.0,,
oval_face,0.48116504854368936,0.42621359223300975,single,eyeglasses,pclarc,7,0.48116504854368936,0.0,,
pale_skin,0.5313969571230982,0.6791147994467497,single,eyeglasses,pclarc,7,0.5313969571230982,0.0,,
pointy_nose,0.43928383359662976,0.5156398104265403,single,eyeglasses,pclarc,7,0.4527646129541864,-0.01348077935755665,,
receding_hairline,0.5307692307692308,0.573109243697479,single,eyeglasses,pclarc,7,0.540530058177117,-0.009760827407886197,,
rosy_cheeks,0.6044715447154472,0.7101626016260163,single,eyeglasses,pclarc,7,0.6085365853658536,-0.004065040650406471,,
sideburns,0.6846011131725418,0.7844155844155843,single,eyeglasses,pclarc,7,0.6846011131725418,0.0,,
smiling,0.8533823079277625,0.9547597183960821,single,eyeglasses,pclarc,7,0.8533823079277625,0.0,,
straight_hair,0.6095238095238096,0.6095238095238095,single,eyeglasses,pclarc,7,0.6095238095238096,0.0,,
wavy_hair,0.5412589262099974,0.582738252666843,single,eyeglasses,pclarc,7,0.5412589262099974,0.0,,
wearing_earrings,0.6663807890222984,0.7158018867924528,single,eyeglasses,pclarc,7,0.6824614065180103,-0.01608061749571199,,
wearing_hat,0.9046066041581737,0.9315124337545863,single,eyeglasses,pclarc,7,0.9046066041581737,0.0,,
wearing_lipstick,0.44010416666666663,0.38655598958333337,single,eyeglasses,pclarc,7,0.421875,0.01822916666666663,,
wearing_necklace,0.5255539382176937,0.5236939996765324,single,eyeglasses,pclarc,7,0.5299207504447678,-0.004366812227074135,,
wearing_necktie,0.5608416635813895,0.6270517092434901,single,eyeglasses,pclarc,7,0.5631247686042207,-0.0022831050228311334,,
young,0.8066604995374653,0.8896083872957139,single,eyeglasses,pclarc,7,0.8066604995374653,0.0,,
5_o_clock_shadow,0.521551724137931,0.5720186781609196,single,eyeglasses,pclarc,8,0.5193965517241379,0.0021551724137931494,,
arched_eyebrows,0.5439560439560439,0.5950608531253693,single,eyeglasses,pclarc,8,0.5626846272007562,-0.01872858324471227,,
attractive,0.5037742504409171,0.5692416225749559,single,eyeglasses,pclarc,8,0.5037742504409171,0.0,,
bags_under_eyes,0.47378071140447375,0.43142647598093137,single,eyeglasses,pclarc,8,0.49972497249724973,-0.025944261092775978,,
bald,0.7916786226685797,0.8841702534672405,single,eyeglasses,pclarc,8,0.7916786226685797,0.0,,
bangs,0.7889632107023412,0.8749163879598663,single,eyeglasses,pclarc,8,0.7911371237458193,-0.0021739130434781373,,
big_lips,0.48614808242137436,0.4769791974760919,single,eyeglasses,pclarc,8,0.49339445923296854,-0.00724637681159418,,
big_nose,0.5989941431117901,0.6037687802393684,single,eyeglasses,pclarc,8,0.6038961038961039,-0.004901960784313819,,
black_hair,0.7624356775300172,0.8770368782161235,single,eyeglasses,pclarc,8,0.7624356775300172,0.0,,
blond_hair,0.8239108409321175,0.9189463019250254,single,eyeglasses,pclarc,8,0.8239108409321175,0.0,,
blurry,0.6489071038251366,0.7359972677595629,single,eyeglasses,pclarc,8,0.6905737704918034,-0.04166666666666674,,
brown_hair,0.670947139557005,0.8155999456447888,single,eyeglasses,pclarc,8,0.6731892920233727,-0.0022421524663677195,,
bushy_eyebrows,0.5688311688311689,0.6060606060606061,single,eyeglasses,pclarc,8,0.5666666666666667,0.0021645021645022577,,
chubby,0.5805052790346907,0.6815610859728507,single,eyeglasses,pclarc,8,0.5684389140271493,0.012066365007541435,,
double_chin,0.5791995787256451,0.6610847814639284,single,eyeglasses,pclarc,8,0.5791995787256451,0.0,,
eyeglasses,0.89453125,0.9560546875,single,eyeglasses,pclarc,8,0.890625,0.00390625,,
goatee,0.6863132310496735,0.772899893665502,single,eyeglasses,pclarc,8,0.6863132310496735,0.0,,
gray_hair,0.8128138528138529,0.8845021645021645,single,eyeglasses,pclarc,8,0.8106493506493506,0.0021645021645022577,,
heavy_makeup,0.5371681415929204,0.5455752212389381,single,eyeglasses,pclarc,8,0.5327433628318584,0.004424778761061954,,
high_cheekbones,0.48289866108255597,0.3790849673202615,single,eyeglasses,pclarc,8,0.47804429215051714,0.004854368932038833,,
male,0.9733727810650887,0.9672855879752432,single,eyeglasses,pclarc,8,0.9733727810650887,0.0,,
mouth_slightly_open,0.5245073891625616,0.5583128078817734,single,eyeglasses,pclarc,8,0.5359605911330049,-0.011453201970443305,,
mustache,0.7235634958957026,0.8320859488169966,single,eyeglasses,pclarc,8,0.7235634958957026,0.0,,
narrow_eyes,0.5625,0.5493951612903226,single,eyeglasses,pclarc,8,0.5625,0.0,,
no_beard,0.5822666367243057,0.5442024103600569,single,eyeglasses,pclarc,8,0.5822666367243057,0.0,,
oval_face,0.48116504854368936,0.4262135922330097,single,eyeglasses,pclarc,8,0.48116504854368936,0.0,,
pale_skin,0.5334716459197787,0.6771784232365146,single,eyeglasses,pclarc,8,0.5313969571230982,0.0020746887966804906,,
pointy_nose,0.4369141653501843,0.516061084781464,single,eyeglasses,pclarc,8,0.4527646129541864,-0.015850447604002116,,
receding_hairline,0.5352941176470588,0.5732385261797026,single,eyeglasses,pclarc,8,0.540530058177117,-0.0052359405300581585,,
rosy_cheeks,0.6044715447154472,0.7085365853658536,single,eyeglasses,pclarc,8,0.6085365853658536,-0.004065040650406471,,
sideburns,0.6825602968460112,0.7829313543599259,single,eyeglasses,pclarc,8,0.6846011131725418,-0.0020408163265306367,,
smiling,0.8533823079277625,0.954331190694827,single,eyeglasses,pclarc,8,0.8533823079277625,0.0,,
straight_hair,0.6052684903748733,0.6083080040526849,single,eyeglasses,pclarc,8,0.6095238095238096,-0.004255319148936287,,
wavy_hair,0.5412589262099974,0.5792118487172704,single,eyeglasses,pclarc,8,0.5412589262099974,0.0,,
wearing_earrings,0.6730274442538593,0.7165523156089194,single,eyeglasses,pclarc,8,0.6824614065180103,-0.009433962264151052,,
wearing_hat,0.9046066041581737,0.931648321782851,single,eyeglasses,pclarc,8,0.9046066041581737,0.0,,
wearing_lipstick,0.4296875,0.3881022135416667,single,eyeglasses,pclarc,8,0.421875,0.0078125,,
wearing_necklace,0.5277373443312308,0.5283842794759825,single,eyeglasses,pclarc,8,0.5299207504447678,-0.0021834061135370675,,
wearing_necktie,0.5564605701592003,0.6247068986795015,single,eyeglasses,pclarc,8,0.5631247686042207,-0.0066641984450204195,,
young,0.8066604995374653,0.8891766882516189,single,eyeglasses,pclarc,8,0.8066604995374653,0.0,,
5_o_clock_shadow,0.521551724137931,0.57183908045977,single,eyeglasses,pclarc,9,0.5193965517241379,0.0021551724137931494,,
arched_eyebrows,0.5719012170625074,0.5969514356611131,single,eyeglasses,pclarc,9,0.5626846272007562,0.009216589861751223,,
attractive,0.50663139329806,0.5679717813051146,single,eyeglasses,pclarc,9,0.5037742504409171,0.0028571428571428914,,
bags_under_eyes,0.47625595892922623,0.43032636596993035,single,eyeglasses,pclarc,9,0.49972497249724973,-0.0234690135680235,,
bald,0.7916786226685797,0.8838833094213295,single,eyeglasses,pclarc,9,0.7916786226685797,0.0,,
bangs,0.7889632107023412,0.8757525083612039,single,eyeglasses,pclarc,9,0.7911371237458193,-0.0021739130434781373,,
big_lips,0.49097900029577046,0.4782608695652174,single,eyeglasses,pclarc,9,0.49339445923296854,-0.0024154589371980784,,
big_nose,0.6006493506493507,0.6033868092691622,single,eyeglasses,pclarc,9,0.6038961038961039,-0.0032467532467532756,,
black_hair,0.7647941680960548,0.8759648370497427,single,eyeglasses,pclarc,9,0.7624356775300172,0.002358490566037652,,
blond_hair,0.8239108409321175,0.9185410334346504,single,eyeglasses,pclarc,9,0.8239108409321175,0.0,,
blurry,0.6926229508196722,0.742827868852459,single,eyeglasses,pclarc,9,0.6905737704918034,0.002049180327868827,,
brown_hair,0.6731892920233727,0.8181818181818182,single,eyeglasses,pclarc,9,0.6731892920233727,0.0,,
bushy_eyebrows,0.5688311688311689,0.6057142857142856,single,eyeglasses,pclarc,9,0.5666666666666667,0.0021645021645022577,,
chubby,0.5829562594268476,0.6813725490196079,single,eyeglasses,pclarc,9,0.5684389140271493,0.01451734539969829,,
double_chin,0.5768299104791996,0.6611901000526592,single,eyeglasses,pclarc,9,0.5791995787256451,-0.0023696682464454666,,
eyeglasses,0.89453125,0.9556884765625,single,eyeglasses,pclarc,9,0.890625,0.00390625,,
goatee,0.6863132310496735,0.7733556129424275,single,eyeglasses,pclarc,9,0.6863132310496735,0.0,,
gray_hair,0.8128138528138529,0.8848484848484849,single,eyeglasses,pclarc,9,0.8106493506493506,0.0021645021645022577,,
heavy_makeup,0.5305309734513275,0.5449852507374632,single,eyeglasses,pclarc,9,0.5327433628318584,-0.0022123893805309214,,
high_cheekbones,0.47804429215051714,0.3778158512595977,single,eyeglasses,pclarc,9,0.47804429215051714,0.0,,
male,0.9733727810650887,0.9670135346527919,single,eyeglasses,pclarc,9,0.9733727810650887,0.0,,
mouth_slightly_open,0.5245073891625616,0.5588054187192119,single,eyeglasses,pclarc,9,0.5359605911330049,-0.011453201970443305,,
mustache,0.7235634958957026,0.8335345243843554,single,eyeglasses,pclarc,9,0.7235634958957026,0.0,,
narrow_eyes,0.564516129032258,0.5534274193548387,single,eyeglasses,pclarc,9,0.5625,0.002016129032258007,,
no_beard,0.5822666367243057,0.5439029867505052,single,eyeglasses,pclarc,9,0.5822666367243057,0.0,,
oval_face,0.48116504854368936,0.4223300970873786,single,eyeglasses,pclarc,9,0.48116504854368936,0.0,,
pale_skin,0.5313969571230982,0.6733056708160443,single,eyeglasses,pclarc,9,0.5313969571230982,0.0,,
pointy_nose,0.4480252764612954,0.514797261716693,single,eyeglasses,pclarc,9,0.4527646129541864,-0.004739336492890989,,
receding_hairline,0.5473173884938591,0.57349709114415,single,eyeglasses,pclarc,9,0.540530058177117,0.006787330316742168,,
rosy_cheeks,0.6065040650406504,0.7121951219512195,single,eyeglasses,pclarc,9,0.6085365853658536,-0.002032520325203291,,
sideburns,0.6805194805194805,0.7840445269016698,single,eyeglasses,pclarc,9,0.6846011131725418,-0.004081632653061273,,
smiling,0.8538108356290175,0.9549433731251913,single,eyeglasses,pclarc,9,0.8533823079277625,0.0004285277012550104,,
straight_hair,0.6073961499493414,0.6056737588652482,single,eyeglasses,pclarc,9,0.6095238095238096,-0.0021276595744681437,,
wavy_hair,0.5437714890240677,0.578771048223574,single,eyeglasses,pclarc,9,0.5412589262099974,0.002512562814070307,,
wearing_earrings,0.6801029159519726,0.7181603773584906,single,eyeglasses,pclarc,9,0.6824614065180103,-0.002358490566037763,,
wearing_hat,0.9046066041581737,0.9317842098111156,single,eyeglasses,pclarc,9,0.9046066041581737,0.0,,
wearing_lipstick,0.42708333333333337,0.38997395833333337,single,eyeglasses,pclarc,9,0.421875,0.00520833333333337,,
wearing_necklace,0.5342875626718422,0.5293546821931102,single,eyeglasses,pclarc,9,0.5299207504447678,0.004366812227074357,,
wearing_necktie,0.5518943601135382,0.6184129334814267,single,eyeglasses,pclarc,9,0.5631247686042207,-0.011230408490682464,,
young,0.8102065988282454,0.8897934011717545,single,eyeglasses,pclarc,9,0.8066604995374653,0.0035460992907800915,,
5_o_clock_shadow,0.5193965517241379,0.5707614942528735,single,eyeglasses,pclarc,10,0.5193965517241379,0.0,,
arched_eyebrows,0.5416518964906062,0.5930521091811415,single,eyeglasses,pclarc,10,0.5626846272007562,-0.021032730710149994,,
attractive,0.5037742504409171,0.5665608465608465,single,eyeglasses,pclarc,10,0.5037742504409171,0.0,,
bags_under_eyes,0.47378071140447375,0.43491015768243485,single,eyeglasses,pclarc,10,0.49972497249724973,-0.025944261092775978,,
bald,0.7916786226685797,0.8845528455284554,single,eyeglasses,pclarc,10,0.7916786226685797,0.0,,
bangs,0.7889632107023412,0.8752508361204012,single,eyeglasses,pclarc,10,0.7911371237458193,-0.0021739130434781373,,
big_lips,0.4885635413585724,0.4799369022971508,single,eyeglasses,pclarc,10,0.49339445923296854,-0.004830917874396157,,
big_nose,0.5989941431117901,0.6023045581869111,single,eyeglasses,pclarc,10,0.6038961038961039,-0.004901960784313819,,
black_hair,0.7600771869639794,0.8771440823327616,single,eyeglasses,pclarc,10,0.7624356775300172,-0.002358490566037763,,
blond_hair,0.8260385005065856,0.9185410334346504,single,eyeglasses,pclarc,10,0.8239108409321175,0.0021276595744680327,,
blurry,0.6905737704918034,0.7366803278688525,single,eyeglasses,pclarc,10,0.6905737704918034,0.0,,
brown_hair,0.6731892920233727,0.8176382660687593,single,eyeglasses,pclarc,10,0.6731892920233727,0.0,,
bushy_eyebrows,0.5688311688311689,0.6079653679653679,single,eyeglasses,pclarc,10,0.5666666666666667,0.0021645021645022577,,
chubby,0.5854072398190044,0.6814668174962293,single,eyeglasses,pclarc,10,0.5684389140271493,0.016968325791855143,,
double_chin,0.574460242232754,0.6599262769878883,single,eyeglasses,pclarc,10,0.5791995787256451,-0.004739336492891044,,
eyeglasses,0.89453125,0.955078125,single,eyeglasses,pclarc,10,0.890625,0.00390625,,
goatee,0.6863132310496735,0.7724441743885767,single,eyeglasses,pclarc,10,0.6863132310496735,0.0,,
gray_hair,0.8128138528138529,0.8843290043290043,single,eyeglasses,pclarc,10,0.8106493506493506,0.0021645021645022577,,
heavy_makeup,0.5327433628318584,0.5483775811209439,single,eyeglasses,pclarc,10,0.5327433628318584,0.0,,
high_cheekbones,0.47150834443809886,0.37870423250206237,single,eyeglasses,pclarc,10,0.47804429215051714,-0.006535947712418277,,
male,0.9733727810650887,0.9671495613140176,single,eyeglasses,pclarc,10,0.9733727810650887,0.0,,
mouth_slightly_open,0.5374384236453202,0.5604064039408867,single,eyeglasses,pclarc,10,0.5359605911330049,0.001477832512315369,,
mustache,0.7212699179140512,0.8346209560598744,single,eyeglasses,pclarc,10,0.7235634958957026,-0.002293577981651418,,
narrow_eyes,0.564516129032258,0.5514112903225806,single,eyeglasses,pclarc,10,0.5625,0.002016129032258007,,
no_beard,0.5822666367243057,0.5437532749457296,single,eyeglasses,pclarc,10,0.5822666367243057,0.0,,
oval_face,0.47873786407766994,0.42368932038834956,single,eyeglasses,pclarc,10,0.48116504854368936,-0.0024271844660194164,,
pale_skin,0.5313969571230982,0.670539419087137,single,eyeglasses,pclarc,10,0.5313969571230982,0.0,,
pointy_nose,0.4456556082148499,0.5154291732490784,single,eyeglasses,pclarc,10,0.4527646129541864,-0.007109004739336511,,
receding_hairline,0.542792501616031,0.5732385261797026,single,eyeglasses,pclarc,10,0.540530058177117,0.002262443438914019,,
rosy_cheeks,0.6065040650406504,0.7109756097560976,single,eyeglasses,pclarc,10,0.6085365853658536,-0.002032520325203291,,
sideburns,0.6825602968460112,0.7829313543599258,single,eyeglasses,pclarc,10,0.6846011131725418,-0.0020408163265306367,,
smiling,0.8533823079277625,0.9543311906948272,single,eyeglasses,pclarc,10,0.8533823079277625,0.0,,
straight_hair,0.6073961499493414,0.6060790273556231,single,eyeglasses,pclarc,10,0.6095238095238096,-0.0021276595744681437,,
wavy_hair,0.5437714890240677,0.5765670457550911,single,eyeglasses,pclarc,10,0.5412589262099974,0.002512562814070307,,
wearing_earrings,0.6730274442538593,0.7196612349914236,single,eyeglasses,pclarc,10,0.6824614065180103,-0.009433962264151052,,
wearing_hat,0.9046066041581737,0.9327354260089687,single,eyeglasses,pclarc,10,0.9046066041581737,0.0,,
wearing_lipstick,0.43489583333333337,0.39274088541666663,single,eyeglasses,pclarc,10,0.421875,0.01302083333333337,,
wearing_necklace,0.5299207504447678,0.5316189551997412,single,eyeglasses,pclarc,10,0.5299207504447678,0.0,,
wearing_necktie,0.5496112550907072,0.6173022337405899,single,eyeglasses,pclarc,10,0.5631247686042207,-0.013513513513513487,,
young,0.8066604995374653,0.8889300030835646,single,eyeglasses,pclarc,10,0.8066604995374653,0.0,,
5_o_clock_shadow,0.5172413793103448,0.5732758620689655,single,eyeglasses,pclarc,11,0.5193965517241379,-0.0021551724137931494,,
arched_eyebrows,0.5439560439560439,0.5909252038284296,single,eyeglasses,pclarc,11,0.5626846272007562,-0.01872858324471227,,
attractive,0.5037742504409171,0.5645855379188712,single,eyeglasses,pclarc,11,0.5037742504409171,0.0,,
bags_under_eyes,0.4812064539787312,0.4352768610194353,single,eyeglasses,pclarc,11,0.49972497249724973,-0.018518518518518545,,
bald,0.7916786226685797,0.8833094213295075,single,eyeglasses,pclarc,11,0.7916786226685797,0.0,,
bangs,0.7889632107023412,0.8767558528428094,single,eyeglasses,pclarc,11,0.7911371237458193,-0.0021739130434781373,,
big_lips,0.4885635413585724,0.4761904761904762,single,eyeglasses,pclarc,11,0.49339445923296854,-0.004830917874396157,,
big_nose,0.6071428571428572,0.603195823784059,single,eyeglasses,pclarc,11,0.6038961038961039,0.0032467532467532756,,
black_hair,0.7600771869639794,0.8778945111492282,single,eyeglasses,pclarc,11,0.7624356775300172,-0.002358490566037763,,
blond_hair,0.8260385005065856,0.9177304964539007,single,eyeglasses,pclarc,11,0.8239108409321175,0.0021276595744680327,,
blurry,0.6509562841530054,0.721311475409836,single,eyeglasses,pclarc,11,0.6905737704918034,-0.039617486338797914,,
brown_hair,0.670947139557005,0.8172306019839652,single,eyeglasses,pclarc,11,0.6731892920233727,-0.0022421524663677195,,
bushy_eyebrows,0.5488311688311689,0.6036363636363636,single,eyeglasses,pclarc,11,0.5666666666666667,-0.01783549783549776,,
chubby,0.573340874811463,0.6810897435897436,single,eyeglasses,pclarc,11,0.5684389140271493,0.004901960784313708,,
double_chin,0.5697209057398631,0.6595050026329647,single,eyeglasses,pclarc,11,0.5791995787256451,-0.009478672985781977,,
eyeglasses,0.89453125,0.9549560546875,single,eyeglasses,pclarc,11,0.890625,0.00390625,,
goatee,0.6863132310496735,0.7727479872398603,single,eyeglasses,pclarc,11,0.6863132310496735,0.0,,
gray_hair,0.8106493506493506,0.8820779220779221,single,eyeglasses,pclarc,11,0.8106493506493506,0.0,,
heavy_makeup,0.5327433628318584,0.5492625368731564,single,eyeglasses,pclarc,11,0.5327433628318584,0.0,,
high_cheekbones,0.474776318294308,0.3793387905323942,single,eyeglasses,pclarc,11,0.47804429215051714,-0.0032679738562091387,,
male,0.9733727810650887,0.9670815479834047,single,eyeglasses,pclarc,11,0.9733727810650887,0.0,,
mouth_slightly_open,0.5331280788177339,0.5582512315270935,single,eyeglasses,pclarc,11,0.5359605911330049,-0.0028325123152709297,,
mustache,0.7212699179140512,0.8340173829068083,single,eyeglasses,pclarc,11,0.7235634958957026,-0.002293577981651418,,
narrow_eyes,0.564516129032258,0.5514112903225806,single,eyeglasses,pclarc,11,0.5625,0.002016129032258007,,
no_beard,0.5822666367243057,0.5435287072385658,single,eyeglasses,pclarc,11,0.5822666367243057,0.0,,
oval_face,0.47873786407766994,0.4257281553398058,single,eyeglasses,pclarc,11,0.48116504854368936,-0.0024271844660194164,,
pale_skin,0.5313969571230982,0.6705394190871369,single,eyeglasses,pclarc,11,0.5313969571230982,0.0,,
pointy_nose,0.43454449710373877,0.5155344918378094,single,eyeglasses,pclarc,11,0.4527646129541864,-0.018220115850447638,,
receding_hairline,0.5285067873303168,0.5710407239819004,single,eyeglasses,pclarc,11,0.540530058177117,-0.012023270846800216,,
rosy_cheeks,0.6065040650406504,0.7105691056910569,single,eyeglasses,pclarc,11,0.6085365853658536,-0.002032520325203291,,
sideburns,0.6784786641929499,0.7840445269016697,single,eyeglasses,pclarc,11,0.6846011131725418,-0.00612244897959191,,
smiling,0.8496786042240587,0.9548821548821549,single,eyeglasses,pclarc,11,0.8533823079277625,-0.0037037037037037646,,
straight_hair,0.6095238095238096,0.6060790273556231,single,eyeglasses,pclarc,11,0.6095238095238096,0.0,,
wavy_hair,0.5437714890240677,0.5770960063475272,single,eyeglasses,pclarc,11,0.5412589262099974,0.002512562814070307,,
wearing_earrings,0.6663807890222984,0.7196612349914236,single,eyeglasses,pclarc,11,0.6824614065180103,-0.01608061749571199,,
wearing_hat,0.9046066041581737,0.9323277619241744,single,eyeglasses,pclarc,11,0.9046066041581737,0.0,,
wearing_lipstick,0.44010416666666663,0.39274088541666663,single,eyeglasses,pclarc,11,0.421875,0.01822916666666663,,
wearing_necklace,0.5277373443312308,0.5359857674268154,single,eyeglasses,pclarc,11,0.5299207504447678,-0.0021834061135370675,,
wearing_necktie,0.5383808466000246,0.6102678020486241,single,eyeglasses,pclarc,11,0.5631247686042207,-0.02474392200419606,,
young,0.8031144002466852,0.8902867715078631,single,eyeglasses,pclarc,11,0.8066604995374653,-0.0035460992907800915,,
5_o_clock_shadow,0.5172413793103448,0.5723778735632183,single,eyeglasses,pclarc,12,0.5193965517241379,-0.0021551724137931494,,
arched_eyebrows,0.5439560439560439,0.5922249793217534,single,eyeglasses,pclarc,12,0.5626846272007562,-0.01872858324471227,,
attractive,0.5037742504409171,0.562962962962963,single,eyeglasses,pclarc,12,0.5037742504409171,0.0,,
bags_under_eyes,0.46763843050971765,0.43005133846718013,single,eyeglasses,pclarc,12,0.49972497249724973,-0.03208654198753208,,
bald,0.7916786226685797,0.8842659014825442,single,eyeglasses,pclarc,12,0.7916786226685797,0.0,,
bangs,0.7911371237458193,0.8777591973244148,single,eyeglasses,pclarc,12,0.7911371237458193,0.0,,
big_lips,0.4885635413585724,0.47786650892240956,single,eyeglasses,pclarc,12,0.49339445923296854,-0.004830917874396157,,
big_nose,0.6038961038961039,0.6023682200152789,single,eyeglasses,pclarc,12,0.6038961038961039,0.0,,
black_hair,0.7600771869639794,0.8769296740994854,single,eyeglasses,pclarc,12,0.7624356775300172,-0.002358490566037763,,
blond_hair,0.8239108409321175,0.9183383991894631,single,eyeglasses,pclarc,12,0.8239108409321175,0.0,,
blurry,0.73224043715847,0.75,single,eyeglasses,pclarc,12,0.6905737704918034,0.04166666666666663,,
brown_hair,0.6731892920233727,0.818725370294877,single,eyeglasses,pclarc,12,0.6731892920233727,0.0,,
bushy_eyebrows,0.5488311688311689,0.6070995670995671,single,eyeglasses,pclarc,12,0.5666666666666667,-0.01783549783549776,,
chubby,0.5829562594268476,0.6801470588235294,single,eyeglasses,pclarc,12,0.5684389140271493,0.01451734539969829,,
double_chin,0.5879410215903107,0.6591890468667719,single,eyeglasses,pclarc,12,0.5791995787256451,0.008741442864665605,,
eyeglasses,0.89453125,0.9544677734375,single,eyeglasses,pclarc,12,0.890625,0.00390625,,
goatee,0.6841105878778673,0.7754823029014127,single,eyeglasses,pclarc,12,0.6863132310496735,-0.0022026431718061845,,
gray_hair,0.8106493506493506,0.8793073593073593,single,eyeglasses,pclarc,12,0.8106493506493506,0.0,,
heavy_makeup,0.5349557522123893,0.5504424778761061,single,eyeglasses,pclarc,12,0.5327433628318584,0.0022123893805309214,,
high_cheekbones,0.47804429215051714,0.37806967447173045,single,eyeglasses,pclarc,12,0.47804429215051714,0.0,,
male,0.9733727810650887,0.9670815479834048,single,eyeglasses,pclarc,12,0.9733727810650887,0.0,,
mouth_slightly_open,0.5374384236453202,0.5616995073891625,single,eyeglasses,pclarc,12,0.5359605911330049,0.001477832512315369,,
mustache,0.7212699179140512,0.8359488169966199,single,eyeglasses,pclarc,12,0.7235634958957026,-0.002293577981651418,,
narrow_eyes,0.5625,0.5564516129032259,single,eyeglasses,pclarc,12,0.5625,0.0,,
no_beard,0.5754173216558126,0.545699528407815,single,eyeglasses,pclarc,12,0.5822666367243057,-0.006849315068493067,,
oval_face,0.47873786407766994,0.4211650485436893,single,eyeglasses,pclarc,12,0.48116504854368936,-0.0024271844660194164,,
pale_skin,0.5334716459197787,0.6586445366528354,single,eyeglasses,pclarc,12,0.5313969571230982,0.0020746887966804906,,
pointy_nose,0.4369141653501843,0.5110057925223802,single,eyeglasses,pclarc,12,0.4527646129541864,-0.015850447604002116,,
receding_hairline,0.5307692307692308,0.5702650290885585,single,eyeglasses,pclarc,12,0.540530058177117,-0.009760827407886197,,
rosy_cheeks,0.6044715447154472,0.7052845528455285,single,eyeglasses,pclarc,12,0.6085365853658536,-0.004065040650406471,,
sideburns,0.6743970315398887,0.7847866419294991,single,eyeglasses,pclarc,12,0.6846011131725418,-0.010204081632653073,,
smiling,0.8533823079277625,0.9548209366391185,single,eyeglasses,pclarc,12,0.8533823079277625,0.0,,
straight_hair,0.6116514690982776,0.606484295845998,single,eyeglasses,pclarc,12,0.6095238095238096,0.0021276595744680327,,
wavy_hair,0.5437714890240677,0.5732169620029973,single,eyeglasses,pclarc,12,0.5412589262099974,0.002512562814070307,,
wearing_earrings,0.6801029159519726,0.7231989708404802,single,eyeglasses,pclarc,12,0.6824614065180103,-0.002358490566037763,,
wearing_hat,0.9046066041581737,0.9334148661502922,single,eyeglasses,pclarc,12,0.9046066041581737,0.0,,
wearing_lipstick,0.44010416666666663,0.39371744791666663,single,eyeglasses,pclarc,12,0.421875,0.01822916666666663,,
wearing_necklace,0.532104156558305,0.5416464499433932,single,eyeglasses,pclarc,12,0.5299207504447678,0.0021834061135371785,,
wearing_necktie,0.5429470566456868,0.5945945945945945,single,eyeglasses,pclarc,12,0.5631247686042207,-0.020177711958533906,,
young,0.8102065988282454,0.8906567992599445,single,eyeglasses,pclarc,12,0.8066604995374653,0.0035460992907800915,,
5_o_clock_shadow,0.5172413793103448,0.5745330459770115,single,eyeglasses,pclarc,13,0.5193965517241379,-0.0021551724137931494,,
arched_eyebrows,0.5590807042419945,0.5912796880538816,single,eyeglasses,pclarc,13,0.5626846272007562,-0.003603922958761663,,
attractive,0.5037742504409171,0.5602116402116403,single,eyeglasses,pclarc,13,0.5037742504409171,0.0,,
bags_under_eyes,0.46763843050971765,0.42711771177117713,single,eyeglasses,pclarc,13,0.49972497249724973,-0.03208654198753208,,
bald,0.7916786226685797,0.8834050693448111,single,eyeglasses,pclarc,13,0.7916786226685797,0.0,,
bangs,0.7911371237458193,0.8767558528428094,single,eyeglasses,pclarc,13,0.7911371237458193,0.0,,
big_lips,0.48614808242137436,0.4779650990831115,single,eyeglasses,pclarc,13,0.49339445923296854,-0.00724637681159418,,
big_nose,0.6006493506493507,0.6033231474407945,single,eyeglasses,pclarc,13,0.6038961038961039,-0.0032467532467532756,,
black_hair,0.7624356775300172,0.8769296740994855,single,eyeglasses,pclarc,13,0.7624356775300172,0.0,,
blond_hair,0.8239108409321175,0.9185410334346504,single,eyeglasses,pclarc,13,0.8239108409321175,0.0,,
blurry,0.73224043715847,0.7585382513661203,single,eyeglasses,pclarc,13,0.6905737704918034,0.04166666666666663,,
brown_hair,0.670947139557005,0.8215790188884359,single,eyeglasses,pclarc,13,0.6731892920233727,-0.0022421524663677195,,
bushy_eyebrows,0.5666666666666667,0.6086580086580087,single,eyeglasses,pclarc,13,0.5666666666666667,0.0,,
chubby,0.573340874811463,0.6791101055806938,single,eyeglasses,pclarc,13,0.5684389140271493,0.004901960784313708,,
double_chin,0.5768299104791996,0.6577145866245393,single,eyeglasses,pclarc,13,0.5791995787256451,-0.0023696682464454666,,
eyeglasses,0.8984375,0.9539794921875,single,eyeglasses,pclarc,13,0.890625,0.0078125,,
goatee,0.6863132310496735,0.7757861157526963,single,eyeglasses,pclarc,13,0.6863132310496735,0.0,,
gray_hair,0.8084848484848486,0.8806926406926407,single,eyeglasses,pclarc,13,0.8106493506493506,-0.0021645021645020357,,
heavy_makeup,0.5327433628318584,0.551622418879056,single,eyeglasses,pclarc,13,0.5327433628318584,0.0,,
high_cheekbones,0.4845802398629354,0.3778158512595977,single,eyeglasses,pclarc,13,0.47804429215051714,0.006535947712418277,,
male,0.9733727810650887,0.967013534652792,single,eyeglasses,pclarc,13,0.9733727810650887,0.0,,
mouth_slightly_open,0.5331280788177339,0.560652709359606,single,eyeglasses,pclarc,13,0.5359605911330049,-0.0028325123152709297,,
mustache,0.7212699179140512,0.8381216803476581,single,eyeglasses,pclarc,13,0.7235634958957026,-0.002293577981651418,,
narrow_eyes,0.5625,0.560483870967742,single,eyeglasses,pclarc,13,0.5625,0.0,,
no_beard,0.5891159517927989,0.5475709259675126,single,eyeglasses,pclarc,13,0.5822666367243057,0.006849315068493178,,
oval_face,0.47873786407766994,0.42320388349514565,single,eyeglasses,pclarc,13,0.48116504854368936,-0.0024271844660194164,,
pale_skin,0.5334716459197787,0.6533886583679115,single,eyeglasses,pclarc,13,0.5313969571230982,0.0020746887966804906,,
pointy_nose,0.43928383359662976,0.512480252764613,single,eyeglasses,pclarc,13,0.4527646129541864,-0.01348077935755665,,
receding_hairline,0.5187459599224304,0.5703943115707821,single,eyeglasses,pclarc,13,0.540530058177117,-0.021784098254686524,,
rosy_cheeks,0.6044715447154472,0.701219512195122,single,eyeglasses,pclarc,13,0.6085365853658536,-0.004065040650406471,,
sideburns,0.6784786641929499,0.7862708719851577,single,eyeglasses,pclarc,13,0.6846011131725418,-0.00612244897959191,,
smiling,0.8533823079277625,0.9552494643403735,single,eyeglasses,pclarc,13,0.8533823079277625,0.0,,
straight_hair,0.6116514690982776,0.601418439716312,single,eyeglasses,pclarc,13,0.6095238095238096,0.0021276595744680327,,
wavy_hair,0.5412589262099974,0.5764788856563519,single,eyeglasses,pclarc,13,0.5412589262099974,0.0,,
wearing_earrings,0.684819897084048,0.7252358490566039,single,eyeglasses,pclarc,13,0.6824614065180103,0.002358490566037652,,
wearing_hat,0.9046066041581737,0.932055985867645,single,eyeglasses,pclarc,13,0.9046066041581737,0.0,,
wearing_lipstick,0.44010416666666663,0.39469401041666674,single,eyeglasses,pclarc,13,0.421875,0.01822916666666663,,
wearing_necklace,0.532104156558305,0.5355005660682517,single,eyeglasses,pclarc,13,0.5299207504447678,0.0021834061135371785,,
wearing_necktie,0.5564605701592003,0.597433049487844,single,eyeglasses,pclarc,13,0.5631247686042207,-0.0066641984450204195,,
young,0.8102065988282454,0.8903484427998767,single,eyeglasses,pclarc,13,0.8066604995374653,0.0035460992907800915,,
5_o_clock_shadow,0.521551724137931,0.5765086206896551,single,eyeglasses,pclarc,14,0.5193965517241379,0.0021551724137931494,,
arched_eyebrows,0.5439560439560439,0.5925794635472055,single,eyeglasses,pclarc,14,0.5626846272007562,-0.01872858324471227,,
attractive,0.5037742504409171,0.5636684303350971,single,eyeglasses,pclarc,14,0.5037742504409171,0.0,,
bags_under_eyes,0.4744224422442244,0.42510084341767507,single,eyeglasses,pclarc,14,0.49972497249724973,-0.025302530253025313,,
bald,0.7916786226685797,0.8849354375896701,single,eyeglasses,pclarc,14,0.7916786226685797,0.0,,
bangs,0.7911371237458193,0.8782608695652174,single,eyeglasses,pclarc,14,0.7911371237458193,0.0,,
big_lips,0.48614808242137436,0.48042985310066055,single,eyeglasses,pclarc,14,0.49339445923296854,-0.00724637681159418,,
big_nose,0.6023045581869111,0.6045963840081487,single,eyeglasses,pclarc,14,0.6038961038961039,-0.001591545709192843,,
black_hair,0.7647941680960548,0.8746783876500858,single,eyeglasses,pclarc,14,0.7624356775300172,0.002358490566037652,,
blond_hair,0.8260385005065856,0.9161094224924012,single,eyeglasses,pclarc,14,0.8239108409321175,0.0021276595744680327,,
blurry,0.6489071038251366,0.755464480874317,single,eyeglasses,pclarc,14,0.6905737704918034,-0.04166666666666674,,
brown_hair,0.6731892920233727,0.8217149069167006,single,eyeglasses,pclarc,14,0.6731892920233727,0.0,,
bushy_eyebrows,0.5466666666666666,0.6098701298701298,single,eyeglasses,pclarc,14,0.5666666666666667,-0.020000000000000018,,
chubby,0.5708898944193062,0.6797699849170438,single,eyeglasses,pclarc,14,0.5684389140271493,0.002450980392156854,,
double_chin,0.574460242232754,0.6586624539231174,single,eyeglasses,pclarc,14,0.5791995787256451,-0.004739336492891044,,
eyeglasses,0.89453125,0.95404052734375,single,eyeglasses,pclarc,14,0.890625,0.00390625,,
goatee,0.6885158742214795,0.77608992860398,single,eyeglasses,pclarc,14,0.6863132310496735,0.0022026431718060735,,
gray_hair,0.8063203463203463,0.8822510822510823,single,eyeglasses,pclarc,14,0.8106493506493506,-0.0043290043290042934,,
heavy_makeup,0.5283185840707965,0.5539823008849558,single,eyeglasses,pclarc,14,0.5327433628318584,-0.004424778761061954,,
high_cheekbones,0.47804429215051714,0.37800621866869727,single,eyeglasses,pclarc,14,0.47804429215051714,0.0,,
male,0.9733727810650887,0.9668775079915664,single,eyeglasses,pclarc,14,0.9733727810650887,0.0,,
mouth_slightly_open,0.5417487684729063,0.5609605911330049,single,eyeglasses,pclarc,14,0.5359605911330049,0.005788177339901446,,
mustache,0.7212699179140512,0.8387252535007244,single,eyeglasses,pclarc,14,0.7235634958957026,-0.002293577981651418,,
narrow_eyes,0.5625,0.5579637096774194,single,eyeglasses,pclarc,14,0.5625,0.0,,
no_beard,0.5822666367243057,0.546448087431694,single,eyeglasses,pclarc,14,0.5822666367243057,0.0,,
oval_face,0.48116504854368936,0.4215533980582525,single,eyeglasses,pclarc,14,0.48116504854368936,0.0,,
pale_skin,0.5334716459197787,0.6647302904564315,single,eyeglasses,pclarc,14,0.5313969571230982,0.0020746887966804906,,
pointy_nose,0.4456556082148499,0.5113217482885729,single,eyeglasses,pclarc,14,0.4527646129541864,-0.007109004739336511,,
receding_hairline,0.5450549450549451,0.5706528765352294,single,eyeglasses,pclarc,14,0.540530058177117,0.004524886877828149,,
rosy_cheeks,0.6065040650406504,0.7073170731707318,single,eyeglasses,pclarc,14,0.6085365853658536,-0.002032520325203291,,
sideburns,0.6764378478664193,0.7866419294990724,single,eyeglasses,pclarc,14,0.6846011131725418,-0.008163265306122547,,
smiling,0.8533823079277625,0.9554943373125191,single,eyeglasses,pclarc,14,0.8533823079277625,0.0,,
straight_hair,0.6312056737588652,0.6042553191489362,single,eyeglasses,pclarc,14,0.6095238095238096,0.02168186423505558,,
wavy_hair,0.5412589262099974,0.5766552058538305,single,eyeglasses,pclarc,14,0.5412589262099974,0.0,,
wearing_earrings,0.6687392795883362,0.7231989708404802,single,eyeglasses,pclarc,14,0.6824614065180103,-0.013722126929674117,,
wearing_hat,0.9046066041581737,0.9328713140372333,single,eyeglasses,pclarc,14,0.9046066041581737,0.0,,
wearing_lipstick,0.4453125,0.3917643229166667,single,eyeglasses,pclarc,14,0.421875,0.0234375,,
wearing_necklace,0.5462558628497494,0.5300016173378619,single,eyeglasses,pclarc,14,0.5299207504447678,0.016335112404981533,,
wearing_necktie,0.5564605701592003,0.6013822041219301,single,eyeglasses,pclarc,14,0.5631247686042207,-0.0066641984450204195,,
young,0.8058587727412889,0.8909034844279988,single,eyeglasses,pclarc,14,0.8066604995374653,-0.0008017267961764052,,
5_o_clock_shadow,0.5150862068965517,0.5716594827586207,single,eyeglasses,pclarc,15,0.5193965517241379,-0.004310344827586188,,
arched_eyebrows,0.5439560439560439,0.587734845799362,single,eyeglasses,pclarc,15,0.5626846272007562,-0.01872858324471227,,
attractive,0.50663139329806,0.5581657848324515,single,eyeglasses,pclarc,15,0.5037742504409171,0.0028571428571428914,,
bags_under_eyes,0.4787312064539787,0.425925925925926,single,eyeglasses,pclarc,15,0.49972497249724973,-0.020993766043271023,,
bald,0.8014825442372071,0.8856049736967958,single,eyeglasses,pclarc,15,0.7916786226685797,0.009803921568627416,,
bangs,0.7933110367892977,0.8772575250836121,single,eyeglasses,pclarc,15,0.7911371237458193,0.0021739130434783593,,
big_lips,0.48614808242137436,0.4779650990831115,single,eyeglasses,pclarc,15,0.49339445923296854,-0.00724637681159418,,
big_nose,0.6055513114336644,0.6033231474407946,single,eyeglasses,pclarc,15,0.6038961038961039,0.0016552075375604325,,
black_hair,0.7647941680960548,0.8761792452830189,single,eyeglasses,pclarc,15,0.7624356775300172,0.002358490566037652,,
blond_hair,0.8281661600810537,0.918338399189463,single,eyeglasses,pclarc,15,0.8239108409321175,0.004255319148936176,,
blurry,0.73224043715847,0.7605874316939891,single,eyeglasses,pclarc,15,0.6905737704918034,0.04166666666666663,,
brown_hair,0.6731892920233727,0.8207636907188477,single,eyeglasses,pclarc,15,0.6731892920233727,0.0,,
bushy_eyebrows,0.550995670995671,0.6102164502164502,single,eyeglasses,pclarc,15,0.5666666666666667,-0.015670995670995613,,
chubby,0.5780542986425339,0.6799585218702866,single,eyeglasses,pclarc,15,0.5684389140271493,0.009615384615384581,,
double_chin,0.5791995787256451,0.6548709847288046,single,eyeglasses,pclarc,15,0.5791995787256451,0.0,,
eyeglasses,0.890625,0.95477294921875,single,eyeglasses,pclarc,15,0.890625,0.0,,
goatee,0.6841105878778673,0.7739632386449947,single,eyeglasses,pclarc,15,0.6863132310496735,-0.0022026431718061845,,
gray_hair,0.8063203463203463,0.8824242424242424,single,eyeglasses,pclarc,15,0.8106493506493506,-0.0043290043290042934,,
heavy_makeup,0.5327433628318584,0.5497050147492625,single,eyeglasses,pclarc,15,0.5327433628318584,0.0,,
high_cheekbones,0.47804429215051714,0.37743511644139854,single,eyeglasses,pclarc,15,0.47804429215051714,0.0,,
male,0.9733727810650887,0.9664014146772767,single,eyeglasses,pclarc,15,0.9733727810650887,0.0,,
mouth_slightly_open,0.5323891625615763,0.561884236453202,single,eyeglasses,pclarc,15,0.5359605911330049,-0.0035714285714285587,,
mustache,0.7212699179140512,0.835465958474167,single,eyeglasses,pclarc,15,0.7235634958957026,-0.002293577981651418,,
narrow_eyes,0.5625,0.5519153225806452,single,eyeglasses,pclarc,15,0.5625,0.0,,
no_beard,0.5822666367243057,0.5445766898719965,single,eyeglasses,pclarc,15,0.5822666367243057,0.0,,
oval_face,0.47873786407766994,0.42514563106796116,single,eyeglasses,pclarc,15,0.48116504854368936,-0.0024271844660194164,,
pale_skin,0.5334716459197787,0.6650069156293223,single,eyeglasses,pclarc,15,0.5313969571230982,0.0020746887966804906,,
pointy_nose,0.4503949447077409,0.5085834649815693,single,eyeglasses,pclarc,15,0.4527646129541864,-0.002369668246445522,,
receding_hairline,0.5307692307692308,0.5710407239819004,single,eyeglasses,pclarc,15,0.540530058177117,-0.009760827407886197,,
rosy_cheeks,0.6065040650406504,0.7060975609756097,single,eyeglasses,pclarc,15,0.6085365853658536,-0.002032520325203291,,
sideburns,0.6805194805194805,0.7925788497217069,single,eyeglasses,pclarc,15,0.6846011131725418,-0.004081632653061273,,
smiling,0.8496786042240587,0.9548821548821549,single,eyeglasses,pclarc,15,0.8533823079277625,-0.0037037037037037646,,
straight_hair,0.6073961499493414,0.6062816616008104,single,eyeglasses,pclarc,15,0.6095238095238096,-0.0021276595744681437,,
wavy_hair,0.5412589262099974,0.578771048223574,single,eyeglasses,pclarc,15,0.5412589262099974,0.0,,
wearing_earrings,0.684819897084048,0.7218053173241853,single,eyeglasses,pclarc,15,0.6824614065180103,0.002358490566037652,,
wearing_hat,0.9046066041581737,0.9319200978393803,single,eyeglasses,pclarc,15,0.9046066041581737,0.0,,
wearing_lipstick,0.43229166666666663,0.3905436197916667,single,eyeglasses,pclarc,15,0.421875,0.01041666666666663,,
wearing_necklace,0.5462558628497494,0.5303250849102377,single,eyeglasses,pclarc,15,0.5299207504447678,0.016335112404981533,,
wearing_necktie,0.5541774651363692,0.6081698136492657,single,eyeglasses,pclarc,15,0.5631247686042207,-0.008947303467851442,,
young,0.8058587727412889,0.8899167437557817,single,eyeglasses,pclarc,15,0.8066604995374653,-0.0008017267961764052,,
5_o_clock_shadow,0.5193965517241379,0.5772270114942529,single,eyeglasses,pclarc,16,0.5193965517241379,0.0,,
arched_eyebrows,0.5416518964906062,0.5878530072078458,single,eyeglasses,pclarc,16,0.5626846272007562,-0.021032730710149994,,
attractive,0.5037742504409171,0.5558377425044092,single,eyeglasses,pclarc,16,0.5037742504409171,0.0,,
bags_under_eyes,0.45773744041070774,0.4184085075174184,single,eyeglasses,pclarc,16,0.49972497249724973,-0.04198753208654199,,
bald,0.8014825442372071,0.8864658058345289,single,eyeglasses,pclarc,16,0.7916786226685797,0.009803921568627416,,
bangs,0.7889632107023412,0.8769230769230769,single,eyeglasses,pclarc,16,0.7911371237458193,-0.0021739130434781373,,
big_lips,0.49339445923296854,0.47766932860100564,single,eyeglasses,pclarc,16,0.49339445923296854,0.0,,
big_nose,0.6055513114336644,0.6033231474407945,single,eyeglasses,pclarc,16,0.6038961038961039,0.0016552075375604325,,
black_hair,0.7624356775300172,0.8760720411663809,single,eyeglasses,pclarc,16,0.7624356775300172,0.0,,
blond_hair,0.8260385005065856,0.9199594731509625,single,eyeglasses,pclarc,16,0.8239108409321175,0.0021276595744680327,,
blurry,0.73224043715847,0.7660519125683061,single,eyeglasses,pclarc,16,0.6905737704918034,0.04166666666666663,,
brown_hair,0.670947139557005,0.8225302350862889,single,eyeglasses,pclarc,16,0.6731892920233727,-0.0022421524663677195,,
bushy_eyebrows,0.5688311688311689,0.6072727272727273,single,eyeglasses,pclarc,16,0.5666666666666667,0.0021645021645022577,,
chubby,0.5780542986425339,0.6798642533936652,single,eyeglasses,pclarc,16,0.5684389140271493,0.009615384615384581,,
double_chin,0.5768299104791996,0.6528699315429173,single,eyeglasses,pclarc,16,0.5791995787256451,-0.0023696682464454666,,
eyeglasses,0.890625,0.9520263671875,single,eyeglasses,pclarc,16,0.890625,0.0,,
goatee,0.6885158742214795,0.7765456478809053,single,eyeglasses,pclarc,16,0.6863132310496735,0.0022026431718060735,,
gray_hair,0.8063203463203463,0.8838095238095238,single,eyeglasses,pclarc,16,0.8106493506493506,-0.0043290043290042934,,
heavy_makeup,0.5349557522123893,0.5460176991150443,single,eyeglasses,pclarc,16,0.5327433628318584,0.0022123893805309214,,
high_cheekbones,0.474776318294308,0.3783234976838632,single,eyeglasses,pclarc,16,0.47804429215051714,-0.0032679738562091387,,
male,0.9733727810650887,0.9664014146772767,single,eyeglasses,pclarc,16,0.9733727810650887,0.0,,
mouth_slightly_open,0.5366995073891626,0.560960591133005,single,eyeglasses,pclarc,16,0.5359605911330049,0.00073891625615774,,
mustache,0.7212699179140512,0.8377595364558185,single,eyeglasses,pclarc,16,0.7235634958957026,-0.002293577981651418,,
narrow_eyes,0.564516129032258,0.5498991935483871,single,eyeglasses,pclarc,16,0.5625,0.002016129032258007,,
no_beard,0.5795343962871473,0.5458492402125907,single,eyeglasses,pclarc,16,0.5822666367243057,-0.002732240437158362,,
oval_face,0.47873786407766994,0.42854368932038833,single,eyeglasses,pclarc,16,0.48116504854368936,-0.0024271844660194164,,
pale_skin,0.5313969571230982,0.6674965421853389,single,eyeglasses,pclarc,16,0.5313969571230982,0.0,,
pointy_nose,0.4480252764612954,0.5091627172195893,single,eyeglasses,pclarc,16,0.4527646129541864,-0.004739336492890989,,
receding_hairline,0.5307692307692308,0.5705235940530058,single,eyeglasses,pclarc,16,0.540530058177117,-0.009760827407886197,,
rosy_cheeks,0.6105691056910569,0.708130081300813,single,eyeglasses,pclarc,16,0.6085365853658536,0.002032520325203291,,
sideburns,0.6825602968460112,0.7888682745825604,single,eyeglasses,pclarc,16,0.6846011131725418,-0.0020408163265306367,,
smiling,0.8455463728191002,0.9553106825834099,single,eyeglasses,pclarc,16,0.8533823079277625,-0.007835935108662317,,
straight_hair,0.5835866261398176,0.6010131712259372,single,eyeglasses,pclarc,16,0.6095238095238096,-0.02593718338399198,,
wavy_hair,0.5412589262099974,0.5771841664462665,single,eyeglasses,pclarc,16,0.5412589262099974,0.0,,
wearing_earrings,0.6710977701543739,0.7234133790737565,single,eyeglasses,pclarc,16,0.6824614065180103,-0.011363636363636465,,
wearing_hat,0.9046066041581737,0.9319200978393803,single,eyeglasses,pclarc,16,0.9046066041581737,0.0,,
wearing_lipstick,0.43489583333333337,0.3933919270833333,single,eyeglasses,pclarc,16,0.421875,0.01302083333333337,,
wearing_necklace,0.5528060811903607,0.5332362930616206,single,eyeglasses,pclarc,16,0.5299207504447678,0.022885330745592847,,
wearing_necktie,0.5587436751820314,0.6027397260273973,single,eyeglasses,pclarc,16,0.5631247686042207,-0.004381093422189286,,
young,0.8066604995374653,0.888868331791551,single,eyeglasses,pclarc,16,0.8066604995374653,0.0,,
5_o_clock_shadow,0.5193965517241379,0.5713002873563219,single,eyeglasses,pclarc,17,0.5193965517241379,0.0,,
arched_eyebrows,0.5521682618456811,0.5846626491787782,single,eyeglasses,pclarc,17,0.5626846272007562,-0.010516365355075052,,
attractive,0.5037742504409171,0.5535097001763668,single,eyeglasses,pclarc,17,0.5037742504409171,0.0,,
bags_under_eyes,0.450953428676201,0.4251925192519252,single,eyeglasses,pclarc,17,0.49972497249724973,-0.04877154382104876,,
bald,0.8014825442372071,0.8853180296508847,single,eyeglasses,pclarc,17,0.7916786226685797,0.009803921568627416,,
bangs,0.7867892976588629,0.8769230769230769,single,eyeglasses,pclarc,17,0.7911371237458193,-0.004347826086956497,,
big_lips,0.4958099181701666,0.47835945972591937,single,eyeglasses,pclarc,17,0.49339445923296854,0.0024154589371980784,,
big_nose,0.6006493506493507,0.6044053985230456,single,eyeglasses,pclarc,17,0.6038961038961039,-0.0032467532467532756,,
black_hair,0.7624356775300172,0.8761792452830189,single,eyeglasses,pclarc,17,0.7624356775300172,0.0,,
blond_hair,0.8260385005065856,0.9203647416413373,single,eyeglasses,pclarc,17,0.8239108409321175,0.0021276595744680327,,
blurry,0.73224043715847,0.7667349726775957,single,eyeglasses,pclarc,17,0.6905737704918034,0.04166666666666663,,
brown_hair,0.6731892920233727,0.820627802690583,single,eyeglasses,pclarc,17,0.6731892920233727,0.0,,
bushy_eyebrows,0.5488311688311689,0.610909090909091,single,eyeglasses,pclarc,17,0.5666666666666667,-0.01783549783549776,,
chubby,0.5684389140271493,0.6793929110105581,single,eyeglasses,pclarc,17,0.5684389140271493,0.0,,
double_chin,0.5791995787256451,0.65318588730911,single,eyeglasses,pclarc,17,0.5791995787256451,0.0,,
eyeglasses,0.890625,0.95208740234375,single,eyeglasses,pclarc,17,0.890625,0.0,,
goatee,0.6863132310496735,0.7753303964757708,single,eyeglasses,pclarc,17,0.6863132310496735,0.0,,
gray_hair,0.8084848484848486,0.8848484848484849,single,eyeglasses,pclarc,17,0.8106493506493506,-0.0021645021645020357,,
heavy_makeup,0.5160766961651918,0.5390855457227139,single,eyeglasses,pclarc,17,0.5327433628318584,-0.016666666666666607,,
high_cheekbones,0.47150834443809886,0.37813313027476364,single,eyeglasses,pclarc,17,0.47804429215051714,-0.006535947712418277,,
male,0.9733727810650887,0.9667414813303408,single,eyeglasses,pclarc,17,0.9733727810650887,0.0,,
mouth_slightly_open,0.5331280788177339,0.5598522167487685,single,eyeglasses,pclarc,17,0.5359605911330049,-0.0028325123152709297,,
mustache,0.7212699179140512,0.8359488169966199,single,eyeglasses,pclarc,17,0.7235634958957026,-0.002293577981651418,,
narrow_eyes,0.564516129032258,0.5448588709677419,single,eyeglasses,pclarc,17,0.5625,0.002016129032258007,,
no_beard,0.5822666367243057,0.5446515457743842,single,eyeglasses,pclarc,17,0.5822666367243057,0.0,,
oval_face,0.47873786407766994,0.4262135922330097,single,eyeglasses,pclarc,17,0.48116504854368936,-0.0024271844660194164,,
pale_skin,0.5293222683264177,0.6730290456431536,single,eyeglasses,pclarc,17,0.5313969571230982,-0.0020746887966804906,,
pointy_nose,0.4456556082148499,0.5020537124802528,single,eyeglasses,pclarc,17,0.4527646129541864,-0.007109004739336511,,
receding_hairline,0.5375565610859728,0.5696186166774402,single,eyeglasses,pclarc,17,0.540530058177117,-0.0029734970911441394,,
rosy_cheeks,0.6085365853658536,0.7077235772357724,single,eyeglasses,pclarc,17,0.6085365853658536,0.0,,
sideburns,0.6886827458256031,0.7918367346938776,single,eyeglasses,pclarc,17,0.6846011131725418,0.004081632653061273,,
smiling,0.8496786042240587,0.9543311906948271,single,eyeglasses,pclarc,17,0.8533823079277625,-0.0037037037037037646,,
straight_hair,0.6159067882472138,0.6028368794326241,single,eyeglasses,pclarc,17,0.6095238095238096,0.006382978723404209,,
wavy_hair,0.5475182932204884,0.5794763290134884,single,eyeglasses,pclarc,17,0.5412589262099974,0.006259367010491013,,
wearing_earrings,0.6824614065180103,0.7235205831903946,single,eyeglasses,pclarc,17,0.6824614065180103,0.0,,
wearing_hat,0.9046066041581737,0.9311047696697922,single,eyeglasses,pclarc,17,0.9046066041581737,0.0,,
wearing_lipstick,0.43229166666666663,0.3912760416666667,single,eyeglasses,pclarc,17,0.421875,0.01041666666666663,,
wearing_necklace,0.5506226750768235,0.5291929484069222,single,eyeglasses,pclarc,17,0.5299207504447678,0.020701924632055668,,
wearing_necktie,0.5564605701592003,0.6113785017894607,single,eyeglasses,pclarc,17,0.5631247686042207,-0.0066641984450204195,,
young,0.8015109466543324,0.8869565217391304,single,eyeglasses,pclarc,17,0.8066604995374653,-0.005149552883132902,,
5_o_clock_shadow,0.5193965517241379,0.5707614942528736,single,eyeglasses,pclarc,18,0.5193965517241379,0.0,,
arched_eyebrows,0.5521682618456811,0.5843081649533263,single,eyeglasses,pclarc,18,0.5626846272007562,-0.010516365355075052,,
attractive,0.5037742504409171,0.5477954144620811,single,eyeglasses,pclarc,18,0.5037742504409171,0.0,,
bags_under_eyes,0.45342867620095345,0.4215254858819215,single,eyeglasses,pclarc,18,0.49972497249724973,-0.04629629629629628,,
bald,0.8014825442372071,0.8848397895743665,single,eyeglasses,pclarc,18,0.7916786226685797,0.009803921568627416,,
bangs,0.7867892976588629,0.8762541806020067,single,eyeglasses,pclarc,18,0.7911371237458193,-0.004347826086956497,,
big_lips,0.4982253771073647,0.4774228531992507,single,eyeglasses,pclarc,18,0.49339445923296854,0.004830917874396157,,
big_nose,0.584288260758849,0.6017952635599696,single,eyeglasses,pclarc,18,0.6038961038961039,-0.019607843137254943,,
black_hair,0.7647941680960548,0.876393653516295,single,eyeglasses,pclarc,18,0.7624356775300172,0.002358490566037652,,
blond_hair,0.8281661600810537,0.9205673758865248,single,eyeglasses,pclarc,18,0.8239108409321175,0.004255319148936176,,
blurry,0.6926229508196722,0.7667349726775956,single,eyeglasses,pclarc,18,0.6905737704918034,0.002049180327868827,,
brown_hair,0.6731892920233727,0.8221225710014948,single,eyeglasses,pclarc,18,0.6731892920233727,0.0,,
bushy_eyebrows,0.5488311688311689,0.6148917748917748,single,eyeglasses,pclarc,18,0.5666666666666667,-0.01783549783549776,,
chubby,0.5708898944193062,0.6799585218702866,single,eyeglasses,pclarc,18,0.5684389140271493,0.002450980392156854,,
double_chin,0.5791995787256451,0.6547656661400738,single,eyeglasses,pclarc,18,0.5791995787256451,0.0,,
eyeglasses,0.89453125,0.948974609375,single,eyeglasses,pclarc,18,0.890625,0.00390625,,
goatee,0.6819079447060611,0.7765456478809054,single,eyeglasses,pclarc,18,0.6863132310496735,-0.004405286343612369,,
gray_hair,0.8171428571428572,0.883982683982684,single,eyeglasses,pclarc,18,0.8106493506493506,0.006493506493506551,,
heavy_makeup,0.5138643067846608,0.5330383480825959,single,eyeglasses,pclarc,18,0.5327433628318584,-0.01887905604719764,,
high_cheekbones,0.47963068722634683,0.37902151151722824,single,eyeglasses,pclarc,18,0.47804429215051714,0.001586395075829694,,
male,0.9733727810650887,0.9668094946609537,single,eyeglasses,pclarc,18,0.9733727810650887,0.0,,
mouth_slightly_open,0.5424876847290641,0.5611453201970443,single,eyeglasses,pclarc,18,0.5359605911330049,0.006527093596059186,,
mustache,0.7081120231772091,0.8346209560598745,single,eyeglasses,pclarc,18,0.7235634958957026,-0.015451472718493453,,
narrow_eyes,0.564516129032258,0.5383064516129032,single,eyeglasses,pclarc,18,0.5625,0.002016129032258007,,
no_beard,0.5754173216558126,0.5445766898719964,single,eyeglasses,pclarc,18,0.5822666367243057,-0.006849315068493067,,
oval_face,0.47873786407766994,0.43203883495145634,single,eyeglasses,pclarc,18,0.48116504854368936,-0.0024271844660194164,,
pale_skin,0.5272475795297372,0.6699861687413555,single,eyeglasses,pclarc,18,0.5313969571230982,-0.004149377593360981,,
pointy_nose,0.4409162717219589,0.49984202211690365,single,eyeglasses,pclarc,18,0.4527646129541864,-0.0118483412322275,,
receding_hairline,0.5398190045248868,0.5675500969618616,single,eyeglasses,pclarc,18,0.540530058177117,-0.0007110536522301203,,
rosy_cheeks,0.6085365853658536,0.701219512195122,single,eyeglasses,pclarc,18,0.6085365853658536,0.0,,
sideburns,0.6866419294990724,0.7884972170686456,single,eyeglasses,pclarc,18,0.6846011131725418,0.0020408163265306367,,
smiling,0.8496786042240587,0.9548209366391185,single,eyeglasses,pclarc,18,0.8533823079277625,-0.0037037037037037646,,
straight_hair,0.6137791286727456,0.6016210739614996,single,eyeglasses,pclarc,18,0.6095238095238096,0.004255319148936065,,
wavy_hair,0.5437714890240677,0.5774486467424843,single,eyeglasses,pclarc,18,0.5412589262099974,0.002512562814070307,,
wearing_earrings,0.6801029159519726,0.7233061749571184,single,eyeglasses,pclarc,18,0.6824614065180103,-0.002358490566037763,,
wearing_hat,0.9046066041581737,0.9319200978393803,single,eyeglasses,pclarc,18,0.9046066041581737,0.0,,
wearing_lipstick,0.45052083333333337,0.39208984375,single,eyeglasses,pclarc,18,0.421875,0.02864583333333337,,
wearing_necklace,0.5528060811903607,0.5361475012130034,single,eyeglasses,pclarc,18,0.5299207504447678,0.022885330745592847,,
wearing_necktie,0.5610267802048624,0.6090336912254721,single,eyeglasses,pclarc,18,0.5631247686042207,-0.0020979883993582638,,
young,0.8015109466543324,0.8858464384828861,single,eyeglasses,pclarc,18,0.8066604995374653,-0.005149552883132902,,
5_o_clock_shadow,0.5193965517241379,0.5707614942528736,single,eyeglasses,pclarc,19,0.5193965517241379,0.0,,
arched_eyebrows,0.5521682618456811,0.5847808105872622,single,eyeglasses,pclarc,19,0.5626846272007562,-0.010516365355075052,,
attractive,0.5037742504409171,0.5547795414462081,single,eyeglasses,pclarc,19,0.5037742504409171,0.0,,
bags_under_eyes,0.4626879354602127,0.426017601760176,single,eyeglasses,pclarc,19,0.49972497249724973,-0.037037037037037035,,
bald,0.8014825442372071,0.8856049736967958,single,eyeglasses,pclarc,19,0.7916786226685797,0.009803921568627416,,
bangs,0.7889632107023412,0.8765886287625417,single,eyeglasses,pclarc,19,0.7911371237458193,-0.0021739130434781373,,
big_lips,0.5078872128561569,0.4836833284038253,single,eyeglasses,pclarc,19,0.49339445923296854,0.01449275362318836,,
big_nose,0.5956837280366691,0.6016042780748663,single,eyeglasses,pclarc,19,0.6038961038961039,-0.008212375859434795,,
black_hair,0.7714408233276158,0.8743567753001715,single,eyeglasses,pclarc,19,0.7624356775300172,0.00900514579759859,,
blond_hair,0.8217831813576495,0.9189463019250252,single,eyeglasses,pclarc,19,0.8239108409321175,-0.0021276595744680327,,
blurry,0.6926229508196722,0.7619535519125684,single,eyeglasses,pclarc,19,0.6905737704918034,0.002049180327868827,,
brown_hair,0.6731892920233727,0.8181818181818182,single,eyeglasses,pclarc,19,0.6731892920233727,0.0,,
bushy_eyebrows,0.5731601731601732,0.6263203463203463,single,eyeglasses,pclarc,19,0.5666666666666667,0.006493506493506551,,
chubby,0.5708898944193062,0.6804298642533937,single,eyeglasses,pclarc,19,0.5684389140271493,0.002450980392156854,,
double_chin,0.5768299104791996,0.661506055818852,single,eyeglasses,pclarc,19,0.5791995787256451,-0.0023696682464454666,,
eyeglasses,0.87890625,0.936767578125,single,eyeglasses,pclarc,19,0.890625,-0.01171875,,
goatee,0.6841105878778673,0.7747227707732037,single,eyeglasses,pclarc,19,0.6863132310496735,-0.0022026431718061845,,
gray_hair,0.8193073593073593,0.8876190476190476,single,eyeglasses,pclarc,19,0.8106493506493506,0.008658008658008698,,
heavy_makeup,0.5138643067846608,0.5365781710914455,single,eyeglasses,pclarc,19,0.5327433628318584,-0.01887905604719764,,
high_cheekbones,0.4813122660067263,0.38244812488102037,single,eyeglasses,pclarc,19,0.47804429215051714,0.0032679738562091387,,
male,0.9733727810650887,0.9659933346936,single,eyeglasses,pclarc,19,0.9733727810650887,0.0,,
mouth_slightly_open,0.5467980295566502,0.5602832512315271,single,eyeglasses,pclarc,19,0.5359605911330049,0.010837438423645374,,
mustache,0.7104056011588604,0.8345002414292613,single,eyeglasses,pclarc,19,0.7235634958957026,-0.013157894736842146,,
narrow_eyes,0.5625,0.544858870967742,single,eyeglasses,pclarc,19,0.5625,0.0,,
no_beard,0.5754173216558126,0.5442024103600569,single,eyeglasses,pclarc,19,0.5822666367243057,-0.006849315068493067,,
oval_face,0.4763106796116505,0.42436893203883497,single,eyeglasses,pclarc,19,0.48116504854368936,-0.004854368932038833,,
pale_skin,0.5313969571230982,0.6724757952973721,single,eyeglasses,pclarc,19,0.5313969571230982,0.0,,
pointy_nose,0.4456556082148499,0.5007898894154819,single,eyeglasses,pclarc,19,0.4527646129541864,-0.007109004739336511,,
receding_hairline,0.5420814479638009,0.5733678086619264,single,eyeglasses,pclarc,19,0.540530058177117,0.0015513897866838988,,
rosy_cheeks,0.6105691056910569,0.7060975609756098,single,eyeglasses,pclarc,19,0.6085365853658536,0.002032520325203291,,
sideburns,0.6846011131725418,0.7855287569573285,single,eyeglasses,pclarc,19,0.6846011131725418,0.0,,
smiling,0.8575145393327211,0.9557392102846649,single,eyeglasses,pclarc,19,0.8533823079277625,0.004132231404958664,,
straight_hair,0.62016210739615,0.603242147922999,single,eyeglasses,pclarc,19,0.6095238095238096,0.010638297872340385,,
wavy_hair,0.5613153486731906,0.5779776073349202,single,eyeglasses,pclarc,19,0.5412589262099974,0.02005642246319317,,
wearing_earrings,0.6801029159519726,0.7225557461406518,single,eyeglasses,pclarc,19,0.6824614065180103,-0.002358490566037763,,
wearing_hat,0.8894550890066585,0.9325995379807038,single,eyeglasses,pclarc,19,0.9046066041581737,-0.015151515151515249,,
wearing_lipstick,0.4453125,0.39965820312500006,single,eyeglasses,pclarc,19,0.421875,0.0234375,,
wearing_necklace,0.5342875626718422,0.5280608119036067,single,eyeglasses,pclarc,19,0.5299207504447678,0.004366812227074357,,
wearing_necktie,0.5541774651363692,0.6218684437862521,single,eyeglasses,pclarc,19,0.5631247686042207,-0.008947303467851442,,
young,0.7999074930619796,0.8842429848905334,single,eyeglasses,pclarc,19,0.8066604995374653,-0.006753006475485712,,
5_o_clock_shadow,0.521551724137931,0.5711206896551724,single,eyeglasses,pclarc,20,0.5193965517241379,0.0021551724137931494,,
arched_eyebrows,0.5347394540942928,0.5791090629800307,single,eyeglasses,pclarc,20,0.5626846272007562,-0.027945173106463383,,
attractive,0.5037742504409171,0.5535097001763668,single,eyeglasses,pclarc,20,0.5037742504409171,0.0,,
bags_under_eyes,0.45773744041070774,0.426934360102677,single,eyeglasses,pclarc,20,0.49972497249724973,-0.04198753208654199,,
bald,0.8014825442372071,0.8869440459110474,single,eyeglasses,pclarc,20,0.7916786226685797,0.009803921568627416,,
bangs,0.7846153846153847,0.875752508361204,single,eyeglasses,pclarc,20,0.7911371237458193,-0.006521739130434634,,
big_lips,0.510302671793355,0.48516218081435475,single,eyeglasses,pclarc,20,0.49339445923296854,0.016908212560386437,,
big_nose,0.5907817672523554,0.6003310415075122,single,eyeglasses,pclarc,20,0.6038961038961039,-0.013114336643748503,,
black_hair,0.7600771869639794,0.8746783876500859,single,eyeglasses,pclarc,20,0.7624356775300172,-0.002358490566037763,,
blond_hair,0.8260385005065856,0.918338399189463,single,eyeglasses,pclarc,20,0.8239108409321175,0.0021276595744680327,,
blurry,0.6905737704918034,0.7616120218579234,single,eyeglasses,pclarc,20,0.6905737704918034,0.0,,
brown_hair,0.6687049870906373,0.8180459301535535,single,eyeglasses,pclarc,20,0.6731892920233727,-0.004484304932735439,,
bushy_eyebrows,0.550995670995671,0.6264935064935064,single,eyeglasses,pclarc,20,0.5666666666666667,-0.015670995670995613,,
chubby,0.5780542986425339,0.6816553544494721,single,eyeglasses,pclarc,20,0.5684389140271493,0.009615384615384581,,
double_chin,0.5791995787256451,0.6616113744075829,single,eyeglasses,pclarc,20,0.5791995787256451,0.0,,
eyeglasses,0.859375,0.93243408203125,single,eyeglasses,pclarc,20,0.890625,-0.03125,,
goatee,0.6841105878778673,0.7779128057116816,single,eyeglasses,pclarc,20,0.6863132310496735,-0.0022026431718061845,,
gray_hair,0.8258008658008658,0.8829437229437229,single,eyeglasses,pclarc,20,0.8106493506493506,0.015151515151515138,,
heavy_makeup,0.5182890855457227,0.5355457227138644,single,eyeglasses,pclarc,20,0.5327433628318584,-0.014454277286135686,,
high_cheekbones,0.4813122660067263,0.38371724094168413,single,eyeglasses,pclarc,20,0.47804429215051714,0.0032679738562091387,,
male,0.9733727810650887,0.9659253213629871,single,eyeglasses,pclarc,20,0.9733727810650887,0.0,,
mouth_slightly_open,0.5432266009852217,0.5590517241379311,single,eyeglasses,pclarc,20,0.5359605911330049,0.007266009852216815,,
mustache,0.7235634958957026,0.8355866731047803,single,eyeglasses,pclarc,20,0.7235634958957026,0.0,,
narrow_eyes,0.564516129032258,0.5347782258064517,single,eyeglasses,pclarc,20,0.5625,0.002016129032258007,,
no_beard,0.5754173216558126,0.5443521221648328,single,eyeglasses,pclarc,20,0.5822666367243057,-0.006849315068493067,,
oval_face,0.4763106796116505,0.4285436893203884,single,eyeglasses,pclarc,20,0.48116504854368936,-0.004854368932038833,,
pale_skin,0.5313969571230982,0.678838174273859,single,eyeglasses,pclarc,20,0.5313969571230982,0.0,,
pointy_nose,0.4456556082148499,0.5072143233280675,single,eyeglasses,pclarc,20,0.4527646129541864,-0.007109004739336511,,
receding_hairline,0.5398190045248868,0.5745313510019393,single,eyeglasses,pclarc,20,0.540530058177117,-0.0007110536522301203,,
rosy_cheeks,0.6146341463414634,0.7105691056910569,single,eyeglasses,pclarc,20,0.6085365853658536,0.0060975609756097615,,
sideburns,0.6866419294990724,0.7873840445269017,single,eyeglasses,pclarc,20,0.6846011131725418,0.0020408163265306367,,
smiling,0.8575145393327211,0.9564738292011019,single,eyeglasses,pclarc,20,0.8533823079277625,0.004132231404958664,,
straight_hair,0.622289766970618,0.6058763931104356,single,eyeglasses,pclarc,20,0.6095238095238096,0.012765957446808418,,
wavy_hair,0.5588027858591201,0.5739222427929118,single,eyeglasses,pclarc,20,0.5412589262099974,0.01754385964912275,,
wearing_earrings,0.6801029159519726,0.7208404802744426,single,eyeglasses,pclarc,20,0.6824614065180103,-0.002358490566037763,,
wearing_hat,0.9046066041581737,0.9321918738959097,single,eyeglasses,pclarc,20,0.9046066041581737,0.0,,
wearing_lipstick,0.44791666666666663,0.40185546875000006,single,eyeglasses,pclarc,20,0.421875,0.02604166666666663,,
wearing_necklace,0.5342875626718422,0.5342066957787481,single,eyeglasses,pclarc,20,0.5299207504447678,0.004366812227074357,,
wearing_necktie,0.5564605701592003,0.6195236332222633,single,eyeglasses,pclarc,20,0.5631247686042207,-0.0066641984450204195,,
young,0.7963613937711995,0.8839346284304657,single,eyeglasses,pclarc,20,0.8066604995374653,-0.010299105766265804,,
5_o_clock_shadow,0.5258620689655172,0.5906968390804599,single,eyeglasses,pclarc,21,0.5193965517241379,0.006465517241379337,,
arched_eyebrows,0.5370436015597306,0.5804088384733546,single,eyeglasses,pclarc,21,0.5626846272007562,-0.02564102564102555,,
attractive,0.5037742504409171,0.5579541446208113,single,eyeglasses,pclarc,21,0.5037742504409171,0.0,,
bags_under_eyes,0.508984231756509,0.4288595526219289,single,eyeglasses,pclarc,21,0.49972497249724973,0.009259259259259245,,
bald,0.8014825442372071,0.8866571018651364,single,eyeglasses,pclarc,21,0.7916786226685797,0.009803921568627416,,
bangs,0.7889632107023412,0.8774247491638796,single,eyeglasses,pclarc,21,0.7911371237458193,-0.0021739130434781373,,
big_lips,0.5301685891748004,0.49985211475894703,single,eyeglasses,pclarc,21,0.49339445923296854,0.036774129941831823,,
big_nose,0.5793226381461676,0.5963203463203464,single,eyeglasses,pclarc,21,0.6038961038961039,-0.024573465749936352,,
black_hair,0.7828044596912521,0.8742495711835335,single,eyeglasses,pclarc,21,0.7624356775300172,0.020368782161234944,,
blond_hair,0.8281661600810537,0.918743667679838,single,eyeglasses,pclarc,21,0.8239108409321175,0.004255319148936176,,
blurry,0.6905737704918034,0.7578551912568307,single,eyeglasses,pclarc,21,0.6905737704918034,0.0,,
brown_hair,0.6687049870906373,0.8081261040902297,single,eyeglasses,pclarc,21,0.6731892920233727,-0.004484304932735439,,
bushy_eyebrows,0.5645021645021645,0.638961038961039,single,eyeglasses,pclarc,21,0.5666666666666667,-0.0021645021645021467,,
chubby,0.5805052790346907,0.6800527903469079,single,eyeglasses,pclarc,21,0.5684389140271493,0.012066365007541435,,
double_chin,0.5617166929963139,0.6583464981569247,single,eyeglasses,pclarc,21,0.5791995787256451,-0.01748288572933121,,
eyeglasses,0.828125,0.9156494140625,single,eyeglasses,pclarc,21,0.890625,-0.0625,,
goatee,0.6841105878778673,0.7741151450706365,single,eyeglasses,pclarc,21,0.6863132310496735,-0.0022026431718061845,,
gray_hair,0.8322943722943723,0.8815584415584415,single,eyeglasses,pclarc,21,0.8106493506493506,0.02164502164502169,,
heavy_makeup,0.5227138643067847,0.556637168141593,single,eyeglasses,pclarc,21,0.5327433628318584,-0.010029498525073732,,
high_cheekbones,0.4813122660067263,0.3897455422298369,single,eyeglasses,pclarc,21,0.47804429215051714,0.0032679738562091387,,
male,0.9733727810650887,0.9652451880568591,single,eyeglasses,pclarc,21,0.9733727810650887,0.0,,
mouth_slightly_open,0.5432266009852217,0.5584975369458128,single,eyeglasses,pclarc,21,0.5359605911330049,0.007266009852216815,,
mustache,0.7212699179140512,0.83594881699662,single,eyeglasses,pclarc,21,0.7235634958957026,-0.002293577981651418,,
narrow_eyes,0.5625,0.5246975806451613,single,eyeglasses,pclarc,21,0.5625,0.0,,
no_beard,0.5754173216558126,0.5408338947526012,single,eyeglasses,pclarc,21,0.5822666367243057,-0.006849315068493067,,
oval_face,0.47873786407766994,0.4248543689320388,single,eyeglasses,pclarc,21,0.48116504854368936,-0.0024271844660194164,,
pale_skin,0.5313969571230982,0.6757952973720609,single,eyeglasses,pclarc,21,0.5313969571230982,0.0,,
pointy_nose,0.4480252764612954,0.5071090047393365,single,eyeglasses,pclarc,21,0.4527646129541864,-0.004739336492890989,,
receding_hairline,0.5443438914027149,0.5718164188752424,single,eyeglasses,pclarc,21,0.540530058177117,0.003813833225597918,,
rosy_cheeks,0.6126016260162601,0.7130081300813008,single,eyeglasses,pclarc,21,0.6085365853658536,0.004065040650406471,,
sideburns,0.6784786641929499,0.7844155844155845,single,eyeglasses,pclarc,21,0.6846011131725418,-0.00612244897959191,,
smiling,0.8616467707376798,0.9565962656871747,single,eyeglasses,pclarc,21,0.8533823079277625,0.008264462809917328,,
straight_hair,0.622289766970618,0.6044579533941236,single,eyeglasses,pclarc,21,0.6095238095238096,0.012765957446808418,,
wavy_hair,0.5525434188486291,0.5785947280260954,single,eyeglasses,pclarc,21,0.5412589262099974,0.011284492638631738,,
wearing_earrings,0.6824614065180103,0.720090051457976,single,eyeglasses,pclarc,21,0.6824614065180103,0.0,,
wearing_hat,0.9046066041581737,0.9328713140372333,single,eyeglasses,pclarc,21,0.9046066041581737,0.0,,
wearing_lipstick,0.4765625,0.412841796875,single,eyeglasses,pclarc,21,0.421875,0.0546875,,
wearing_necklace,0.5615397056445092,0.5466601973152191,single,eyeglasses,pclarc,21,0.5299207504447678,0.03161895519974134,,
wearing_necktie,0.5383808466000246,0.6227323213624584,single,eyeglasses,pclarc,21,0.5631247686042207,-0.02474392200419606,,
young,0.7947579401788467,0.8767190872648782,single,eyeglasses,pclarc,21,0.8066604995374653,-0.011902559358618614,,
5_o_clock_shadow,0.5344827586206897,0.587823275862069,single,eyeglasses,pclarc,22,0.5193965517241379,0.015086206896551824,,
arched_eyebrows,0.5324353066288551,0.5657568238213398,single,eyeglasses,pclarc,22,0.5626846272007562,-0.030249320571901106,,
attractive,0.5037742504409171,0.5462433862433862,single,eyeglasses,pclarc,22,0.5037742504409171,0.0,,
bags_under_eyes,0.504033736707004,0.4365603226989365,single,eyeglasses,pclarc,22,0.49972497249724973,0.00430876420975429,,
bald,0.7916786226685797,0.8838833094213294,single,eyeglasses,pclarc,22,0.7916786226685797,0.0,,
bangs,0.7889632107023412,0.875752508361204,single,eyeglasses,pclarc,22,0.7911371237458193,-0.0021739130434781373,,
big_lips,0.5180912944888101,0.49127477077787635,single,eyeglasses,pclarc,22,0.49339445923296854,0.024696835255841543,,
big_nose,0.5711739241151006,0.5835879806468043,single,eyeglasses,pclarc,22,0.6038961038961039,-0.032722179781003335,,
black_hair,0.7737993138936535,0.8719982847341338,single,eyeglasses,pclarc,22,0.7624356775300172,0.011363636363636354,,
blond_hair,0.8477203647416414,0.9258358662613982,single,eyeglasses,pclarc,22,0.8239108409321175,0.023809523809523836,,
blurry,0.6844262295081966,0.7595628415300547,single,eyeglasses,pclarc,22,0.6905737704918034,-0.006147540983606703,,
brown_hair,0.6687049870906373,0.8165511618426418,single,eyeglasses,pclarc,22,0.6731892920233727,-0.004484304932735439,,
bushy_eyebrows,0.5774891774891775,0.6488311688311689,single,eyeglasses,pclarc,22,0.5666666666666667,0.010822510822510845,,
chubby,0.5780542986425339,0.6798642533936652,single,eyeglasses,pclarc,22,0.5684389140271493,0.009615384615384581,,
double_chin,0.5506055818852027,0.6559768299104792,single,eyeglasses,pclarc,22,0.5791995787256451,-0.028593996840442393,,
eyeglasses,0.77734375,0.8690185546875,single,eyeglasses,pclarc,22,0.890625,-0.11328125,,
goatee,0.6819079447060611,0.7715327358347258,single,eyeglasses,pclarc,22,0.6863132310496735,-0.004405286343612369,,
gray_hair,0.8387878787878789,0.8782683982683982,single,eyeglasses,pclarc,22,0.8106493506493506,0.02813852813852824,,
heavy_makeup,0.5570796460176991,0.6053097345132743,single,eyeglasses,pclarc,22,0.5327433628318584,0.02433628318584069,,
high_cheekbones,0.48299384478710583,0.3973602385938194,single,eyeglasses,pclarc,22,0.47804429215051714,0.004949552636588694,,
male,0.9733727810650887,0.9660613480242127,single,eyeglasses,pclarc,22,0.9733727810650887,0.0,,
mouth_slightly_open,0.5289408866995073,0.561268472906404,single,eyeglasses,pclarc,22,0.5359605911330049,-0.007019704433497531,,
mustache,0.7235634958957026,0.8352245292129405,single,eyeglasses,pclarc,22,0.7235634958957026,0.0,,
narrow_eyes,0.5766129032258065,0.5181451612903226,single,eyeglasses,pclarc,22,0.5625,0.014112903225806495,,
no_beard,0.5836514709184819,0.5370162437308181,single,eyeglasses,pclarc,22,0.5822666367243057,0.001384834194176232,,
oval_face,0.48116504854368936,0.4238834951456311,single,eyeglasses,pclarc,22,0.48116504854368936,0.0,,
pale_skin,0.5313969571230982,0.6727524204702628,single,eyeglasses,pclarc,22,0.5313969571230982,0.0,,
pointy_nose,0.4456556082148499,0.4986835176408636,single,eyeglasses,pclarc,22,0.4527646129541864,-0.007109004739336511,,
receding_hairline,0.5443438914027149,0.5728506787330316,single,eyeglasses,pclarc,22,0.540530058177117,0.003813833225597918,,
rosy_cheeks,0.6065040650406504,0.7154471544715447,single,eyeglasses,pclarc,22,0.6085365853658536,-0.002032520325203291,,
sideburns,0.6825602968460112,0.7855287569573285,single,eyeglasses,pclarc,22,0.6846011131725418,-0.0020408163265306367,,
smiling,0.8533823079277625,0.9556779920416283,single,eyeglasses,pclarc,22,0.8533823079277625,0.0,,
straight_hair,0.6244174265450861,0.6105369807497466,single,eyeglasses,pclarc,22,0.6095238095238096,0.014893617021276562,,
wavy_hair,0.5437714890240677,0.5754209644714803,single,eyeglasses,pclarc,22,0.5412589262099974,0.002512562814070307,,
wearing_earrings,0.6777444253859348,0.7205188679245282,single,eyeglasses,pclarc,22,0.6824614065180103,-0.004716981132075526,,
wearing_hat,0.9046066041581737,0.9353172985459981,single,eyeglasses,pclarc,22,0.9046066041581737,0.0,,
wearing_lipstick,0.48177083333333337,0.4334309895833333,single,eyeglasses,pclarc,22,0.421875,0.05989583333333337,,
wearing_necklace,0.5659065178715834,0.5523208798317969,single,eyeglasses,pclarc,22,0.5299207504447678,0.035985767426815585,,
wearing_necktie,0.5585585585585585,0.628902875478218,single,eyeglasses,pclarc,22,0.5631247686042207,-0.004566210045662156,,
young,0.7947579401788467,0.8666666666666667,single,eyeglasses,pclarc,22,0.8066604995374653,-0.011902559358618614,,
5_o_clock_shadow,0.5854885057471264,0.6298491379310345,single,eyeglasses,pclarc,23,0.5193965517241379,0.06609195402298851,,
arched_eyebrows,0.5324353066288551,0.5529953917050692,single,eyeglasses,pclarc,23,0.5626846272007562,-0.030249320571901106,,
attractive,0.5037742504409171,0.5572486772486773,single,eyeglasses,pclarc,23,0.5037742504409171,0.0,,
bags_under_eyes,0.5033920058672534,0.4376604327099377,single,eyeglasses,pclarc,23,0.49972497249724973,0.0036670333700036806,,
bald,0.7818747010999522,0.8811095169775227,single,eyeglasses,pclarc,23,0.7916786226685797,-0.009803921568627527,,
bangs,0.7780936454849499,0.8715719063545151,single,eyeglasses,pclarc,23,0.7911371237458193,-0.01304347826086949,,
big_lips,0.500098590160702,0.4931479838312136,single,eyeglasses,pclarc,23,0.49339445923296854,0.006704130927733476,,
big_nose,0.5449452508276038,0.5720651897122485,single,eyeglasses,pclarc,23,0.6038961038961039,-0.05895085306850012,,
black_hair,0.7643653516295026,0.8668524871355061,single,eyeglasses,pclarc,23,0.7624356775300172,0.0019296740994854122,,
blond_hair,0.8260385005065856,0.9236068895643363,single,eyeglasses,pclarc,23,0.8239108409321175,0.0021276595744680327,,
blurry,0.6864754098360656,0.7568306010928962,single,eyeglasses,pclarc,23,0.6905737704918034,-0.004098360655737765,,
brown_hair,0.6664628346242696,0.8062236716945237,single,eyeglasses,pclarc,23,0.6731892920233727,-0.006726457399103158,,
bushy_eyebrows,0.6624242424242424,0.6916017316017317,single,eyeglasses,pclarc,23,0.5666666666666667,0.09575757575757571,,
chubby,0.5684389140271493,0.6798642533936652,single,eyeglasses,pclarc,23,0.5684389140271493,0.0,,
double_chin,0.5482359136387572,0.6447604002106372,single,eyeglasses,pclarc,23,0.5791995787256451,-0.03096366508688786,,
eyeglasses,0.53515625,0.5528564453125,single,eyeglasses,pclarc,23,0.890625,-0.35546875,,
goatee,0.6841105878778673,0.7759380221783382,single,eyeglasses,pclarc,23,0.6863132310496735,-0.0022026431718061845,,
gray_hair,0.769090909090909,0.8519480519480519,single,eyeglasses,pclarc,23,0.8106493506493506,-0.04155844155844157,,
heavy_makeup,0.5548672566371682,0.6089970501474926,single,eyeglasses,pclarc,23,0.5327433628318584,0.02212389380530977,,
high_cheekbones,0.48784821371914466,0.3919030395329653,single,eyeglasses,pclarc,23,0.47804429215051714,0.009803921568627527,,
male,0.970414201183432,0.964633068081344,single,eyeglasses,pclarc,23,0.9733727810650887,-0.002958579881656709,,
mouth_slightly_open,0.5296798029556651,0.5532635467980296,single,eyeglasses,pclarc,23,0.5359605911330049,-0.006280788177339791,,
mustache,0.7212699179140512,0.8419845485272816,single,eyeglasses,pclarc,23,0.7235634958957026,-0.002293577981651418,,
narrow_eyes,0.42943548387096775,0.4470766129032258,single,eyeglasses,pclarc,23,0.5625,-0.13306451612903225,,
no_beard,0.5891159517927989,0.541058462459765,single,eyeglasses,pclarc,23,0.5822666367243057,0.006849315068493178,,
oval_face,0.48116504854368936,0.4248543689320388,single,eyeglasses,pclarc,23,0.48116504854368936,0.0,,
pale_skin,0.5334716459197787,0.674688796680498,single,eyeglasses,pclarc,23,0.5313969571230982,0.0020746887966804906,,
pointy_nose,0.4480252764612954,0.5110057925223802,single,eyeglasses,pclarc,23,0.4527646129541864,-0.004739336492890989,,
receding_hairline,0.5345830639948287,0.5638009049773756,single,eyeglasses,pclarc,23,0.540530058177117,-0.005946994182288279,,
rosy_cheeks,0.5882113821138211,0.6808943089430894,single,eyeglasses,pclarc,23,0.6085365853658536,-0.020325203252032575,,
sideburns,0.6927643784786642,0.7925788497217069,single,eyeglasses,pclarc,23,0.6846011131725418,0.008163265306122436,,
smiling,0.8533823079277625,0.954025099479645,single,eyeglasses,pclarc,23,0.8533823079277625,0.0,,
straight_hair,0.6244174265450861,0.6149949341438703,single,eyeglasses,pclarc,23,0.6095238095238096,0.014893617021276562,,
wavy_hair,0.5412589262099974,0.5761262452613948,single,eyeglasses,pclarc,23,0.5412589262099974,0.0,,
wearing_earrings,0.6777444253859348,0.7171955403087479,single,eyeglasses,pclarc,23,0.6824614065180103,-0.004716981132075526,,
wearing_hat,0.8872129365402908,0.9332789781220275,single,eyeglasses,pclarc,23,0.9046066041581737,-0.01739366761788297,,
wearing_lipstick,0.4921875,0.491455078125,single,eyeglasses,pclarc,23,0.421875,0.0703125,,
wearing_necklace,0.5549894873038979,0.5369561701439429,single,eyeglasses,pclarc,23,0.5299207504447678,0.025068736859130025,,
wearing_necktie,0.5764531654942614,0.671356287794644,single,eyeglasses,pclarc,23,0.5631247686042207,0.013328396890040728,,
young,0.7801110083256244,0.8425531914893616,single,eyeglasses,pclarc,23,0.8066604995374653,-0.026549491211840914,,
5_o_clock_shadow,0.5610632183908046,0.6084770114942528,sequential,eyeglasses,diff_means,-1,0.5193965517241379,0.04166666666666674,,
arched_eyebrows,0.5137067233841427,0.5339714049391469,sequential,eyeglasses,diff_means,-1,0.5626846272007562,-0.04897790381661349,,
attractive,0.5037742504409171,0.5450440917107584,sequential,eyeglasses,diff_means,-1,0.5037742504409171,0.0,,
bags_under_eyes,0.4799229922992299,0.431059772643931,sequential,eyeglasses,diff_means,-1,0.49972497249724973,-0.01980198019801982,,
bald,0.7818747010999522,0.8849354375896701,sequential,eyeglasses,diff_means,-1,0.7916786226685797,-0.009803921568627527,,
bangs,0.7824414715719064,0.8632107023411371,sequential,eyeglasses,diff_means,-1,0.7911371237458193,-0.008695652173912993,,
big_lips,0.5073449669722961,0.5015281474908804,sequential,eyeglasses,diff_means,-1,0.49339445923296854,0.0139505077393276,,
big_nose,0.5434810287751464,0.5786223580341228,sequential,eyeglasses,diff_means,-1,0.6038961038961039,-0.06041507512095756,,
black_hair,0.7600771869639794,0.866852487135506,sequential,eyeglasses,diff_means,-1,0.7624356775300172,-0.002358490566037763,,
blond_hair,0.8910840932117527,0.9262411347517732,sequential,eyeglasses,diff_means,-1,0.8239108409321175,0.06717325227963522,,
blurry,0.671448087431694,0.742827868852459,sequential,eyeglasses,diff_means,-1,0.6905737704918034,-0.01912568306010931,,
brown_hair,0.6821579018888436,0.8194048104362005,sequential,eyeglasses,diff_means,-1,0.6731892920233727,0.008968609865470878,,
bushy_eyebrows,0.5828571428571429,0.6775757575757576,sequential,eyeglasses,diff_means,-1,0.5666666666666667,0.0161904761904762,,
chubby,0.5854072398190044,0.6705316742081447,sequential,eyeglasses,diff_means,-1,0.5684389140271493,0.016968325791855143,,
double_chin,0.5600842548709848,0.6451816745655607,sequential,eyeglasses,diff_means,-1,0.5791995787256451,-0.019115323854660304,,
eyeglasses,0.53515625,0.56353759765625,sequential,eyeglasses,diff_means,-1,0.890625,-0.35546875,,
goatee,0.6753000151906425,0.7584687832295307,sequential,eyeglasses,diff_means,-1,0.6863132310496735,-0.011013215859030923,,
gray_hair,0.8106493506493506,0.8697835497835498,sequential,eyeglasses,diff_means,-1,0.8106493506493506,0.0,,
heavy_makeup,0.5138643067846608,0.5912979351032448,sequential,eyeglasses,diff_means,-1,0.5327433628318584,-0.01887905604719764,,
high_cheekbones,0.474776318294308,0.392474141760264,sequential,eyeglasses,diff_means,-1,0.47804429215051714,-0.0032679738562091387,,
male,0.9733727810650887,0.9661293613548256,sequential,eyeglasses,diff_means,-1,0.9733727810650887,0.0,,
mouth_slightly_open,0.5288177339901478,0.554987684729064,sequential,eyeglasses,diff_means,-1,0.5359605911330049,-0.0071428571428571175,,
mustache,0.6880733944954128,0.824963785610816,sequential,eyeglasses,diff_means,-1,0.7235634958957026,-0.03549010140028974,,
narrow_eyes,0.5584677419354839,0.4889112903225806,sequential,eyeglasses,diff_means,-1,0.5625,-0.0040322580645161255,,
no_beard,0.5699528407814957,0.5271352646156149,sequential,eyeglasses,diff_means,-1,0.5822666367243057,-0.012313795942810013,,
oval_face,0.4784466019417476,0.4330097087378641,sequential,eyeglasses,diff_means,-1,0.48116504854368936,-0.0027184466019417597,,
pale_skin,0.5313969571230982,0.6619640387275242,sequential,eyeglasses,diff_means,-1,0.5313969571230982,0.0,,
pointy_nose,0.4416535018430753,0.5077409162717219,sequential,eyeglasses,diff_means,-1,0.4527646129541864,-0.011111111111111127,,
receding_hairline,0.5375565610859728,0.5785391079508727,sequential,eyeglasses,diff_means,-1,0.540530058177117,-0.0029734970911441394,,
rosy_cheeks,0.5922764227642277,0.6752032520325203,sequential,eyeglasses,diff_means,-1,0.6085365853658536,-0.016260162601625994,,
sideburns,0.6539888682745826,0.7807050092764379,sequential,eyeglasses,diff_means,-1,0.6846011131725418,-0.030612244897959218,,
smiling,0.8662075298438935,0.9602081420263239,sequential,eyeglasses,diff_means,-1,0.8533823079277625,0.012825221916131002,,
straight_hair,0.5899696048632219,0.6113475177304963,sequential,eyeglasses,diff_means,-1,0.6095238095238096,-0.01955420466058766,,
wavy_hair,0.5775808868905934,0.5633430309441947,sequential,eyeglasses,diff_means,-1,0.5412589262099974,0.03632196068059601,,
wearing_earrings,0.6468696397941681,0.7015437392795884,sequential,eyeglasses,diff_means,-1,0.6824614065180103,-0.03559176672384223,,
wearing_hat,0.8916972414730262,0.9387144992526159,sequential,eyeglasses,diff_means,-1,0.9046066041581737,-0.01290936268514753,,
wearing_lipstick,0.5078125,0.47965494791666663,sequential,eyeglasses,diff_means,-1,0.421875,0.0859375,,
wearing_necklace,0.5463367297428433,0.5460132621704673,sequential,eyeglasses,diff_means,-1,0.5299207504447678,0.016415979298075478,,
wearing_necktie,0.556645686782673,0.6433419721090954,sequential,eyeglasses,diff_means,-1,0.5631247686042207,-0.006479081821547661,,
young,0.7841196423065063,0.8548874498920752,sequential,eyeglasses,diff_means,-1,0.8066604995374653,-0.022540857230959,,
5_o_clock_shadow,0.5222701149425287,0.5842313218390804,sequential,eyeglasses,lr,-1,0.5193965517241379,0.002873563218390829,,
arched_eyebrows,0.5324353066288551,0.5722557012879593,sequential,eyeglasses,lr,-1,0.5626846272007562,-0.030249320571901106,,
attractive,0.50663139329806,0.5614109347442681,sequential,eyeglasses,lr,-1,0.5037742504409171,0.0028571428571428914,,
bags_under_eyes,0.47818115144847817,0.4265676567656766,sequential,eyeglasses,lr,-1,0.49972497249724973,-0.02154382104877156,,
bald,0.8014825442372071,0.878335724533716,sequential,eyeglasses,lr,-1,0.7916786226685797,0.009803921568627416,,
bangs,0.8038461538461539,0.8780936454849498,sequential,eyeglasses,lr,-1,0.7911371237458193,0.012709030100334529,,
big_lips,0.5199645075421473,0.5050773932761511,sequential,eyeglasses,lr,-1,0.49339445923296854,0.02657004830917875,,
big_nose,0.6020499108734403,0.6129360835243188,sequential,eyeglasses,lr,-1,0.6038961038961039,-0.0018461930226636447,,
black_hair,0.755360205831904,0.8711406518010292,sequential,eyeglasses,lr,-1,0.7624356775300172,-0.007075471698113178,,
blond_hair,0.8434650455927051,0.9205673758865248,sequential,eyeglasses,lr,-1,0.8239108409321175,0.01955420466058755,,
blurry,0.744535519125683,0.7711748633879781,sequential,eyeglasses,lr,-1,0.6905737704918034,0.0539617486338797,,
brown_hair,0.6888843592879468,0.8221225710014947,sequential,eyeglasses,lr,-1,0.6731892920233727,0.015695067264574036,,
bushy_eyebrows,0.6066666666666667,0.6711688311688312,sequential,eyeglasses,lr,-1,0.5666666666666667,0.040000000000000036,,
chubby,0.5829562594268476,0.6722285067873303,sequential,eyeglasses,lr,-1,0.5684389140271493,0.01451734539969829,,
double_chin,0.5664560294892049,0.6640337019483938,sequential,eyeglasses,lr,-1,0.5791995787256451,-0.012743549236440166,,
eyeglasses,0.55078125,0.62249755859375,sequential,eyeglasses,lr,-1,0.890625,-0.33984375,,
goatee,0.6885158742214795,0.7801914020963087,sequential,eyeglasses,lr,-1,0.6863132310496735,0.0022026431718060735,,
gray_hair,0.8171428571428572,0.8891774891774892,sequential,eyeglasses,lr,-1,0.8106493506493506,0.006493506493506551,,
heavy_makeup,0.5050147492625369,0.562094395280236,sequential,eyeglasses,lr,-1,0.5327433628318584,-0.027728613569321547,,
high_cheekbones,0.47804429215051714,0.395202741290691,sequential,eyeglasses,lr,-1,0.47804429215051714,0.0,,
male,0.9733727810650887,0.9678977079507584,sequential,eyeglasses,lr,-1,0.9733727810650887,0.0,,
mouth_slightly_open,0.5201970443349754,0.5639162561576355,sequential,eyeglasses,lr,-1,0.5359605911330049,-0.015763546798029493,,
mustache,0.7041284403669725,0.8505552873008209,sequential,eyeglasses,lr,-1,0.7235634958957026,-0.01943505552873004,,
narrow_eyes,0.5423387096774194,0.5776209677419355,sequential,eyeglasses,lr,-1,0.5625,-0.020161290322580627,,
no_beard,0.5822666367243057,0.5406841829478254,sequential,eyeglasses,lr,-1,0.5822666367243057,0.0,,
oval_face,0.46417475728155344,0.443495145631068,sequential,eyeglasses,lr,-1,0.48116504854368936,-0.016990291262135915,,
pale_skin,0.5272475795297372,0.6979253112033195,sequential,eyeglasses,lr,-1,0.5313969571230982,-0.004149377593360981,,
pointy_nose,0.4298051606108478,0.5080568720379146,sequential,eyeglasses,lr,-1,0.4527646129541864,-0.022959452343338627,,
receding_hairline,0.5194570135746606,0.5742727860374919,sequential,eyeglasses,lr,-1,0.540530058177117,-0.021073044602456403,,
rosy_cheeks,0.5861788617886179,0.693089430894309,sequential,eyeglasses,lr,-1,0.6085365853658536,-0.022357723577235755,,
sideburns,0.6907235621521336,0.7985157699443415,sequential,eyeglasses,lr,-1,0.6846011131725418,0.006122448979591799,,
smiling,0.8496786042240587,0.9532904805632079,sequential,eyeglasses,lr,-1,0.8533823079277625,-0.0037037037037037646,,
straight_hair,0.5661600810536981,0.6210739614994933,sequential,eyeglasses,lr,-1,0.6095238095238096,-0.043363728470111496,,
wavy_hair,0.5324429163360662,0.5719827206206471,sequential,eyeglasses,lr,-1,0.5412589262099974,-0.008816009873931163,,
wearing_earrings,0.6758147512864494,0.7091552315608919,sequential,eyeglasses,lr,-1,0.6824614065180103,-0.006646655231560938,,
wearing_hat,0.8872129365402908,0.9321918738959097,sequential,eyeglasses,lr,-1,0.9046066041581737,-0.01739366761788297,,
wearing_lipstick,0.47395833333333337,0.41943359375,sequential,eyeglasses,lr,-1,0.421875,0.05208333333333337,,
wearing_necklace,0.539786511402232,0.556849425845059,sequential,eyeglasses,lr,-1,0.5299207504447678,0.009865760957464165,,
wearing_necktie,0.5726274219424904,0.6164383561643836,sequential,eyeglasses,lr,-1,0.5631247686042207,0.009502653338269718,,
young,0.8192414431082331,0.8874498920752389,sequential,eyeglasses,lr,-1,0.8066604995374653,0.012580943570767777,,
5_o_clock_shadow,0.5596264367816092,0.6127873563218391,sequential,eyeglasses,pclarc,-1,0.5193965517241379,0.04022988505747127,,
arched_eyebrows,0.5347394540942928,0.555004135649297,sequential,eyeglasses,pclarc,-1,0.5626846272007562,-0.027945173106463383,,
attractive,0.50663139329806,0.5380599647266313,sequential,eyeglasses,pclarc,-1,0.5037742504409171,0.0028571428571428914,,
bags_under_eyes,0.49165749908324163,0.43188485515218183,sequential,eyeglasses,pclarc,-1,0.49972497249724973,-0.008067473414008097,,
bald,0.7720707795313247,0.8814921090387375,sequential,eyeglasses,pclarc,-1,0.7916786226685797,-0.019607843137254943,,
bangs,0.8038461538461539,0.8692307692307693,sequential,eyeglasses,pclarc,-1,0.7911371237458193,0.012709030100334529,,
big_lips,0.5121758848466923,0.505175983436853,sequential,eyeglasses,pclarc,-1,0.49339445923296854,0.018781425613723757,,
big_nose,0.5514387573211103,0.583206009676598,sequential,eyeglasses,pclarc,-1,0.6038961038961039,-0.05245734657499368,,
black_hair,0.755360205831904,0.8742495711835334,sequential,eyeglasses,pclarc,-1,0.7624356775300172,-0.007075471698113178,,
blond_hair,0.8932117527862209,0.9252279635258359,sequential,eyeglasses,pclarc,-1,0.8239108409321175,0.06930091185410336,,
blurry,0.7260928961748634,0.7394125683060109,sequential,eyeglasses,pclarc,-1,0.6905737704918034,0.03551912568306004,,
brown_hair,0.6619785296915341,0.8124745209947004,sequential,eyeglasses,pclarc,-1,0.6731892920233727,-0.011210762331838597,,
bushy_eyebrows,0.6072727272727273,0.679134199134199,sequential,eyeglasses,pclarc,-1,0.5666666666666667,0.040606060606060645,,
chubby,0.573340874811463,0.681843891402715,sequential,eyeglasses,pclarc,-1,0.5684389140271493,0.004901960784313708,,
double_chin,0.5458662453923118,0.6442338072669826,sequential,eyeglasses,pclarc,-1,0.5791995787256451,-0.033333333333333326,,
eyeglasses,0.5234375,0.5552978515625,sequential,eyeglasses,pclarc,-1,0.890625,-0.3671875,,
goatee,0.6797053015342549,0.7766975543065471,sequential,eyeglasses,pclarc,-1,0.6863132310496735,-0.0066079295154185536,,
gray_hair,0.8204329004329004,0.8696103896103896,sequential,eyeglasses,pclarc,-1,0.8106493506493506,0.009783549783549783,,
heavy_makeup,0.5227138643067847,0.5805309734513274,sequential,eyeglasses,pclarc,-1,0.5327433628318584,-0.010029498525073732,,
high_cheekbones,0.48289866108255597,0.39501237388159155,sequential,eyeglasses,pclarc,-1,0.47804429215051714,0.004854368932038833,,
male,0.970414201183432,0.9673536013058561,sequential,eyeglasses,pclarc,-1,0.9733727810650887,-0.002958579881656709,,
mouth_slightly_open,0.5339901477832513,0.55314039408867,sequential,eyeglasses,pclarc,-1,0.5359605911330049,-0.0019704433497536034,,
mustache,0.7126991791405118,0.8377595364558185,sequential,eyeglasses,pclarc,-1,0.7235634958957026,-0.010864316755190728,,
narrow_eyes,0.4213709677419355,0.48185483870967744,sequential,eyeglasses,pclarc,-1,0.5625,-0.1411290322580645,,
no_beard,0.5768021558499887,0.5431544277266263,sequential,eyeglasses,pclarc,-1,0.5822666367243057,-0.005464480874316946,,
oval_face,0.480873786407767,0.4266990291262136,sequential,eyeglasses,pclarc,-1,0.48116504854368936,-0.0002912621359223433,,
pale_skin,0.5355463347164592,0.6611341632088521,sequential,eyeglasses,pclarc,-1,0.5313969571230982,0.004149377593360981,,
pointy_nose,0.4321748288572933,0.4944707740916272,sequential,eyeglasses,pclarc,-1,0.4527646129541864,-0.020589784096893105,,
receding_hairline,0.5345830639948287,0.5720749838396897,sequential,eyeglasses,pclarc,-1,0.540530058177117,-0.005946994182288279,,
rosy_cheeks,0.5922764227642277,0.6947154471544715,sequential,eyeglasses,pclarc,-1,0.6085365853658536,-0.016260162601625994,,
sideburns,0.6846011131725418,0.7877551020408163,sequential,eyeglasses,pclarc,-1,0.6846011131725418,0.0,,
smiling,0.8542393633302725,0.9576369758187939,sequential,eyeglasses,pclarc,-1,0.8533823079277625,0.0008570554025100208,,
straight_hair,0.6244174265450861,0.6249240121580546,sequential,eyeglasses,pclarc,-1,0.6095238095238096,0.014893617021276562,,
wavy_hair,0.5500308560345588,0.5741867230891299,sequential,eyeglasses,pclarc,-1,0.5412589262099974,0.00877192982456143,,
wearing_earrings,0.682032590051458,0.7159090909090909,sequential,eyeglasses,pclarc,-1,0.6824614065180103,-0.00042881646655235084,,
wearing_hat,0.9046066041581737,0.935317298545998,sequential,eyeglasses,pclarc,-1,0.9046066041581737,0.0,,
wearing_lipstick,0.48958333333333337,0.47672526041666663,sequential,eyeglasses,pclarc,-1,0.421875,0.06770833333333337,,
wearing_necklace,0.5659065178715834,0.5570111596312469,sequential,eyeglasses,pclarc,-1,0.5299207504447678,0.035985767426815585,,
wearing_necktie,0.6011970874984573,0.6424780945328892,sequential,eyeglasses,pclarc,-1,0.5631247686042207,0.03807231889423668,,
young,0.7931544865864939,0.8537156953438174,sequential,eyeglasses,pclarc,-1,0.8066604995374653,-0.013506012950971424,,
5_o_clock_shadow,0.5596264367816092,0.5942887931034483,iterative,eyeglasses,lr,12,0.5193965517241379,0.04022988505747127,5.0,
arched_eyebrows,0.5173106463429044,0.5961243058017252,iterative,eyeglasses,lr,12,0.5626846272007562,-0.045373980857851826,5.0,
attractive,0.4976014109347443,0.5744620811287477,iterative,eyeglasses,lr,12,0.5037742504409171,-0.006172839506172756,5.0,
bags_under_eyes,0.4608544187752109,0.42180051338467184,iterative,eyeglasses,lr,12,0.49972497249724973,-0.03887055372203885,5.0,
bald,0.7720707795313247,0.8802486848397895,iterative,eyeglasses,lr,12,0.7916786226685797,-0.019607843137254943,5.0,
bangs,0.7697324414715718,0.8688963210702342,iterative,eyeglasses,lr,12,0.7911371237458193,-0.021404682274247522,5.0,
big_lips,0.4826481317164547,0.4696835255841467,iterative,eyeglasses,lr,12,0.49339445923296854,-0.010746327516513832,5.0,
big_nose,0.5402342755283932,0.5882989559460148,iterative,eyeglasses,lr,12,0.6038961038961039,-0.06366182836771073,5.0,
black_hair,0.7600771869639794,0.8673885077186964,iterative,eyeglasses,lr,12,0.7624356775300172,-0.002358490566037763,5.0,
blond_hair,0.8175278622087132,0.907193515704154,iterative,eyeglasses,lr,12,0.8239108409321175,-0.00638297872340432,5.0,
blurry,0.7260928961748634,0.6970628415300546,iterative,eyeglasses,lr,12,0.6905737704918034,0.03551912568306004,5.0,
brown_hair,0.6731892920233727,0.7736105449109933,iterative,eyeglasses,lr,12,0.6731892920233727,0.0,5.0,
bushy_eyebrows,0.6196536796536797,0.6053679653679653,iterative,eyeglasses,lr,12,0.5666666666666667,0.05298701298701303,5.0,
chubby,0.5780542986425339,0.6869343891402715,iterative,eyeglasses,lr,12,0.5684389140271493,0.009615384615384581,5.0,
double_chin,0.5832016850974198,0.6725645076355977,iterative,eyeglasses,lr,12,0.5791995787256451,0.004002106371774672,5.0,
eyeglasses,0.91796875,0.966064453125,iterative,eyeglasses,lr,12,0.890625,0.02734375,5.0,
goatee,0.7035546103600183,0.7807990277988759,iterative,eyeglasses,lr,12,0.6863132310496735,0.017241379310344862,5.0,
gray_hair,0.7998268398268398,0.8659740259740261,iterative,eyeglasses,lr,12,0.8106493506493506,-0.010822510822510845,5.0,
heavy_makeup,0.5205014749262538,0.5843657817109145,iterative,eyeglasses,lr,12,0.5327433628318584,-0.012241887905604654,5.0,
high_cheekbones,0.4665587918015103,0.3760390887746685,iterative,eyeglasses,lr,12,0.47804429215051714,-0.01148550034900686,5.0,
male,0.9733727810650887,0.9716384411344623,iterative,eyeglasses,lr,12,0.9733727810650887,0.0,5.0,
mouth_slightly_open,0.5424876847290641,0.5631773399014778,iterative,eyeglasses,lr,12,0.5359605911330049,0.006527093596059186,5.0,
mustache,0.7350313858039594,0.8308788025108643,iterative,eyeglasses,lr,12,0.7235634958957026,0.011467889908256867,5.0,
narrow_eyes,0.5564516129032258,0.5418346774193548,iterative,eyeglasses,lr,12,0.5625,-0.006048387096774244,5.0,
no_beard,0.5644509319559847,0.534845422561569,iterative,eyeglasses,lr,12,0.5822666367243057,-0.01781570476832095,5.0,
oval_face,0.4884466019417476,0.4540776699029126,iterative,eyeglasses,lr,12,0.48116504854368936,0.007281553398058249,5.0,
pale_skin,0.5334716459197787,0.7535269709543568,iterative,eyeglasses,lr,12,0.5313969571230982,0.0020746887966804906,5.0,
pointy_nose,0.45439705107951556,0.48362295945234335,iterative,eyeglasses,lr,12,0.4527646129541864,0.0016324381253291498,5.0,
receding_hairline,0.49088558500323204,0.567808661926309,iterative,eyeglasses,lr,12,0.540530058177117,-0.04964447317388493,5.0,
rosy_cheeks,0.6544715447154472,0.7439024390243902,iterative,eyeglasses,lr,12,0.6085365853658536,0.045934959349593574,5.0,
sideburns,0.6846011131725418,0.7873840445269017,iterative,eyeglasses,lr,12,0.6846011131725418,0.0,5.0,
smiling,0.8335782063054791,0.9472910927456383,iterative,eyeglasses,lr,12,0.8533823079277625,-0.01980410162228341,5.0,
straight_hair,0.5623100303951367,0.5878419452887538,iterative,eyeglasses,lr,12,0.6095238095238096,-0.04721377912867286,5.0,
wavy_hair,0.5362338005818567,0.5687207969672926,iterative,eyeglasses,lr,12,0.5412589262099974,-0.005025125628140725,5.0,
wearing_earrings,0.7075471698113207,0.7340265866209262,iterative,eyeglasses,lr,12,0.6824614065180103,0.02508576329331036,5.0,
wearing_hat,0.8894550890066585,0.940073379535263,iterative,eyeglasses,lr,12,0.9046066041581737,-0.015151515151515249,5.0,
wearing_lipstick,0.43229166666666663,0.39550781249999994,iterative,eyeglasses,lr,12,0.421875,0.01041666666666663,5.0,
wearing_necklace,0.5277373443312308,0.5477923338185346,iterative,eyeglasses,lr,12,0.5299207504447678,-0.0021834061135370675,5.0,
wearing_necktie,0.6221152659508824,0.6261878316672838,iterative,eyeglasses,lr,12,0.5631247686042207,0.05899049734666173,5.0,
young,0.8058587727412889,0.8955905026210299,iterative,eyeglasses,lr,12,0.8066604995374653,-0.0008017267961764052,5.0,
5_o_clock_shadow,0.5488505747126436,0.5964439655172413,iterative,eyeglasses,pclarc,12,0.5193965517241379,0.029454022988505746,5.0,
arched_eyebrows,0.5357438260664067,0.606876993973768,iterative,eyeglasses,pclarc,12,0.5626846272007562,-0.02694080113434949,5.0,
attractive,0.4947442680776014,0.5665608465608466,iterative,eyeglasses,pclarc,12,0.5037742504409171,-0.009029982363315647,5.0,
bags_under_eyes,0.45526219288595526,0.4194169416941694,iterative,eyeglasses,pclarc,12,0.49972497249724973,-0.04446277961129447,5.0,
bald,0.7818747010999522,0.8830224772835964,iterative,eyeglasses,pclarc,12,0.7916786226685797,-0.009803921568627527,5.0,
bangs,0.7784280936454849,0.8744147157190636,iterative,eyeglasses,pclarc,12,0.7911371237458193,-0.012709030100334417,5.0,
big_lips,0.4958099181701666,0.47145814847678197,iterative,eyeglasses,pclarc,12,0.49339445923296854,0.0024154589371980784,5.0,
big_nose,0.5549401578813343,0.5908454290807231,iterative,eyeglasses,pclarc,12,0.6038961038961039,-0.0489559460147696,5.0,
black_hair,0.7643653516295026,0.8714622641509434,iterative,eyeglasses,pclarc,12,0.7624356775300172,0.0019296740994854122,5.0,
blond_hair,0.8175278622087132,0.9098277608915906,iterative,eyeglasses,pclarc,12,0.8239108409321175,-0.00638297872340432,5.0,
blurry,0.6885245901639344,0.7042349726775956,iterative,eyeglasses,pclarc,12,0.6905737704918034,-0.002049180327868938,5.0,
brown_hair,0.6597363772251665,0.7702133442043757,iterative,eyeglasses,pclarc,12,0.6731892920233727,-0.013452914798206206,5.0,
bushy_eyebrows,0.610995670995671,0.6086580086580087,iterative,eyeglasses,pclarc,12,0.5666666666666667,0.04432900432900433,5.0,
chubby,0.5708898944193062,0.6892911010558069,iterative,eyeglasses,pclarc,12,0.5684389140271493,0.002450980392156854,5.0,
double_chin,0.5578725645076356,0.6679304897314376,iterative,eyeglasses,pclarc,12,0.5791995787256451,-0.021327014218009532,5.0,
eyeglasses,0.91015625,0.96954345703125,iterative,eyeglasses,pclarc,12,0.890625,0.01953125,5.0,
goatee,0.701351967188212,0.7766975543065472,iterative,eyeglasses,pclarc,12,0.6863132310496735,0.015038736138538567,5.0,
gray_hair,0.7868398268398269,0.8696103896103895,iterative,eyeglasses,pclarc,12,0.8106493506493506,-0.023809523809523725,5.0,
heavy_makeup,0.5393805309734514,0.5825958702064897,iterative,eyeglasses,pclarc,12,0.5327433628318584,0.006637168141592986,5.0,
high_cheekbones,0.48289866108255597,0.37965606954756015,iterative,eyeglasses,pclarc,12,0.47804429215051714,0.004854368932038833,5.0,
male,0.9733727810650887,0.9728626810854928,iterative,eyeglasses,pclarc,12,0.9733727810650887,0.0,5.0,
mouth_slightly_open,0.5496305418719212,0.56564039408867,iterative,eyeglasses,pclarc,12,0.5359605911330049,0.013669950738916303,5.0,
mustache,0.7413085465958474,0.8266537904394012,iterative,eyeglasses,pclarc,12,0.7235634958957026,0.01774505070014487,5.0,
narrow_eyes,0.5665322580645161,0.5509072580645162,iterative,eyeglasses,pclarc,12,0.5625,0.0040322580645161255,5.0,
no_beard,0.560371285275844,0.5404596152406618,iterative,eyeglasses,pclarc,12,0.5822666367243057,-0.021895351448461664,5.0,
oval_face,0.49330097087378644,0.45223300970873787,iterative,eyeglasses,pclarc,12,0.48116504854368936,0.012135922330097082,5.0,
pale_skin,0.5459197786998617,0.7372060857538036,iterative,eyeglasses,pclarc,12,0.5313969571230982,0.014522821576763545,5.0,
pointy_nose,0.46624539231174306,0.48383359662980513,iterative,eyeglasses,pclarc,12,0.4527646129541864,0.01348077935755665,5.0,
receding_hairline,0.5051712992889463,0.5665158371040725,iterative,eyeglasses,pclarc,12,0.540530058177117,-0.03535875888817064,5.0,
rosy_cheeks,0.6004065040650406,0.7300813008130081,iterative,eyeglasses,pclarc,12,0.6085365853658536,-0.008130081300813052,5.0,
sideburns,0.6560296846011132,0.7907235621521337,iterative,eyeglasses,pclarc,12,0.6846011131725418,-0.02857142857142858,5.0,
smiling,0.8409856137128864,0.9509029690847873,iterative,eyeglasses,pclarc,12,0.8533823079277625,-0.012396694214876103,5.0,
straight_hair,0.5772036474164133,0.5922998986828774,iterative,eyeglasses,pclarc,12,0.6095238095238096,-0.0323201621073963,5.0,
wavy_hair,0.5462840518381381,0.5674865555849422,iterative,eyeglasses,pclarc,12,0.5412589262099974,0.005025125628140725,5.0,
wearing_earrings,0.7189108061749572,0.7516080617495712,iterative,eyeglasses,pclarc,12,0.6824614065180103,0.036449399656946824,5.0,
wearing_hat,0.9046066041581737,0.9429270281288219,iterative,eyeglasses,pclarc,12,0.9046066041581737,0.0,5.0,
wearing_lipstick,0.4453125,0.39339192708333337,iterative,eyeglasses,pclarc,12,0.421875,0.0234375,5.0,
wearing_necklace,0.5484392689632864,0.5500566068251658,iterative,eyeglasses,pclarc,12,0.5299207504447678,0.0185185185185186,5.0,
wearing_necktie,0.6015673207454029,0.6446994940145625,iterative,eyeglasses,pclarc,12,0.5631247686042207,0.038442552141182196,5.0,
young,0.8058587727412889,0.8981806968855996,iterative,eyeglasses,pclarc,12,0.8066604995374653,-0.0008017267961764052,5.0,
5_o_clock_shadow,0.5028735632183908,0.5607040229885057,fixed_multi,eyeglasses,diff_means,6,0.5193965517241379,-0.01652298850574707,,6.0
arched_eyebrows,0.5778092874867069,0.5943518846744654,fixed_multi,eyeglasses,diff_means,6,0.5626846272007562,0.01512466028595072,,6.0
attractive,0.5037742504409171,0.567689594356261,fixed_multi,eyeglasses,diff_means,6,0.5037742504409171,0.0,,6.0
bags_under_eyes,0.46763843050971765,0.44178584525119174,fixed_multi,eyeglasses,diff_means,6,0.49972497249724973,-0.03208654198753208,,6.0
bald,0.7818747010999522,0.8813964610234338,fixed_multi,eyeglasses,diff_means,6,0.7916786226685797,-0.009803921568627527,,6.0
bangs,0.7933110367892977,0.8777591973244148,fixed_multi,eyeglasses,diff_means,6,0.7911371237458193,0.0021739130434783593,,6.0
big_lips,0.49097900029577046,0.4789510006901311,fixed_multi,eyeglasses,diff_means,6,0.49339445923296854,-0.0024154589371980784,,6.0
big_nose,0.5745480010185893,0.5968933027756558,fixed_multi,eyeglasses,diff_means,6,0.6038961038961039,-0.02934810287751466,,6.0
black_hair,0.7577186963979416,0.8754288164665524,fixed_multi,eyeglasses,diff_means,6,0.7624356775300172,-0.004716981132075526,,6.0
blond_hair,0.8239108409321175,0.9163120567375886,fixed_multi,eyeglasses,diff_means,6,0.8239108409321175,0.0,,6.0
blurry,0.671448087431694,0.7271174863387979,fixed_multi,eyeglasses,diff_means,6,0.6905737704918034,-0.01912568306010931,,6.0
brown_hair,0.6754314444897405,0.8092132083163474,fixed_multi,eyeglasses,diff_means,6,0.6731892920233727,0.0022421524663677195,,6.0
bushy_eyebrows,0.5531601731601732,0.6124675324675325,fixed_multi,eyeglasses,diff_means,6,0.5666666666666667,-0.013506493506493467,,6.0
chubby,0.5829562594268476,0.680524132730015,fixed_multi,eyeglasses,diff_means,6,0.5684389140271493,0.01451734539969829,,6.0
double_chin,0.5815692469720906,0.6611901000526592,fixed_multi,eyeglasses,diff_means,6,0.5791995787256451,0.0023696682464454666,,6.0
eyeglasses,0.91015625,0.95745849609375,fixed_multi,eyeglasses,diff_means,6,0.890625,0.01953125,,6.0
goatee,0.7035546103600183,0.7691022330244569,fixed_multi,eyeglasses,diff_means,6,0.6863132310496735,0.017241379310344862,,6.0
gray_hair,0.8193073593073593,0.8827705627705628,fixed_multi,eyeglasses,diff_means,6,0.8106493506493506,0.008658008658008698,,6.0
heavy_makeup,0.5293510324483777,0.5469026548672566,fixed_multi,eyeglasses,diff_means,6,0.5327433628318584,-0.003392330383480746,,6.0
high_cheekbones,0.474776318294308,0.38238466907798724,fixed_multi,eyeglasses,diff_means,6,0.47804429215051714,-0.0032679738562091387,,6.0
male,0.9733727810650887,0.9657892947017616,fixed_multi,eyeglasses,diff_means,6,0.9733727810650887,0.0,,6.0
mouth_slightly_open,0.5259852216748768,0.5652709359605912,fixed_multi,eyeglasses,diff_means,6,0.5359605911330049,-0.009975369458128047,,6.0
mustache,0.7149927571221633,0.8326895219700627,fixed_multi,eyeglasses,diff_means,6,0.7235634958957026,-0.00857073877353931,,6.0
narrow_eyes,0.5725806451612903,0.5655241935483871,fixed_multi,eyeglasses,diff_means,6,0.5625,0.010080645161290258,,6.0
no_beard,0.5754173216558126,0.5430795718242384,fixed_multi,eyeglasses,diff_means,6,0.5822666367243057,-0.006849315068493067,,6.0
oval_face,0.47873786407766994,0.43203883495145634,fixed_multi,eyeglasses,diff_means,6,0.48116504854368936,-0.0024271844660194164,,6.0
pale_skin,0.5313969571230982,0.6827109266943292,fixed_multi,eyeglasses,diff_means,6,0.5313969571230982,0.0,,6.0
pointy_nose,0.4321748288572933,0.5085834649815693,fixed_multi,eyeglasses,diff_means,6,0.4527646129541864,-0.020589784096893105,,6.0
receding_hairline,0.5210084033613445,0.5711700064641241,fixed_multi,eyeglasses,diff_means,6,0.540530058177117,-0.019521654815772504,,6.0
rosy_cheeks,0.6422764227642277,0.7056910569105691,fixed_multi,eyeglasses,diff_means,6,0.6085365853658536,0.03373983739837405,,6.0
sideburns,0.6907235621521336,0.7833024118738404,fixed_multi,eyeglasses,diff_means,6,0.6846011131725418,0.006122448979591799,,6.0
smiling,0.8533823079277625,0.9529231711049893,fixed_multi,eyeglasses,diff_means,6,0.8533823079277625,0.0,,6.0
straight_hair,0.6116514690982776,0.6149949341438703,fixed_multi,eyeglasses,diff_means,6,0.6095238095238096,0.0021276595744680327,,6.0
wavy_hair,0.5362338005818567,0.5785065679273561,fixed_multi,eyeglasses,diff_means,6,0.5412589262099974,-0.005025125628140725,,6.0
wearing_earrings,0.6640222984562607,0.7183747855917667,fixed_multi,eyeglasses,diff_means,6,0.6824614065180103,-0.018439108061749643,,6.0
wearing_hat,0.9046066041581737,0.9302894415002039,fixed_multi,eyeglasses,diff_means,6,0.9046066041581737,0.0,,6.0
wearing_lipstick,0.421875,0.38191731770833337,fixed_multi,eyeglasses,diff_means,6,0.421875,0.0,,6.0
wearing_necklace,0.5092188258127123,0.5355005660682517,fixed_multi,eyeglasses,diff_means,6,0.5299207504447678,-0.020701924632055557,,6.0
wearing_necktie,0.5497963717141799,0.6319881525360977,fixed_multi,eyeglasses,diff_means,6,0.5631247686042207,-0.013328396890040728,,6.0
young,0.8094048720320691,0.8908418131359852,fixed_multi,eyeglasses,diff_means,6,0.8066604995374653,0.0027443724946037973,,6.0
5_o_clock_shadow,0.5028735632183908,0.5682471264367815,fixed_multi,eyeglasses,lr,6,0.5193965517241379,-0.01652298850574707,,6.0
arched_eyebrows,0.564988774666194,0.5897435897435896,fixed_multi,eyeglasses,lr,6,0.5626846272007562,0.0023041474654378336,,6.0
attractive,0.5037742504409171,0.5665608465608466,fixed_multi,eyeglasses,lr,6,0.5037742504409171,0.0,,6.0
bags_under_eyes,0.47753942060872756,0.44022735606894026,fixed_multi,eyeglasses,lr,6,0.49972497249724973,-0.02218555188852217,,6.0
bald,0.7916786226685797,0.8802486848397896,fixed_multi,eyeglasses,lr,6,0.7916786226685797,0.0,,6.0
bangs,0.7933110367892977,0.8775919732441472,fixed_multi,eyeglasses,lr,6,0.7911371237458193,0.0021739130434783593,,6.0
big_lips,0.49876762299122546,0.48220447599329586,fixed_multi,eyeglasses,lr,6,0.49339445923296854,0.005373163758256916,,6.0
big_nose,0.58759867583397,0.6048510313216197,fixed_multi,eyeglasses,lr,6,0.6038961038961039,-0.016297428062133967,,6.0
black_hair,0.7600771869639794,0.8776801029159519,fixed_multi,eyeglasses,lr,6,0.7624356775300172,-0.002358490566037763,,6.0
blond_hair,0.8239108409321175,0.9159067882472138,fixed_multi,eyeglasses,lr,6,0.8239108409321175,0.0,,6.0
blurry,0.6612021857923497,0.7342896174863388,fixed_multi,eyeglasses,lr,6,0.6905737704918034,-0.029371584699453668,,6.0
brown_hair,0.6731892920233727,0.8078543280337002,fixed_multi,eyeglasses,lr,6,0.6731892920233727,0.0,,6.0
bushy_eyebrows,0.5666666666666667,0.6065800865800866,fixed_multi,eyeglasses,lr,6,0.5666666666666667,0.0,,6.0
chubby,0.5805052790346907,0.6767533936651583,fixed_multi,eyeglasses,lr,6,0.5684389140271493,0.012066365007541435,,6.0
double_chin,0.5617166929963139,0.6616113744075829,fixed_multi,eyeglasses,lr,6,0.5791995787256451,-0.01748288572933121,,6.0
eyeglasses,0.9140625,0.95770263671875,fixed_multi,eyeglasses,lr,6,0.890625,0.0234375,,6.0
goatee,0.6885158742214795,0.7777608992860398,fixed_multi,eyeglasses,lr,6,0.6863132310496735,0.0022026431718060735,,6.0
gray_hair,0.8236363636363637,0.8820779220779221,fixed_multi,eyeglasses,lr,6,0.8106493506493506,0.012987012987013102,,6.0
heavy_makeup,0.5249262536873156,0.5488200589970502,fixed_multi,eyeglasses,lr,6,0.5327433628318584,-0.007817109144542811,,6.0
high_cheekbones,0.4731899232184783,0.37838695348689644,fixed_multi,eyeglasses,lr,6,0.47804429215051714,-0.004854368932038833,,6.0
male,0.9733727810650887,0.9668775079915664,fixed_multi,eyeglasses,lr,6,0.9733727810650887,0.0,,6.0
mouth_slightly_open,0.5338669950738916,0.5628694581280789,fixed_multi,eyeglasses,lr,6,0.5359605911330049,-0.0020935960591133007,,6.0
mustache,0.725857073877354,0.834379526798648,fixed_multi,eyeglasses,lr,6,0.7235634958957026,0.002293577981651418,,6.0
narrow_eyes,0.560483870967742,0.5589717741935484,fixed_multi,eyeglasses,lr,6,0.5625,-0.002016129032258007,,6.0
no_beard,0.5822666367243057,0.545699528407815,fixed_multi,eyeglasses,lr,6,0.5822666367243057,0.0,,6.0
oval_face,0.4738834951456311,0.43291262135922337,fixed_multi,eyeglasses,lr,6,0.48116504854368936,-0.007281553398058249,,6.0
pale_skin,0.5313969571230982,0.6887966804979253,fixed_multi,eyeglasses,lr,6,0.5313969571230982,0.0,,6.0
pointy_nose,0.43454449710373877,0.511321748288573,fixed_multi,eyeglasses,lr,6,0.4527646129541864,-0.018220115850447638,,6.0
receding_hairline,0.542792501616031,0.5694893341952165,fixed_multi,eyeglasses,lr,6,0.540530058177117,0.002262443438914019,,6.0
rosy_cheeks,0.5983739837398374,0.7073170731707317,fixed_multi,eyeglasses,lr,6,0.6085365853658536,-0.010162601626016232,,6.0
sideburns,0.7009276437847867,0.7884972170686456,fixed_multi,eyeglasses,lr,6,0.6846011131725418,0.01632653061224487,,6.0
smiling,0.8492500765228037,0.9526170798898072,fixed_multi,eyeglasses,lr,6,0.8533823079277625,-0.004132231404958775,,6.0
straight_hair,0.594224924012158,0.6149949341438703,fixed_multi,eyeglasses,lr,6,0.6095238095238096,-0.015298885511651594,,6.0
wavy_hair,0.5475182932204884,0.5789473684210525,fixed_multi,eyeglasses,lr,6,0.5412589262099974,0.006259367010491013,,6.0
wearing_earrings,0.684819897084048,0.7204116638078902,fixed_multi,eyeglasses,lr,6,0.6824614065180103,0.002358490566037652,,6.0
wearing_hat,0.9046066041581737,0.9296100013588803,fixed_multi,eyeglasses,lr,6,0.9046066041581737,0.0,,6.0
wearing_lipstick,0.43229166666666663,0.3916829427083333,fixed_multi,eyeglasses,lr,6,0.421875,0.01041666666666663,,6.0
wearing_necklace,0.5114022319262495,0.5359857674268155,fixed_multi,eyeglasses,lr,6,0.5299207504447678,-0.01851851851851838,,6.0
wearing_necktie,0.5792916203875108,0.634086140935456,fixed_multi,eyeglasses,lr,6,0.5631247686042207,0.016166851783290137,,6.0
young,0.815695343817453,0.8892383595436324,fixed_multi,eyeglasses,lr,6,0.8066604995374653,0.009034844279987686,,6.0
5_o_clock_shadow,0.49856321839080464,0.5678879310344828,fixed_multi,eyeglasses,pclarc,6,0.5193965517241379,-0.02083333333333326,,6.0
arched_eyebrows,0.5672929221316318,0.5961243058017252,fixed_multi,eyeglasses,pclarc,6,0.5626846272007562,0.004608294930875667,,6.0
attractive,0.5037742504409171,0.5676190476190476,fixed_multi,eyeglasses,pclarc,6,0.5037742504409171,0.0,,6.0
bags_under_eyes,0.4651631829849652,0.4384855152181885,fixed_multi,eyeglasses,pclarc,6,0.49972497249724973,-0.03456178951228456,,6.0
bald,0.7916786226685797,0.881970349115256,fixed_multi,eyeglasses,pclarc,6,0.7916786226685797,0.0,,6.0
bangs,0.7911371237458193,0.8790969899665553,fixed_multi,eyeglasses,pclarc,6,0.7911371237458193,0.0,,6.0
big_lips,0.48614808242137436,0.4774721482796017,fixed_multi,eyeglasses,pclarc,6,0.49339445923296854,-0.00724637681159418,,6.0
big_nose,0.5925006366182837,0.600140056022409,fixed_multi,eyeglasses,pclarc,6,0.6038961038961039,-0.01139546727782026,,6.0
black_hair,0.7600771869639794,0.8759648370497427,fixed_multi,eyeglasses,pclarc,6,0.7624356775300172,-0.002358490566037763,,6.0
blond_hair,0.8239108409321175,0.9161094224924011,fixed_multi,eyeglasses,pclarc,6,0.8239108409321175,0.0,,6.0
blurry,0.6632513661202186,0.7264344262295082,fixed_multi,eyeglasses,pclarc,6,0.6905737704918034,-0.02732240437158473,,6.0
brown_hair,0.6731892920233727,0.8105720885989944,fixed_multi,eyeglasses,pclarc,6,0.6731892920233727,0.0,,6.0
bushy_eyebrows,0.5488311688311689,0.6102164502164502,fixed_multi,eyeglasses,pclarc,6,0.5666666666666667,-0.01783549783549776,,6.0
chubby,0.5829562594268476,0.6813725490196079,fixed_multi,eyeglasses,pclarc,6,0.5684389140271493,0.01451734539969829,,6.0
double_chin,0.5791995787256451,0.6620326487625066,fixed_multi,eyeglasses,pclarc,6,0.5791995787256451,0.0,,6.0
eyeglasses,0.91015625,0.9571533203125,fixed_multi,eyeglasses,pclarc,6,0.890625,0.01953125,,6.0
goatee,0.7035546103600183,0.7732037065167856,fixed_multi,eyeglasses,pclarc,6,0.6863132310496735,0.017241379310344862,,6.0
gray_hair,0.814978354978355,0.8832900432900433,fixed_multi,eyeglasses,pclarc,6,0.8106493506493506,0.0043290043290044045,,6.0
heavy_makeup,0.5271386430678466,0.5464601769911505,fixed_multi,eyeglasses,pclarc,6,0.5327433628318584,-0.0056047197640117785,,6.0
high_cheekbones,0.474776318294308,0.3808617298051906,fixed_multi,eyeglasses,pclarc,6,0.47804429215051714,-0.0032679738562091387,,6.0
male,0.9733727810650887,0.966673467999728,fixed_multi,eyeglasses,pclarc,6,0.9733727810650887,0.0,,6.0
mouth_slightly_open,0.5295566502463054,0.5642241379310344,fixed_multi,eyeglasses,pclarc,6,0.5359605911330049,-0.0064039408866994885,,6.0
mustache,0.725857073877354,0.8337759536455819,fixed_multi,eyeglasses,pclarc,6,0.7235634958957026,0.002293577981651418,,6.0
narrow_eyes,0.5685483870967742,0.5584677419354839,fixed_multi,eyeglasses,pclarc,6,0.5625,0.006048387096774244,,6.0
no_beard,0.5754173216558126,0.5445766898719965,fixed_multi,eyeglasses,pclarc,6,0.5822666367243057,-0.006849315068493067,,6.0
oval_face,0.4860194174757282,0.4297087378640777,fixed_multi,eyeglasses,pclarc,6,0.48116504854368936,0.004854368932038833,,6.0
pale_skin,0.5293222683264177,0.6799446749654219,fixed_multi,eyeglasses,pclarc,6,0.5313969571230982,-0.0020746887966804906,,6.0
pointy_nose,0.4369141653501843,0.5114270668773039,fixed_multi,eyeglasses,pclarc,6,0.4527646129541864,-0.015850447604002116,,6.0
receding_hairline,0.5187459599224304,0.5707821590174531,fixed_multi,eyeglasses,pclarc,6,0.540530058177117,-0.021784098254686524,,6.0
rosy_cheeks,0.602439024390244,0.7069105691056911,fixed_multi,eyeglasses,pclarc,6,0.6085365853658536,-0.0060975609756096505,,6.0
sideburns,0.6886827458256031,0.7862708719851577,fixed_multi,eyeglasses,pclarc,6,0.6846011131725418,0.004081632653061273,,6.0
smiling,0.8533823079277625,0.9536577900214264,fixed_multi,eyeglasses,pclarc,6,0.8533823079277625,0.0,,6.0
straight_hair,0.6290780141843971,0.6135764944275582,fixed_multi,eyeglasses,pclarc,6,0.6095238095238096,0.01955420466058755,,6.0
wavy_hair,0.5412589262099974,0.5802697699021422,fixed_multi,eyeglasses,pclarc,6,0.5412589262099974,0.0,,6.0
wearing_earrings,0.6640222984562607,0.7185891938250428,fixed_multi,eyeglasses,pclarc,6,0.6824614065180103,-0.018439108061749643,,6.0
wearing_hat,0.9046066041581737,0.9313765457263214,fixed_multi,eyeglasses,pclarc,6,0.9046066041581737,0.0,,6.0
wearing_lipstick,0.4296875,0.38419596354166663,fixed_multi,eyeglasses,pclarc,6,0.421875,0.0078125,,6.0
wearing_necklace,0.5277373443312308,0.5330745592754327,fixed_multi,eyeglasses,pclarc,6,0.5299207504447678,-0.0021834061135370675,,6.0
wearing_necktie,0.5610267802048624,0.6302603973836851,fixed_multi,eyeglasses,pclarc,6,0.5631247686042207,-0.0020979883993582638,,6.0
young,0.8094048720320691,0.8902251002158494,fixed_multi,eyeglasses,pclarc,6,0.8066604995374653,0.0027443724946037973,,6.0
5_o_clock_shadow,0.5186781609195402,0.5766882183908046,iterative_all_layers,eyeglasses,lr,0,0.5193965517241379,-0.0007183908045976795,2.0,
arched_eyebrows,0.5636889991728702,0.5922249793217536,iterative_all_layers,eyeglasses,lr,0,0.5626846272007562,0.0010043719721140043,2.0,
attractive,0.507089947089947,0.6014814814814814,iterative_all_layers,eyeglasses,lr,0,0.5037742504409171,0.0033156966490299755,2.0,
bags_under_eyes,0.48432343234323433,0.4614044737807115,iterative_all_layers,eyeglasses,lr,0,0.49972497249724973,-0.015401540154015403,2.0,
bald,0.7868005738880919,0.8725011956001912,iterative_all_layers,eyeglasses,lr,0,0.7916786226685797,-0.004878048780487809,2.0,
bangs,0.7675585284280937,0.8687290969899666,iterative_all_layers,eyeglasses,lr,0,0.7911371237458193,-0.02357859531772566,2.0,
big_lips,0.4754017549048605,0.46435965690624076,iterative_all_layers,eyeglasses,lr,0,0.49339445923296854,-0.017992704328108067,2.0,
big_nose,0.5797046091163738,0.5822510822510822,iterative_all_layers,eyeglasses,lr,0,0.6038961038961039,-0.02419149477973015,2.0,
black_hair,0.7397084048027445,0.8605274442538593,iterative_all_layers,eyeglasses,lr,0,0.7624356775300172,-0.022727272727272707,2.0,
blond_hair,0.8175278622087132,0.9078014184397163,iterative_all_layers,eyeglasses,lr,0,0.8239108409321175,-0.00638297872340432,2.0,
blurry,0.6857923497267759,0.6953551912568305,iterative_all_layers,eyeglasses,lr,0,0.6905737704918034,-0.004781420765027411,2.0,
brown_hair,0.6804593015355347,0.7453458350319337,iterative_all_layers,eyeglasses,lr,0,0.6731892920233727,0.007270009512161946,2.0,
bushy_eyebrows,0.5385281385281385,0.5826839826839827,iterative_all_layers,eyeglasses,lr,0,0.5666666666666667,-0.02813852813852813,2.0,
chubby,0.5970965309200603,0.7076734539969834,iterative_all_layers,eyeglasses,lr,0,0.5684389140271493,0.02865761689291102,2.0,
double_chin,0.5948920484465509,0.6830963665086888,iterative_all_layers,eyeglasses,lr,0,0.5791995787256451,0.015692469720905766,2.0,
eyeglasses,0.90234375,0.9500732421875,iterative_all_layers,eyeglasses,lr,0,0.890625,0.01171875,2.0,
goatee,0.7123651830472428,0.772140361537293,iterative_all_layers,eyeglasses,lr,0,0.6863132310496735,0.026051951997569378,2.0,
gray_hair,0.776017316017316,0.8716883116883116,iterative_all_layers,eyeglasses,lr,0,0.8106493506493506,-0.03463203463203457,2.0,
heavy_makeup,0.46740412979351037,0.5548672566371682,iterative_all_layers,eyeglasses,lr,0,0.5327433628318584,-0.06533923303834804,2.0,
high_cheekbones,0.4809315311885272,0.4014214099879434,iterative_all_layers,eyeglasses,lr,0,0.47804429215051714,0.002887239038010081,2.0,
male,0.9733727810650887,0.9693940012242399,iterative_all_layers,eyeglasses,lr,0,0.9733727810650887,0.0,2.0,
mouth_slightly_open,0.5350985221674877,0.5705049261083743,iterative_all_layers,eyeglasses,lr,0,0.5359605911330049,-0.0008620689655172153,2.0,
mustache,0.6869869628198938,0.8398116851762433,iterative_all_layers,eyeglasses,lr,0,0.7235634958957026,-0.03657653307580877,2.0,
narrow_eyes,0.5786290322580645,0.47479838709677413,iterative_all_layers,eyeglasses,lr,0,0.5625,0.016129032258064502,2.0,
no_beard,0.5699528407814957,0.5439029867505053,iterative_all_layers,eyeglasses,lr,0,0.5822666367243057,-0.012313795942810013,2.0,
oval_face,0.4784466019417476,0.39029126213592236,iterative_all_layers,eyeglasses,lr,0,0.48116504854368936,-0.0027184466019417597,2.0,
pale_skin,0.566804979253112,0.7546334716459198,iterative_all_layers,eyeglasses,lr,0,0.5313969571230982,0.035408022130013816,2.0,
pointy_nose,0.4820958399157451,0.5536598209583993,iterative_all_layers,eyeglasses,lr,0,0.4527646129541864,0.02933122696155871,2.0,
receding_hairline,0.5202973497091143,0.5846153846153846,iterative_all_layers,eyeglasses,lr,0,0.540530058177117,-0.020232708468002625,2.0,
rosy_cheeks,0.6504065040650406,0.7154471544715447,iterative_all_layers,eyeglasses,lr,0,0.6085365853658536,0.04186991869918699,2.0,
sideburns,0.7050092764378479,0.7940630797773655,iterative_all_layers,eyeglasses,lr,0,0.6846011131725418,0.020408163265306145,2.0,
smiling,0.8670645852464034,0.9510254055708601,iterative_all_layers,eyeglasses,lr,0,0.8533823079277625,0.013682277318640912,2.0,
straight_hair,0.5164133738601824,0.5989868287740628,iterative_all_layers,eyeglasses,lr,0,0.6095238095238096,-0.0931104356636272,2.0,
wavy_hair,0.5650621528696111,0.6000176320197478,iterative_all_layers,eyeglasses,lr,0,0.5412589262099974,0.023803226659613763,2.0,
wearing_earrings,0.5861921097770154,0.6228559176672385,iterative_all_layers,eyeglasses,lr,0,0.6824614065180103,-0.09626929674099494,2.0,
wearing_hat,0.917515966843321,0.9368120668569099,iterative_all_layers,eyeglasses,lr,0,0.9046066041581737,0.012909362685147308,2.0,
wearing_lipstick,0.41927083333333337,0.3784993489583333,iterative_all_layers,eyeglasses,lr,0,0.421875,-0.0026041666666666297,2.0,
wearing_necklace,0.5441533236293061,0.5539382176936762,iterative_all_layers,eyeglasses,lr,0,0.5299207504447678,0.0142325731845383,2.0,
wearing_necktie,0.6179192891521659,0.6512402813772677,iterative_all_layers,eyeglasses,lr,0,0.5631247686042207,0.0547945205479452,2.0,
young,0.781036077705828,0.8844896700585877,iterative_all_layers,eyeglasses,lr,0,0.8066604995374653,-0.02562442183163738,2.0,
5_o_clock_shadow,0.5150862068965517,0.5678879310344828,iterative_all_layers,eyeglasses,lr,1,0.5193965517241379,-0.004310344827586188,2.0,
arched_eyebrows,0.5695970695970696,0.5961243058017253,iterative_all_layers,eyeglasses,lr,1,0.5626846272007562,0.00691244239631339,2.0,
attractive,0.5037742504409171,0.5697354497354498,iterative_all_layers,eyeglasses,lr,1,0.5037742504409171,0.0,2.0,
bags_under_eyes,0.4744224422442244,0.4314264759809314,iterative_all_layers,eyeglasses,lr,1,0.49972497249724973,-0.025302530253025313,2.0,
bald,0.7916786226685797,0.8869440459110474,iterative_all_layers,eyeglasses,lr,1,0.7916786226685797,0.0,2.0,
bangs,0.7867892976588629,0.8747491638795987,iterative_all_layers,eyeglasses,lr,1,0.7911371237458193,-0.004347826086956497,2.0,
big_lips,0.49339445923296854,0.4775707384403036,iterative_all_layers,eyeglasses,lr,1,0.49339445923296854,0.0,2.0,
big_nose,0.5925006366182837,0.5996307613954673,iterative_all_layers,eyeglasses,lr,1,0.6038961038961039,-0.01139546727782026,2.0,
black_hair,0.7624356775300172,0.876393653516295,iterative_all_layers,eyeglasses,lr,1,0.7624356775300172,0.0,2.0,
blond_hair,0.8217831813576495,0.9173252279635259,iterative_all_layers,eyeglasses,lr,1,0.8239108409321175,-0.0021276595744680327,2.0,
blurry,0.6885245901639344,0.7476092896174863,iterative_all_layers,eyeglasses,lr,1,0.6905737704918034,-0.002049180327868938,2.0,
brown_hair,0.6754314444897405,0.8175023780404946,iterative_all_layers,eyeglasses,lr,1,0.6731892920233727,0.0022421524663677195,2.0,
bushy_eyebrows,0.5666666666666667,0.6102164502164502,iterative_all_layers,eyeglasses,lr,1,0.5666666666666667,0.0,2.0,
chubby,0.5684389140271493,0.6799585218702865,iterative_all_layers,eyeglasses,lr,1,0.5684389140271493,0.0,2.0,
double_chin,0.5609794628751974,0.660452869931543,iterative_all_layers,eyeglasses,lr,1,0.5791995787256451,-0.018220115850447693,2.0,
eyeglasses,0.88671875,0.9537353515625,iterative_all_layers,eyeglasses,lr,1,0.890625,-0.00390625,2.0,
goatee,0.6863132310496735,0.7727479872398603,iterative_all_layers,eyeglasses,lr,1,0.6863132310496735,0.0,2.0,
gray_hair,0.814978354978355,0.8853679653679654,iterative_all_layers,eyeglasses,lr,1,0.8106493506493506,0.0043290043290044045,2.0,
heavy_makeup,0.5349557522123893,0.545575221238938,iterative_all_layers,eyeglasses,lr,1,0.5327433628318584,0.0022123893805309214,2.0,
high_cheekbones,0.47150834443809886,0.3762929119868012,iterative_all_layers,eyeglasses,lr,1,0.47804429215051714,-0.006535947712418277,2.0,
male,0.9733727810650887,0.9660613480242127,iterative_all_layers,eyeglasses,lr,1,0.9733727810650887,0.0,2.0,
mouth_slightly_open,0.5438423645320197,0.5618226600985221,iterative_all_layers,eyeglasses,lr,1,0.5359605911330049,0.007881773399014858,2.0,
mustache,0.7235634958957026,0.8284645098985998,iterative_all_layers,eyeglasses,lr,1,0.7235634958957026,0.0,2.0,
narrow_eyes,0.560483870967742,0.5383064516129032,iterative_all_layers,eyeglasses,lr,1,0.5625,-0.002016129032258007,2.0,
no_beard,0.5822666367243057,0.5431544277266263,iterative_all_layers,eyeglasses,lr,1,0.5822666367243057,0.0,2.0,
oval_face,0.4860194174757282,0.4345631067961165,iterative_all_layers,eyeglasses,lr,1,0.48116504854368936,0.004854368932038833,2.0,
pale_skin,0.5334716459197787,0.6838174273858921,iterative_all_layers,eyeglasses,lr,1,0.5313969571230982,0.0020746887966804906,2.0,
pointy_nose,0.4527646129541864,0.5114270668773039,iterative_all_layers,eyeglasses,lr,1,0.4527646129541864,0.0,2.0,
receding_hairline,0.5307692307692308,0.5711700064641241,iterative_all_layers,eyeglasses,lr,1,0.540530058177117,-0.009760827407886197,2.0,
rosy_cheeks,0.6105691056910569,0.7085365853658537,iterative_all_layers,eyeglasses,lr,1,0.6085365853658536,0.002032520325203291,2.0,
sideburns,0.6866419294990724,0.7847866419294991,iterative_all_layers,eyeglasses,lr,1,0.6846011131725418,0.0020408163265306367,2.0,
smiling,0.8533823079277625,0.9561065197428833,iterative_all_layers,eyeglasses,lr,1,0.8533823079277625,0.0,2.0,
straight_hair,0.6095238095238096,0.6056737588652482,iterative_all_layers,eyeglasses,lr,1,0.6095238095238096,0.0,2.0,
wavy_hair,0.538746363395927,0.5795644891122277,iterative_all_layers,eyeglasses,lr,1,0.5412589262099974,-0.002512562814070418,2.0,
wearing_earrings,0.6573756432246998,0.7156946826758148,iterative_all_layers,eyeglasses,lr,1,0.6824614065180103,-0.02508576329331058,2.0,
wearing_hat,0.9046066041581737,0.9336866422068216,iterative_all_layers,eyeglasses,lr,1,0.9046066041581737,0.0,2.0,
wearing_lipstick,0.43229166666666663,0.39168294270833337,iterative_all_layers,eyeglasses,lr,1,0.421875,0.01041666666666663,2.0,
wearing_necklace,0.5135856380397865,0.5199741225942099,iterative_all_layers,eyeglasses,lr,1,0.5299207504447678,-0.01633511240498131,2.0,
wearing_necktie,0.5654078736270517,0.6298901641367396,iterative_all_layers,eyeglasses,lr,1,0.5631247686042207,0.0022831050228310223,2.0,
young,0.8102065988282454,0.8885599753314831,iterative_all_layers,eyeglasses,lr,1,0.8066604995374653,0.0035460992907800915,2.0,
5_o_clock_shadow,0.5107758620689655,0.5619612068965517,iterative_all_layers,eyeglasses,lr,2,0.5193965517241379,-0.008620689655172376,2.0,
arched_eyebrows,0.5590807042419945,0.5949426917168852,iterative_all_layers,eyeglasses,lr,2,0.5626846272007562,-0.003603922958761663,2.0,
attractive,0.5037742504409171,0.56994708994709,iterative_all_layers,eyeglasses,lr,2,0.5037742504409171,0.0,2.0,
bags_under_eyes,0.4787312064539787,0.43509350935093505,iterative_all_layers,eyeglasses,lr,2,0.49972497249724973,-0.020993766043271023,2.0,
bald,0.8014825442372071,0.8845528455284553,iterative_all_layers,eyeglasses,lr,2,0.7916786226685797,0.009803921568627416,2.0,
bangs,0.7933110367892977,0.8744147157190636,iterative_all_layers,eyeglasses,lr,2,0.7911371237458193,0.0021739130434783593,2.0,
big_lips,0.4958099181701666,0.47697919747609185,iterative_all_layers,eyeglasses,lr,2,0.49339445923296854,0.0024154589371980784,2.0,
big_nose,0.58759867583397,0.5997580850522028,iterative_all_layers,eyeglasses,lr,2,0.6038961038961039,-0.016297428062133967,2.0,
black_hair,0.7624356775300172,0.8753216123499143,iterative_all_layers,eyeglasses,lr,2,0.7624356775300172,0.0,2.0,
blond_hair,0.8196555217831814,0.9165146909827762,iterative_all_layers,eyeglasses,lr,2,0.8239108409321175,-0.004255319148936176,2.0,
blurry,0.7281420765027322,0.7455601092896175,iterative_all_layers,eyeglasses,lr,2,0.6905737704918034,0.037568306010928865,2.0,
brown_hair,0.6731892920233727,0.8177741540970241,iterative_all_layers,eyeglasses,lr,2,0.6731892920233727,0.0,2.0,
bushy_eyebrows,0.5666666666666667,0.6124675324675325,iterative_all_layers,eyeglasses,lr,2,0.5666666666666667,0.0,2.0,
chubby,0.5684389140271493,0.6797699849170438,iterative_all_layers,eyeglasses,lr,2,0.5684389140271493,0.0,2.0,
double_chin,0.5609794628751974,0.6590837282780411,iterative_all_layers,eyeglasses,lr,2,0.5791995787256451,-0.018220115850447693,2.0,
eyeglasses,0.8828125,0.95330810546875,iterative_all_layers,eyeglasses,lr,2,0.890625,-0.0078125,2.0,
goatee,0.6797053015342549,0.7694060458757405,iterative_all_layers,eyeglasses,lr,2,0.6863132310496735,-0.0066079295154185536,2.0,
gray_hair,0.8128138528138529,0.8824242424242423,iterative_all_layers,eyeglasses,lr,2,0.8106493506493506,0.0021645021645022577,2.0,
heavy_makeup,0.5371681415929204,0.5476401179941003,iterative_all_layers,eyeglasses,lr,2,0.5327433628318584,0.004424778761061954,2.0,
high_cheekbones,0.47309473951392855,0.37559489815343616,iterative_all_layers,eyeglasses,lr,2,0.47804429215051714,-0.004949552636588583,2.0,
male,0.9733727810650887,0.9666054546691152,iterative_all_layers,eyeglasses,lr,2,0.9733727810650887,0.0,2.0,
mouth_slightly_open,0.5524630541871921,0.5621305418719211,iterative_all_layers,eyeglasses,lr,2,0.5359605911330049,0.016502463054187233,2.0,
mustache,0.7126991791405118,0.8274987928536939,iterative_all_layers,eyeglasses,lr,2,0.7235634958957026,-0.010864316755190728,2.0,
narrow_eyes,0.5665322580645161,0.5388104838709677,iterative_all_layers,eyeglasses,lr,2,0.5625,0.0040322580645161255,2.0,
no_beard,0.5822666367243057,0.5420315891908076,iterative_all_layers,eyeglasses,lr,2,0.5822666367243057,0.0,2.0,
oval_face,0.4860194174757282,0.43999999999999995,iterative_all_layers,eyeglasses,lr,2,0.48116504854368936,0.004854368932038833,2.0,
pale_skin,0.5313969571230982,0.690179806362379,iterative_all_layers,eyeglasses,lr,2,0.5313969571230982,0.0,2.0,
pointy_nose,0.45913638757240655,0.5066877303844128,iterative_all_layers,eyeglasses,lr,2,0.4527646129541864,0.0063717746182201385,2.0,
receding_hairline,0.5473173884938591,0.5725921137685843,iterative_all_layers,eyeglasses,lr,2,0.540530058177117,0.006787330316742168,2.0,
rosy_cheeks,0.6105691056910569,0.7191056910569106,iterative_all_layers,eyeglasses,lr,2,0.6085365853658536,0.002032520325203291,2.0,
sideburns,0.6764378478664193,0.7844155844155846,iterative_all_layers,eyeglasses,lr,2,0.6846011131725418,-0.008163265306122547,2.0,
smiling,0.8538108356290175,0.9555555555555556,iterative_all_layers,eyeglasses,lr,2,0.8533823079277625,0.0004285277012550104,2.0,
straight_hair,0.59209726443769,0.6034447821681864,iterative_all_layers,eyeglasses,lr,2,0.6095238095238096,-0.017426545086119627,2.0,
wavy_hair,0.5475182932204884,0.5801816098034029,iterative_all_layers,eyeglasses,lr,2,0.5412589262099974,0.006259367010491013,2.0,
wearing_earrings,0.6824614065180103,0.7179459691252145,iterative_all_layers,eyeglasses,lr,2,0.6824614065180103,0.0,2.0,
wearing_hat,0.9046066041581737,0.9327354260089686,iterative_all_layers,eyeglasses,lr,2,0.9046066041581737,0.0,2.0,
wearing_lipstick,0.43489583333333337,0.3920084635416667,iterative_all_layers,eyeglasses,lr,2,0.421875,0.01302083333333337,2.0,
wearing_necklace,0.495067119521268,0.5154455765809477,iterative_all_layers,eyeglasses,lr,2,0.5299207504447678,-0.034853630923499856,2.0,
wearing_necktie,0.5812044921633963,0.6292731087251636,iterative_all_layers,eyeglasses,lr,2,0.5631247686042207,0.018079723559175642,2.0,
young,0.8129509713228492,0.888313290163429,iterative_all_layers,eyeglasses,lr,2,0.8066604995374653,0.006290471785383889,2.0,
5_o_clock_shadow,0.5107758620689655,0.5581896551724138,iterative_all_layers,eyeglasses,lr,3,0.5193965517241379,-0.008620689655172376,2.0,
arched_eyebrows,0.5590807042419945,0.5958879829847572,iterative_all_layers,eyeglasses,lr,3,0.5626846272007562,-0.003603922958761663,2.0,
attractive,0.5037742504409171,0.5688183421516755,iterative_all_layers,eyeglasses,lr,3,0.5037742504409171,0.0,2.0,
bags_under_eyes,0.487990465713238,0.4385771910524386,iterative_all_layers,eyeglasses,lr,3,0.49972497249724973,-0.011734506784011722,2.0,
bald,0.8014825442372071,0.8838833094213294,iterative_all_layers,eyeglasses,lr,3,0.7916786226685797,0.009803921568627416,2.0,
bangs,0.7889632107023412,0.8715719063545151,iterative_all_layers,eyeglasses,lr,3,0.7911371237458193,-0.0021739130434781373,2.0,
big_lips,0.48560583653751355,0.47816227940451544,iterative_all_layers,eyeglasses,lr,3,0.49339445923296854,-0.007788622695454994,2.0,
big_nose,0.5826967150496563,0.6014769544181309,iterative_all_layers,eyeglasses,lr,3,0.6038961038961039,-0.021199388846447675,2.0,
black_hair,0.7624356775300172,0.8758576329331047,iterative_all_layers,eyeglasses,lr,3,0.7624356775300172,0.0,2.0,
blond_hair,0.8175278622087132,0.9163120567375886,iterative_all_layers,eyeglasses,lr,3,0.8239108409321175,-0.00638297872340432,2.0,
blurry,0.730191256830601,0.7496584699453552,iterative_all_layers,eyeglasses,lr,3,0.6905737704918034,0.03961748633879769,2.0,
brown_hair,0.6754314444897405,0.8165511618426416,iterative_all_layers,eyeglasses,lr,3,0.6731892920233727,0.0022421524663677195,2.0,
bushy_eyebrows,0.5688311688311689,0.6133333333333333,iterative_all_layers,eyeglasses,lr,3,0.5666666666666667,0.0021645021645022577,2.0,
chubby,0.5684389140271493,0.6791101055806938,iterative_all_layers,eyeglasses,lr,3,0.5684389140271493,0.0,2.0,
double_chin,0.5586097946287519,0.6581358609794629,iterative_all_layers,eyeglasses,lr,3,0.5791995787256451,-0.02058978409689316,2.0,
eyeglasses,0.88671875,0.95355224609375,iterative_all_layers,eyeglasses,lr,3,0.890625,-0.00390625,2.0,
goatee,0.6797053015342549,0.7703174844295914,iterative_all_layers,eyeglasses,lr,3,0.6863132310496735,-0.0066079295154185536,2.0,
gray_hair,0.814978354978355,0.8832900432900433,iterative_all_layers,eyeglasses,lr,3,0.8106493506493506,0.0043290043290044045,2.0,
heavy_makeup,0.5415929203539823,0.5480825958702065,iterative_all_layers,eyeglasses,lr,3,0.5327433628318584,0.008849557522123908,2.0,
high_cheekbones,0.4763627133701377,0.37635636778983433,iterative_all_layers,eyeglasses,lr,3,0.47804429215051714,-0.0016815787803794446,2.0,
male,0.9733727810650887,0.9670815479834047,iterative_all_layers,eyeglasses,lr,3,0.9733727810650887,0.0,2.0,
mouth_slightly_open,0.5496305418719212,0.5628694581280788,iterative_all_layers,eyeglasses,lr,3,0.5359605911330049,0.013669950738916303,2.0,
mustache,0.7126991791405118,0.8284645098985998,iterative_all_layers,eyeglasses,lr,3,0.7235634958957026,-0.010864316755190728,2.0,
narrow_eyes,0.5625,0.5388104838709677,iterative_all_layers,eyeglasses,lr,3,0.5625,0.0,2.0,
no_beard,0.5822666367243057,0.5428550041170747,iterative_all_layers,eyeglasses,lr,3,0.5822666367243057,0.0,2.0,
oval_face,0.48359223300970877,0.43854368932038834,iterative_all_layers,eyeglasses,lr,3,0.48116504854368936,0.0024271844660194164,2.0,
pale_skin,0.5313969571230982,0.6915629322268326,iterative_all_layers,eyeglasses,lr,3,0.5313969571230982,0.0,2.0,
pointy_nose,0.45913638757240655,0.5046866771985256,iterative_all_layers,eyeglasses,lr,3,0.4527646129541864,0.0063717746182201385,2.0,
receding_hairline,0.542792501616031,0.5720749838396897,iterative_all_layers,eyeglasses,lr,3,0.540530058177117,0.002262443438914019,2.0,
rosy_cheeks,0.6044715447154472,0.7215447154471545,iterative_all_layers,eyeglasses,lr,3,0.6085365853658536,-0.004065040650406471,2.0,
sideburns,0.6825602968460112,0.7833024118738404,iterative_all_layers,eyeglasses,lr,3,0.6846011131725418,-0.0020408163265306367,2.0,
smiling,0.8414141414141414,0.955616773798592,iterative_all_layers,eyeglasses,lr,3,0.8533823079277625,-0.011968166513621092,2.0,
straight_hair,0.6397163120567375,0.6070921985815603,iterative_all_layers,eyeglasses,lr,3,0.6095238095238096,0.030192502532927934,2.0,
wavy_hair,0.5588027858591201,0.5812395309882746,iterative_all_layers,eyeglasses,lr,3,0.5412589262099974,0.01754385964912275,2.0,
wearing_earrings,0.6801029159519726,0.7181603773584906,iterative_all_layers,eyeglasses,lr,3,0.6824614065180103,-0.002358490566037763,2.0,
wearing_hat,0.9046066041581737,0.9321918738959097,iterative_all_layers,eyeglasses,lr,3,0.9046066041581737,0.0,2.0,
wearing_lipstick,0.4375,0.3942057291666667,iterative_all_layers,eyeglasses,lr,3,0.421875,0.015625,2.0,
wearing_necklace,0.4907003072941938,0.5181950509461426,iterative_all_layers,eyeglasses,lr,3,0.5299207504447678,-0.03922044315057405,2.0,
wearing_necktie,0.5812044921633963,0.6301369863013699,iterative_all_layers,eyeglasses,lr,3,0.5631247686042207,0.018079723559175642,2.0,
young,0.8086031452358926,0.887881591119334,iterative_all_layers,eyeglasses,lr,3,0.8066604995374653,0.001942645698427281,2.0,
5_o_clock_shadow,0.5193965517241379,0.5603448275862069,iterative_all_layers,eyeglasses,lr,4,0.5193965517241379,0.0,2.0,
arched_eyebrows,0.5521682618456811,0.5956516601677893,iterative_all_layers,eyeglasses,lr,4,0.5626846272007562,-0.010516365355075052,2.0,
attractive,0.5037742504409171,0.5679012345679012,iterative_all_layers,eyeglasses,lr,4,0.5037742504409171,0.0,2.0,
bags_under_eyes,0.49972497249724973,0.44224422442244227,iterative_all_layers,eyeglasses,lr,4,0.49972497249724973,0.0,2.0,
bald,0.8014825442372071,0.8826398852223816,iterative_all_layers,eyeglasses,lr,4,0.7916786226685797,0.009803921568627416,2.0,
bangs,0.795484949832776,0.8715719063545151,iterative_all_layers,eyeglasses,lr,4,0.7911371237458193,0.004347826086956608,2.0,
big_lips,0.49339445923296854,0.47855664004732323,iterative_all_layers,eyeglasses,lr,4,0.49339445923296854,0.0,2.0,
big_nose,0.5891902215431627,0.599248790425261,iterative_all_layers,eyeglasses,lr,4,0.6038961038961039,-0.014705882352941235,2.0,
black_hair,0.7667238421955402,0.8736063464837049,iterative_all_layers,eyeglasses,lr,4,0.7624356775300172,0.004288164665523064,2.0,
blond_hair,0.8217831813576495,0.9161094224924011,iterative_all_layers,eyeglasses,lr,4,0.8239108409321175,-0.0021276595744680327,2.0,
blurry,0.6905737704918034,0.7421448087431693,iterative_all_layers,eyeglasses,lr,4,0.6905737704918034,0.0,2.0,
brown_hair,0.670947139557005,0.815464057616524,iterative_all_layers,eyeglasses,lr,4,0.6731892920233727,-0.0022421524663677195,2.0,
bushy_eyebrows,0.5666666666666667,0.6112554112554112,iterative_all_layers,eyeglasses,lr,4,0.5666666666666667,0.0,2.0,
chubby,0.5684389140271493,0.6817496229260934,iterative_all_layers,eyeglasses,lr,4,0.5684389140271493,0.0,2.0,
double_chin,0.5609794628751974,0.6562401263823064,iterative_all_layers,eyeglasses,lr,4,0.5791995787256451,-0.018220115850447693,2.0,
eyeglasses,0.89453125,0.95361328125,iterative_all_layers,eyeglasses,lr,4,0.890625,0.00390625,2.0,
goatee,0.6947440376727936,0.775330396475771,iterative_all_layers,eyeglasses,lr,4,0.6863132310496735,0.008430806623120124,2.0,
gray_hair,0.814978354978355,0.8855411255411255,iterative_all_layers,eyeglasses,lr,4,0.8106493506493506,0.0043290043290044045,2.0,
heavy_makeup,0.5415929203539823,0.5474926253687316,iterative_all_layers,eyeglasses,lr,4,0.5327433628318584,0.008849557522123908,2.0,
high_cheekbones,0.47963068722634683,0.3794022463354274,iterative_all_layers,eyeglasses,lr,4,0.47804429215051714,0.001586395075829694,2.0,
male,0.9733727810650887,0.9677616812895329,iterative_all_layers,eyeglasses,lr,4,0.9733727810650887,0.0,2.0,
mouth_slightly_open,0.545320197044335,0.5679802955665024,iterative_all_layers,eyeglasses,lr,4,0.5359605911330049,0.009359605911330116,2.0,
mustache,0.7126991791405118,0.8272573635924674,iterative_all_layers,eyeglasses,lr,4,0.7235634958957026,-0.010864316755190728,2.0,
narrow_eyes,0.5625,0.5493951612903225,iterative_all_layers,eyeglasses,lr,4,0.5625,0.0,2.0,
no_beard,0.5822666367243057,0.5442024103600569,iterative_all_layers,eyeglasses,lr,4,0.5822666367243057,0.0,2.0,
oval_face,0.4860194174757282,0.4409708737864078,iterative_all_layers,eyeglasses,lr,4,0.48116504854368936,0.004854368932038833,2.0,
pale_skin,0.5313969571230982,0.6934993084370678,iterative_all_layers,eyeglasses,lr,4,0.5313969571230982,0.0,2.0,
pointy_nose,0.4456556082148499,0.5052132701421801,iterative_all_layers,eyeglasses,lr,4,0.4527646129541864,-0.007109004739336511,2.0,
receding_hairline,0.5450549450549451,0.5725921137685843,iterative_all_layers,eyeglasses,lr,4,0.540530058177117,0.004524886877828149,2.0,
rosy_cheeks,0.6044715447154472,0.71869918699187,iterative_all_layers,eyeglasses,lr,4,0.6085365853658536,-0.004065040650406471,2.0,
sideburns,0.6784786641929499,0.7896103896103895,iterative_all_layers,eyeglasses,lr,4,0.6846011131725418,-0.00612244897959191,2.0,
smiling,0.8455463728191002,0.9549433731251913,iterative_all_layers,eyeglasses,lr,4,0.8533823079277625,-0.007835935108662317,2.0,
straight_hair,0.6354609929078014,0.6121580547112462,iterative_all_layers,eyeglasses,lr,4,0.6095238095238096,0.02593718338399187,2.0,
wavy_hair,0.5500308560345588,0.5815921713832319,iterative_all_layers,eyeglasses,lr,4,0.5412589262099974,0.00877192982456143,2.0,
wearing_earrings,0.6706689536878216,0.7175171526586622,iterative_all_layers,eyeglasses,lr,4,0.6824614065180103,-0.011792452830188704,2.0,
wearing_hat,0.9046066041581737,0.9305612175567332,iterative_all_layers,eyeglasses,lr,4,0.9046066041581737,0.0,2.0,
wearing_lipstick,0.42708333333333337,0.39013671875,iterative_all_layers,eyeglasses,lr,4,0.421875,0.00520833333333337,2.0,
wearing_necklace,0.5092188258127123,0.5194889212356462,iterative_all_layers,eyeglasses,lr,4,0.5299207504447678,-0.020701924632055557,2.0,
wearing_necktie,0.5857707022090584,0.6332222633592497,iterative_all_layers,eyeglasses,lr,4,0.5631247686042207,0.022645933604837687,2.0,
young,0.8164970706136294,0.8878199198273203,iterative_all_layers,eyeglasses,lr,4,0.8066604995374653,0.009836571076164091,2.0,
5_o_clock_shadow,0.5237068965517242,0.567528735632184,iterative_all_layers,eyeglasses,lr,5,0.5193965517241379,0.004310344827586299,2.0,
arched_eyebrows,0.5462601914214817,0.5863169088975541,iterative_all_layers,eyeglasses,lr,5,0.5626846272007562,-0.016424435779274438,2.0,
attractive,0.50663139329806,0.5714285714285714,iterative_all_layers,eyeglasses,lr,5,0.5037742504409171,0.0028571428571428914,2.0,
bags_under_eyes,0.48551521818848553,0.44242757609094246,iterative_all_layers,eyeglasses,lr,5,0.49972497249724973,-0.0142097543087642,2.0,
bald,0.8014825442372071,0.8801530368244859,iterative_all_layers,eyeglasses,lr,5,0.7916786226685797,0.009803921568627416,2.0,
bangs,0.7933110367892977,0.8747491638795986,iterative_all_layers,eyeglasses,lr,5,0.7911371237458193,0.0021739130434783593,2.0,
big_lips,0.47594400078872134,0.47934536133293904,iterative_all_layers,eyeglasses,lr,5,0.49339445923296854,-0.017450458444247197,2.0,
big_nose,0.571301247771836,0.597720906544436,iterative_all_layers,eyeglasses,lr,5,0.6038961038961039,-0.032594856124267935,2.0,
black_hair,0.7690823327615781,0.8782161234991424,iterative_all_layers,eyeglasses,lr,5,0.7624356775300172,0.006646655231560938,2.0,
blond_hair,0.8196555217831814,0.916514690982776,iterative_all_layers,eyeglasses,lr,5,0.8239108409321175,-0.004255319148936176,2.0,
blurry,0.6926229508196722,0.725068306010929,iterative_all_layers,eyeglasses,lr,5,0.6905737704918034,0.002049180327868827,2.0,
brown_hair,0.6799157494224759,0.812610409022965,iterative_all_layers,eyeglasses,lr,5,0.6731892920233727,0.006726457399103158,2.0,
bushy_eyebrows,0.5645021645021645,0.6164502164502164,iterative_all_layers,eyeglasses,lr,5,0.5666666666666667,-0.0021645021645021467,2.0,
chubby,0.5805052790346907,0.6832579185520362,iterative_all_layers,eyeglasses,lr,5,0.5684389140271493,0.012066365007541435,2.0,
double_chin,0.5784623486045287,0.6572933122696155,iterative_all_layers,eyeglasses,lr,5,0.5791995787256451,-0.0007372301211163723,2.0,
eyeglasses,0.890625,0.9549560546875,iterative_all_layers,eyeglasses,lr,5,0.890625,0.0,2.0,
goatee,0.699149324016406,0.7766975543065472,iterative_all_layers,eyeglasses,lr,5,0.6863132310496735,0.012836092966732493,2.0,
gray_hair,0.8084848484848486,0.8832900432900433,iterative_all_layers,eyeglasses,lr,5,0.8106493506493506,-0.0021645021645020357,2.0,
heavy_makeup,0.5227138643067847,0.5466076696165192,iterative_all_layers,eyeglasses,lr,5,0.5327433628318584,-0.010029498525073732,2.0,
high_cheekbones,0.48943460879497425,0.37724474903229904,iterative_all_layers,eyeglasses,lr,5,0.47804429215051714,0.01139031664445711,2.0,
male,0.9733727810650887,0.9691899612324016,iterative_all_layers,eyeglasses,lr,5,0.9733727810650887,0.0,2.0,
mouth_slightly_open,0.5338669950738916,0.5658866995073891,iterative_all_layers,eyeglasses,lr,5,0.5359605911330049,-0.0020935960591133007,2.0,
mustache,0.7126991791405118,0.8254466441332688,iterative_all_layers,eyeglasses,lr,5,0.7235634958957026,-0.010864316755190728,2.0,
narrow_eyes,0.564516129032258,0.559475806451613,iterative_all_layers,eyeglasses,lr,5,0.5625,0.002016129032258007,2.0,
no_beard,0.5822666367243057,0.5455498166030391,iterative_all_layers,eyeglasses,lr,5,0.5822666367243057,0.0,2.0,
oval_face,0.4860194174757282,0.4463106796116505,iterative_all_layers,eyeglasses,lr,5,0.48116504854368936,0.004854368932038833,2.0,
pale_skin,0.5293222683264177,0.6887966804979253,iterative_all_layers,eyeglasses,lr,5,0.5313969571230982,-0.0020746887966804906,2.0,
pointy_nose,0.44328593996840443,0.5039494470774092,iterative_all_layers,eyeglasses,lr,5,0.4527646129541864,-0.009478672985781977,2.0,
receding_hairline,0.5307692307692308,0.5712992889463477,iterative_all_layers,eyeglasses,lr,5,0.540530058177117,-0.009760827407886197,2.0,
rosy_cheeks,0.602439024390244,0.7178861788617886,iterative_all_layers,eyeglasses,lr,5,0.6085365853658536,-0.0060975609756096505,2.0,
sideburns,0.6764378478664193,0.7918367346938775,iterative_all_layers,eyeglasses,lr,5,0.6846011131725418,-0.008163265306122547,2.0,
smiling,0.8414141414141414,0.9548821548821549,iterative_all_layers,eyeglasses,lr,5,0.8533823079277625,-0.011968166513621092,2.0,
straight_hair,0.6116514690982776,0.6135764944275582,iterative_all_layers,eyeglasses,lr,5,0.6095238095238096,0.0021276595744680327,2.0,
wavy_hair,0.5525434188486291,0.5794763290134887,iterative_all_layers,eyeglasses,lr,5,0.5412589262099974,0.011284492638631738,2.0,
wearing_earrings,0.6659519725557461,0.7143010291595197,iterative_all_layers,eyeglasses,lr,5,0.6824614065180103,-0.01650943396226423,2.0,
wearing_hat,0.9046066041581737,0.931104769669792,iterative_all_layers,eyeglasses,lr,5,0.9046066041581737,0.0,2.0,
wearing_lipstick,0.43489583333333337,0.3875325520833333,iterative_all_layers,eyeglasses,lr,5,0.421875,0.01302083333333337,2.0,
wearing_necklace,0.48633349506711954,0.5170629144428271,iterative_all_layers,eyeglasses,lr,5,0.5299207504447678,-0.04358725537764829,2.0,
wearing_necktie,0.5768233987412069,0.634086140935456,iterative_all_layers,eyeglasses,lr,5,0.5631247686042207,0.013698630136986245,2.0,
young,0.8192414431082331,0.888868331791551,iterative_all_layers,eyeglasses,lr,5,0.8066604995374653,0.012580943570767777,2.0,
5_o_clock_shadow,0.5237068965517242,0.5659123563218391,iterative_all_layers,eyeglasses,lr,6,0.5193965517241379,0.004310344827586299,2.0,
arched_eyebrows,0.5567765567765568,0.5851352948127142,iterative_all_layers,eyeglasses,lr,6,0.5626846272007562,-0.005908070424199385,2.0,
attractive,0.50663139329806,0.571005291005291,iterative_all_layers,eyeglasses,lr,6,0.5037742504409171,0.0028571428571428914,2.0,
bags_under_eyes,0.48551521818848553,0.4478364503116979,iterative_all_layers,eyeglasses,lr,6,0.49972497249724973,-0.0142097543087642,2.0,
bald,0.8014825442372071,0.8784313725490196,iterative_all_layers,eyeglasses,lr,6,0.7916786226685797,0.009803921568627416,2.0,
bangs,0.7762541806020067,0.8730769230769231,iterative_all_layers,eyeglasses,lr,6,0.7911371237458193,-0.014882943143812666,2.0,
big_lips,0.46815537809326624,0.47707778763679387,iterative_all_layers,eyeglasses,lr,6,0.49339445923296854,-0.025239081139702302,2.0,
big_nose,0.5777947542653424,0.5990578049401579,iterative_all_layers,eyeglasses,lr,6,0.6038961038961039,-0.026101349630761495,2.0,
black_hair,0.7780874785591767,0.8796097770154375,iterative_all_layers,eyeglasses,lr,6,0.7624356775300172,0.01565180102915953,2.0,
blond_hair,0.8196555217831814,0.9163120567375886,iterative_all_layers,eyeglasses,lr,6,0.8239108409321175,-0.004255319148936176,2.0,
blurry,0.6550546448087432,0.7185792349726776,iterative_all_layers,eyeglasses,lr,6,0.6905737704918034,-0.03551912568306015,2.0,
brown_hair,0.6776735969561082,0.8051365674684061,iterative_all_layers,eyeglasses,lr,6,0.6731892920233727,0.004484304932735439,2.0,
bushy_eyebrows,0.5688311688311689,0.6138528138528139,iterative_all_layers,eyeglasses,lr,6,0.5666666666666667,0.0021645021645022577,2.0,
chubby,0.5829562594268476,0.6802413273001509,iterative_all_layers,eyeglasses,lr,6,0.5684389140271493,0.01451734539969829,2.0,
double_chin,0.574460242232754,0.6583464981569247,iterative_all_layers,eyeglasses,lr,6,0.5791995787256451,-0.004739336492891044,2.0,
eyeglasses,0.88671875,0.95513916015625,iterative_all_layers,eyeglasses,lr,6,0.890625,-0.00390625,2.0,
goatee,0.701351967188212,0.773659425793711,iterative_all_layers,eyeglasses,lr,6,0.6863132310496735,0.015038736138538567,2.0,
gray_hair,0.8106493506493506,0.8810389610389611,iterative_all_layers,eyeglasses,lr,6,0.8106493506493506,0.0,2.0,
heavy_makeup,0.5227138643067847,0.5473451327433628,iterative_all_layers,eyeglasses,lr,6,0.5327433628318584,-0.010029498525073732,2.0,
high_cheekbones,0.48289866108255597,0.3744526936988387,iterative_all_layers,eyeglasses,lr,6,0.47804429215051714,0.004854368932038833,2.0,
male,0.9733727810650887,0.9693259878936272,iterative_all_layers,eyeglasses,lr,6,0.9733727810650887,0.0,2.0,
mouth_slightly_open,0.5381773399014778,0.570935960591133,iterative_all_layers,eyeglasses,lr,6,0.5359605911330049,0.002216748768472887,2.0,
mustache,0.7126991791405118,0.8306373732496378,iterative_all_layers,eyeglasses,lr,6,0.7235634958957026,-0.010864316755190728,2.0,
narrow_eyes,0.560483870967742,0.5630040322580645,iterative_all_layers,eyeglasses,lr,6,0.5625,-0.002016129032258007,2.0,
no_beard,0.5795343962871473,0.5443521221648326,iterative_all_layers,eyeglasses,lr,6,0.5822666367243057,-0.002732240437158362,2.0,
oval_face,0.4860194174757282,0.4433009708737864,iterative_all_layers,eyeglasses,lr,6,0.48116504854368936,0.004854368932038833,2.0,
pale_skin,0.5272475795297372,0.6962655601659751,iterative_all_layers,eyeglasses,lr,6,0.5313969571230982,-0.004149377593360981,2.0,
pointy_nose,0.4369141653501843,0.5078462348604529,iterative_all_layers,eyeglasses,lr,6,0.4527646129541864,-0.015850447604002116,2.0,
receding_hairline,0.5262443438914027,0.5689722042663219,iterative_all_layers,eyeglasses,lr,6,0.540530058177117,-0.014285714285714235,2.0,
rosy_cheeks,0.5983739837398374,0.7260162601626017,iterative_all_layers,eyeglasses,lr,6,0.6085365853658536,-0.010162601626016232,2.0,
sideburns,0.6846011131725418,0.7918367346938775,iterative_all_layers,eyeglasses,lr,6,0.6846011131725418,0.0,2.0,
smiling,0.8455463728191002,0.9524946434037342,iterative_all_layers,eyeglasses,lr,6,0.8533823079277625,-0.007835935108662317,2.0,
straight_hair,0.5835866261398176,0.6058763931104357,iterative_all_layers,eyeglasses,lr,6,0.6095238095238096,-0.02593718338399198,2.0,
wavy_hair,0.5475182932204884,0.5717182403244292,iterative_all_layers,eyeglasses,lr,6,0.5412589262099974,0.006259367010491013,2.0,
wearing_earrings,0.6640222984562607,0.714622641509434,iterative_all_layers,eyeglasses,lr,6,0.6824614065180103,-0.018439108061749643,2.0,
wearing_hat,0.9023644516918059,0.932055985867645,iterative_all_layers,eyeglasses,lr,6,0.9046066041581737,-0.0022421524663678305,2.0,
wearing_lipstick,0.4453125,0.393310546875,iterative_all_layers,eyeglasses,lr,6,0.421875,0.0234375,2.0,
wearing_necklace,0.48633349506711954,0.5185185185185185,iterative_all_layers,eyeglasses,lr,6,0.5299207504447678,-0.04358725537764829,2.0,
wearing_necktie,0.5701592002961866,0.6350734295939775,iterative_all_layers,eyeglasses,lr,6,0.5631247686042207,0.007034431691965937,2.0,
young,0.815695343817453,0.8894850447116867,iterative_all_layers,eyeglasses,lr,6,0.8066604995374653,0.009034844279987686,2.0,
5_o_clock_shadow,0.5258620689655172,0.5711206896551724,iterative_all_layers,eyeglasses,lr,7,0.5193965517241379,0.006465517241379337,2.0,
arched_eyebrows,0.5508684863523573,0.5818267753751625,iterative_all_layers,eyeglasses,lr,7,0.5626846272007562,-0.011816140848398882,2.0,
attractive,0.5099470899470899,0.5698765432098765,iterative_all_layers,eyeglasses,lr,7,0.5037742504409171,0.006172839506172867,2.0,
bags_under_eyes,0.4756142280894756,0.44591125779244595,iterative_all_layers,eyeglasses,lr,7,0.49972497249724973,-0.02411074440777411,2.0,
bald,0.8014825442372071,0.8793878527020565,iterative_all_layers,eyeglasses,lr,7,0.7916786226685797,0.009803921568627416,2.0,
bangs,0.795484949832776,0.871571906354515,iterative_all_layers,eyeglasses,lr,7,0.7911371237458193,0.004347826086956608,2.0,
big_lips,0.48560583653751355,0.47914818101153506,iterative_all_layers,eyeglasses,lr,7,0.49339445923296854,-0.007788622695454994,2.0,
big_nose,0.571301247771836,0.5986121721415839,iterative_all_layers,eyeglasses,lr,7,0.6038961038961039,-0.032594856124267935,2.0,
black_hair,0.7804459691252144,0.8784305317324185,iterative_all_layers,eyeglasses,lr,7,0.7624356775300172,0.01801029159519718,2.0,
blond_hair,0.8175278622087132,0.9179331306990881,iterative_all_layers,eyeglasses,lr,7,0.8239108409321175,-0.00638297872340432,2.0,
blurry,0.657103825136612,0.7093579234972678,iterative_all_layers,eyeglasses,lr,7,0.6905737704918034,-0.03346994535519132,2.0,
brown_hair,0.6776735969561082,0.7968473977442587,iterative_all_layers,eyeglasses,lr,7,0.6731892920233727,0.004484304932735439,2.0,
bushy_eyebrows,0.5645021645021645,0.618008658008658,iterative_all_layers,eyeglasses,lr,7,0.5666666666666667,-0.0021645021645021467,2.0,
chubby,0.5757918552036199,0.6837292609351433,iterative_all_layers,eyeglasses,lr,7,0.5684389140271493,0.007352941176470562,2.0,
double_chin,0.5903106898367562,0.6648762506582411,iterative_all_layers,eyeglasses,lr,7,0.5791995787256451,0.011111111111111072,2.0,
eyeglasses,0.890625,0.9576416015625,iterative_all_layers,eyeglasses,lr,7,0.890625,0.0,2.0,
goatee,0.6841105878778673,0.7739632386449947,iterative_all_layers,eyeglasses,lr,7,0.6863132310496735,-0.0022026431718061845,2.0,
gray_hair,0.8128138528138529,0.8831168831168833,iterative_all_layers,eyeglasses,lr,7,0.8106493506493506,0.0021645021645022577,2.0,
heavy_makeup,0.5205014749262538,0.55,iterative_all_layers,eyeglasses,lr,7,0.5327433628318584,-0.012241887905604654,2.0,
high_cheekbones,0.4861666349387651,0.37610254457770165,iterative_all_layers,eyeglasses,lr,7,0.47804429215051714,0.008122342788247972,2.0,
male,0.9733727810650887,0.9698700945385296,iterative_all_layers,eyeglasses,lr,7,0.9733727810650887,0.0,2.0,
mouth_slightly_open,0.554679802955665,0.5686576354679804,iterative_all_layers,eyeglasses,lr,7,0.5359605911330049,0.01871921182266012,2.0,
mustache,0.725857073877354,0.8252052148720425,iterative_all_layers,eyeglasses,lr,7,0.7235634958957026,0.002293577981651418,2.0,
narrow_eyes,0.5625,0.5559475806451613,iterative_all_layers,eyeglasses,lr,7,0.5625,0.0,2.0,
no_beard,0.5740699154128304,0.5442772662624448,iterative_all_layers,eyeglasses,lr,7,0.5822666367243057,-0.008196721311475308,2.0,
oval_face,0.4860194174757282,0.4454368932038835,iterative_all_layers,eyeglasses,lr,7,0.48116504854368936,0.004854368932038833,2.0,
pale_skin,0.5313969571230982,0.7040110650069156,iterative_all_layers,eyeglasses,lr,7,0.5313969571230982,0.0,2.0,
pointy_nose,0.4369141653501843,0.49626119010005265,iterative_all_layers,eyeglasses,lr,7,0.4527646129541864,-0.015850447604002116,2.0,
receding_hairline,0.5239819004524887,0.572333548804137,iterative_all_layers,eyeglasses,lr,7,0.540530058177117,-0.016548157724628254,2.0,
rosy_cheeks,0.5983739837398374,0.7223577235772358,iterative_all_layers,eyeglasses,lr,7,0.6085365853658536,-0.010162601626016232,2.0,
sideburns,0.6805194805194805,0.789239332096475,iterative_all_layers,eyeglasses,lr,7,0.6846011131725418,-0.004081632653061273,2.0,
smiling,0.8372819100091828,0.9535965717783901,iterative_all_layers,eyeglasses,lr,7,0.8533823079277625,-0.016100397918579645,2.0,
straight_hair,0.6073961499493414,0.6093211752786221,iterative_all_layers,eyeglasses,lr,7,0.6095238095238096,-0.0021276595744681437,2.0,
wavy_hair,0.5525434188486291,0.5760380851626553,iterative_all_layers,eyeglasses,lr,7,0.5412589262099974,0.011284492638631738,2.0,
wearing_earrings,0.6616638078902229,0.7168739279588335,iterative_all_layers,eyeglasses,lr,7,0.6824614065180103,-0.020797598627787406,2.0,
wearing_hat,0.9046066041581737,0.930697105584998,iterative_all_layers,eyeglasses,lr,7,0.9046066041581737,0.0,2.0,
wearing_lipstick,0.4453125,0.3994140625,iterative_all_layers,eyeglasses,lr,7,0.421875,0.0234375,2.0,
wearing_necklace,0.5092188258127123,0.5149603752223839,iterative_all_layers,eyeglasses,lr,7,0.5299207504447678,-0.020701924632055557,2.0,
wearing_necktie,0.5722571886955449,0.6314945082068371,iterative_all_layers,eyeglasses,lr,7,0.5631247686042207,0.0091324200913242,2.0,
young,0.8192414431082331,0.8900400863398088,iterative_all_layers,eyeglasses,lr,7,0.8066604995374653,0.012580943570767777,2.0,
5_o_clock_shadow,0.5280172413793103,0.5783045977011494,iterative_all_layers,eyeglasses,lr,8,0.5193965517241379,0.008620689655172376,2.0,
arched_eyebrows,0.5439560439560439,0.5782819331206428,iterative_all_layers,eyeglasses,lr,8,0.5626846272007562,-0.01872858324471227,2.0,
attractive,0.5128042328042328,0.5631040564373897,iterative_all_layers,eyeglasses,lr,8,0.5037742504409171,0.009029982363315758,2.0,
bags_under_eyes,0.49541620828749544,0.45526219288595526,iterative_all_layers,eyeglasses,lr,8,0.49972497249724973,-0.00430876420975429,2.0,
bald,0.8014825442372071,0.8791009086561454,iterative_all_layers,eyeglasses,lr,8,0.7916786226685797,0.009803921568627416,2.0,
bangs,0.7911371237458193,0.8692307692307693,iterative_all_layers,eyeglasses,lr,8,0.7911371237458193,0.0,2.0,
big_lips,0.4826481317164547,0.47293700088731144,iterative_all_layers,eyeglasses,lr,8,0.49339445923296854,-0.010746327516513832,2.0,
big_nose,0.5647440794499619,0.5975935828877005,iterative_all_layers,eyeglasses,lr,8,0.6038961038961039,-0.039152024446142075,2.0,
black_hair,0.789451114922813,0.8744639794168096,iterative_all_layers,eyeglasses,lr,8,0.7624356775300172,0.02701543739279577,2.0,
blond_hair,0.8196555217831814,0.918338399189463,iterative_all_layers,eyeglasses,lr,8,0.8239108409321175,-0.004255319148936176,2.0,
blurry,0.6174863387978142,0.7185792349726775,iterative_all_layers,eyeglasses,lr,8,0.6905737704918034,-0.07308743169398912,2.0,
brown_hair,0.6754314444897405,0.7954885174616116,iterative_all_layers,eyeglasses,lr,8,0.6731892920233727,0.0022421524663677195,2.0,
bushy_eyebrows,0.5823376623376624,0.6157575757575758,iterative_all_layers,eyeglasses,lr,8,0.5666666666666667,0.015670995670995724,2.0,
chubby,0.5757918552036199,0.6856146304675717,iterative_all_layers,eyeglasses,lr,8,0.5684389140271493,0.007352941176470562,2.0,
double_chin,0.5903106898367562,0.6682464454976302,iterative_all_layers,eyeglasses,lr,8,0.5791995787256451,0.011111111111111072,2.0,
eyeglasses,0.8984375,0.9598388671875,iterative_all_layers,eyeglasses,lr,8,0.890625,0.0078125,2.0,
goatee,0.6841105878778673,0.7692541394500987,iterative_all_layers,eyeglasses,lr,8,0.6863132310496735,-0.0022026431718061845,2.0,
gray_hair,0.8063203463203463,0.8855411255411255,iterative_all_layers,eyeglasses,lr,8,0.8106493506493506,-0.0043290043290042934,2.0,
heavy_makeup,0.5349557522123893,0.5557522123893806,iterative_all_layers,eyeglasses,lr,8,0.5327433628318584,0.0022123893805309214,2.0,
high_cheekbones,0.48289866108255597,0.3728028428199759,iterative_all_layers,eyeglasses,lr,8,0.47804429215051714,0.004854368932038833,2.0,
male,0.9733727810650887,0.969734067877304,iterative_all_layers,eyeglasses,lr,8,0.9733727810650887,0.0,2.0,
mouth_slightly_open,0.5417487684729063,0.5667487684729065,iterative_all_layers,eyeglasses,lr,8,0.5359605911330049,0.005788177339901446,2.0,
mustache,0.7126991791405118,0.8297923708353453,iterative_all_layers,eyeglasses,lr,8,0.7235634958957026,-0.010864316755190728,2.0,
narrow_eyes,0.5685483870967742,0.5509072580645162,iterative_all_layers,eyeglasses,lr,8,0.5625,0.006048387096774244,2.0,
no_beard,0.560371285275844,0.5451006811887117,iterative_all_layers,eyeglasses,lr,8,0.5822666367243057,-0.021895351448461664,2.0,
oval_face,0.4884466019417476,0.44999999999999996,iterative_all_layers,eyeglasses,lr,8,0.48116504854368936,0.007281553398058249,2.0,
pale_skin,0.5334716459197787,0.6998616874135546,iterative_all_layers,eyeglasses,lr,8,0.5313969571230982,0.0020746887966804906,2.0,
pointy_nose,0.4456556082148499,0.48562401263823063,iterative_all_layers,eyeglasses,lr,8,0.4527646129541864,-0.007109004739336511,2.0,
receding_hairline,0.5194570135746606,0.5746606334841629,iterative_all_layers,eyeglasses,lr,8,0.540530058177117,-0.021073044602456403,2.0,
rosy_cheeks,0.5983739837398374,0.7321138211382114,iterative_all_layers,eyeglasses,lr,8,0.6085365853658536,-0.010162601626016232,2.0,
sideburns,0.6743970315398887,0.7985157699443414,iterative_all_layers,eyeglasses,lr,8,0.6846011131725418,-0.010204081632653073,2.0,
smiling,0.8455463728191002,0.9548821548821549,iterative_all_layers,eyeglasses,lr,8,0.8533823079277625,-0.007835935108662317,2.0,
straight_hair,0.5772036474164133,0.6056737588652482,iterative_all_layers,eyeglasses,lr,8,0.6095238095238096,-0.0323201621073963,2.0,
wavy_hair,0.5475182932204884,0.5780657674336594,iterative_all_layers,eyeglasses,lr,8,0.5412589262099974,0.006259367010491013,2.0,
wearing_earrings,0.6640222984562607,0.7182675814751286,iterative_all_layers,eyeglasses,lr,8,0.6824614065180103,-0.018439108061749643,2.0,
wearing_hat,0.9046066041581737,0.9321918738959097,iterative_all_layers,eyeglasses,lr,8,0.9046066041581737,0.0,2.0,
wearing_lipstick,0.43229166666666663,0.3948567708333333,iterative_all_layers,eyeglasses,lr,8,0.421875,0.01041666666666663,2.0,
wearing_necklace,0.4972505256348051,0.527252142972667,iterative_all_layers,eyeglasses,lr,8,0.5299207504447678,-0.032670224809962733,2.0,
wearing_necktie,0.5610267802048624,0.6322349747007281,iterative_all_layers,eyeglasses,lr,8,0.5631247686042207,-0.0020979883993582638,2.0,
young,0.8200431699044095,0.8922602528522973,iterative_all_layers,eyeglasses,lr,8,0.8066604995374653,0.013382670366944183,2.0,
5_o_clock_shadow,0.5323275862068966,0.5885416666666666,iterative_all_layers,eyeglasses,lr,9,0.5193965517241379,0.012931034482758674,2.0,
arched_eyebrows,0.5301311591634172,0.5838355193193904,iterative_all_layers,eyeglasses,lr,9,0.5626846272007562,-0.03255346803733894,2.0,
attractive,0.50663139329806,0.5588712522045856,iterative_all_layers,eyeglasses,lr,9,0.5037742504409171,0.0028571428571428914,2.0,
bags_under_eyes,0.4867986798679868,0.4592042537587092,iterative_all_layers,eyeglasses,lr,9,0.49972497249724973,-0.012926292629262925,2.0,
bald,0.8014825442372071,0.881013868962219,iterative_all_layers,eyeglasses,lr,9,0.7916786226685797,0.009803921568627416,2.0,
bangs,0.7526755852842809,0.8635451505016722,iterative_all_layers,eyeglasses,lr,9,0.7911371237458193,-0.038461538461538436,2.0,
big_lips,0.4772749679581978,0.4722468697623977,iterative_all_layers,eyeglasses,lr,9,0.49339445923296854,-0.016119491274770748,2.0,
big_nose,0.5565953654188949,0.5958110516934046,iterative_all_layers,eyeglasses,lr,9,0.6038961038961039,-0.04730073847720906,2.0,
black_hair,0.7577186963979416,0.8721054888507719,iterative_all_layers,eyeglasses,lr,9,0.7624356775300172,-0.004716981132075526,2.0,
blond_hair,0.8217831813576495,0.9148936170212766,iterative_all_layers,eyeglasses,lr,9,0.8239108409321175,-0.0021276595744680327,2.0,
blurry,0.7008196721311475,0.7418032786885246,iterative_all_layers,eyeglasses,lr,9,0.6905737704918034,0.010245901639344135,2.0,
brown_hair,0.670947139557005,0.7968473977442587,iterative_all_layers,eyeglasses,lr,9,0.6731892920233727,-0.0022421524663677195,2.0,
bushy_eyebrows,0.578008658008658,0.6088311688311688,iterative_all_layers,eyeglasses,lr,9,0.5666666666666667,0.01134199134199132,2.0,
chubby,0.5757918552036199,0.6819381598793364,iterative_all_layers,eyeglasses,lr,9,0.5684389140271493,0.007352941176470562,2.0,
double_chin,0.5784623486045287,0.6678251711427066,iterative_all_layers,eyeglasses,lr,9,0.5791995787256451,-0.0007372301211163723,2.0,
eyeglasses,0.89453125,0.9627685546875,iterative_all_layers,eyeglasses,lr,9,0.890625,0.00390625,2.0,
goatee,0.6885158742214795,0.7684946073218897,iterative_all_layers,eyeglasses,lr,9,0.6863132310496735,0.0022026431718060735,2.0,
gray_hair,0.8041558441558442,0.8825974025974026,iterative_all_layers,eyeglasses,lr,9,0.8106493506493506,-0.00649350649350644,2.0,
heavy_makeup,0.5371681415929204,0.5523598820058997,iterative_all_layers,eyeglasses,lr,9,0.5327433628318584,0.004424778761061954,2.0,
high_cheekbones,0.48943460879497425,0.37756202804746497,iterative_all_layers,eyeglasses,lr,9,0.47804429215051714,0.01139031664445711,2.0,
male,0.9733727810650887,0.9705502278446576,iterative_all_layers,eyeglasses,lr,9,0.9733727810650887,0.0,2.0,
mouth_slightly_open,0.5539408866995074,0.5608990147783252,iterative_all_layers,eyeglasses,lr,9,0.5359605911330049,0.01798029556650249,2.0,
mustache,0.7172863351038146,0.8308788025108643,iterative_all_layers,eyeglasses,lr,9,0.7235634958957026,-0.0062771607918880035,2.0,
narrow_eyes,0.5544354838709677,0.5700604838709677,iterative_all_layers,eyeglasses,lr,9,0.5625,-0.008064516129032251,2.0,
no_beard,0.5439404147016993,0.5452503929934875,iterative_all_layers,eyeglasses,lr,9,0.5822666367243057,-0.03832622202260638,2.0,
oval_face,0.4884466019417476,0.44310679611650483,iterative_all_layers,eyeglasses,lr,9,0.48116504854368936,0.007281553398058249,2.0,
pale_skin,0.5334716459197787,0.7117565698478562,iterative_all_layers,eyeglasses,lr,9,0.5313969571230982,0.0020746887966804906,2.0,
pointy_nose,0.4416535018430753,0.48499210110584523,iterative_all_layers,eyeglasses,lr,9,0.4527646129541864,-0.011111111111111127,2.0,
receding_hairline,0.5285067873303168,0.5707821590174531,iterative_all_layers,eyeglasses,lr,9,0.540530058177117,-0.012023270846800216,2.0,
rosy_cheeks,0.5983739837398374,0.7300813008130081,iterative_all_layers,eyeglasses,lr,9,0.6085365853658536,-0.010162601626016232,2.0,
sideburns,0.6784786641929499,0.7959183673469389,iterative_all_layers,eyeglasses,lr,9,0.6846011131725418,-0.00612244897959191,2.0,
smiling,0.8496786042240587,0.9558616467707377,iterative_all_layers,eyeglasses,lr,9,0.8533823079277625,-0.0037037037037037646,2.0,
straight_hair,0.6095238095238096,0.5963525835866261,iterative_all_layers,eyeglasses,lr,9,0.6095238095238096,0.0,2.0,
wavy_hair,0.545005730406418,0.5698668782509037,iterative_all_layers,eyeglasses,lr,9,0.5412589262099974,0.0037468041964205945,2.0,
wearing_earrings,0.6734562607204116,0.7034734133790738,iterative_all_layers,eyeglasses,lr,9,0.6824614065180103,-0.009005145797598701,2.0,
wearing_hat,0.9046066041581737,0.9343660823481451,iterative_all_layers,eyeglasses,lr,9,0.9046066041581737,0.0,2.0,
wearing_lipstick,0.421875,0.3828125,iterative_all_layers,eyeglasses,lr,9,0.421875,0.0,2.0,
wearing_necklace,0.5081675562024907,0.5319424227721171,iterative_all_layers,eyeglasses,lr,9,0.5299207504447678,-0.021753194242277174,2.0,
wearing_necktie,0.5813896087868691,0.6450697272615081,iterative_all_layers,eyeglasses,lr,9,0.5631247686042207,0.0182648401826484,2.0,
young,0.824390995991366,0.8934936786925686,iterative_all_layers,eyeglasses,lr,9,0.8066604995374653,0.01773049645390068,2.0,
5_o_clock_shadow,0.521551724137931,0.5811781609195402,iterative_all_layers,eyeglasses,lr,10,0.5193965517241379,0.0021551724137931494,2.0,
arched_eyebrows,0.5242230887392177,0.5890346212926858,iterative_all_layers,eyeglasses,lr,10,0.5626846272007562,-0.038461538461538436,2.0,
attractive,0.4947442680776014,0.5615520282186949,iterative_all_layers,eyeglasses,lr,10,0.5037742504409171,-0.009029982363315647,2.0,
bags_under_eyes,0.4768976897689769,0.4542537587092042,iterative_all_layers,eyeglasses,lr,10,0.49972497249724973,-0.022827282728272835,2.0,
bald,0.7916786226685797,0.8820659971305596,iterative_all_layers,eyeglasses,lr,10,0.7916786226685797,0.0,2.0,
bangs,0.7526755852842809,0.8617056856187291,iterative_all_layers,eyeglasses,lr,10,0.7911371237458193,-0.038461538461538436,2.0,
big_lips,0.4880212954747116,0.4738243123336291,iterative_all_layers,eyeglasses,lr,10,0.49339445923296854,-0.005373163758256916,2.0,
big_nose,0.551693404634581,0.5971479500891267,iterative_all_layers,eyeglasses,lr,10,0.6038961038961039,-0.05220269926152288,2.0,
black_hair,0.789451114922813,0.8726415094339622,iterative_all_layers,eyeglasses,lr,10,0.7624356775300172,0.02701543739279577,2.0,
blond_hair,0.8196555217831814,0.9136778115501518,iterative_all_layers,eyeglasses,lr,10,0.8239108409321175,-0.004255319148936176,2.0,
blurry,0.657103825136612,0.7418032786885246,iterative_all_layers,eyeglasses,lr,10,0.6905737704918034,-0.03346994535519132,2.0,
brown_hair,0.6664628346242696,0.7763283054762876,iterative_all_layers,eyeglasses,lr,10,0.6731892920233727,-0.006726457399103158,2.0,
bushy_eyebrows,0.5845021645021645,0.6145454545454545,iterative_all_layers,eyeglasses,lr,10,0.5666666666666667,0.01783549783549787,2.0,
chubby,0.5782428355957767,0.6815610859728507,iterative_all_layers,eyeglasses,lr,10,0.5684389140271493,0.009803921568627416,2.0,
double_chin,0.5855713533438652,0.6634017904160084,iterative_all_layers,eyeglasses,lr,10,0.5791995787256451,0.0063717746182201385,2.0,
eyeglasses,0.89453125,0.96453857421875,iterative_all_layers,eyeglasses,lr,10,0.890625,0.00390625,2.0,
goatee,0.6863132310496735,0.76682363663983,iterative_all_layers,eyeglasses,lr,10,0.6863132310496735,0.0,2.0,
gray_hair,0.8063203463203463,0.8763636363636363,iterative_all_layers,eyeglasses,lr,10,0.8106493506493506,-0.0043290043290042934,2.0,
heavy_makeup,0.5305309734513275,0.56976401179941,iterative_all_layers,eyeglasses,lr,10,0.5327433628318584,-0.0022123893805309214,2.0,
high_cheekbones,0.491021003870804,0.37826004188082996,iterative_all_layers,eyeglasses,lr,10,0.47804429215051714,0.01297671172028686,2.0,
male,0.9733727810650887,0.9703461878528191,iterative_all_layers,eyeglasses,lr,10,0.9733727810650887,0.0,2.0,
mouth_slightly_open,0.5539408866995074,0.5649630541871922,iterative_all_layers,eyeglasses,lr,10,0.5359605911330049,0.01798029556650249,2.0,
mustache,0.7436021245774989,0.8291887976822792,iterative_all_layers,eyeglasses,lr,10,0.7235634958957026,0.02003862868179629,2.0,
narrow_eyes,0.5584677419354839,0.5675403225806451,iterative_all_layers,eyeglasses,lr,10,0.5625,-0.0040322580645161255,2.0,
no_beard,0.5535219702073508,0.5377648027546973,iterative_all_layers,eyeglasses,lr,10,0.5822666367243057,-0.028744666516954842,2.0,
oval_face,0.490873786407767,0.4371844660194174,iterative_all_layers,eyeglasses,lr,10,0.48116504854368936,0.009708737864077666,2.0,
pale_skin,0.5396957123098202,0.6852005532503458,iterative_all_layers,eyeglasses,lr,10,0.5313969571230982,0.008298755186721962,2.0,
pointy_nose,0.4527646129541864,0.48783570300157975,iterative_all_layers,eyeglasses,lr,10,0.4527646129541864,0.0,2.0,
receding_hairline,0.5171945701357465,0.5753070458952811,iterative_all_layers,eyeglasses,lr,10,0.540530058177117,-0.023335488041370422,2.0,
rosy_cheeks,0.6565040650406504,0.7378048780487806,iterative_all_layers,eyeglasses,lr,10,0.6085365853658536,0.047967479674796754,2.0,
sideburns,0.6805194805194805,0.7925788497217069,iterative_all_layers,eyeglasses,lr,10,0.6846011131725418,-0.004081632653061273,2.0,
smiling,0.8414141414141414,0.9551270278543006,iterative_all_layers,eyeglasses,lr,10,0.8533823079277625,-0.011968166513621092,2.0,
straight_hair,0.5988855116514691,0.596757852077001,iterative_all_layers,eyeglasses,lr,10,0.6095238095238096,-0.010638297872340496,2.0,
wavy_hair,0.5362338005818567,0.5681918363748567,iterative_all_layers,eyeglasses,lr,10,0.5412589262099974,-0.005025125628140725,2.0,
wearing_earrings,0.6914665523156089,0.7124785591766724,iterative_all_layers,eyeglasses,lr,10,0.6824614065180103,0.00900514579759859,2.0,
wearing_hat,0.9046066041581737,0.9354531865742628,iterative_all_layers,eyeglasses,lr,10,0.9046066041581737,0.0,2.0,
wearing_lipstick,0.41927083333333337,0.39200846354166663,iterative_all_layers,eyeglasses,lr,10,0.421875,-0.0026041666666666297,2.0,
wearing_necklace,0.5245026686074721,0.5393821769367622,iterative_all_layers,eyeglasses,lr,10,0.5299207504447678,-0.005418081837295752,2.0,
wearing_necktie,0.6175490559052202,0.6538319141058867,iterative_all_layers,eyeglasses,lr,10,0.5631247686042207,0.054424287300999574,2.0,
young,0.8137526981190256,0.89472710453284,iterative_all_layers,eyeglasses,lr,10,0.8066604995374653,0.007092198581560294,2.0,
5_o_clock_shadow,0.5237068965517242,0.5829741379310345,iterative_all_layers,eyeglasses,lr,11,0.5193965517241379,0.004310344827586299,2.0,
arched_eyebrows,0.5242230887392177,0.5990783410138248,iterative_all_layers,eyeglasses,lr,11,0.5626846272007562,-0.038461538461538436,2.0,
attractive,0.4947442680776014,0.5699470899470899,iterative_all_layers,eyeglasses,lr,11,0.5037742504409171,-0.009029982363315647,2.0,
bags_under_eyes,0.45526219288595526,0.44279427942794286,iterative_all_layers,eyeglasses,lr,11,0.49972497249724973,-0.04446277961129447,2.0,
bald,0.7966044954567193,0.881013868962219,iterative_all_layers,eyeglasses,lr,11,0.7916786226685797,0.004925872788139607,2.0,
bangs,0.7526755852842809,0.8680602006688963,iterative_all_layers,eyeglasses,lr,11,0.7911371237458193,-0.038461538461538436,2.0,
big_lips,0.4880212954747116,0.4728384107266095,iterative_all_layers,eyeglasses,lr,11,0.49339445923296854,-0.005373163758256916,2.0,
big_nose,0.5549401578813343,0.5946651387827858,iterative_all_layers,eyeglasses,lr,11,0.6038961038961039,-0.0489559460147696,2.0,
black_hair,0.7780874785591767,0.8746783876500857,iterative_all_layers,eyeglasses,lr,11,0.7624356775300172,0.01565180102915953,2.0,
blond_hair,0.8196555217831814,0.9138804457953393,iterative_all_layers,eyeglasses,lr,11,0.8239108409321175,-0.004255319148936176,2.0,
blurry,0.6905737704918034,0.6991120218579234,iterative_all_layers,eyeglasses,lr,11,0.6905737704918034,0.0,2.0,
brown_hair,0.6597363772251665,0.7687185758934637,iterative_all_layers,eyeglasses,lr,11,0.6731892920233727,-0.013452914798206206,2.0,
bushy_eyebrows,0.5758441558441558,0.6116017316017316,iterative_all_layers,eyeglasses,lr,11,0.5666666666666667,0.009177489177489173,2.0,
chubby,0.5757918552036199,0.6831636500754148,iterative_all_layers,eyeglasses,lr,11,0.5684389140271493,0.007352941176470562,2.0,
double_chin,0.5713533438651922,0.6733017377567141,iterative_all_layers,eyeglasses,lr,11,0.5791995787256451,-0.007846234860452883,2.0,
eyeglasses,0.9140625,0.9693603515625,iterative_all_layers,eyeglasses,lr,11,0.890625,0.0234375,2.0,
goatee,0.6907185173932857,0.7718365486860094,iterative_all_layers,eyeglasses,lr,11,0.6863132310496735,0.004405286343612258,2.0,
gray_hair,0.7911688311688312,0.870995670995671,iterative_all_layers,eyeglasses,lr,11,0.8106493506493506,-0.01948051948051943,2.0,
heavy_makeup,0.49498525073746313,0.5743362831858407,iterative_all_layers,eyeglasses,lr,11,0.5327433628318584,-0.03775811209439528,2.0,
high_cheekbones,0.4861666349387651,0.3817501110476553,iterative_all_layers,eyeglasses,lr,11,0.47804429215051714,0.008122342788247972,2.0,
male,0.9733727810650887,0.9715704278038496,iterative_all_layers,eyeglasses,lr,11,0.9733727810650887,0.0,2.0,
mouth_slightly_open,0.5503694581280788,0.5666256157635469,iterative_all_layers,eyeglasses,lr,11,0.5359605911330049,0.014408866995073932,2.0,
mustache,0.7567600193143409,0.837035248672139,iterative_all_layers,eyeglasses,lr,11,0.7235634958957026,0.033196523418638324,2.0,
narrow_eyes,0.5564516129032258,0.5718245967741935,iterative_all_layers,eyeglasses,lr,11,0.5625,-0.006048387096774244,2.0,
no_beard,0.565835766150161,0.5406093270454375,iterative_all_layers,eyeglasses,lr,11,0.5822666367243057,-0.016430870574144718,2.0,
oval_face,0.49572815533980585,0.43980582524271844,iterative_all_layers,eyeglasses,lr,11,0.48116504854368936,0.014563106796116498,2.0,
pale_skin,0.5459197786998617,0.722268326417704,iterative_all_layers,eyeglasses,lr,11,0.5313969571230982,0.014522821576763545,2.0,
pointy_nose,0.4527646129541864,0.4825697735650342,iterative_all_layers,eyeglasses,lr,11,0.4527646129541864,0.0,2.0,
receding_hairline,0.5142210730446024,0.5689722042663219,iterative_all_layers,eyeglasses,lr,11,0.540530058177117,-0.026308985132514562,2.0,
rosy_cheeks,0.6565040650406504,0.734959349593496,iterative_all_layers,eyeglasses,lr,11,0.6085365853658536,0.047967479674796754,2.0,
sideburns,0.662152133580705,0.7910946196660483,iterative_all_layers,eyeglasses,lr,11,0.6846011131725418,-0.022448979591836782,2.0,
smiling,0.8414141414141414,0.9532904805632079,iterative_all_layers,eyeglasses,lr,11,0.8533823079277625,-0.011968166513621092,2.0,
straight_hair,0.5729483282674772,0.5961499493414386,iterative_all_layers,eyeglasses,lr,11,0.6095238095238096,-0.036575481256332365,2.0,
wavy_hair,0.5349995591995063,0.5645772723265451,iterative_all_layers,eyeglasses,lr,11,0.5412589262099974,-0.006259367010491124,2.0,
wearing_earrings,0.7099056603773585,0.7373499142367066,iterative_all_layers,eyeglasses,lr,11,0.6824614065180103,0.027444253859348122,2.0,
wearing_hat,0.8894550890066585,0.9387144992526159,iterative_all_layers,eyeglasses,lr,11,0.9046066041581737,-0.015151515151515249,2.0,
wearing_lipstick,0.41927083333333337,0.39152018229166663,iterative_all_layers,eyeglasses,lr,11,0.421875,-0.0026041666666666297,2.0,
wearing_necklace,0.5299207504447678,0.5565259582726831,iterative_all_layers,eyeglasses,lr,11,0.5299207504447678,0.0,2.0,
wearing_necktie,0.5949031223003826,0.6639516228557324,iterative_all_layers,eyeglasses,lr,11,0.5631247686042207,0.03177835369616189,2.0,
young,0.8181005242059821,0.8983657107616404,iterative_all_layers,eyeglasses,lr,11,0.8066604995374653,0.01144002466851679,2.0,
5_o_clock_shadow,0.5510057471264367,0.5926724137931034,iterative_all_layers,eyeglasses,lr,12,0.5193965517241379,0.031609195402298784,2.0,
arched_eyebrows,0.5265272362046556,0.5987238567883728,iterative_all_layers,eyeglasses,lr,12,0.5626846272007562,-0.0361573909961006,2.0,
attractive,0.4947442680776014,0.5645855379188712,iterative_all_layers,eyeglasses,lr,12,0.5037742504409171,-0.009029982363315647,2.0,
bags_under_eyes,0.450953428676201,0.4235423542354235,iterative_all_layers,eyeglasses,lr,12,0.49972497249724973,-0.04877154382104876,2.0,
bald,0.7794356767097083,0.8826398852223817,iterative_all_layers,eyeglasses,lr,12,0.7916786226685797,-0.012242945958871432,2.0,
bangs,0.7784280936454849,0.872742474916388,iterative_all_layers,eyeglasses,lr,12,0.7911371237458193,-0.012709030100334417,2.0,
big_lips,0.4928522133491078,0.4679089026915115,iterative_all_layers,eyeglasses,lr,12,0.49339445923296854,-0.0005422458838607591,2.0,
big_nose,0.5500381970970206,0.592436974789916,iterative_all_layers,eyeglasses,lr,12,0.6038961038961039,-0.05385790679908331,2.0,
black_hair,0.7667238421955402,0.8758576329331046,iterative_all_layers,eyeglasses,lr,12,0.7624356775300172,0.004288164665523064,2.0,
blond_hair,0.8154002026342452,0.9106382978723404,iterative_all_layers,eyeglasses,lr,12,0.8239108409321175,-0.008510638297872353,2.0,
blurry,0.6926229508196722,0.7148224043715846,iterative_all_layers,eyeglasses,lr,12,0.6905737704918034,0.002049180327868827,2.0,
brown_hair,0.6597363772251665,0.7721157766000815,iterative_all_layers,eyeglasses,lr,12,0.6731892920233727,-0.013452914798206206,2.0,
bushy_eyebrows,0.6066666666666667,0.6079653679653679,iterative_all_layers,eyeglasses,lr,12,0.5666666666666667,0.040000000000000036,2.0,
chubby,0.5708898944193062,0.6877828054298643,iterative_all_layers,eyeglasses,lr,12,0.5684389140271493,0.002450980392156854,2.0,
double_chin,0.560242232754081,0.665086887835703,iterative_all_layers,eyeglasses,lr,12,0.5791995787256451,-0.018957345971564066,2.0,
eyeglasses,0.90625,0.966552734375,iterative_all_layers,eyeglasses,lr,12,0.890625,0.015625,2.0,
goatee,0.7035546103600183,0.7773051800091144,iterative_all_layers,eyeglasses,lr,12,0.6863132310496735,0.017241379310344862,2.0,
gray_hair,0.7868398268398269,0.8664935064935064,iterative_all_layers,eyeglasses,lr,12,0.8106493506493506,-0.023809523809523725,2.0,
heavy_makeup,0.5227138643067847,0.5820058997050147,iterative_all_layers,eyeglasses,lr,12,0.5327433628318584,-0.010029498525073732,2.0,
high_cheekbones,0.48289866108255597,0.37946570213846054,iterative_all_layers,eyeglasses,lr,12,0.47804429215051714,0.004854368932038833,2.0,
male,0.9733727810650887,0.9723865877712031,iterative_all_layers,eyeglasses,lr,12,0.9733727810650887,0.0,2.0,
mouth_slightly_open,0.5460591133004926,0.5660714285714286,iterative_all_layers,eyeglasses,lr,12,0.5359605911330049,0.010098522167487745,2.0,
mustache,0.7413085465958474,0.8267745050700145,iterative_all_layers,eyeglasses,lr,12,0.7235634958957026,0.01774505070014487,2.0,
narrow_eyes,0.5625,0.5529233870967741,iterative_all_layers,eyeglasses,lr,12,0.5625,0.0,2.0,
no_beard,0.560371285275844,0.541058462459765,iterative_all_layers,eyeglasses,lr,12,0.5822666367243057,-0.021895351448461664,2.0,
oval_face,0.480873786407767,0.4536893203883495,iterative_all_layers,eyeglasses,lr,12,0.48116504854368936,-0.0002912621359223433,2.0,
pale_skin,0.5459197786998617,0.7374827109266943,iterative_all_layers,eyeglasses,lr,12,0.5313969571230982,0.014522821576763545,2.0,
pointy_nose,0.461506055818852,0.4807793575566088,iterative_all_layers,eyeglasses,lr,12,0.4527646129541864,0.008741442864665605,2.0,
receding_hairline,0.5171945701357465,0.5692307692307692,iterative_all_layers,eyeglasses,lr,12,0.540530058177117,-0.023335488041370422,2.0,
rosy_cheeks,0.6065040650406504,0.7292682926829268,iterative_all_layers,eyeglasses,lr,12,0.6085365853658536,-0.002032520325203291,2.0,
sideburns,0.6641929499072357,0.7907235621521336,iterative_all_layers,eyeglasses,lr,12,0.6846011131725418,-0.020408163265306145,2.0,
smiling,0.8298745026017753,0.9509029690847872,iterative_all_layers,eyeglasses,lr,12,0.8533823079277625,-0.023507805325987174,2.0,
straight_hair,0.5708206686930091,0.5837892603850051,iterative_all_layers,eyeglasses,lr,12,0.6095238095238096,-0.03870314083080051,2.0,
wavy_hair,0.538746363395927,0.5630785506479768,iterative_all_layers,eyeglasses,lr,12,0.5412589262099974,-0.002512562814070418,2.0,
wearing_earrings,0.6961835334476845,0.7535377358490566,iterative_all_layers,eyeglasses,lr,12,0.6824614065180103,0.013722126929674117,2.0,
wearing_hat,0.9046066041581737,0.9425193640440277,iterative_all_layers,eyeglasses,lr,12,0.9046066041581737,0.0,2.0,
wearing_lipstick,0.44270833333333337,0.39322916666666663,iterative_all_layers,eyeglasses,lr,12,0.421875,0.02083333333333337,2.0,
wearing_necklace,0.5691411935953421,0.5515122109008571,iterative_all_layers,eyeglasses,lr,12,0.5299207504447678,0.03922044315057427,2.0,
wearing_necktie,0.608416635813896,0.6470443045785511,iterative_all_layers,eyeglasses,lr,12,0.5631247686042207,0.045291867209675374,2.0,
young,0.8137526981190256,0.8982423681776133,iterative_all_layers,eyeglasses,lr,12,0.8066604995374653,0.007092198581560294,2.0,
5_o_clock_shadow,0.5193965517241379,0.5815373563218391,iterative_all_layers,eyeglasses,lr,13,0.5193965517241379,0.0,2.0,
arched_eyebrows,0.5288313836700933,0.6009689235495687,iterative_all_layers,eyeglasses,lr,13,0.5626846272007562,-0.03385324353066288,2.0,
attractive,0.4947442680776014,0.5611287477954144,iterative_all_layers,eyeglasses,lr,13,0.5037742504409171,-0.009029982363315647,2.0,
bags_under_eyes,0.45773744041070774,0.42601760176017595,iterative_all_layers,eyeglasses,lr,13,0.49972497249724973,-0.04198753208654199,2.0,
bald,0.7696317551410808,0.8820659971305596,iterative_all_layers,eyeglasses,lr,13,0.7916786226685797,-0.022046867527498848,2.0,
bangs,0.7740802675585284,0.8695652173913043,iterative_all_layers,eyeglasses,lr,13,0.7911371237458193,-0.017056856187290914,2.0,
big_lips,0.47781721384205855,0.46534555851326037,iterative_all_layers,eyeglasses,lr,13,0.49339445923296854,-0.015577245390909988,2.0,
big_nose,0.551693404634581,0.5927552839317545,iterative_all_layers,eyeglasses,lr,13,0.6038961038961039,-0.05220269926152288,2.0,
black_hair,0.755360205831904,0.877680102915952,iterative_all_layers,eyeglasses,lr,13,0.7624356775300172,-0.007075471698113178,2.0,
blond_hair,0.8608915906788247,0.9155015197568389,iterative_all_layers,eyeglasses,lr,13,0.8239108409321175,0.036980749746707176,2.0,
blurry,0.6905737704918034,0.7090163934426229,iterative_all_layers,eyeglasses,lr,13,0.6905737704918034,0.0,2.0,
brown_hair,0.6574942247587987,0.7818997146351405,iterative_all_layers,eyeglasses,lr,13,0.6731892920233727,-0.015695067264574036,2.0,
bushy_eyebrows,0.6045021645021645,0.6083116883116884,iterative_all_layers,eyeglasses,lr,13,0.5666666666666667,0.03783549783549789,2.0,
chubby,0.573340874811463,0.6860859728506787,iterative_all_layers,eyeglasses,lr,13,0.5684389140271493,0.004901960784313708,2.0,
double_chin,0.5642443391258557,0.6638230647709321,iterative_all_layers,eyeglasses,lr,13,0.5791995787256451,-0.014955239599789394,2.0,
eyeglasses,0.9140625,0.96734619140625,iterative_all_layers,eyeglasses,lr,13,0.890625,0.0234375,2.0,
goatee,0.701351967188212,0.7762418350296217,iterative_all_layers,eyeglasses,lr,13,0.6863132310496735,0.015038736138538567,2.0,
gray_hair,0.7911688311688312,0.8711688311688313,iterative_all_layers,eyeglasses,lr,13,0.8106493506493506,-0.01948051948051943,2.0,
heavy_makeup,0.5393805309734514,0.5827433628318583,iterative_all_layers,eyeglasses,lr,13,0.5327433628318584,0.006637168141592986,2.0,
high_cheekbones,0.47963068722634683,0.38010026016879245,iterative_all_layers,eyeglasses,lr,13,0.47804429215051714,0.001586395075829694,2.0,
male,0.9733727810650887,0.9719785077875264,iterative_all_layers,eyeglasses,lr,13,0.9733727810650887,0.0,2.0,
mouth_slightly_open,0.5381773399014778,0.5606527093596059,iterative_all_layers,eyeglasses,lr,13,0.5359605911330049,0.002216748768472887,2.0,
mustache,0.7281506518590053,0.825446644133269,iterative_all_layers,eyeglasses,lr,13,0.7235634958957026,0.004587155963302725,2.0,
narrow_eyes,0.5584677419354839,0.5539314516129032,iterative_all_layers,eyeglasses,lr,13,0.5625,-0.0040322580645161255,2.0,
no_beard,0.5576390448386855,0.540235047533498,iterative_all_layers,eyeglasses,lr,13,0.5822666367243057,-0.024627591885620137,2.0,
oval_face,0.490873786407767,0.4507766990291262,iterative_all_layers,eyeglasses,lr,13,0.48116504854368936,0.009708737864077666,2.0,
pale_skin,0.5459197786998617,0.729460580912863,iterative_all_layers,eyeglasses,lr,13,0.5313969571230982,0.014522821576763545,2.0,
pointy_nose,0.46624539231174306,0.4812006319115324,iterative_all_layers,eyeglasses,lr,13,0.4527646129541864,0.01348077935755665,2.0,
receding_hairline,0.5217194570135746,0.5709114414996768,iterative_all_layers,eyeglasses,lr,13,0.540530058177117,-0.018810601163542384,2.0,
rosy_cheeks,0.6544715447154472,0.7329268292682927,iterative_all_layers,eyeglasses,lr,13,0.6085365853658536,0.045934959349593574,2.0,
sideburns,0.6662337662337663,0.7925788497217068,iterative_all_layers,eyeglasses,lr,13,0.6846011131725418,-0.01836734693877551,2.0,
smiling,0.8451178451178452,0.9518212427303336,iterative_all_layers,eyeglasses,lr,13,0.8533823079277625,-0.008264462809917328,2.0,
straight_hair,0.568693009118541,0.5799392097264437,iterative_all_layers,eyeglasses,lr,13,0.6095238095238096,-0.04083080040526854,2.0,
wavy_hair,0.5362338005818567,0.5624614299568016,iterative_all_layers,eyeglasses,lr,13,0.5412589262099974,-0.005025125628140725,2.0,
wearing_earrings,0.7146226415094339,0.7569682675814752,iterative_all_layers,eyeglasses,lr,13,0.6824614065180103,0.03216123499142354,2.0,
wearing_hat,0.8894550890066585,0.942383476015763,iterative_all_layers,eyeglasses,lr,13,0.9046066041581737,-0.015151515151515249,2.0,
wearing_lipstick,0.4270833333333333,0.38972981770833337,iterative_all_layers,eyeglasses,lr,13,0.421875,0.005208333333333315,2.0,
wearing_necklace,0.532104156558305,0.5552320879831797,iterative_all_layers,eyeglasses,lr,13,0.5299207504447678,0.0021834061135371785,2.0,
wearing_necktie,0.5903369122547205,0.6428483277798347,iterative_all_layers,eyeglasses,lr,13,0.5631247686042207,0.027212143650499843,2.0,
young,0.8181005242059821,0.8996608078939254,iterative_all_layers,eyeglasses,lr,13,0.8066604995374653,0.01144002466851679,2.0,
5_o_clock_shadow,0.5258620689655172,0.5880028735632183,iterative_all_layers,eyeglasses,lr,14,0.5193965517241379,0.006465517241379337,2.0,
arched_eyebrows,0.5416518964906062,0.6036866359447004,iterative_all_layers,eyeglasses,lr,14,0.5626846272007562,-0.021032730710149994,2.0,
attractive,0.4947442680776014,0.5627513227513227,iterative_all_layers,eyeglasses,lr,14,0.5037742504409171,-0.009029982363315647,2.0,
bags_under_eyes,0.4602126879354602,0.4316098276494316,iterative_all_layers,eyeglasses,lr,14,0.49972497249724973,-0.03951228456178951,2.0,
bald,0.7696317551410808,0.882831181252989,iterative_all_layers,eyeglasses,lr,14,0.7916786226685797,-0.022046867527498848,2.0,
bangs,0.7762541806020067,0.870903010033445,iterative_all_layers,eyeglasses,lr,14,0.7911371237458193,-0.014882943143812666,2.0,
big_lips,0.4880212954747116,0.4660356896381741,iterative_all_layers,eyeglasses,lr,14,0.49339445923296854,-0.005373163758256916,2.0,
big_nose,0.5565953654188949,0.5955564043799337,iterative_all_layers,eyeglasses,lr,14,0.6038961038961039,-0.04730073847720906,2.0,
black_hair,0.7577186963979416,0.8810034305317324,iterative_all_layers,eyeglasses,lr,14,0.7624356775300172,-0.004716981132075526,2.0,
blond_hair,0.8630192502532927,0.9191489361702128,iterative_all_layers,eyeglasses,lr,14,0.8239108409321175,0.03910840932117521,2.0,
blurry,0.6926229508196722,0.7096994535519126,iterative_all_layers,eyeglasses,lr,14,0.6905737704918034,0.002049180327868827,2.0,
brown_hair,0.6619785296915341,0.7876070118222585,iterative_all_layers,eyeglasses,lr,14,0.6731892920233727,-0.011210762331838597,2.0,
bushy_eyebrows,0.6045021645021645,0.6088311688311688,iterative_all_layers,eyeglasses,lr,14,0.5666666666666667,0.03783549783549789,2.0,
chubby,0.573340874811463,0.6881598793363499,iterative_all_layers,eyeglasses,lr,14,0.5684389140271493,0.004901960784313708,2.0,
double_chin,0.5706161137440758,0.6656134807793576,iterative_all_layers,eyeglasses,lr,14,0.5791995787256451,-0.008583464981569255,2.0,
eyeglasses,0.91015625,0.96673583984375,iterative_all_layers,eyeglasses,lr,14,0.890625,0.01953125,2.0,
goatee,0.6819079447060611,0.7741151450706365,iterative_all_layers,eyeglasses,lr,14,0.6863132310496735,-0.004405286343612369,2.0,
gray_hair,0.7976623376623377,0.8706493506493507,iterative_all_layers,eyeglasses,lr,14,0.8106493506493506,-0.01298701298701288,2.0,
heavy_makeup,0.5349557522123893,0.5827433628318585,iterative_all_layers,eyeglasses,lr,14,0.5327433628318584,0.0022123893805309214,2.0,
high_cheekbones,0.47963068722634683,0.37933879053239417,iterative_all_layers,eyeglasses,lr,14,0.47804429215051714,0.001586395075829694,2.0,
male,0.9733727810650887,0.9718424811263007,iterative_all_layers,eyeglasses,lr,14,0.9733727810650887,0.0,2.0,
mouth_slightly_open,0.5381773399014778,0.5631773399014779,iterative_all_layers,eyeglasses,lr,14,0.5359605911330049,0.002216748768472887,2.0,
mustache,0.7413085465958474,0.8260502172863351,iterative_all_layers,eyeglasses,lr,14,0.7235634958957026,0.01774505070014487,2.0,
narrow_eyes,0.5725806451612903,0.5584677419354839,iterative_all_layers,eyeglasses,lr,14,0.5625,0.010080645161290258,2.0,
no_beard,0.5699528407814957,0.5393367767048431,iterative_all_layers,eyeglasses,lr,14,0.5822666367243057,-0.012313795942810013,2.0,
oval_face,0.480873786407767,0.4477669902912621,iterative_all_layers,eyeglasses,lr,14,0.48116504854368936,-0.0002912621359223433,2.0,
pale_skin,0.5459197786998617,0.7269709543568464,iterative_all_layers,eyeglasses,lr,14,0.5313969571230982,0.014522821576763545,2.0,
pointy_nose,0.45513428120063193,0.48130595050026326,iterative_all_layers,eyeglasses,lr,14,0.4527646129541864,0.002369668246445522,2.0,
receding_hairline,0.5262443438914027,0.567808661926309,iterative_all_layers,eyeglasses,lr,14,0.540530058177117,-0.014285714285714235,2.0,
rosy_cheeks,0.7024390243902439,0.7390243902439025,iterative_all_layers,eyeglasses,lr,14,0.6085365853658536,0.09390243902439022,2.0,
sideburns,0.6641929499072357,0.7922077922077922,iterative_all_layers,eyeglasses,lr,14,0.6846011131725418,-0.020408163265306145,2.0,
smiling,0.8294459749005203,0.9512702785430058,iterative_all_layers,eyeglasses,lr,14,0.8533823079277625,-0.023936333027242185,2.0,
straight_hair,0.5644376899696049,0.5734549138804458,iterative_all_layers,eyeglasses,lr,14,0.6095238095238096,-0.04508611955420472,2.0,
wavy_hair,0.538746363395927,0.5584060654147932,iterative_all_layers,eyeglasses,lr,14,0.5412589262099974,-0.002512562814070418,2.0,
wearing_earrings,0.7189108061749572,0.7600771869639794,iterative_all_layers,eyeglasses,lr,14,0.6824614065180103,0.036449399656946824,2.0,
wearing_hat,0.8894550890066585,0.9407528196765865,iterative_all_layers,eyeglasses,lr,14,0.9046066041581737,-0.015151515151515249,2.0,
wearing_lipstick,0.4453125,0.3916015625,iterative_all_layers,eyeglasses,lr,14,0.421875,0.0234375,2.0,
wearing_necklace,0.5549894873038979,0.5536147501213003,iterative_all_layers,eyeglasses,lr,14,0.5299207504447678,0.025068736859130025,2.0,
wearing_necktie,0.5947180056769098,0.6433419721090954,iterative_all_layers,eyeglasses,lr,14,0.5631247686042207,0.03159323707268913,2.0,
young,0.8145544249152019,0.900154178230034,iterative_all_layers,eyeglasses,lr,14,0.8066604995374653,0.007893925377736588,2.0,
5_o_clock_shadow,0.5237068965517242,0.5756106321839081,iterative_all_layers,eyeglasses,lr,15,0.5193965517241379,0.004310344827586299,2.0,
arched_eyebrows,0.5324353066288551,0.5962424672102091,iterative_all_layers,eyeglasses,lr,15,0.5626846272007562,-0.030249320571901106,2.0,
attractive,0.49142857142857144,0.5536507936507936,iterative_all_layers,eyeglasses,lr,15,0.5037742504409171,-0.012345679012345623,2.0,
bags_under_eyes,0.4503116978364503,0.43133480014668135,iterative_all_layers,eyeglasses,lr,15,0.49972497249724973,-0.04941327466079942,2.0,
bald,0.7892395982783358,0.8809182209469153,iterative_all_layers,eyeglasses,lr,15,0.7916786226685797,-0.0024390243902439046,2.0,
bangs,0.7632107023411371,0.8732441471571908,iterative_all_layers,eyeglasses,lr,15,0.7911371237458193,-0.027926421404682267,2.0,
big_lips,0.4783594597259193,0.4605146406388642,iterative_all_layers,eyeglasses,lr,15,0.49339445923296854,-0.01503499950704923,2.0,
big_nose,0.555003819709702,0.601667939903234,iterative_all_layers,eyeglasses,lr,15,0.6038961038961039,-0.0488922841864019,2.0,
black_hair,0.7690823327615781,0.877894511149228,iterative_all_layers,eyeglasses,lr,15,0.7624356775300172,0.006646655231560938,2.0,
blond_hair,0.841337386018237,0.9177304964539006,iterative_all_layers,eyeglasses,lr,15,0.8239108409321175,0.017426545086119516,2.0,
blurry,0.6407103825136612,0.6960382513661202,iterative_all_layers,eyeglasses,lr,15,0.6905737704918034,-0.04986338797814216,2.0,
brown_hair,0.640100557140916,0.799972822394347,iterative_all_layers,eyeglasses,lr,15,0.6731892920233727,-0.03308873488245678,2.0,
bushy_eyebrows,0.6088311688311688,0.6091774891774892,iterative_all_layers,eyeglasses,lr,15,0.5666666666666667,0.04216450216450218,2.0,
chubby,0.5708898944193062,0.6932503770739065,iterative_all_layers,eyeglasses,lr,15,0.5684389140271493,0.002450980392156854,2.0,
double_chin,0.5817272248551869,0.6617166929963139,iterative_all_layers,eyeglasses,lr,15,0.5791995787256451,0.0025276461295418162,2.0,
eyeglasses,0.9140625,0.9666748046875,iterative_all_layers,eyeglasses,lr,15,0.890625,0.0234375,2.0,
goatee,0.699149324016406,0.7727479872398603,iterative_all_layers,eyeglasses,lr,15,0.6863132310496735,0.012836092966732493,2.0,
gray_hair,0.7954978354978355,0.8704761904761906,iterative_all_layers,eyeglasses,lr,15,0.8106493506493506,-0.015151515151515138,2.0,
heavy_makeup,0.5227138643067847,0.5694690265486726,iterative_all_layers,eyeglasses,lr,15,0.5327433628318584,-0.010029498525073732,2.0,
high_cheekbones,0.4763627133701377,0.37375467986547367,iterative_all_layers,eyeglasses,lr,15,0.47804429215051714,-0.0016815787803794446,2.0,
male,0.9733727810650887,0.9722505611099775,iterative_all_layers,eyeglasses,lr,15,0.9733727810650887,0.0,2.0,
mouth_slightly_open,0.5482758620689655,0.5599137931034482,iterative_all_layers,eyeglasses,lr,15,0.5359605911330049,0.012315270935960632,2.0,
mustache,0.725857073877354,0.8274987928536939,iterative_all_layers,eyeglasses,lr,15,0.7235634958957026,0.002293577981651418,2.0,
narrow_eyes,0.5564516129032258,0.5685483870967742,iterative_all_layers,eyeglasses,lr,15,0.5625,-0.006048387096774244,2.0,
no_beard,0.5617561194700202,0.5376150909499214,iterative_all_layers,eyeglasses,lr,15,0.5822666367243057,-0.020510517254285432,2.0,
oval_face,0.4733009708737864,0.4529126213592233,iterative_all_layers,eyeglasses,lr,15,0.48116504854368936,-0.007864077669902936,2.0,
pale_skin,0.5479944674965422,0.755463347164592,iterative_all_layers,eyeglasses,lr,15,0.5313969571230982,0.016597510373444035,2.0,
pointy_nose,0.4598736176935229,0.487519747235387,iterative_all_layers,eyeglasses,lr,15,0.4527646129541864,0.007109004739336511,2.0,
receding_hairline,0.5210084033613445,0.5669036845507434,iterative_all_layers,eyeglasses,lr,15,0.540530058177117,-0.019521654815772504,2.0,
rosy_cheeks,0.602439024390244,0.7219512195121951,iterative_all_layers,eyeglasses,lr,15,0.6085365853658536,-0.0060975609756096505,2.0,
sideburns,0.6560296846011132,0.7858998144712431,iterative_all_layers,eyeglasses,lr,15,0.6846011131725418,-0.02857142857142858,2.0,
smiling,0.8409856137128864,0.9524946434037342,iterative_all_layers,eyeglasses,lr,15,0.8533823079277625,-0.012396694214876103,2.0,
straight_hair,0.5925025329280649,0.5752786220871328,iterative_all_layers,eyeglasses,lr,15,0.6095238095238096,-0.017021276595744705,2.0,
wavy_hair,0.5462840518381381,0.5512650974169091,iterative_all_layers,eyeglasses,lr,15,0.5412589262099974,0.005025125628140725,2.0,
wearing_earrings,0.7326329331046312,0.7701543739279588,iterative_all_layers,eyeglasses,lr,15,0.6824614065180103,0.05017152658662083,2.0,
wearing_hat,0.8894550890066585,0.9499932055985867,iterative_all_layers,eyeglasses,lr,15,0.9046066041581737,-0.015151515151515249,2.0,
wearing_lipstick,0.4114583333333333,0.39794921875,iterative_all_layers,eyeglasses,lr,15,0.421875,-0.010416666666666685,2.0,
wearing_necklace,0.5299207504447678,0.5521591460456089,iterative_all_layers,eyeglasses,lr,15,0.5299207504447678,0.0,2.0,
wearing_necktie,0.6173639392817475,0.6516105146242133,iterative_all_layers,eyeglasses,lr,15,0.5631247686042207,0.054239170677526816,2.0,
young,0.8216466234967622,0.9006475485661425,iterative_all_layers,eyeglasses,lr,15,0.8066604995374653,0.014986123959296882,2.0,
5_o_clock_shadow,0.5466954022988506,0.5876436781609196,iterative_all_layers,eyeglasses,lr,16,0.5193965517241379,0.027298850574712707,2.0,
arched_eyebrows,0.5475599669148057,0.6059317027058962,iterative_all_layers,eyeglasses,lr,16,0.5626846272007562,-0.015124660285950497,2.0,
attractive,0.49142857142857144,0.5652910052910052,iterative_all_layers,eyeglasses,lr,16,0.5037742504409171,-0.012345679012345623,2.0,
bags_under_eyes,0.4688302163549688,0.4207920792079207,iterative_all_layers,eyeglasses,lr,16,0.49972497249724973,-0.030894756142280932,2.0,
bald,0.7794356767097083,0.8821616451458633,iterative_all_layers,eyeglasses,lr,16,0.7916786226685797,-0.012242945958871432,2.0,
bangs,0.7802675585284281,0.8710702341137123,iterative_all_layers,eyeglasses,lr,16,0.7911371237458193,-0.010869565217391242,2.0,
big_lips,0.48319037760031547,0.46790890269151136,iterative_all_layers,eyeglasses,lr,16,0.49339445923296854,-0.010204081632653073,2.0,
big_nose,0.5501018589253883,0.5907817672523555,iterative_all_layers,eyeglasses,lr,16,0.6038961038961039,-0.05379424497071561,2.0,
black_hair,0.7828044596912521,0.8802530017152659,iterative_all_layers,eyeglasses,lr,16,0.7624356775300172,0.020368782161234944,2.0,
blond_hair,0.8694022289766971,0.9223910840932117,iterative_all_layers,eyeglasses,lr,16,0.8239108409321175,0.04549138804457953,2.0,
blurry,0.6031420765027322,0.6854508196721312,iterative_all_layers,eyeglasses,lr,16,0.6905737704918034,-0.08743169398907114,2.0,
brown_hair,0.6535534719391222,0.8075825519771708,iterative_all_layers,eyeglasses,lr,16,0.6731892920233727,-0.019635820084250577,2.0,
bushy_eyebrows,0.5888311688311688,0.5996536796536797,iterative_all_layers,eyeglasses,lr,16,0.5666666666666667,0.022164502164502164,2.0,
chubby,0.5780542986425339,0.6914592760180995,iterative_all_layers,eyeglasses,lr,16,0.5684389140271493,0.009615384615384581,2.0,
double_chin,0.5507635597682992,0.6542390731964192,iterative_all_layers,eyeglasses,lr,16,0.5791995787256451,-0.028436018957345932,2.0,
eyeglasses,0.89453125,0.958984375,iterative_all_layers,eyeglasses,lr,16,0.890625,0.00390625,2.0,
goatee,0.7035546103600183,0.7766975543065472,iterative_all_layers,eyeglasses,lr,16,0.6863132310496735,0.017241379310344862,2.0,
gray_hair,0.7933333333333333,0.8678787878787879,iterative_all_layers,eyeglasses,lr,16,0.8106493506493506,-0.017316017316017285,2.0,
heavy_makeup,0.5138643067846608,0.5631268436578172,iterative_all_layers,eyeglasses,lr,16,0.5327433628318584,-0.01887905604719764,2.0,
high_cheekbones,0.474776318294308,0.37654673519893395,iterative_all_layers,eyeglasses,lr,16,0.47804429215051714,-0.0032679738562091387,2.0,
male,0.9733727810650887,0.9708902944977215,iterative_all_layers,eyeglasses,lr,16,0.9733727810650887,0.0,2.0,
mouth_slightly_open,0.5475369458128079,0.5616995073891626,iterative_all_layers,eyeglasses,lr,16,0.5359605911330049,0.011576354679803003,2.0,
mustache,0.7235634958957026,0.835465958474167,iterative_all_layers,eyeglasses,lr,16,0.7235634958957026,0.0,2.0,
narrow_eyes,0.560483870967742,0.5433467741935485,iterative_all_layers,eyeglasses,lr,16,0.5625,-0.002016129032258007,2.0,
no_beard,0.5686054345385134,0.5349951343663448,iterative_all_layers,eyeglasses,lr,16,0.5822666367243057,-0.013661202185792254,2.0,
oval_face,0.48330097087378643,0.4652427184466019,iterative_all_layers,eyeglasses,lr,16,0.48116504854368936,0.002135922330097073,2.0,
pale_skin,0.5500691562932227,0.7549100968188106,iterative_all_layers,eyeglasses,lr,16,0.5313969571230982,0.018672199170124526,2.0,
pointy_nose,0.45113217482885726,0.4867825171142706,iterative_all_layers,eyeglasses,lr,16,0.4527646129541864,-0.0016324381253291498,2.0,
receding_hairline,0.5210084033613445,0.568584356819651,iterative_all_layers,eyeglasses,lr,16,0.540530058177117,-0.019521654815772504,2.0,
rosy_cheeks,0.6105691056910569,0.7276422764227642,iterative_all_layers,eyeglasses,lr,16,0.6085365853658536,0.002032520325203291,2.0,
sideburns,0.6580705009276437,0.7951762523191095,iterative_all_layers,eyeglasses,lr,16,0.6846011131725418,-0.026530612244898055,2.0,
smiling,0.8414141414141414,0.9520661157024795,iterative_all_layers,eyeglasses,lr,16,0.8533823079277625,-0.011968166513621092,2.0,
straight_hair,0.594630192502533,0.5667679837892603,iterative_all_layers,eyeglasses,lr,16,0.6095238095238096,-0.014893617021276562,2.0,
wavy_hair,0.5437714890240677,0.5510887772194304,iterative_all_layers,eyeglasses,lr,16,0.5412589262099974,0.002512562814070307,2.0,
wearing_earrings,0.7326329331046312,0.7762650085763293,iterative_all_layers,eyeglasses,lr,16,0.6824614065180103,0.05017152658662083,2.0,
wearing_hat,0.9023644516918059,0.9497214295420574,iterative_all_layers,eyeglasses,lr,16,0.9046066041581737,-0.0022421524663678305,2.0,
wearing_lipstick,0.4192708333333333,0.40836588541666663,iterative_all_layers,eyeglasses,lr,16,0.421875,-0.002604166666666685,2.0,
wearing_necklace,0.532104156558305,0.5513504771146693,iterative_all_layers,eyeglasses,lr,16,0.5299207504447678,0.0021834061135371785,2.0,
wearing_necktie,0.6194619276811058,0.6242132543502407,iterative_all_layers,eyeglasses,lr,16,0.5631247686042207,0.05633715907688508,2.0,
young,0.824390995991366,0.9012642614862783,iterative_all_layers,eyeglasses,lr,16,0.8066604995374653,0.01773049645390068,2.0,
5_o_clock_shadow,0.5423850574712643,0.5847701149425287,iterative_all_layers,eyeglasses,lr,17,0.5193965517241379,0.02298850574712641,2.0,
arched_eyebrows,0.5498641143802434,0.6256646579227224,iterative_all_layers,eyeglasses,lr,17,0.5626846272007562,-0.012820512820512775,2.0,
attractive,0.4942857142857143,0.5518165784832451,iterative_all_layers,eyeglasses,lr,17,0.5037742504409171,-0.009488536155202787,2.0,
bags_under_eyes,0.4651631829849652,0.4245507884121746,iterative_all_layers,eyeglasses,lr,17,0.49972497249724973,-0.03456178951228456,2.0,
bald,0.7794356767097083,0.8794835007173603,iterative_all_layers,eyeglasses,lr,17,0.7916786226685797,-0.012242945958871432,2.0,
bangs,0.7780936454849499,0.868561872909699,iterative_all_layers,eyeglasses,lr,17,0.7911371237458193,-0.01304347826086949,2.0,
big_lips,0.4880212954747116,0.46988070590555064,iterative_all_layers,eyeglasses,lr,17,0.49339445923296854,-0.005373163758256916,2.0,
big_nose,0.5419531448943213,0.5877896613190732,iterative_all_layers,eyeglasses,lr,17,0.6038961038961039,-0.061942959001782594,2.0,
black_hair,0.7828044596912521,0.8769296740994854,iterative_all_layers,eyeglasses,lr,17,0.7624356775300172,0.020368782161234944,2.0,
blond_hair,0.8519756838905774,0.9225937183383992,iterative_all_layers,eyeglasses,lr,17,0.8239108409321175,0.0280648429584599,2.0,
blurry,0.5594262295081966,0.680669398907104,iterative_all_layers,eyeglasses,lr,17,0.6905737704918034,-0.1311475409836067,2.0,
brown_hair,0.6490691670063867,0.8098926484576708,iterative_all_layers,eyeglasses,lr,17,0.6731892920233727,-0.024120125016986016,2.0,
bushy_eyebrows,0.5953246753246753,0.6001731601731601,iterative_all_layers,eyeglasses,lr,17,0.5666666666666667,0.028658008658008605,2.0,
chubby,0.5829562594268476,0.6828808446455504,iterative_all_layers,eyeglasses,lr,17,0.5684389140271493,0.01451734539969829,2.0,
double_chin,0.530173775671406,0.6426540284360189,iterative_all_layers,eyeglasses,lr,17,0.5791995787256451,-0.04902580305423909,2.0,
eyeglasses,0.8984375,0.962158203125,iterative_all_layers,eyeglasses,lr,17,0.890625,0.0078125,2.0,
goatee,0.6841105878778673,0.7902172261886677,iterative_all_layers,eyeglasses,lr,17,0.6863132310496735,-0.0022026431718061845,2.0,
gray_hair,0.7911688311688312,0.8697835497835498,iterative_all_layers,eyeglasses,lr,17,0.8106493506493506,-0.01948051948051943,2.0,
heavy_makeup,0.48495575221238935,0.5308259587020648,iterative_all_layers,eyeglasses,lr,17,0.5327433628318584,-0.04778761061946907,2.0,
high_cheekbones,0.4763627133701377,0.38390760835078364,iterative_all_layers,eyeglasses,lr,17,0.47804429215051714,-0.0016815787803794446,2.0,
male,0.9733727810650887,0.9727946677548799,iterative_all_layers,eyeglasses,lr,17,0.9733727810650887,0.0,2.0,
mouth_slightly_open,0.5368226600985222,0.564347290640394,iterative_all_layers,eyeglasses,lr,17,0.5359605911330049,0.0008620689655173264,2.0,
mustache,0.7104056011588604,0.8373973925639787,iterative_all_layers,eyeglasses,lr,17,0.7235634958957026,-0.013157894736842146,2.0,
narrow_eyes,0.5584677419354839,0.5534274193548387,iterative_all_layers,eyeglasses,lr,17,0.5625,-0.0040322580645161255,2.0,
no_beard,0.5795343962871473,0.5397859121191706,iterative_all_layers,eyeglasses,lr,17,0.5822666367243057,-0.002732240437158362,2.0,
oval_face,0.48330097087378643,0.4648543689320388,iterative_all_layers,eyeglasses,lr,17,0.48116504854368936,0.002135922330097073,2.0,
pale_skin,0.5479944674965422,0.751313969571231,iterative_all_layers,eyeglasses,lr,17,0.5313969571230982,0.016597510373444035,2.0,
pointy_nose,0.4487625065824118,0.48404423380726697,iterative_all_layers,eyeglasses,lr,17,0.4527646129541864,-0.004002106371774616,2.0,
receding_hairline,0.5307692307692308,0.5741435035552682,iterative_all_layers,eyeglasses,lr,17,0.540530058177117,-0.009760827407886197,2.0,
rosy_cheeks,0.660569105691057,0.744308943089431,iterative_all_layers,eyeglasses,lr,17,0.6085365853658536,0.052032520325203335,2.0,
sideburns,0.6641929499072357,0.802226345083488,iterative_all_layers,eyeglasses,lr,17,0.6846011131725418,-0.020408163265306145,2.0,
smiling,0.8418426691153964,0.9438628711355984,iterative_all_layers,eyeglasses,lr,17,0.8533823079277625,-0.011539638812366082,2.0,
straight_hair,0.5882472137791287,0.5714285714285714,iterative_all_layers,eyeglasses,lr,17,0.6095238095238096,-0.021276595744680882,2.0,
wavy_hair,0.5437714890240677,0.5555849422551353,iterative_all_layers,eyeglasses,lr,17,0.5412589262099974,0.002512562814070307,2.0,
wearing_earrings,0.7279159519725558,0.7756217838765008,iterative_all_layers,eyeglasses,lr,17,0.6824614065180103,0.045454545454545414,2.0,
wearing_hat,0.8827286316075553,0.9525750781356163,iterative_all_layers,eyeglasses,lr,17,0.9046066041581737,-0.021877972550618408,2.0,
wearing_lipstick,0.41666666666666663,0.39827473958333337,iterative_all_layers,eyeglasses,lr,17,0.421875,-0.00520833333333337,2.0,
wearing_necklace,0.532104156558305,0.551835678473233,iterative_all_layers,eyeglasses,lr,17,0.5299207504447678,0.0021834061135371785,2.0,
wearing_necktie,0.5947180056769098,0.6322349747007282,iterative_all_layers,eyeglasses,lr,17,0.5631247686042207,0.03159323707268913,2.0,
young,0.8031144002466852,0.899290780141844,iterative_all_layers,eyeglasses,lr,17,0.8066604995374653,-0.0035460992907800915,2.0,
5_o_clock_shadow,0.5423850574712643,0.5964439655172413,iterative_all_layers,eyeglasses,lr,18,0.5193965517241379,0.02298850574712641,2.0,
arched_eyebrows,0.554472409311119,0.6364173460947654,iterative_all_layers,eyeglasses,lr,18,0.5626846272007562,-0.008212217889637219,2.0,
attractive,0.4942857142857143,0.5538624338624338,iterative_all_layers,eyeglasses,lr,18,0.5037742504409171,-0.009488536155202787,2.0,
bags_under_eyes,0.45342867620095345,0.4368353502016868,iterative_all_layers,eyeglasses,lr,18,0.49972497249724973,-0.04629629629629628,2.0,
bald,0.7794356767097083,0.8750836920133908,iterative_all_layers,eyeglasses,lr,18,0.7916786226685797,-0.012242945958871432,2.0,
bangs,0.7802675585284281,0.8665551839464882,iterative_all_layers,eyeglasses,lr,18,0.7911371237458193,-0.010869565217391242,2.0,
big_lips,0.5011830819284235,0.4779650990831115,iterative_all_layers,eyeglasses,lr,18,0.49339445923296854,0.007788622695454994,2.0,
big_nose,0.5435446906035142,0.5857524828113063,iterative_all_layers,eyeglasses,lr,18,0.6038961038961039,-0.06035141329258975,2.0,
black_hair,0.8078902229845626,0.8746783876500858,iterative_all_layers,eyeglasses,lr,18,0.7624356775300172,0.045454545454545414,2.0,
blond_hair,0.8519756838905774,0.9157041540020263,iterative_all_layers,eyeglasses,lr,18,0.8239108409321175,0.0280648429584599,2.0,
blurry,0.5990437158469946,0.7079918032786885,iterative_all_layers,eyeglasses,lr,18,0.6905737704918034,-0.09153005464480879,2.0,
brown_hair,0.6361598043212393,0.7943334692213616,iterative_all_layers,eyeglasses,lr,18,0.6731892920233727,-0.037029487702133435,2.0,
bushy_eyebrows,0.5753246753246753,0.58995670995671,iterative_all_layers,eyeglasses,lr,18,0.5666666666666667,0.008658008658008698,2.0,
chubby,0.573340874811463,0.6874057315233785,iterative_all_layers,eyeglasses,lr,18,0.5684389140271493,0.004901960784313708,2.0,
double_chin,0.5452869931542917,0.64623486045287,iterative_all_layers,eyeglasses,lr,18,0.5791995787256451,-0.03391258557135335,2.0,
eyeglasses,0.91015625,0.95855712890625,iterative_all_layers,eyeglasses,lr,18,0.890625,0.01953125,2.0,
goatee,0.6841105878778673,0.8005468631323105,iterative_all_layers,eyeglasses,lr,18,0.6863132310496735,-0.0022026431718061845,2.0,
gray_hair,0.7998268398268398,0.8666666666666667,iterative_all_layers,eyeglasses,lr,18,0.8106493506493506,-0.010822510822510845,2.0,
heavy_makeup,0.4927728613569321,0.5361356932153393,iterative_all_layers,eyeglasses,lr,18,0.5327433628318584,-0.03997050147492631,2.0,
high_cheekbones,0.4861666349387651,0.3780062186686972,iterative_all_layers,eyeglasses,lr,18,0.47804429215051714,0.008122342788247972,2.0,
male,0.9733727810650887,0.973134734407944,iterative_all_layers,eyeglasses,lr,18,0.9733727810650887,0.0,2.0,
mouth_slightly_open,0.5360837438423646,0.5648399014778325,iterative_all_layers,eyeglasses,lr,18,0.5359605911330049,0.00012315270935969735,2.0,
mustache,0.7235634958957026,0.8419845485272816,iterative_all_layers,eyeglasses,lr,18,0.7235634958957026,0.0,2.0,
narrow_eyes,0.5504032258064516,0.5337701612903226,iterative_all_layers,eyeglasses,lr,18,0.5625,-0.012096774193548376,2.0,
no_beard,0.5795343962871473,0.5403099034358858,iterative_all_layers,eyeglasses,lr,18,0.5822666367243057,-0.002732240437158362,2.0,
oval_face,0.49572815533980585,0.4854368932038835,iterative_all_layers,eyeglasses,lr,18,0.48116504854368936,0.014563106796116498,2.0,
pale_skin,0.5417704011065007,0.73582295988935,iterative_all_layers,eyeglasses,lr,18,0.5313969571230982,0.010373443983402453,2.0,
pointy_nose,0.44639283833596627,0.492364402317009,iterative_all_layers,eyeglasses,lr,18,0.4527646129541864,-0.0063717746182201385,2.0,
receding_hairline,0.5285067873303168,0.5694893341952166,iterative_all_layers,eyeglasses,lr,18,0.540530058177117,-0.012023270846800216,2.0,
rosy_cheeks,0.6983739837398374,0.7504065040650407,iterative_all_layers,eyeglasses,lr,18,0.6085365853658536,0.08983739837398375,2.0,
sideburns,0.6662337662337663,0.8063079777365492,iterative_all_layers,eyeglasses,lr,18,0.6846011131725418,-0.01836734693877551,2.0,
smiling,0.8290174471992654,0.9419038873584329,iterative_all_layers,eyeglasses,lr,18,0.8533823079277625,-0.024364860728497084,2.0,
straight_hair,0.5580547112462007,0.5740628166160081,iterative_all_layers,eyeglasses,lr,18,0.6095238095238096,-0.05146909827760893,2.0,
wavy_hair,0.5462840518381381,0.5617561491668871,iterative_all_layers,eyeglasses,lr,18,0.5412589262099974,0.005025125628140725,2.0,
wearing_earrings,0.6985420240137221,0.7749785591766725,iterative_all_layers,eyeglasses,lr,18,0.6824614065180103,0.01608061749571177,2.0,
wearing_hat,0.8978801467590706,0.9504008696833809,iterative_all_layers,eyeglasses,lr,18,0.9046066041581737,-0.006726457399103158,2.0,
wearing_lipstick,0.40885416666666663,0.3956705729166667,iterative_all_layers,eyeglasses,lr,18,0.421875,-0.01302083333333337,2.0,
wearing_necklace,0.5735080058224162,0.5735080058224162,iterative_all_layers,eyeglasses,lr,18,0.5299207504447678,0.043587255377648404,2.0,
wearing_necktie,0.606133530791065,0.6095273355547328,iterative_all_layers,eyeglasses,lr,18,0.5631247686042207,0.04300876218684435,2.0,
young,0.8003700277520813,0.9028060437866173,iterative_all_layers,eyeglasses,lr,18,0.8066604995374653,-0.006290471785384,2.0,
5_o_clock_shadow,0.5510057471264367,0.5766882183908045,iterative_all_layers,eyeglasses,lr,19,0.5193965517241379,0.031609195402298784,2.0,
arched_eyebrows,0.5472645633935956,0.630272952853598,iterative_all_layers,eyeglasses,lr,19,0.5626846272007562,-0.015420063807160544,2.0,
attractive,0.49714285714285716,0.5194356261022928,iterative_all_layers,eyeglasses,lr,19,0.5037742504409171,-0.0066313932980598955,2.0,
bags_under_eyes,0.4713054638797213,0.4243674367436744,iterative_all_layers,eyeglasses,lr,19,0.49972497249724973,-0.028419508617528455,2.0,
bald,0.7769966523194644,0.8773792443806789,iterative_all_layers,eyeglasses,lr,19,0.7916786226685797,-0.014681970349115336,2.0,
bangs,0.7566889632107023,0.8576923076923078,iterative_all_layers,eyeglasses,lr,19,0.7911371237458193,-0.03444816053511701,2.0,
big_lips,0.4850635906536528,0.48220447599329586,iterative_all_layers,eyeglasses,lr,19,0.49339445923296854,-0.008330868579315753,2.0,
big_nose,0.5598421186656481,0.5834606569900688,iterative_all_layers,eyeglasses,lr,19,0.6038961038961039,-0.04405398523045578,2.0,
black_hair,0.7397084048027445,0.8600986277873071,iterative_all_layers,eyeglasses,lr,19,0.7624356775300172,-0.022727272727272707,2.0,
blond_hair,0.8196555217831814,0.9049645390070921,iterative_all_layers,eyeglasses,lr,19,0.8239108409321175,-0.004255319148936176,2.0,
blurry,0.519808743169399,0.6707650273224044,iterative_all_layers,eyeglasses,lr,19,0.6905737704918034,-0.1707650273224044,2.0,
brown_hair,0.6518548715858132,0.7852969153417584,iterative_all_layers,eyeglasses,lr,19,0.6731892920233727,-0.02133442043755951,2.0,
bushy_eyebrows,0.5893506493506493,0.6168831168831169,iterative_all_layers,eyeglasses,lr,19,0.5666666666666667,0.02268398268398264,2.0,
chubby,0.5735294117647058,0.6893853695324283,iterative_all_layers,eyeglasses,lr,19,0.5684389140271493,0.005090497737556543,2.0,
double_chin,0.5263296471827278,0.6261190100052658,iterative_all_layers,eyeglasses,lr,19,0.5791995787256451,-0.0528699315429173,2.0,
eyeglasses,0.8984375,0.96038818359375,iterative_all_layers,eyeglasses,lr,19,0.890625,0.0078125,2.0,
goatee,0.673477138082941,0.8028254595169375,iterative_all_layers,eyeglasses,lr,19,0.6863132310496735,-0.012836092966732493,2.0,
gray_hair,0.8106493506493506,0.8763636363636363,iterative_all_layers,eyeglasses,lr,19,0.8106493506493506,0.0,2.0,
heavy_makeup,0.4672566371681416,0.5033923303834809,iterative_all_layers,eyeglasses,lr,19,0.5327433628318584,-0.06548672566371683,2.0,
high_cheekbones,0.47468113458975825,0.38650929627514435,iterative_all_layers,eyeglasses,lr,19,0.47804429215051714,-0.0033631575607588893,2.0,
male,0.9733727810650887,0.9742229476977489,iterative_all_layers,eyeglasses,lr,19,0.9733727810650887,0.0,2.0,
mouth_slightly_open,0.5511083743842364,0.5921798029556651,iterative_all_layers,eyeglasses,lr,19,0.5359605911330049,0.015147783251231561,2.0,
mustache,0.7235634958957026,0.8520038628681796,iterative_all_layers,eyeglasses,lr,19,0.7235634958957026,0.0,2.0,
narrow_eyes,0.5504032258064516,0.5277217741935484,iterative_all_layers,eyeglasses,lr,19,0.5625,-0.012096774193548376,2.0,
no_beard,0.5713002470244779,0.5374653791451456,iterative_all_layers,eyeglasses,lr,19,0.5822666367243057,-0.010966389699827772,2.0,
oval_face,0.48572815533980584,0.48640776699029126,iterative_all_layers,eyeglasses,lr,19,0.48116504854368936,0.0045631067961164895,2.0,
pale_skin,0.5459197786998617,0.7100968188105118,iterative_all_layers,eyeglasses,lr,19,0.5313969571230982,0.014522821576763545,2.0,
pointy_nose,0.4471300684570827,0.482885729331227,iterative_all_layers,eyeglasses,lr,19,0.4527646129541864,-0.005634544497103711,2.0,
receding_hairline,0.5246929541047188,0.5874595992243051,iterative_all_layers,eyeglasses,lr,19,0.540530058177117,-0.015837104072398134,2.0,
rosy_cheeks,0.6504065040650406,0.7678861788617887,iterative_all_layers,eyeglasses,lr,19,0.6085365853658536,0.04186991869918699,2.0,
sideburns,0.6580705009276437,0.7992578849721708,iterative_all_layers,eyeglasses,lr,19,0.6846011131725418,-0.026530612244898055,2.0,
smiling,0.8092133455769819,0.9274563820018367,iterative_all_layers,eyeglasses,lr,19,0.8533823079277625,-0.044168962350780605,2.0,
straight_hair,0.568693009118541,0.5681864235055725,iterative_all_layers,eyeglasses,lr,19,0.6095238095238096,-0.04083080040526854,2.0,
wavy_hair,0.540024684827647,0.5458873313938112,iterative_all_layers,eyeglasses,lr,19,0.5412589262099974,-0.0012342413823503984,2.0,
wearing_earrings,0.7302744425385934,0.7700471698113207,iterative_all_layers,eyeglasses,lr,19,0.6824614065180103,0.047813036020583066,2.0,
wearing_hat,0.8827286316075553,0.9605924718032341,iterative_all_layers,eyeglasses,lr,19,0.9046066041581737,-0.021877972550618408,2.0,
wearing_lipstick,0.41927083333333337,0.39347330729166663,iterative_all_layers,eyeglasses,lr,19,0.421875,-0.0026041666666666297,2.0,
wearing_necklace,0.5625909752547307,0.5319424227721171,iterative_all_layers,eyeglasses,lr,19,0.5299207504447678,0.032670224809962845,2.0,
wearing_necktie,0.5271504381093423,0.5744785881772183,iterative_all_layers,eyeglasses,lr,19,0.5631247686042207,-0.035974330494878415,2.0,
young,0.7905334566759173,0.8992907801418439,iterative_all_layers,eyeglasses,lr,19,0.8066604995374653,-0.01612704286154798,2.0,
5_o_clock_shadow,0.5660919540229885,0.5738146551724138,iterative_all_layers,eyeglasses,lr,20,0.5193965517241379,0.04669540229885061,2.0,
arched_eyebrows,0.5518728583244712,0.6203473945409429,iterative_all_layers,eyeglasses,lr,20,0.5626846272007562,-0.010811768876284988,2.0,
attractive,0.49714285714285716,0.5264197530864198,iterative_all_layers,eyeglasses,lr,20,0.5037742504409171,-0.0066313932980598955,2.0,
bags_under_eyes,0.45526219288595526,0.42436743674367433,iterative_all_layers,eyeglasses,lr,20,0.49972497249724973,-0.04446277961129447,2.0,
bald,0.7696317551410808,0.8796747967479676,iterative_all_layers,eyeglasses,lr,20,0.7916786226685797,-0.022046867527498848,2.0,
bangs,0.7501672240802675,0.8583612040133779,iterative_all_layers,eyeglasses,lr,20,0.7911371237458193,-0.04096989966555187,2.0,
big_lips,0.46465542738834664,0.47619047619047616,iterative_all_layers,eyeglasses,lr,20,0.49339445923296854,-0.0287390318446219,2.0,
big_nose,0.5647440794499619,0.5732111026228675,iterative_all_layers,eyeglasses,lr,20,0.6038961038961039,-0.039152024446142075,2.0,
black_hair,0.7392795883361921,0.8597770154373927,iterative_all_layers,eyeglasses,lr,20,0.7624356775300172,-0.023156089193825058,2.0,
blond_hair,0.839209726443769,0.9073961499493414,iterative_all_layers,eyeglasses,lr,20,0.8239108409321175,0.015298885511651483,2.0,
blurry,0.4801912568306011,0.6584699453551913,iterative_all_layers,eyeglasses,lr,20,0.6905737704918034,-0.21038251366120225,2.0,
brown_hair,0.646827014540019,0.7946731892920234,iterative_all_layers,eyeglasses,lr,20,0.6731892920233727,-0.026362277483353735,2.0,
bushy_eyebrows,0.5958441558441558,0.6055411255411256,iterative_all_layers,eyeglasses,lr,20,0.5666666666666667,0.02917748917748919,2.0,
chubby,0.5831447963800905,0.6902337858220211,iterative_all_layers,eyeglasses,lr,20,0.5684389140271493,0.014705882352941235,2.0,
double_chin,0.5580305423907319,0.6164823591363876,iterative_all_layers,eyeglasses,lr,20,0.5791995787256451,-0.021169036334913183,2.0,
eyeglasses,0.8984375,0.95751953125,iterative_all_layers,eyeglasses,lr,20,0.890625,0.0078125,2.0,
goatee,0.675679781254747,0.8105726872246697,iterative_all_layers,eyeglasses,lr,20,0.6863132310496735,-0.01063344979492642,2.0,
gray_hair,0.8084848484848486,0.865974025974026,iterative_all_layers,eyeglasses,lr,20,0.8106493506493506,-0.0021645021645020357,2.0,
heavy_makeup,0.4783185840707964,0.481858407079646,iterative_all_layers,eyeglasses,lr,20,0.5327433628318584,-0.054424778761062,2.0,
high_cheekbones,0.46329081794530114,0.3896186306237705,iterative_all_layers,eyeglasses,lr,20,0.47804429215051714,-0.014753474205216,2.0,
male,0.9733727810650887,0.9755152009793919,iterative_all_layers,eyeglasses,lr,20,0.9733727810650887,0.0,2.0,
mouth_slightly_open,0.5368226600985222,0.6059113300492611,iterative_all_layers,eyeglasses,lr,20,0.5359605911330049,0.0008620689655173264,2.0,
mustache,0.7058184451955577,0.8538145823273781,iterative_all_layers,eyeglasses,lr,20,0.7235634958957026,-0.01774505070014487,2.0,
narrow_eyes,0.5524193548387097,0.5362903225806452,iterative_all_layers,eyeglasses,lr,20,0.5625,-0.010080645161290258,2.0,
no_beard,0.5863462834044464,0.5409087506549891,iterative_all_layers,eyeglasses,lr,20,0.5822666367243057,0.004079646680140714,2.0,
oval_face,0.48330097087378643,0.48514563106796116,iterative_all_layers,eyeglasses,lr,20,0.48116504854368936,0.002135922330097073,2.0,
pale_skin,0.5417704011065007,0.6923928077455048,iterative_all_layers,eyeglasses,lr,20,0.5313969571230982,0.010373443983402453,2.0,
pointy_nose,0.45113217482885726,0.48383359662980513,iterative_all_layers,eyeglasses,lr,20,0.4527646129541864,-0.0016324381253291498,2.0,
receding_hairline,0.538267614738203,0.5745313510019392,iterative_all_layers,eyeglasses,lr,20,0.540530058177117,-0.002262443438914019,2.0,
rosy_cheeks,0.660569105691057,0.7617886178861789,iterative_all_layers,eyeglasses,lr,20,0.6085365853658536,0.052032520325203335,2.0,
sideburns,0.6784786641929499,0.7884972170686456,iterative_all_layers,eyeglasses,lr,20,0.6846011131725418,-0.00612244897959191,2.0,
smiling,0.8046525864707683,0.9196204468931742,iterative_all_layers,eyeglasses,lr,20,0.8533823079277625,-0.04872972145699417,2.0,
straight_hair,0.5342451874366768,0.5446808510638297,iterative_all_layers,eyeglasses,lr,20,0.6095238095238096,-0.07527862208713276,2.0,
wavy_hair,0.5412589262099974,0.5408622057656706,iterative_all_layers,eyeglasses,lr,20,0.5412589262099974,0.0,2.0,
wearing_earrings,0.7264150943396226,0.7928816466552315,iterative_all_layers,eyeglasses,lr,20,0.6824614065180103,0.04395368782161224,2.0,
wearing_hat,0.8653349639896726,0.9616795760293518,iterative_all_layers,eyeglasses,lr,20,0.9046066041581737,-0.039271640168501154,2.0,
wearing_lipstick,0.4296875,0.39737955729166663,iterative_all_layers,eyeglasses,lr,20,0.421875,0.0078125,2.0,
wearing_necklace,0.5615397056445092,0.5464984635290312,iterative_all_layers,eyeglasses,lr,20,0.5299207504447678,0.03161895519974134,2.0,
wearing_necktie,0.5633098852276934,0.5534987041836357,iterative_all_layers,eyeglasses,lr,20,0.5631247686042207,0.0001851166234727586,2.0,
young,0.8011717545482577,0.9061979648473635,iterative_all_layers,eyeglasses,lr,20,0.8066604995374653,-0.005488744989207595,2.0,
5_o_clock_shadow,0.6084770114942528,0.5998563218390804,iterative_all_layers,eyeglasses,lr,21,0.5193965517241379,0.08908045977011492,2.0,
arched_eyebrows,0.5633935956516601,0.6281460475008862,iterative_all_layers,eyeglasses,lr,21,0.5626846272007562,0.0007089684509039573,2.0,
attractive,0.49714285714285716,0.5364373897707231,iterative_all_layers,eyeglasses,lr,21,0.5037742504409171,-0.0066313932980598955,2.0,
bags_under_eyes,0.48734873487348734,0.4555372203887055,iterative_all_layers,eyeglasses,lr,21,0.49972497249724973,-0.012376237623762387,2.0,
bald,0.7794356767097083,0.8733620277379245,iterative_all_layers,eyeglasses,lr,21,0.7916786226685797,-0.012242945958871432,2.0,
bangs,0.771571906354515,0.8658862876254181,iterative_all_layers,eyeglasses,lr,21,0.7911371237458193,-0.019565217391304346,2.0,
big_lips,0.5097604259094942,0.5110913930789707,iterative_all_layers,eyeglasses,lr,21,0.49339445923296854,0.01636596667652568,2.0,
big_nose,0.5370511841100076,0.562261268143621,iterative_all_layers,eyeglasses,lr,21,0.6038961038961039,-0.0668449197860963,2.0,
black_hair,0.7028301886792453,0.8403730703259005,iterative_all_layers,eyeglasses,lr,21,0.7624356775300172,-0.05960548885077188,2.0,
blond_hair,0.8455927051671732,0.9088145896656535,iterative_all_layers,eyeglasses,lr,21,0.8239108409321175,0.021681864235055692,2.0,
blurry,0.47404371584699456,0.6154371584699453,iterative_all_layers,eyeglasses,lr,21,0.6905737704918034,-0.2165300546448088,2.0,
brown_hair,0.6602799293382253,0.7668161434977578,iterative_all_layers,eyeglasses,lr,21,0.6731892920233727,-0.012909362685147419,2.0,
bushy_eyebrows,0.6066666666666667,0.6148917748917749,iterative_all_layers,eyeglasses,lr,21,0.5666666666666667,0.040000000000000036,2.0,
chubby,0.5806938159879337,0.6873114630467572,iterative_all_layers,eyeglasses,lr,21,0.5684389140271493,0.012254901960784381,2.0,
double_chin,0.5769878883622959,0.5816745655608214,iterative_all_layers,eyeglasses,lr,21,0.5791995787256451,-0.002211690363349228,2.0,
eyeglasses,0.8984375,0.96636962890625,iterative_all_layers,eyeglasses,lr,21,0.890625,0.0078125,2.0,
goatee,0.6672489746316269,0.804040710922072,iterative_all_layers,eyeglasses,lr,21,0.6863132310496735,-0.019064256418046543,2.0,
gray_hair,0.7528138528138528,0.8330735930735931,iterative_all_layers,eyeglasses,lr,21,0.8106493506493506,-0.057835497835497796,2.0,
heavy_makeup,0.5126843657817108,0.5438053097345132,iterative_all_layers,eyeglasses,lr,21,0.5327433628318584,-0.020058997050147576,2.0,
high_cheekbones,0.48775303001459486,0.40116758677581066,iterative_all_layers,eyeglasses,lr,21,0.47804429215051714,0.009708737864077721,2.0,
male,0.9733727810650887,0.9726586410936544,iterative_all_layers,eyeglasses,lr,21,0.9733727810650887,0.0,2.0,
mouth_slightly_open,0.5354679802955665,0.5782019704433499,iterative_all_layers,eyeglasses,lr,21,0.5359605911330049,-0.0004926108374383453,2.0,
mustache,0.7653307580878803,0.880009657170449,iterative_all_layers,eyeglasses,lr,21,0.7235634958957026,0.041767262192177745,2.0,
narrow_eyes,0.5625,0.580141129032258,iterative_all_layers,eyeglasses,lr,21,0.5625,0.0,2.0,
no_beard,0.5356688374878359,0.5504154502582528,iterative_all_layers,eyeglasses,lr,21,0.5822666367243057,-0.046597799236469784,2.0,
oval_face,0.480873786407767,0.496116504854369,iterative_all_layers,eyeglasses,lr,21,0.48116504854368936,-0.0002912621359223433,2.0,
pale_skin,0.5459197786998617,0.7095435684647303,iterative_all_layers,eyeglasses,lr,21,0.5313969571230982,0.014522821576763545,2.0,
pointy_nose,0.4416535018430753,0.4291732490784624,iterative_all_layers,eyeglasses,lr,21,0.4527646129541864,-0.011111111111111127,2.0,
receding_hairline,0.5067226890756302,0.5648351648351648,iterative_all_layers,eyeglasses,lr,21,0.540530058177117,-0.03380736910148674,2.0,
rosy_cheeks,0.6707317073170731,0.7565040650406505,iterative_all_layers,eyeglasses,lr,21,0.6085365853658536,0.062195121951219456,2.0,
sideburns,0.6703153988868276,0.7769944341372913,iterative_all_layers,eyeglasses,lr,21,0.6846011131725418,-0.014285714285714235,2.0,
smiling,0.6923783287419651,0.791062136516682,iterative_all_layers,eyeglasses,lr,21,0.8533823079277625,-0.16100397918579734,2.0,
straight_hair,0.5057750759878419,0.5396149949341438,iterative_all_layers,eyeglasses,lr,21,0.6095238095238096,-0.1037487335359677,2.0,
wavy_hair,0.5287401921890152,0.5467689323812042,iterative_all_layers,eyeglasses,lr,21,0.5412589262099974,-0.012518734020982136,2.0,
wearing_earrings,0.7118353344768439,0.7989922813036021,iterative_all_layers,eyeglasses,lr,21,0.6824614065180103,0.029373927958833534,2.0,
wearing_hat,0.8653349639896726,0.9451012365810572,iterative_all_layers,eyeglasses,lr,21,0.9046066041581737,-0.039271640168501154,2.0,
wearing_lipstick,0.47135416666666663,0.4545084635416667,iterative_all_layers,eyeglasses,lr,21,0.421875,0.04947916666666663,2.0,
wearing_necklace,0.5408377810124535,0.5584667637069383,iterative_all_layers,eyeglasses,lr,21,0.5299207504447678,0.01091703056768567,2.0,
wearing_necktie,0.5431321732691596,0.5522645933604838,iterative_all_layers,eyeglasses,lr,21,0.5631247686042207,-0.019992595335061036,2.0,
young,0.8098674067221708,0.8735738513721862,iterative_all_layers,eyeglasses,lr,21,0.8066604995374653,0.0032069071847055097,2.0,
5_o_clock_shadow,0.6522988505747127,0.6786997126436782,iterative_all_layers,eyeglasses,lr,22,0.5193965517241379,0.1329022988505748,2.0,
arched_eyebrows,0.4798534798534798,0.5343258891645988,iterative_all_layers,eyeglasses,lr,22,0.5626846272007562,-0.08283114734727637,2.0,
attractive,0.50331569664903,0.5193650793650794,iterative_all_layers,eyeglasses,lr,22,0.5037742504409171,-0.0004585537918870841,2.0,
bags_under_eyes,0.487990465713238,0.45480381371470474,iterative_all_layers,eyeglasses,lr,22,0.49972497249724973,-0.011734506784011722,2.0,
bald,0.7451458632233381,0.8585365853658536,iterative_all_layers,eyeglasses,lr,22,0.7916786226685797,-0.0465327594452416,2.0,
bangs,0.7712374581939799,0.8827759197324414,iterative_all_layers,eyeglasses,lr,22,0.7911371237458193,-0.01989966555183942,2.0,
big_lips,0.559449866903283,0.5811889973380656,iterative_all_layers,eyeglasses,lr,22,0.49339445923296854,0.06605540767031448,2.0,
big_nose,0.5241278329513623,0.5325948561242679,iterative_all_layers,eyeglasses,lr,22,0.6038961038961039,-0.07976827094474159,2.0,
black_hair,0.6910377358490566,0.8268653516295026,iterative_all_layers,eyeglasses,lr,22,0.7624356775300172,-0.07139794168096059,2.0,
blond_hair,0.8676798378926038,0.9173252279635258,iterative_all_layers,eyeglasses,lr,22,0.8239108409321175,0.043768996960486306,2.0,
blurry,0.4842896174863388,0.5587431693989071,iterative_all_layers,eyeglasses,lr,22,0.6905737704918034,-0.20628415300546454,2.0,
brown_hair,0.6513113194727544,0.7294469357249627,iterative_all_layers,eyeglasses,lr,22,0.6731892920233727,-0.021877972550618296,2.0,
bushy_eyebrows,0.6131601731601731,0.6597402597402597,iterative_all_layers,eyeglasses,lr,22,0.5666666666666667,0.046493506493506476,2.0,
chubby,0.5593891402714932,0.6625188536953243,iterative_all_layers,eyeglasses,lr,22,0.5684389140271493,-0.009049773755656076,2.0,
double_chin,0.5746182201158504,0.5664033701948394,iterative_all_layers,eyeglasses,lr,22,0.5791995787256451,-0.0045813586097946946,2.0,
eyeglasses,0.83203125,0.93560791015625,iterative_all_layers,eyeglasses,lr,22,0.890625,-0.05859375,2.0,
goatee,0.6239556433237126,0.7801914020963087,iterative_all_layers,eyeglasses,lr,22,0.6863132310496735,-0.062357587725960895,2.0,
gray_hair,0.7268398268398268,0.7449350649350649,iterative_all_layers,eyeglasses,lr,22,0.8106493506493506,-0.08380952380952378,2.0,
heavy_makeup,0.5337758112094395,0.5657817109144543,iterative_all_layers,eyeglasses,lr,22,0.5327433628318584,0.0010324483775810966,2.0,
high_cheekbones,0.474776318294308,0.37813313027476364,iterative_all_layers,eyeglasses,lr,22,0.47804429215051714,-0.0032679738562091387,2.0,
male,0.9267156362647079,0.9655172413793104,iterative_all_layers,eyeglasses,lr,22,0.9733727810650887,-0.046657144800380856,2.0,
mouth_slightly_open,0.5463054187192118,0.5898399014778324,iterative_all_layers,eyeglasses,lr,22,0.5359605911330049,0.010344827586206917,2.0,
mustache,0.7069048768710768,0.8259295026557218,iterative_all_layers,eyeglasses,lr,22,0.7235634958957026,-0.01665861902462573,2.0,
narrow_eyes,0.6028225806451613,0.5826612903225806,iterative_all_layers,eyeglasses,lr,22,0.5625,0.040322580645161255,2.0,
no_beard,0.5343214312448537,0.5653866307358336,iterative_all_layers,eyeglasses,lr,22,0.5822666367243057,-0.047945205479452024,2.0,
oval_face,0.4930097087378641,0.5268932038834951,iterative_all_layers,eyeglasses,lr,22,0.48116504854368936,0.011844660194174739,2.0,
pale_skin,0.587551867219917,0.7073305670816045,iterative_all_layers,eyeglasses,lr,22,0.5313969571230982,0.05615491009681883,2.0,
pointy_nose,0.4503949447077409,0.41632438125329124,iterative_all_layers,eyeglasses,lr,22,0.4527646129541864,-0.002369668246445522,2.0,
receding_hairline,0.48125404007756944,0.5361344537815126,iterative_all_layers,eyeglasses,lr,22,0.540530058177117,-0.05927601809954752,2.0,
rosy_cheeks,0.6841463414634146,0.7654471544715447,iterative_all_layers,eyeglasses,lr,22,0.6085365853658536,0.07560975609756093,2.0,
sideburns,0.6356215213358071,0.7833024118738405,iterative_all_layers,eyeglasses,lr,22,0.6846011131725418,-0.048979591836734726,2.0,
smiling,0.7043464952555861,0.8044077134986226,iterative_all_layers,eyeglasses,lr,22,0.8533823079277625,-0.14903581267217636,2.0,
straight_hair,0.4411347517730496,0.5175278622087132,iterative_all_layers,eyeglasses,lr,22,0.6095238095238096,-0.16838905775075996,2.0,
wavy_hair,0.5437714890240677,0.5777131270387023,iterative_all_layers,eyeglasses,lr,22,0.5412589262099974,0.002512562814070307,2.0,
wearing_earrings,0.7066895368782161,0.7719768439108062,iterative_all_layers,eyeglasses,lr,22,0.6824614065180103,0.02422813036020577,2.0,
wearing_hat,0.8586085065905693,0.9406169316483218,iterative_all_layers,eyeglasses,lr,22,0.9046066041581737,-0.045998097567604423,2.0,
wearing_lipstick,0.5,0.4860026041666667,iterative_all_layers,eyeglasses,lr,22,0.421875,0.078125,2.0,
wearing_necklace,0.576742681546175,0.5744784085395439,iterative_all_layers,eyeglasses,lr,22,0.5299207504447678,0.0468219311014072,2.0,
wearing_necktie,0.5517092434900654,0.5278291990620757,iterative_all_layers,eyeglasses,lr,22,0.5631247686042207,-0.011415525114155223,2.0,
young,0.6863089731729879,0.7551649707061362,iterative_all_layers,eyeglasses,lr,22,0.8066604995374653,-0.12035152636447743,2.0,
5_o_clock_shadow,0.5596264367816092,0.6077586206896552,iterative_all_layers,eyeglasses,lr,23,0.5193965517241379,0.04022988505747127,2.0,
arched_eyebrows,0.41143802434125015,0.3542479026349994,iterative_all_layers,eyeglasses,lr,23,0.5626846272007562,-0.15124660285950603,2.0,
attractive,0.50663139329806,0.542010582010582,iterative_all_layers,eyeglasses,lr,23,0.5037742504409171,0.0028571428571428914,2.0,
bags_under_eyes,0.5182434910157683,0.5000916758342501,iterative_all_layers,eyeglasses,lr,23,0.49972497249724973,0.018518518518518545,2.0,
bald,0.4831659493065519,0.47977044476327113,iterative_all_layers,eyeglasses,lr,23,0.7916786226685797,-0.3085126733620278,2.0,
bangs,0.529933110367893,0.5876254180602006,iterative_all_layers,eyeglasses,lr,23,0.7911371237458193,-0.2612040133779263,2.0,
big_lips,0.5384994577541161,0.5288376220053238,iterative_all_layers,eyeglasses,lr,23,0.49339445923296854,0.04510499852114758,2.0,
big_nose,0.49299719887955185,0.46485867074102366,iterative_all_layers,eyeglasses,lr,23,0.6038961038961039,-0.11089890501655209,2.0,
black_hair,0.47191252144082335,0.4550814751286449,iterative_all_layers,eyeglasses,lr,23,0.7624356775300172,-0.2905231560891938,2.0,
blond_hair,0.49989868287740624,0.42735562310030395,iterative_all_layers,eyeglasses,lr,23,0.8239108409321175,-0.3240121580547113,2.0,
blurry,0.4719945355191257,0.5232240437158471,iterative_all_layers,eyeglasses,lr,23,0.6905737704918034,-0.21857923497267767,2.0,
brown_hair,0.4796167957602935,0.476831091180867,iterative_all_layers,eyeglasses,lr,23,0.6731892920233727,-0.19357249626307926,2.0,
bushy_eyebrows,0.5618181818181818,0.5464935064935066,iterative_all_layers,eyeglasses,lr,23,0.5666666666666667,-0.00484848484848488,2.0,
chubby,0.49113876319758676,0.5151772247360482,iterative_all_layers,eyeglasses,lr,23,0.5684389140271493,-0.07730015082956254,2.0,
double_chin,0.49357556608741443,0.49110057925223805,iterative_all_layers,eyeglasses,lr,23,0.5791995787256451,-0.08562401263823066,2.0,
eyeglasses,0.51953125,0.55224609375,iterative_all_layers,eyeglasses,lr,23,0.890625,-0.37109375,2.0,
goatee,0.46802369740240013,0.5573446756797813,iterative_all_layers,eyeglasses,lr,23,0.6863132310496735,-0.21828953364727333,2.0,
gray_hair,0.5138528138528138,0.48277056277056274,iterative_all_layers,eyeglasses,lr,23,0.8106493506493506,-0.29679653679653684,2.0,
heavy_makeup,0.5182890855457227,0.48952802359882003,iterative_all_layers,eyeglasses,lr,23,0.5327433628318584,-0.014454277286135686,2.0,
high_cheekbones,0.4325782092772384,0.4045307443365696,iterative_all_layers,eyeglasses,lr,23,0.47804429215051714,-0.045466082873278746,2.0,
male,0.5380874651431681,0.5545126844861592,iterative_all_layers,eyeglasses,lr,23,0.9733727810650887,-0.43528531592192066,2.0,
mouth_slightly_open,0.5066502463054188,0.5424876847290641,iterative_all_layers,eyeglasses,lr,23,0.5359605911330049,-0.0293103448275861,2.0,
mustache,0.45630130371801064,0.4786335103814582,iterative_all_layers,eyeglasses,lr,23,0.7235634958957026,-0.2672621921776919,2.0,
narrow_eyes,0.5685483870967742,0.5473790322580645,iterative_all_layers,eyeglasses,lr,23,0.5625,0.006048387096774244,2.0,
no_beard,0.46728797065648625,0.49307582902911895,iterative_all_layers,eyeglasses,lr,23,0.5822666367243057,-0.11497866606781942,2.0,
oval_face,0.5284466019417475,0.5722330097087379,iterative_all_layers,eyeglasses,lr,23,0.48116504854368936,0.047281553398058174,2.0,
pale_skin,0.5334716459197787,0.5167358229598893,iterative_all_layers,eyeglasses,lr,23,0.5313969571230982,0.0020746887966804906,2.0,
pointy_nose,0.46624539231174306,0.4516061084781464,iterative_all_layers,eyeglasses,lr,23,0.4527646129541864,0.01348077935755665,2.0,
receding_hairline,0.4389786683904331,0.39650937297996125,iterative_all_layers,eyeglasses,lr,23,0.540530058177117,-0.10155138978668388,2.0,
rosy_cheeks,0.49837398373983743,0.4760162601626017,iterative_all_layers,eyeglasses,lr,23,0.6085365853658536,-0.11016260162601621,2.0,
sideburns,0.5359925788497217,0.5020408163265306,iterative_all_layers,eyeglasses,lr,23,0.6846011131725418,-0.14860853432282006,2.0,
smiling,0.556045301499847,0.5352310988674626,iterative_all_layers,eyeglasses,lr,23,0.8533823079277625,-0.2973370064279155,2.0,
straight_hair,0.3739614994934144,0.3799392097264438,iterative_all_layers,eyeglasses,lr,23,0.6095238095238096,-0.23556231003039518,2.0,
wavy_hair,0.5237150665608745,0.5014546416291986,iterative_all_layers,eyeglasses,lr,23,0.5412589262099974,-0.01754385964912286,2.0,
wearing_earrings,0.6228559176672384,0.6404373927958833,iterative_all_layers,eyeglasses,lr,23,0.6824614065180103,-0.05960548885077199,2.0,
wearing_hat,0.49164288626172037,0.5042804728903383,iterative_all_layers,eyeglasses,lr,23,0.9046066041581737,-0.41296371789645336,2.0,
wearing_lipstick,0.49479166666666663,0.5103352864583334,iterative_all_layers,eyeglasses,lr,23,0.421875,0.07291666666666663,2.0,
wearing_necklace,0.4264111272844897,0.425683325246644,iterative_all_layers,eyeglasses,lr,23,0.5299207504447678,-0.10350962316027812,2.0,
wearing_necktie,0.5223991114402073,0.48809083055658403,iterative_all_layers,eyeglasses,lr,23,0.5631247686042207,-0.04072565716401333,2.0,
young,0.4699660807893925,0.4592661116250385,iterative_all_layers,eyeglasses,lr,23,0.8066604995374653,-0.3366944187480728,2.0,
5_o_clock_shadow,0.5172413793103448,0.5702227011494253,iterative_all_layers,eyeglasses,pclarc,0,0.5193965517241379,-0.0021551724137931494,2.0,
arched_eyebrows,0.564988774666194,0.5949426917168853,iterative_all_layers,eyeglasses,pclarc,0,0.5626846272007562,0.0023041474654378336,2.0,
attractive,0.5037742504409171,0.5716402116402116,iterative_all_layers,eyeglasses,pclarc,0,0.5037742504409171,0.0,2.0,
bags_under_eyes,0.49294096076274296,0.4324349101576824,iterative_all_layers,eyeglasses,pclarc,0,0.49972497249724973,-0.006784011734506767,2.0,
bald,0.7916786226685797,0.8845528455284553,iterative_all_layers,eyeglasses,pclarc,0,0.7916786226685797,0.0,2.0,
bangs,0.7889632107023412,0.8750836120401337,iterative_all_layers,eyeglasses,pclarc,0,0.7911371237458193,-0.0021739130434781373,2.0,
big_lips,0.49339445923296854,0.4768806073153899,iterative_all_layers,eyeglasses,pclarc,0,0.49339445923296854,0.0,2.0,
big_nose,0.5925006366182837,0.6003310415075122,iterative_all_layers,eyeglasses,pclarc,0,0.6038961038961039,-0.01139546727782026,2.0,
black_hair,0.7647941680960548,0.8763936535162951,iterative_all_layers,eyeglasses,pclarc,0,0.7624356775300172,0.002358490566037652,2.0,
blond_hair,0.8217831813576495,0.9181357649442756,iterative_all_layers,eyeglasses,pclarc,0,0.8239108409321175,-0.0021276595744680327,2.0,
blurry,0.6885245901639344,0.7530737704918034,iterative_all_layers,eyeglasses,pclarc,0,0.6905737704918034,-0.002049180327868938,2.0,
brown_hair,0.6776735969561082,0.8172306019839651,iterative_all_layers,eyeglasses,pclarc,0,0.6731892920233727,0.004484304932735439,2.0,
bushy_eyebrows,0.5666666666666667,0.6062337662337662,iterative_all_layers,eyeglasses,pclarc,0,0.5666666666666667,0.0,2.0,
chubby,0.5684389140271493,0.6796757164404224,iterative_all_layers,eyeglasses,pclarc,0,0.5684389140271493,0.0,2.0,
double_chin,0.5657187993680884,0.6620326487625066,iterative_all_layers,eyeglasses,pclarc,0,0.5791995787256451,-0.01348077935755665,2.0,
eyeglasses,0.890625,0.9552001953125,iterative_all_layers,eyeglasses,pclarc,0,0.890625,0.0,2.0,
goatee,0.6863132310496735,0.7722922679629349,iterative_all_layers,eyeglasses,pclarc,0,0.6863132310496735,0.0,2.0,
gray_hair,0.8128138528138529,0.8839826839826839,iterative_all_layers,eyeglasses,pclarc,0,0.8106493506493506,0.0021645021645022577,2.0,
heavy_makeup,0.5349557522123893,0.5448377581120945,iterative_all_layers,eyeglasses,pclarc,0,0.5327433628318584,0.0022123893805309214,2.0,
high_cheekbones,0.47804429215051714,0.37857732089599594,iterative_all_layers,eyeglasses,pclarc,0,0.47804429215051714,0.0,2.0,
male,0.9733727810650887,0.9661973746854384,iterative_all_layers,eyeglasses,pclarc,0,0.9733727810650887,0.0,2.0,
mouth_slightly_open,0.5445812807881774,0.5606527093596059,iterative_all_layers,eyeglasses,pclarc,0,0.5359605911330049,0.008620689655172487,2.0,
mustache,0.7235634958957026,0.8290680830516659,iterative_all_layers,eyeglasses,pclarc,0,0.7235634958957026,0.0,2.0,
narrow_eyes,0.564516129032258,0.5342741935483871,iterative_all_layers,eyeglasses,pclarc,0,0.5625,0.002016129032258007,2.0,
no_beard,0.5822666367243057,0.544127554457669,iterative_all_layers,eyeglasses,pclarc,0,0.5822666367243057,0.0,2.0,
oval_face,0.48116504854368936,0.4304854368932039,iterative_all_layers,eyeglasses,pclarc,0,0.48116504854368936,0.0,2.0,
pale_skin,0.5355463347164592,0.6882434301521438,iterative_all_layers,eyeglasses,pclarc,0,0.5313969571230982,0.004149377593360981,2.0,
pointy_nose,0.4456556082148499,0.5142706687730385,iterative_all_layers,eyeglasses,pclarc,0,0.4527646129541864,-0.007109004739336511,2.0,
receding_hairline,0.5307692307692308,0.572333548804137,iterative_all_layers,eyeglasses,pclarc,0,0.540530058177117,-0.009760827407886197,2.0,
rosy_cheeks,0.6085365853658536,0.7085365853658537,iterative_all_layers,eyeglasses,pclarc,0,0.6085365853658536,0.0,2.0,
sideburns,0.6846011131725418,0.7844155844155845,iterative_all_layers,eyeglasses,pclarc,0,0.6846011131725418,0.0,2.0,
smiling,0.8533823079277625,0.955616773798592,iterative_all_layers,eyeglasses,pclarc,0,0.8533823079277625,0.0,2.0,
straight_hair,0.6116514690982776,0.604660587639311,iterative_all_layers,eyeglasses,pclarc,0,0.6095238095238096,0.0021276595744680327,2.0,
wavy_hair,0.5412589262099974,0.5817684915807106,iterative_all_layers,eyeglasses,pclarc,0,0.5412589262099974,0.0,2.0,
wearing_earrings,0.6687392795883362,0.7162307032590051,iterative_all_layers,eyeglasses,pclarc,0,0.6824614065180103,-0.013722126929674117,2.0,
wearing_hat,0.9046066041581737,0.933007202065498,iterative_all_layers,eyeglasses,pclarc,0,0.9046066041581737,0.0,2.0,
wearing_lipstick,0.42708333333333337,0.38842773437500006,iterative_all_layers,eyeglasses,pclarc,0,0.421875,0.00520833333333337,2.0,
wearing_necklace,0.5277373443312308,0.5186802523047065,iterative_all_layers,eyeglasses,pclarc,0,0.5299207504447678,-0.0021834061135370675,2.0,
wearing_necktie,0.5676909786498827,0.6279155868196964,iterative_all_layers,eyeglasses,pclarc,0,0.5631247686042207,0.004566210045662045,2.0,
young,0.8031144002466852,0.8885599753314831,iterative_all_layers,eyeglasses,pclarc,0,0.8066604995374653,-0.0035460992907800915,2.0,
5_o_clock_shadow,0.5193965517241379,0.5668103448275862,iterative_all_layers,eyeglasses,pclarc,1,0.5193965517241379,0.0,2.0,
arched_eyebrows,0.554472409311119,0.5951790145338532,iterative_all_layers,eyeglasses,pclarc,1,0.5626846272007562,-0.008212217889637219,2.0,
attractive,0.5037742504409171,0.5694532627865961,iterative_all_layers,eyeglasses,pclarc,1,0.5037742504409171,0.0,2.0,
bags_under_eyes,0.48368170150348366,0.43078474514118076,iterative_all_layers,eyeglasses,pclarc,1,0.49972497249724973,-0.016043270993766068,2.0,
bald,0.7916786226685797,0.8863701578192252,iterative_all_layers,eyeglasses,pclarc,1,0.7916786226685797,0.0,2.0,
bangs,0.7867892976588629,0.8745819397993311,iterative_all_layers,eyeglasses,pclarc,1,0.7911371237458193,-0.004347826086956497,2.0,
big_lips,0.49339445923296854,0.4762890663511782,iterative_all_layers,eyeglasses,pclarc,1,0.49339445923296854,0.0,2.0,
big_nose,0.5925006366182837,0.6009676597911892,iterative_all_layers,eyeglasses,pclarc,1,0.6038961038961039,-0.01139546727782026,2.0,
black_hair,0.7737993138936535,0.875,iterative_all_layers,eyeglasses,pclarc,1,0.7624356775300172,0.011363636363636354,2.0,
blond_hair,0.8196555217831814,0.9179331306990881,iterative_all_layers,eyeglasses,pclarc,1,0.8239108409321175,-0.004255319148936176,2.0,
blurry,0.6885245901639344,0.7493169398907105,iterative_all_layers,eyeglasses,pclarc,1,0.6905737704918034,-0.002049180327868938,2.0,
brown_hair,0.6754314444897405,0.8173664900122299,iterative_all_layers,eyeglasses,pclarc,1,0.6731892920233727,0.0022421524663677195,2.0,
bushy_eyebrows,0.5666666666666667,0.6093506493506494,iterative_all_layers,eyeglasses,pclarc,1,0.5666666666666667,0.0,2.0,
chubby,0.5708898944193062,0.680052790346908,iterative_all_layers,eyeglasses,pclarc,1,0.5684389140271493,0.002450980392156854,2.0,
double_chin,0.5609794628751974,0.6599262769878884,iterative_all_layers,eyeglasses,pclarc,1,0.5791995787256451,-0.018220115850447693,2.0,
eyeglasses,0.88671875,0.9537353515625,iterative_all_layers,eyeglasses,pclarc,1,0.890625,-0.00390625,2.0,
goatee,0.6863132310496735,0.7738113322193528,iterative_all_layers,eyeglasses,pclarc,1,0.6863132310496735,0.0,2.0,
gray_hair,0.8128138528138529,0.8829437229437229,iterative_all_layers,eyeglasses,pclarc,1,0.8106493506493506,0.0021645021645022577,2.0,
heavy_makeup,0.5349557522123893,0.5466076696165192,iterative_all_layers,eyeglasses,pclarc,1,0.5327433628318584,0.0022123893805309214,2.0,
high_cheekbones,0.474776318294308,0.37673710260803345,iterative_all_layers,eyeglasses,pclarc,1,0.47804429215051714,-0.0032679738562091387,2.0,
male,0.9733727810650887,0.9661293613548256,iterative_all_layers,eyeglasses,pclarc,1,0.9733727810650887,0.0,2.0,
mouth_slightly_open,0.5402709359605912,0.5626847290640394,iterative_all_layers,eyeglasses,pclarc,1,0.5359605911330049,0.004310344827586299,2.0,
mustache,0.7235634958957026,0.8284645098985997,iterative_all_layers,eyeglasses,pclarc,1,0.7235634958957026,0.0,2.0,
narrow_eyes,0.5625,0.5443548387096775,iterative_all_layers,eyeglasses,pclarc,1,0.5625,0.0,2.0,
no_beard,0.5822666367243057,0.5432292836290141,iterative_all_layers,eyeglasses,pclarc,1,0.5822666367243057,0.0,2.0,
oval_face,0.48359223300970877,0.4349514563106796,iterative_all_layers,eyeglasses,pclarc,1,0.48116504854368936,0.0024271844660194164,2.0,
pale_skin,0.5334716459197787,0.6849239280774551,iterative_all_layers,eyeglasses,pclarc,1,0.5313969571230982,0.0020746887966804906,2.0,
pointy_nose,0.4527646129541864,0.5120589784096894,iterative_all_layers,eyeglasses,pclarc,1,0.4527646129541864,0.0,2.0,
receding_hairline,0.5330316742081448,0.573109243697479,iterative_all_layers,eyeglasses,pclarc,1,0.540530058177117,-0.007498383968972178,2.0,
rosy_cheeks,0.6105691056910569,0.7105691056910569,iterative_all_layers,eyeglasses,pclarc,1,0.6085365853658536,0.002032520325203291,2.0,
sideburns,0.6866419294990724,0.7844155844155843,iterative_all_layers,eyeglasses,pclarc,1,0.6846011131725418,0.0020408163265306367,2.0,
smiling,0.8492500765228037,0.9556167737985921,iterative_all_layers,eyeglasses,pclarc,1,0.8533823079277625,-0.004132231404958775,2.0,
straight_hair,0.6095238095238096,0.6054711246200608,iterative_all_layers,eyeglasses,pclarc,1,0.6095238095238096,0.0,2.0,
wavy_hair,0.5362338005818567,0.5803579300008814,iterative_all_layers,eyeglasses,pclarc,1,0.5412589262099974,-0.005025125628140725,2.0,
wearing_earrings,0.6663807890222984,0.7166595197255574,iterative_all_layers,eyeglasses,pclarc,1,0.6824614065180103,-0.01608061749571199,2.0,
wearing_hat,0.9046066041581737,0.9332789781220275,iterative_all_layers,eyeglasses,pclarc,1,0.9046066041581737,0.0,2.0,
wearing_lipstick,0.44010416666666663,0.3919270833333333,iterative_all_layers,eyeglasses,pclarc,1,0.421875,0.01822916666666663,2.0,
wearing_necklace,0.5135856380397865,0.51997412259421,iterative_all_layers,eyeglasses,pclarc,1,0.5299207504447678,-0.01633511240498131,2.0,
wearing_necktie,0.5676909786498827,0.629519930889794,iterative_all_layers,eyeglasses,pclarc,1,0.5631247686042207,0.004566210045662045,2.0,
young,0.8058587727412889,0.8880666049953746,iterative_all_layers,eyeglasses,pclarc,1,0.8066604995374653,-0.0008017267961764052,2.0,
5_o_clock_shadow,0.5107758620689655,0.5644755747126436,iterative_all_layers,eyeglasses,pclarc,2,0.5193965517241379,-0.008620689655172376,2.0,
arched_eyebrows,0.5590807042419945,0.5958879829847572,iterative_all_layers,eyeglasses,pclarc,2,0.5626846272007562,-0.003603922958761663,2.0,
attractive,0.5037742504409171,0.570299823633157,iterative_all_layers,eyeglasses,pclarc,2,0.5037742504409171,0.0,2.0,
bags_under_eyes,0.4787312064539787,0.4359185918591859,iterative_all_layers,eyeglasses,pclarc,2,0.49972497249724973,-0.020993766043271023,2.0,
bald,0.8014825442372071,0.8845528455284553,iterative_all_layers,eyeglasses,pclarc,2,0.7916786226685797,0.009803921568627416,2.0,
bangs,0.7911371237458193,0.8732441471571907,iterative_all_layers,eyeglasses,pclarc,2,0.7911371237458193,0.0,2.0,
big_lips,0.4958099181701666,0.479246771172237,iterative_all_layers,eyeglasses,pclarc,2,0.49339445923296854,0.0024154589371980784,2.0,
big_nose,0.5811051693404634,0.5990578049401578,iterative_all_layers,eyeglasses,pclarc,2,0.6038961038961039,-0.02279093455564052,2.0,
black_hair,0.7624356775300172,0.8759648370497428,iterative_all_layers,eyeglasses,pclarc,2,0.7624356775300172,0.0,2.0,
blond_hair,0.8196555217831814,0.9161094224924012,iterative_all_layers,eyeglasses,pclarc,2,0.8239108409321175,-0.004255319148936176,2.0,
blurry,0.7260928961748634,0.7448770491803279,iterative_all_layers,eyeglasses,pclarc,2,0.6905737704918034,0.03551912568306004,2.0,
brown_hair,0.6754314444897405,0.81736649001223,iterative_all_layers,eyeglasses,pclarc,2,0.6731892920233727,0.0022421524663677195,2.0,
bushy_eyebrows,0.5666666666666667,0.6105627705627705,iterative_all_layers,eyeglasses,pclarc,2,0.5666666666666667,0.0,2.0,
chubby,0.5684389140271493,0.6802413273001507,iterative_all_layers,eyeglasses,pclarc,2,0.5684389140271493,0.0,2.0,
double_chin,0.563349131121643,0.659189046866772,iterative_all_layers,eyeglasses,pclarc,2,0.5791995787256451,-0.015850447604002116,2.0,
eyeglasses,0.88671875,0.95306396484375,iterative_all_layers,eyeglasses,pclarc,2,0.890625,-0.00390625,2.0,
goatee,0.6797053015342549,0.7707732037065168,iterative_all_layers,eyeglasses,pclarc,2,0.6863132310496735,-0.0066079295154185536,2.0,
gray_hair,0.8128138528138529,0.8808658008658009,iterative_all_layers,eyeglasses,pclarc,2,0.8106493506493506,0.0021645021645022577,2.0,
heavy_makeup,0.5371681415929204,0.5492625368731563,iterative_all_layers,eyeglasses,pclarc,2,0.5327433628318584,0.004424778761061954,2.0,
high_cheekbones,0.47309473951392855,0.3759756329716353,iterative_all_layers,eyeglasses,pclarc,2,0.47804429215051714,-0.004949552636588583,2.0,
male,0.9733727810650887,0.966333401346664,iterative_all_layers,eyeglasses,pclarc,2,0.9733727810650887,0.0,2.0,
mouth_slightly_open,0.545320197044335,0.5636699507389162,iterative_all_layers,eyeglasses,pclarc,2,0.5359605911330049,0.009359605911330116,2.0,
mustache,0.7126991791405118,0.8272573635924674,iterative_all_layers,eyeglasses,pclarc,2,0.7235634958957026,-0.010864316755190728,2.0,
narrow_eyes,0.5705645161290323,0.5388104838709677,iterative_all_layers,eyeglasses,pclarc,2,0.5625,0.008064516129032251,2.0,
no_beard,0.5822666367243057,0.5432292836290141,iterative_all_layers,eyeglasses,pclarc,2,0.5822666367243057,0.0,2.0,
oval_face,0.4860194174757282,0.43970873786407766,iterative_all_layers,eyeglasses,pclarc,2,0.48116504854368936,0.004854368932038833,2.0,
pale_skin,0.5313969571230982,0.6926694329183956,iterative_all_layers,eyeglasses,pclarc,2,0.5313969571230982,0.0,2.0,
pointy_nose,0.4480252764612954,0.506477093206951,iterative_all_layers,eyeglasses,pclarc,2,0.4527646129541864,-0.004739336492890989,2.0,
receding_hairline,0.542792501616031,0.5724628312863607,iterative_all_layers,eyeglasses,pclarc,2,0.540530058177117,0.002262443438914019,2.0,
rosy_cheeks,0.6126016260162601,0.7191056910569106,iterative_all_layers,eyeglasses,pclarc,2,0.6085365853658536,0.004065040650406471,2.0,
sideburns,0.6764378478664193,0.7836734693877552,iterative_all_layers,eyeglasses,pclarc,2,0.6846011131725418,-0.008163265306122547,2.0,
smiling,0.8579430670339762,0.9556779920416284,iterative_all_layers,eyeglasses,pclarc,2,0.8533823079277625,0.004560759106213674,2.0,
straight_hair,0.6180344478216819,0.6060790273556231,iterative_all_layers,eyeglasses,pclarc,2,0.6095238095238096,0.008510638297872353,2.0,
wavy_hair,0.5475182932204884,0.5810632107907959,iterative_all_layers,eyeglasses,pclarc,2,0.5412589262099974,0.006259367010491013,2.0,
wearing_earrings,0.6824614065180103,0.717302744425386,iterative_all_layers,eyeglasses,pclarc,2,0.6824614065180103,0.0,2.0,
wearing_hat,0.9046066041581737,0.9328713140372333,iterative_all_layers,eyeglasses,pclarc,2,0.9046066041581737,0.0,2.0,
wearing_lipstick,0.44270833333333337,0.39241536458333337,iterative_all_layers,eyeglasses,pclarc,2,0.421875,0.02083333333333337,2.0,
wearing_necklace,0.49288371340773085,0.5173863820152029,iterative_all_layers,eyeglasses,pclarc,2,0.5299207504447678,-0.03703703703703698,2.0,
wearing_necktie,0.5812044921633963,0.6318647414537826,iterative_all_layers,eyeglasses,pclarc,2,0.5631247686042207,0.018079723559175642,2.0,
young,0.8094048720320691,0.8880666049953747,iterative_all_layers,eyeglasses,pclarc,2,0.8066604995374653,0.0027443724946037973,2.0,
5_o_clock_shadow,0.5107758620689655,0.5608836206896551,iterative_all_layers,eyeglasses,pclarc,3,0.5193965517241379,-0.008620689655172376,2.0,
arched_eyebrows,0.5462601914214817,0.5960061443932412,iterative_all_layers,eyeglasses,pclarc,3,0.5626846272007562,-0.016424435779274438,2.0,
attractive,0.5037742504409171,0.5695238095238094,iterative_all_layers,eyeglasses,pclarc,3,0.5037742504409171,0.0,2.0,
bags_under_eyes,0.4904657132379905,0.4390355702236891,iterative_all_layers,eyeglasses,pclarc,3,0.49972497249724973,-0.009259259259259245,2.0,
bald,0.8014825442372071,0.8837876614060258,iterative_all_layers,eyeglasses,pclarc,3,0.7916786226685797,0.009803921568627416,2.0,
bangs,0.7911371237458193,0.872742474916388,iterative_all_layers,eyeglasses,pclarc,3,0.7911371237458193,0.0,2.0,
big_lips,0.48560583653751355,0.4794439514936409,iterative_all_layers,eyeglasses,pclarc,3,0.49339445923296854,-0.007788622695454994,2.0,
big_nose,0.5826967150496563,0.602113572701808,iterative_all_layers,eyeglasses,pclarc,3,0.6038961038961039,-0.021199388846447675,2.0,
black_hair,0.7624356775300172,0.8760720411663808,iterative_all_layers,eyeglasses,pclarc,3,0.7624356775300172,0.0,2.0,
blond_hair,0.8196555217831814,0.9161094224924011,iterative_all_layers,eyeglasses,pclarc,3,0.8239108409321175,-0.004255319148936176,2.0,
blurry,0.7260928961748634,0.7489754098360656,iterative_all_layers,eyeglasses,pclarc,3,0.6905737704918034,0.03551912568306004,2.0,
brown_hair,0.6776735969561082,0.8166870498709063,iterative_all_layers,eyeglasses,pclarc,3,0.6731892920233727,0.004484304932735439,2.0,
bushy_eyebrows,0.5688311688311689,0.6131601731601731,iterative_all_layers,eyeglasses,pclarc,3,0.5666666666666667,0.0021645021645022577,2.0,
chubby,0.5684389140271493,0.6803355957767723,iterative_all_layers,eyeglasses,pclarc,3,0.5684389140271493,0.0,2.0,
double_chin,0.5609794628751974,0.6576092680358083,iterative_all_layers,eyeglasses,pclarc,3,0.5791995787256451,-0.018220115850447693,2.0,
eyeglasses,0.890625,0.95343017578125,iterative_all_layers,eyeglasses,pclarc,3,0.890625,0.0,2.0,
goatee,0.6797053015342549,0.770621297280875,iterative_all_layers,eyeglasses,pclarc,3,0.6863132310496735,-0.0066079295154185536,2.0,
gray_hair,0.814978354978355,0.8822510822510822,iterative_all_layers,eyeglasses,pclarc,3,0.8106493506493506,0.0043290043290044045,2.0,
heavy_makeup,0.5415929203539823,0.5483775811209439,iterative_all_layers,eyeglasses,pclarc,3,0.5327433628318584,0.008849557522123908,2.0,
high_cheekbones,0.4763627133701377,0.37699092582016624,iterative_all_layers,eyeglasses,pclarc,3,0.47804429215051714,-0.0016815787803794446,2.0,
male,0.9733727810650887,0.9666054546691152,iterative_all_layers,eyeglasses,pclarc,3,0.9733727810650887,0.0,2.0,
mouth_slightly_open,0.545320197044335,0.5631773399014778,iterative_all_layers,eyeglasses,pclarc,3,0.5359605911330049,0.009359605911330116,2.0,
mustache,0.7126991791405118,0.8293095123128923,iterative_all_layers,eyeglasses,pclarc,3,0.7235634958957026,-0.010864316755190728,2.0,
narrow_eyes,0.5625,0.5413306451612903,iterative_all_layers,eyeglasses,pclarc,3,0.5625,0.0,2.0,
no_beard,0.5822666367243057,0.5432667115802081,iterative_all_layers,eyeglasses,pclarc,3,0.5822666367243057,0.0,2.0,
oval_face,0.48359223300970877,0.43747572815533986,iterative_all_layers,eyeglasses,pclarc,3,0.48116504854368936,0.0024271844660194164,2.0,
pale_skin,0.5334716459197787,0.6912863070539419,iterative_all_layers,eyeglasses,pclarc,3,0.5313969571230982,0.0020746887966804906,2.0,
pointy_nose,0.461506055818852,0.5054239073196419,iterative_all_layers,eyeglasses,pclarc,3,0.4527646129541864,0.008741442864665605,2.0,
receding_hairline,0.542792501616031,0.5733678086619263,iterative_all_layers,eyeglasses,pclarc,3,0.540530058177117,0.002262443438914019,2.0,
rosy_cheeks,0.6044715447154472,0.7211382113821139,iterative_all_layers,eyeglasses,pclarc,3,0.6085365853658536,-0.004065040650406471,2.0,
sideburns,0.6805194805194805,0.7840445269016697,iterative_all_layers,eyeglasses,pclarc,3,0.6846011131725418,-0.004081632653061273,2.0,
smiling,0.8455463728191002,0.9562289562289562,iterative_all_layers,eyeglasses,pclarc,3,0.8533823079277625,-0.007835935108662317,2.0,
straight_hair,0.6180344478216819,0.6066869300911854,iterative_all_layers,eyeglasses,pclarc,3,0.6095238095238096,0.008510638297872353,2.0,
wavy_hair,0.5588027858591201,0.5801816098034029,iterative_all_layers,eyeglasses,pclarc,3,0.5412589262099974,0.01754385964912275,2.0,
wearing_earrings,0.6753859348198972,0.7182675814751287,iterative_all_layers,eyeglasses,pclarc,3,0.6824614065180103,-0.007075471698113178,2.0,
wearing_hat,0.9046066041581737,0.9324636499524394,iterative_all_layers,eyeglasses,pclarc,3,0.9046066041581737,0.0,2.0,
wearing_lipstick,0.4375,0.392822265625,iterative_all_layers,eyeglasses,pclarc,3,0.421875,0.015625,2.0,
wearing_necklace,0.4907003072941938,0.5188419860908944,iterative_all_layers,eyeglasses,pclarc,3,0.5299207504447678,-0.03922044315057405,2.0,
wearing_necktie,0.5812044921633963,0.6318647414537826,iterative_all_layers,eyeglasses,pclarc,3,0.5631247686042207,0.018079723559175642,2.0,
young,0.8121492445266728,0.8880049337033611,iterative_all_layers,eyeglasses,pclarc,3,0.8066604995374653,0.0054887449892074835,2.0,
5_o_clock_shadow,0.521551724137931,0.5619612068965517,iterative_all_layers,eyeglasses,pclarc,4,0.5193965517241379,0.0021551724137931494,2.0,
arched_eyebrows,0.5485643388869196,0.5928157863641734,iterative_all_layers,eyeglasses,pclarc,4,0.5626846272007562,-0.014120288313836604,2.0,
attractive,0.5037742504409171,0.5691005291005291,iterative_all_layers,eyeglasses,pclarc,4,0.5037742504409171,0.0,2.0,
bags_under_eyes,0.49724972497249725,0.4413274660799414,iterative_all_layers,eyeglasses,pclarc,4,0.49972497249724973,-0.0024752475247524774,2.0,
bald,0.8014825442372071,0.8832137733142038,iterative_all_layers,eyeglasses,pclarc,4,0.7916786226685797,0.009803921568627416,2.0,
bangs,0.7933110367892977,0.8705685618729098,iterative_all_layers,eyeglasses,pclarc,4,0.7911371237458193,0.0021739130434783593,2.0,
big_lips,0.4705708370304643,0.4739229024943311,iterative_all_layers,eyeglasses,pclarc,4,0.49339445923296854,-0.022823622202504223,2.0,
big_nose,0.579449961802903,0.6007766743060861,iterative_all_layers,eyeglasses,pclarc,4,0.6038961038961039,-0.02444614209320095,2.0,
black_hair,0.7714408233276158,0.8740351629502573,iterative_all_layers,eyeglasses,pclarc,4,0.7624356775300172,0.00900514579759859,2.0,
blond_hair,0.8217831813576495,0.9152988855116515,iterative_all_layers,eyeglasses,pclarc,4,0.8239108409321175,-0.0021276595744680327,2.0,
blurry,0.7281420765027322,0.7407786885245902,iterative_all_layers,eyeglasses,pclarc,4,0.6905737704918034,0.037568306010928865,2.0,
brown_hair,0.6754314444897405,0.8160076097295829,iterative_all_layers,eyeglasses,pclarc,4,0.6731892920233727,0.0022421524663677195,2.0,
bushy_eyebrows,0.5623376623376624,0.6133333333333334,iterative_all_layers,eyeglasses,pclarc,4,0.5666666666666667,-0.0043290043290042934,2.0,
chubby,0.5684389140271493,0.6800527903469079,iterative_all_layers,eyeglasses,pclarc,4,0.5684389140271493,0.0,2.0,
double_chin,0.5609794628751974,0.6567667193259612,iterative_all_layers,eyeglasses,pclarc,4,0.5791995787256451,-0.018220115850447693,2.0,
eyeglasses,0.88671875,0.95355224609375,iterative_all_layers,eyeglasses,pclarc,4,0.890625,-0.00390625,2.0,
goatee,0.6819079447060611,0.7712289229834423,iterative_all_layers,eyeglasses,pclarc,4,0.6863132310496735,-0.004405286343612369,2.0,
gray_hair,0.814978354978355,0.8843290043290044,iterative_all_layers,eyeglasses,pclarc,4,0.8106493506493506,0.0043290043290044045,2.0,
heavy_makeup,0.5393805309734514,0.5491150442477876,iterative_all_layers,eyeglasses,pclarc,4,0.5327433628318584,0.006637168141592986,2.0,
high_cheekbones,0.48289866108255597,0.37845040928992957,iterative_all_layers,eyeglasses,pclarc,4,0.47804429215051714,0.004854368932038833,2.0,
male,0.9733727810650887,0.9678977079507582,iterative_all_layers,eyeglasses,pclarc,4,0.9733727810650887,0.0,2.0,
mouth_slightly_open,0.5496305418719212,0.5653940886699508,iterative_all_layers,eyeglasses,pclarc,4,0.5359605911330049,0.013669950738916303,2.0,
mustache,0.7126991791405118,0.8248430709802027,iterative_all_layers,eyeglasses,pclarc,4,0.7235634958957026,-0.010864316755190728,2.0,
narrow_eyes,0.564516129032258,0.546875,iterative_all_layers,eyeglasses,pclarc,4,0.5625,0.002016129032258007,2.0,
no_beard,0.5822666367243057,0.5439778426528932,iterative_all_layers,eyeglasses,pclarc,4,0.5822666367243057,0.0,2.0,
oval_face,0.48359223300970877,0.4367961165048544,iterative_all_layers,eyeglasses,pclarc,4,0.48116504854368936,0.0024271844660194164,2.0,
pale_skin,0.5313969571230982,0.6904564315352697,iterative_all_layers,eyeglasses,pclarc,4,0.5313969571230982,0.0,2.0,
pointy_nose,0.45913638757240655,0.5044760400210637,iterative_all_layers,eyeglasses,pclarc,4,0.4527646129541864,0.0063717746182201385,2.0,
receding_hairline,0.542792501616031,0.571945701357466,iterative_all_layers,eyeglasses,pclarc,4,0.540530058177117,0.002262443438914019,2.0,
rosy_cheeks,0.6044715447154472,0.7207317073170731,iterative_all_layers,eyeglasses,pclarc,4,0.6085365853658536,-0.004065040650406471,2.0,
sideburns,0.6805194805194805,0.7873840445269017,iterative_all_layers,eyeglasses,pclarc,4,0.6846011131725418,-0.004081632653061273,2.0,
smiling,0.8455463728191002,0.9556779920416285,iterative_all_layers,eyeglasses,pclarc,4,0.8533823079277625,-0.007835935108662317,2.0,
straight_hair,0.6375886524822695,0.6101317122593718,iterative_all_layers,eyeglasses,pclarc,4,0.6095238095238096,0.0280648429584599,2.0,
wavy_hair,0.5525434188486291,0.5805342501983601,iterative_all_layers,eyeglasses,pclarc,4,0.5412589262099974,0.011284492638631738,2.0,
wearing_earrings,0.6753859348198972,0.7131217838765009,iterative_all_layers,eyeglasses,pclarc,4,0.6824614065180103,-0.007075471698113178,2.0,
wearing_hat,0.9046066041581737,0.9321918738959097,iterative_all_layers,eyeglasses,pclarc,4,0.9046066041581737,0.0,2.0,
wearing_lipstick,0.43489583333333337,0.39265950520833337,iterative_all_layers,eyeglasses,pclarc,4,0.421875,0.01302083333333337,2.0,
wearing_necklace,0.4885169011806566,0.5173863820152029,iterative_all_layers,eyeglasses,pclarc,4,0.5299207504447678,-0.041403849264111225,2.0,
wearing_necktie,0.6015673207454029,0.63346908552388,iterative_all_layers,eyeglasses,pclarc,4,0.5631247686042207,0.038442552141182196,2.0,
young,0.8200431699044095,0.8881899475794017,iterative_all_layers,eyeglasses,pclarc,4,0.8066604995374653,0.013382670366944183,2.0,
5_o_clock_shadow,0.5258620689655172,0.5668103448275862,iterative_all_layers,eyeglasses,pclarc,5,0.5193965517241379,0.006465517241379337,2.0,
arched_eyebrows,0.5462601914214817,0.586671393123006,iterative_all_layers,eyeglasses,pclarc,5,0.5626846272007562,-0.016424435779274438,2.0,
attractive,0.50663139329806,0.5731216931216931,iterative_all_layers,eyeglasses,pclarc,5,0.5037742504409171,0.0028571428571428914,2.0,
bags_under_eyes,0.47378071140447375,0.4440777411074441,iterative_all_layers,eyeglasses,pclarc,5,0.49972497249724973,-0.025944261092775978,2.0,
bald,0.8014825442372071,0.880726924916308,iterative_all_layers,eyeglasses,pclarc,5,0.7916786226685797,0.009803921568627416,2.0,
bangs,0.7933110367892977,0.8737458193979932,iterative_all_layers,eyeglasses,pclarc,5,0.7911371237458193,0.0021739130434783593,2.0,
big_lips,0.4807749186631174,0.4784580498866213,iterative_all_layers,eyeglasses,pclarc,5,0.49339445923296854,-0.012619540569851151,2.0,
big_nose,0.571301247771836,0.5968933027756558,iterative_all_layers,eyeglasses,pclarc,5,0.6038961038961039,-0.032594856124267935,2.0,
black_hair,0.7690823327615781,0.8773584905660378,iterative_all_layers,eyeglasses,pclarc,5,0.7624356775300172,0.006646655231560938,2.0,
blond_hair,0.8196555217831814,0.9159067882472138,iterative_all_layers,eyeglasses,pclarc,5,0.8239108409321175,-0.004255319148936176,2.0,
blurry,0.6885245901639344,0.72301912568306,iterative_all_layers,eyeglasses,pclarc,5,0.6905737704918034,-0.002049180327868938,2.0,
brown_hair,0.6754314444897405,0.8130180731077593,iterative_all_layers,eyeglasses,pclarc,5,0.6731892920233727,0.0022421524663677195,2.0,
bushy_eyebrows,0.5645021645021645,0.6155844155844156,iterative_all_layers,eyeglasses,pclarc,5,0.5666666666666667,-0.0021645021645021467,2.0,
chubby,0.5708898944193062,0.6833521870286575,iterative_all_layers,eyeglasses,pclarc,5,0.5684389140271493,0.002450980392156854,2.0,
double_chin,0.5697209057398631,0.6556082148499208,iterative_all_layers,eyeglasses,pclarc,5,0.5791995787256451,-0.009478672985781977,2.0,
eyeglasses,0.88671875,0.955810546875,iterative_all_layers,eyeglasses,pclarc,5,0.890625,-0.00390625,2.0,
goatee,0.6969466808445998,0.7725960808142185,iterative_all_layers,eyeglasses,pclarc,5,0.6863132310496735,0.010633449794926308,2.0,
gray_hair,0.8084848484848486,0.8832900432900433,iterative_all_layers,eyeglasses,pclarc,5,0.8106493506493506,-0.0021645021645020357,2.0,
heavy_makeup,0.5227138643067847,0.5497050147492626,iterative_all_layers,eyeglasses,pclarc,5,0.5327433628318584,-0.010029498525073732,2.0,
high_cheekbones,0.4861666349387651,0.37673710260803345,iterative_all_layers,eyeglasses,pclarc,5,0.47804429215051714,0.008122342788247972,2.0,
male,0.9733727810650887,0.9693940012242399,iterative_all_layers,eyeglasses,pclarc,5,0.9733727810650887,0.0,2.0,
mouth_slightly_open,0.5338669950738916,0.5645935960591133,iterative_all_layers,eyeglasses,pclarc,5,0.5359605911330049,-0.0020935960591133007,2.0,
mustache,0.7104056011588604,0.8241187831965234,iterative_all_layers,eyeglasses,pclarc,5,0.7235634958957026,-0.013157894736842146,2.0,
narrow_eyes,0.564516129032258,0.5544354838709677,iterative_all_layers,eyeglasses,pclarc,5,0.5625,0.002016129032258007,2.0,
no_beard,0.5822666367243057,0.5442772662624448,iterative_all_layers,eyeglasses,pclarc,5,0.5822666367243057,0.0,2.0,
oval_face,0.4860194174757282,0.4471844660194175,iterative_all_layers,eyeglasses,pclarc,5,0.48116504854368936,0.004854368932038833,2.0,
pale_skin,0.5293222683264177,0.686030428769018,iterative_all_layers,eyeglasses,pclarc,5,0.5313969571230982,-0.0020746887966804906,2.0,
pointy_nose,0.456766719325961,0.5060558188520273,iterative_all_layers,eyeglasses,pclarc,5,0.4527646129541864,0.004002106371774616,2.0,
receding_hairline,0.5307692307692308,0.5747899159663866,iterative_all_layers,eyeglasses,pclarc,5,0.540530058177117,-0.009760827407886197,2.0,
rosy_cheeks,0.6044715447154472,0.717479674796748,iterative_all_layers,eyeglasses,pclarc,5,0.6085365853658536,-0.004065040650406471,2.0,
sideburns,0.6764378478664193,0.789239332096475,iterative_all_layers,eyeglasses,pclarc,5,0.6846011131725418,-0.008163265306122547,2.0,
smiling,0.8496786042240587,0.9553106825834099,iterative_all_layers,eyeglasses,pclarc,5,0.8533823079277625,-0.0037037037037037646,2.0,
straight_hair,0.6354609929078014,0.6115501519756839,iterative_all_layers,eyeglasses,pclarc,5,0.6095238095238096,0.02593718338399187,2.0,
wavy_hair,0.5437714890240677,0.5786828881248346,iterative_all_layers,eyeglasses,pclarc,5,0.5412589262099974,0.002512562814070307,2.0,
wearing_earrings,0.6616638078902229,0.7106560891938251,iterative_all_layers,eyeglasses,pclarc,5,0.6824614065180103,-0.020797598627787406,2.0,
wearing_hat,0.9046066041581737,0.9309688816415275,iterative_all_layers,eyeglasses,pclarc,5,0.9046066041581737,0.0,2.0,
wearing_lipstick,0.43489583333333337,0.3888346354166667,iterative_all_layers,eyeglasses,pclarc,5,0.421875,0.01302083333333337,2.0,
wearing_necklace,0.5092188258127123,0.5160925117256996,iterative_all_layers,eyeglasses,pclarc,5,0.5299207504447678,-0.020701924632055557,2.0,
wearing_necktie,0.5903369122547205,0.6316179192891522,iterative_all_layers,eyeglasses,pclarc,5,0.5631247686042207,0.027212143650499843,2.0,
young,0.815695343817453,0.8884983040394696,iterative_all_layers,eyeglasses,pclarc,5,0.8066604995374653,0.009034844279987686,2.0,
5_o_clock_shadow,0.5237068965517242,0.5633979885057472,iterative_all_layers,eyeglasses,pclarc,6,0.5193965517241379,0.004310344827586299,2.0,
arched_eyebrows,0.5439560439560439,0.5890346212926858,iterative_all_layers,eyeglasses,pclarc,6,0.5626846272007562,-0.01872858324471227,2.0,
attractive,0.50663139329806,0.5724162257495591,iterative_all_layers,eyeglasses,pclarc,6,0.5037742504409171,0.0028571428571428914,2.0,
bags_under_eyes,0.48303997066373305,0.44728639530619724,iterative_all_layers,eyeglasses,pclarc,6,0.49972497249724973,-0.016685001833516677,2.0,
bald,0.8014825442372071,0.8796747967479674,iterative_all_layers,eyeglasses,pclarc,6,0.7916786226685797,0.009803921568627416,2.0,
bangs,0.795484949832776,0.8739130434782609,iterative_all_layers,eyeglasses,pclarc,6,0.7911371237458193,0.004347826086956608,2.0,
big_lips,0.46573991915606827,0.47845804988662133,iterative_all_layers,eyeglasses,pclarc,6,0.49339445923296854,-0.02765454007690027,2.0,
big_nose,0.5680544945250827,0.5970206264323912,iterative_all_layers,eyeglasses,pclarc,6,0.6038961038961039,-0.03584160937102121,2.0,
black_hair,0.7577186963979416,0.8795025728987993,iterative_all_layers,eyeglasses,pclarc,6,0.7624356775300172,-0.004716981132075526,2.0,
blond_hair,0.8239108409321175,0.916514690982776,iterative_all_layers,eyeglasses,pclarc,6,0.8239108409321175,0.0,2.0,
blurry,0.6509562841530054,0.707308743169399,iterative_all_layers,eyeglasses,pclarc,6,0.6905737704918034,-0.039617486338797914,2.0,
brown_hair,0.6799157494224759,0.8088055442315532,iterative_all_layers,eyeglasses,pclarc,6,0.6731892920233727,0.006726457399103158,2.0,
bushy_eyebrows,0.5688311688311689,0.6200865800865801,iterative_all_layers,eyeglasses,pclarc,6,0.5666666666666667,0.0021645021645022577,2.0,
chubby,0.573340874811463,0.684106334841629,iterative_all_layers,eyeglasses,pclarc,6,0.5684389140271493,0.004901960784313708,2.0,
double_chin,0.5808320168509742,0.6591890468667719,iterative_all_layers,eyeglasses,pclarc,6,0.5791995787256451,0.0016324381253290943,2.0,
eyeglasses,0.8828125,0.95458984375,iterative_all_layers,eyeglasses,pclarc,6,0.890625,-0.0078125,2.0,
goatee,0.699149324016406,0.7703174844295915,iterative_all_layers,eyeglasses,pclarc,6,0.6863132310496735,0.012836092966732493,2.0,
gray_hair,0.8084848484848486,0.8848484848484848,iterative_all_layers,eyeglasses,pclarc,6,0.8106493506493506,-0.0021645021645020357,2.0,
heavy_makeup,0.5205014749262538,0.5514749262536873,iterative_all_layers,eyeglasses,pclarc,6,0.5327433628318584,-0.012241887905604654,2.0,
high_cheekbones,0.48775303001459486,0.37559489815343616,iterative_all_layers,eyeglasses,pclarc,6,0.47804429215051714,0.009708737864077721,2.0,
male,0.9733727810650887,0.9689179079099504,iterative_all_layers,eyeglasses,pclarc,6,0.9733727810650887,0.0,2.0,
mouth_slightly_open,0.5338669950738916,0.5675492610837438,iterative_all_layers,eyeglasses,pclarc,6,0.5359605911330049,-0.0020935960591133007,2.0,
mustache,0.7235634958957026,0.8272573635924674,iterative_all_layers,eyeglasses,pclarc,6,0.7235634958957026,0.0,2.0,
narrow_eyes,0.564516129032258,0.5509072580645161,iterative_all_layers,eyeglasses,pclarc,6,0.5625,0.002016129032258007,2.0,
no_beard,0.5795343962871473,0.5432292836290141,iterative_all_layers,eyeglasses,pclarc,6,0.5822666367243057,-0.002732240437158362,2.0,
oval_face,0.4884466019417476,0.4441747572815534,iterative_all_layers,eyeglasses,pclarc,6,0.48116504854368936,0.007281553398058249,2.0,
pale_skin,0.5293222683264177,0.6893499308437068,iterative_all_layers,eyeglasses,pclarc,6,0.5313969571230982,-0.0020746887966804906,2.0,
pointy_nose,0.45913638757240655,0.5091100579252238,iterative_all_layers,eyeglasses,pclarc,6,0.4527646129541864,0.0063717746182201385,2.0,
receding_hairline,0.5330316742081448,0.5725921137685843,iterative_all_layers,eyeglasses,pclarc,6,0.540530058177117,-0.007498383968972178,2.0,
rosy_cheeks,0.5983739837398374,0.7264227642276423,iterative_all_layers,eyeglasses,pclarc,6,0.6085365853658536,-0.010162601626016232,2.0,
sideburns,0.6764378478664193,0.7929499072356216,iterative_all_layers,eyeglasses,pclarc,6,0.6846011131725418,-0.008163265306122547,2.0,
smiling,0.8455463728191002,0.9539026629935721,iterative_all_layers,eyeglasses,pclarc,6,0.8533823079277625,-0.007835935108662317,2.0,
straight_hair,0.6073961499493414,0.604660587639311,iterative_all_layers,eyeglasses,pclarc,6,0.6095238095238096,-0.0021276595744681437,2.0,
wavy_hair,0.5500308560345588,0.5729084016574097,iterative_all_layers,eyeglasses,pclarc,6,0.5412589262099974,0.00877192982456143,2.0,
wearing_earrings,0.6479416809605489,0.7103344768439108,iterative_all_layers,eyeglasses,pclarc,6,0.6824614065180103,-0.03451972555746141,2.0,
wearing_hat,0.9046066041581737,0.930697105584998,iterative_all_layers,eyeglasses,pclarc,6,0.9046066041581737,0.0,2.0,
wearing_lipstick,0.44010416666666663,0.390869140625,iterative_all_layers,eyeglasses,pclarc,6,0.421875,0.01822916666666663,2.0,
wearing_necklace,0.48633349506711954,0.5175481158013909,iterative_all_layers,eyeglasses,pclarc,6,0.5299207504447678,-0.04358725537764829,2.0,
wearing_necktie,0.5834875971862273,0.6277921757373812,iterative_all_layers,eyeglasses,pclarc,6,0.5631247686042207,0.020362828582006665,2.0,
young,0.8192414431082331,0.8898550724637682,iterative_all_layers,eyeglasses,pclarc,6,0.8066604995374653,0.012580943570767777,2.0,
5_o_clock_shadow,0.5258620689655172,0.5698635057471264,iterative_all_layers,eyeglasses,pclarc,7,0.5193965517241379,0.006465517241379337,2.0,
arched_eyebrows,0.5462601914214817,0.5826539052345504,iterative_all_layers,eyeglasses,pclarc,7,0.5626846272007562,-0.016424435779274438,2.0,
attractive,0.5099470899470899,0.5727689594356261,iterative_all_layers,eyeglasses,pclarc,7,0.5037742504409171,0.006172839506172867,2.0,
bags_under_eyes,0.4780894756142281,0.44554455445544555,iterative_all_layers,eyeglasses,pclarc,7,0.49972497249724973,-0.021635496883021632,2.0,
bald,0.8014825442372071,0.879579148732664,iterative_all_layers,eyeglasses,pclarc,7,0.7916786226685797,0.009803921568627416,2.0,
bangs,0.7976588628762542,0.8712374581939799,iterative_all_layers,eyeglasses,pclarc,7,0.7911371237458193,0.006521739130434856,2.0,
big_lips,0.4754017549048605,0.47619047619047616,iterative_all_layers,eyeglasses,pclarc,7,0.49339445923296854,-0.017992704328108067,2.0,
big_nose,0.5680544945250827,0.5973389355742297,iterative_all_layers,eyeglasses,pclarc,7,0.6038961038961039,-0.03584160937102121,2.0,
black_hair,0.7690823327615781,0.8789665523156089,iterative_all_layers,eyeglasses,pclarc,7,0.7624356775300172,0.006646655231560938,2.0,
blond_hair,0.8196555217831814,0.918338399189463,iterative_all_layers,eyeglasses,pclarc,7,0.8239108409321175,-0.004255319148936176,2.0,
blurry,0.6530054644808744,0.706967213114754,iterative_all_layers,eyeglasses,pclarc,7,0.6905737704918034,-0.037568306010928976,2.0,
brown_hair,0.6754314444897405,0.8013317026769942,iterative_all_layers,eyeglasses,pclarc,7,0.6731892920233727,0.0022421524663677195,2.0,
bushy_eyebrows,0.5645021645021645,0.6173160173160173,iterative_all_layers,eyeglasses,pclarc,7,0.5666666666666667,-0.0021645021645021467,2.0,
chubby,0.5757918552036199,0.6846719457013575,iterative_all_layers,eyeglasses,pclarc,7,0.5684389140271493,0.007352941176470562,2.0,
double_chin,0.5879410215903107,0.6629805160610847,iterative_all_layers,eyeglasses,pclarc,7,0.5791995787256451,0.008741442864665605,2.0,
eyeglasses,0.87890625,0.9560546875,iterative_all_layers,eyeglasses,pclarc,7,0.890625,-0.01171875,2.0,
goatee,0.6841105878778673,0.7716846422603676,iterative_all_layers,eyeglasses,pclarc,7,0.6863132310496735,-0.0022026431718061845,2.0,
gray_hair,0.8106493506493506,0.8841558441558443,iterative_all_layers,eyeglasses,pclarc,7,0.8106493506493506,0.0,2.0,
heavy_makeup,0.5393805309734514,0.5522123893805309,iterative_all_layers,eyeglasses,pclarc,7,0.5327433628318584,0.006637168141592986,2.0,
high_cheekbones,0.491021003870804,0.37578526556253566,iterative_all_layers,eyeglasses,pclarc,7,0.47804429215051714,0.01297671172028686,2.0,
male,0.9733727810650887,0.9698700945385296,iterative_all_layers,eyeglasses,pclarc,7,0.9733727810650887,0.0,2.0,
mouth_slightly_open,0.5460591133004926,0.5657019704433498,iterative_all_layers,eyeglasses,pclarc,7,0.5359605911330049,0.010098522167487745,2.0,
mustache,0.725857073877354,0.8241187831965234,iterative_all_layers,eyeglasses,pclarc,7,0.7235634958957026,0.002293577981651418,2.0,
narrow_eyes,0.5625,0.5504032258064515,iterative_all_layers,eyeglasses,pclarc,7,0.5625,0.0,2.0,
no_beard,0.5768021558499887,0.5444269780672205,iterative_all_layers,eyeglasses,pclarc,7,0.5822666367243057,-0.005464480874316946,2.0,
oval_face,0.4884466019417476,0.4413592233009709,iterative_all_layers,eyeglasses,pclarc,7,0.48116504854368936,0.007281553398058249,2.0,
pale_skin,0.5313969571230982,0.6995850622406639,iterative_all_layers,eyeglasses,pclarc,7,0.5313969571230982,0.0,2.0,
pointy_nose,0.43928383359662976,0.5010005265929436,iterative_all_layers,eyeglasses,pclarc,7,0.4527646129541864,-0.01348077935755665,2.0,
receding_hairline,0.5217194570135746,0.5756948933419521,iterative_all_layers,eyeglasses,pclarc,7,0.540530058177117,-0.018810601163542384,2.0,
rosy_cheeks,0.6004065040650406,0.7219512195121951,iterative_all_layers,eyeglasses,pclarc,7,0.6085365853658536,-0.008130081300813052,2.0,
sideburns,0.6764378478664193,0.7896103896103897,iterative_all_layers,eyeglasses,pclarc,7,0.6846011131725418,-0.008163265306122547,2.0,
smiling,0.8414141414141414,0.954025099479645,iterative_all_layers,eyeglasses,pclarc,7,0.8533823079277625,-0.011968166513621092,2.0,
straight_hair,0.5835866261398176,0.6068895643363728,iterative_all_layers,eyeglasses,pclarc,7,0.6095238095238096,-0.02593718338399198,2.0,
wavy_hair,0.5550559816626994,0.575068324076523,iterative_all_layers,eyeglasses,pclarc,7,0.5412589262099974,0.013797055452702045,2.0,
wearing_earrings,0.6616638078902229,0.7102272727272728,iterative_all_layers,eyeglasses,pclarc,7,0.6824614065180103,-0.020797598627787406,2.0,
wearing_hat,0.9046066041581737,0.9328713140372333,iterative_all_layers,eyeglasses,pclarc,7,0.9046066041581737,0.0,2.0,
wearing_lipstick,0.44270833333333337,0.396728515625,iterative_all_layers,eyeglasses,pclarc,7,0.421875,0.02083333333333337,2.0,
wearing_necklace,0.49288371340773085,0.5126961022157529,iterative_all_layers,eyeglasses,pclarc,7,0.5299207504447678,-0.03703703703703698,2.0,
wearing_necktie,0.5791065037640379,0.6281624089843268,iterative_all_layers,eyeglasses,pclarc,7,0.5631247686042207,0.015981735159817267,2.0,
young,0.8192414431082331,0.8899784150477953,iterative_all_layers,eyeglasses,pclarc,7,0.8066604995374653,0.012580943570767777,2.0,
5_o_clock_shadow,0.5258620689655172,0.5723778735632183,iterative_all_layers,eyeglasses,pclarc,8,0.5193965517241379,0.006465517241379337,2.0,
arched_eyebrows,0.5462601914214817,0.5793453857969988,iterative_all_layers,eyeglasses,pclarc,8,0.5626846272007562,-0.016424435779274438,2.0,
attractive,0.5099470899470899,0.5672663139329805,iterative_all_layers,eyeglasses,pclarc,8,0.5037742504409171,0.006172839506172867,2.0,
bags_under_eyes,0.48551521818848553,0.4558122478914558,iterative_all_layers,eyeglasses,pclarc,8,0.49972497249724973,-0.0142097543087642,2.0,
bald,0.8014825442372071,0.8802486848397896,iterative_all_layers,eyeglasses,pclarc,8,0.7916786226685797,0.009803921568627416,2.0,
bangs,0.795484949832776,0.8673913043478261,iterative_all_layers,eyeglasses,pclarc,8,0.7911371237458193,0.004347826086956608,2.0,
big_lips,0.47781721384205855,0.4695849354234447,iterative_all_layers,eyeglasses,pclarc,8,0.49339445923296854,-0.015577245390909988,2.0,
big_nose,0.5599057804940157,0.5930735930735931,iterative_all_layers,eyeglasses,pclarc,8,0.6038961038961039,-0.043990323402088194,2.0,
black_hair,0.7804459691252144,0.8748927958833619,iterative_all_layers,eyeglasses,pclarc,8,0.7624356775300172,0.01801029159519718,2.0,
blond_hair,0.8196555217831814,0.9181357649442756,iterative_all_layers,eyeglasses,pclarc,8,0.8239108409321175,-0.004255319148936176,2.0,
blurry,0.6174863387978142,0.7148224043715847,iterative_all_layers,eyeglasses,pclarc,8,0.6905737704918034,-0.07308743169398912,2.0,
brown_hair,0.670947139557005,0.7958961815464058,iterative_all_layers,eyeglasses,pclarc,8,0.6731892920233727,-0.0022421524663677195,2.0,
bushy_eyebrows,0.5823376623376624,0.6121212121212122,iterative_all_layers,eyeglasses,pclarc,8,0.5666666666666667,0.015670995670995724,2.0,
chubby,0.5806938159879337,0.6875942684766214,iterative_all_layers,eyeglasses,pclarc,8,0.5684389140271493,0.012254901960784381,2.0,
double_chin,0.5903106898367562,0.668562401263823,iterative_all_layers,eyeglasses,pclarc,8,0.5791995787256451,0.011111111111111072,2.0,
eyeglasses,0.890625,0.95733642578125,iterative_all_layers,eyeglasses,pclarc,8,0.890625,0.0,2.0,
goatee,0.6969466808445998,0.7659121980859791,iterative_all_layers,eyeglasses,pclarc,8,0.6863132310496735,0.010633449794926308,2.0,
gray_hair,0.8041558441558442,0.8857142857142857,iterative_all_layers,eyeglasses,pclarc,8,0.8106493506493506,-0.00649350649350644,2.0,
heavy_makeup,0.5371681415929204,0.5535398230088496,iterative_all_layers,eyeglasses,pclarc,8,0.5327433628318584,0.004424778761061954,2.0,
high_cheekbones,0.48289866108255597,0.37489688432007107,iterative_all_layers,eyeglasses,pclarc,8,0.47804429215051714,0.004854368932038833,2.0,
male,0.9733727810650887,0.9701421478609809,iterative_all_layers,eyeglasses,pclarc,8,0.9733727810650887,0.0,2.0,
mouth_slightly_open,0.5374384236453202,0.5643472906403941,iterative_all_layers,eyeglasses,pclarc,8,0.5359605911330049,0.001477832512315369,2.0,
mustache,0.7081120231772091,0.8197730564944472,iterative_all_layers,eyeglasses,pclarc,8,0.7235634958957026,-0.015451472718493453,2.0,
narrow_eyes,0.5665322580645161,0.5398185483870968,iterative_all_layers,eyeglasses,pclarc,8,0.5625,0.0040322580645161255,2.0,
no_beard,0.578186990044165,0.5443521221648326,iterative_all_layers,eyeglasses,pclarc,8,0.5822666367243057,-0.004079646680140714,2.0,
oval_face,0.4884466019417476,0.4507766990291262,iterative_all_layers,eyeglasses,pclarc,8,0.48116504854368936,0.007281553398058249,2.0,
pale_skin,0.5334716459197787,0.6970954356846473,iterative_all_layers,eyeglasses,pclarc,8,0.5313969571230982,0.0020746887966804906,2.0,
pointy_nose,0.44328593996840443,0.4880463401790416,iterative_all_layers,eyeglasses,pclarc,8,0.4527646129541864,-0.009478672985781977,2.0,
receding_hairline,0.5262443438914027,0.5749191984486103,iterative_all_layers,eyeglasses,pclarc,8,0.540530058177117,-0.014285714285714235,2.0,
rosy_cheeks,0.6004065040650406,0.7272357723577236,iterative_all_layers,eyeglasses,pclarc,8,0.6085365853658536,-0.008130081300813052,2.0,
sideburns,0.6703153988868276,0.7948051948051947,iterative_all_layers,eyeglasses,pclarc,8,0.6846011131725418,-0.014285714285714235,2.0,
smiling,0.8414141414141414,0.955188246097337,iterative_all_layers,eyeglasses,pclarc,8,0.8533823079277625,-0.011968166513621092,2.0,
straight_hair,0.6010131712259372,0.6026342451874366,iterative_all_layers,eyeglasses,pclarc,8,0.6095238095238096,-0.008510638297872353,2.0,
wavy_hair,0.5525434188486291,0.5760380851626553,iterative_all_layers,eyeglasses,pclarc,8,0.5412589262099974,0.011284492638631738,2.0,
wearing_earrings,0.6569468267581475,0.7148370497427101,iterative_all_layers,eyeglasses,pclarc,8,0.6824614065180103,-0.02551457975986282,2.0,
wearing_hat,0.9023644516918059,0.9336866422068216,iterative_all_layers,eyeglasses,pclarc,8,0.9046066041581737,-0.0022421524663678305,2.0,
wearing_lipstick,0.42447916666666663,0.39371744791666663,iterative_all_layers,eyeglasses,pclarc,8,0.421875,0.0026041666666666297,2.0,
wearing_necklace,0.5114022319262495,0.5257965388969755,iterative_all_layers,eyeglasses,pclarc,8,0.5299207504447678,-0.01851851851851838,2.0,
wearing_necktie,0.6015673207454029,0.6297667530544243,iterative_all_layers,eyeglasses,pclarc,8,0.5631247686042207,0.038442552141182196,2.0,
young,0.8200431699044095,0.8922602528522972,iterative_all_layers,eyeglasses,pclarc,8,0.8066604995374653,0.013382670366944183,2.0,
5_o_clock_shadow,0.5280172413793103,0.5854885057471264,iterative_all_layers,eyeglasses,pclarc,9,0.5193965517241379,0.008620689655172376,2.0,
arched_eyebrows,0.5462601914214817,0.58678955453149,iterative_all_layers,eyeglasses,pclarc,9,0.5626846272007562,-0.016424435779274438,2.0,
attractive,0.5037742504409171,0.5662786596119929,iterative_all_layers,eyeglasses,pclarc,9,0.5037742504409171,0.0,2.0,
bags_under_eyes,0.4892739273927393,0.4614044737807115,iterative_all_layers,eyeglasses,pclarc,9,0.49972497249724973,-0.010451045104510448,2.0,
bald,0.8014825442372071,0.8808225729316117,iterative_all_layers,eyeglasses,pclarc,9,0.7916786226685797,0.009803921568627416,2.0,
bangs,0.7719063545150502,0.8642140468227424,iterative_all_layers,eyeglasses,pclarc,9,0.7911371237458193,-0.019230769230769162,2.0,
big_lips,0.48023267277925663,0.4704722468697624,iterative_all_layers,eyeglasses,pclarc,9,0.49339445923296854,-0.01316178645371191,2.0,
big_nose,0.555003819709702,0.5954290807231983,iterative_all_layers,eyeglasses,pclarc,9,0.6038961038961039,-0.0488922841864019,2.0,
black_hair,0.7690823327615781,0.8719982847341338,iterative_all_layers,eyeglasses,pclarc,9,0.7624356775300172,0.006646655231560938,2.0,
blond_hair,0.8175278622087132,0.9144883485309017,iterative_all_layers,eyeglasses,pclarc,9,0.8239108409321175,-0.00638297872340432,2.0,
blurry,0.6967213114754098,0.7353142076502732,iterative_all_layers,eyeglasses,pclarc,9,0.6905737704918034,0.006147540983606481,2.0,
brown_hair,0.6731892920233727,0.7903247723875526,iterative_all_layers,eyeglasses,pclarc,9,0.6731892920233727,0.0,2.0,
bushy_eyebrows,0.5801731601731601,0.6067532467532467,iterative_all_layers,eyeglasses,pclarc,9,0.5666666666666667,0.013506493506493467,2.0,
chubby,0.5782428355957767,0.685237556561086,iterative_all_layers,eyeglasses,pclarc,9,0.5684389140271493,0.009803921568627416,2.0,
double_chin,0.5808320168509742,0.6669826224328593,iterative_all_layers,eyeglasses,pclarc,9,0.5791995787256451,0.0016324381253290943,2.0,
eyeglasses,0.890625,0.9625244140625,iterative_all_layers,eyeglasses,pclarc,9,0.890625,0.0,2.0,
goatee,0.6863132310496735,0.7677350751936807,iterative_all_layers,eyeglasses,pclarc,9,0.6863132310496735,0.0,2.0,
gray_hair,0.8041558441558442,0.8864069264069264,iterative_all_layers,eyeglasses,pclarc,9,0.8106493506493506,-0.00649350649350644,2.0,
heavy_makeup,0.5327433628318584,0.5485250737463127,iterative_all_layers,eyeglasses,pclarc,9,0.5327433628318584,0.0,2.0,
high_cheekbones,0.4861666349387651,0.37895805571419505,iterative_all_layers,eyeglasses,pclarc,9,0.47804429215051714,0.008122342788247972,2.0,
male,0.9733727810650887,0.9708222811671089,iterative_all_layers,eyeglasses,pclarc,9,0.9733727810650887,0.0,2.0,
mouth_slightly_open,0.545320197044335,0.5606527093596059,iterative_all_layers,eyeglasses,pclarc,9,0.5359605911330049,0.009359605911330116,2.0,
mustache,0.7104056011588604,0.8262916465475615,iterative_all_layers,eyeglasses,pclarc,9,0.7235634958957026,-0.013157894736842146,2.0,
narrow_eyes,0.5665322580645161,0.5564516129032258,iterative_all_layers,eyeglasses,pclarc,9,0.5625,0.0040322580645161255,2.0,
no_beard,0.5507897297701924,0.5437532749457294,iterative_all_layers,eyeglasses,pclarc,9,0.5822666367243057,-0.031476906954113315,2.0,
oval_face,0.490873786407767,0.4475728155339806,iterative_all_layers,eyeglasses,pclarc,9,0.48116504854368936,0.009708737864077666,2.0,
pale_skin,0.5355463347164592,0.7073305670816045,iterative_all_layers,eyeglasses,pclarc,9,0.5313969571230982,0.004149377593360981,2.0,
pointy_nose,0.43454449710373877,0.48762506582411796,iterative_all_layers,eyeglasses,pclarc,9,0.4527646129541864,-0.018220115850447638,2.0,
receding_hairline,0.5187459599224304,0.5688429217840982,iterative_all_layers,eyeglasses,pclarc,9,0.540530058177117,-0.021784098254686524,2.0,
rosy_cheeks,0.602439024390244,0.7313008130081301,iterative_all_layers,eyeglasses,pclarc,9,0.6085365853658536,-0.0060975609756096505,2.0,
sideburns,0.6743970315398887,0.7959183673469389,iterative_all_layers,eyeglasses,pclarc,9,0.6846011131725418,-0.010204081632653073,2.0,
smiling,0.8414141414141414,0.9558616467707377,iterative_all_layers,eyeglasses,pclarc,9,0.8533823079277625,-0.011968166513621092,2.0,
straight_hair,0.6116514690982776,0.5931104356636271,iterative_all_layers,eyeglasses,pclarc,9,0.6095238095238096,0.0021276595744680327,2.0,
wavy_hair,0.5588027858591201,0.5717182403244291,iterative_all_layers,eyeglasses,pclarc,9,0.5412589262099974,0.01754385964912275,2.0,
wearing_earrings,0.6753859348198972,0.7070111492281304,iterative_all_layers,eyeglasses,pclarc,9,0.6824614065180103,-0.007075471698113178,2.0,
wearing_hat,0.8894550890066585,0.933958418263351,iterative_all_layers,eyeglasses,pclarc,9,0.9046066041581737,-0.015151515151515249,2.0,
wearing_lipstick,0.44010416666666663,0.3826497395833333,iterative_all_layers,eyeglasses,pclarc,9,0.421875,0.01822916666666663,2.0,
wearing_necklace,0.522319262493935,0.5355005660682517,iterative_all_layers,eyeglasses,pclarc,9,0.5299207504447678,-0.007601487950832819,2.0,
wearing_necktie,0.5949031223003826,0.6419844502036283,iterative_all_layers,eyeglasses,pclarc,9,0.5631247686042207,0.03177835369616189,2.0,
young,0.824390995991366,0.8916435399321616,iterative_all_layers,eyeglasses,pclarc,9,0.8066604995374653,0.01773049645390068,2.0,
5_o_clock_shadow,0.521551724137931,0.5824353448275862,iterative_all_layers,eyeglasses,pclarc,10,0.5193965517241379,0.0021551724137931494,2.0,
arched_eyebrows,0.5288313836700933,0.5895072669266218,iterative_all_layers,eyeglasses,pclarc,10,0.5626846272007562,-0.03385324353066288,2.0,
attractive,0.4947442680776014,0.5669135802469136,iterative_all_layers,eyeglasses,pclarc,10,0.5037742504409171,-0.009029982363315647,2.0,
bags_under_eyes,0.4768976897689769,0.45608727539420607,iterative_all_layers,eyeglasses,pclarc,10,0.49972497249724973,-0.022827282728272835,2.0,
bald,0.8014825442372071,0.8826398852223817,iterative_all_layers,eyeglasses,pclarc,10,0.7916786226685797,0.009803921568627416,2.0,
bangs,0.7548494983277592,0.8627090301003345,iterative_all_layers,eyeglasses,pclarc,10,0.7911371237458193,-0.03628762541806019,2.0,
big_lips,0.4880212954747116,0.4758947057083703,iterative_all_layers,eyeglasses,pclarc,10,0.49339445923296854,-0.005373163758256916,2.0,
big_nose,0.5565953654188949,0.5975299210593328,iterative_all_layers,eyeglasses,pclarc,10,0.6038961038961039,-0.04730073847720906,2.0,
black_hair,0.7804459691252144,0.8707118353344768,iterative_all_layers,eyeglasses,pclarc,10,0.7624356775300172,0.01801029159519718,2.0,
blond_hair,0.8217831813576495,0.9140830800405267,iterative_all_layers,eyeglasses,pclarc,10,0.8239108409321175,-0.0021276595744680327,2.0,
blurry,0.657103825136612,0.7383879781420766,iterative_all_layers,eyeglasses,pclarc,10,0.6905737704918034,-0.03346994535519132,2.0,
brown_hair,0.670947139557005,0.7766000815328169,iterative_all_layers,eyeglasses,pclarc,10,0.6731892920233727,-0.0022421524663677195,2.0,
bushy_eyebrows,0.5823376623376624,0.6148917748917748,iterative_all_layers,eyeglasses,pclarc,10,0.5666666666666667,0.015670995670995724,2.0,
chubby,0.5782428355957767,0.6820324283559578,iterative_all_layers,eyeglasses,pclarc,10,0.5684389140271493,0.009803921568627416,2.0,
double_chin,0.5720905739863086,0.6634017904160083,iterative_all_layers,eyeglasses,pclarc,10,0.5791995787256451,-0.007109004739336511,2.0,
eyeglasses,0.89453125,0.9649658203125,iterative_all_layers,eyeglasses,pclarc,10,0.890625,0.00390625,2.0,
goatee,0.6841105878778673,0.7662160109372627,iterative_all_layers,eyeglasses,pclarc,10,0.6863132310496735,-0.0022026431718061845,2.0,
gray_hair,0.801991341991342,0.8765367965367965,iterative_all_layers,eyeglasses,pclarc,10,0.8106493506493506,-0.008658008658008587,2.0,
heavy_makeup,0.5327433628318584,0.5631268436578172,iterative_all_layers,eyeglasses,pclarc,10,0.5327433628318584,0.0,2.0,
high_cheekbones,0.491021003870804,0.3794022463354274,iterative_all_layers,eyeglasses,pclarc,10,0.47804429215051714,0.01297671172028686,2.0,
male,0.9733727810650887,0.9705502278446576,iterative_all_layers,eyeglasses,pclarc,10,0.9733727810650887,0.0,2.0,
mouth_slightly_open,0.5539408866995074,0.5639778325123153,iterative_all_layers,eyeglasses,pclarc,10,0.5359605911330049,0.01798029556650249,2.0,
mustache,0.7304442298406567,0.8258087880251086,iterative_all_layers,eyeglasses,pclarc,10,0.7235634958957026,0.006880733944954143,2.0,
narrow_eyes,0.564516129032258,0.563508064516129,iterative_all_layers,eyeglasses,pclarc,10,0.5625,0.002016129032258007,2.0,
no_beard,0.5535219702073508,0.5377648027546972,iterative_all_layers,eyeglasses,pclarc,10,0.5822666367243057,-0.028744666516954842,2.0,
oval_face,0.49572815533980585,0.4390291262135922,iterative_all_layers,eyeglasses,pclarc,10,0.48116504854368936,0.014563106796116498,2.0,
pale_skin,0.5417704011065007,0.6904564315352697,iterative_all_layers,eyeglasses,pclarc,10,0.5313969571230982,0.010373443983402453,2.0,
pointy_nose,0.4480252764612954,0.48699315429173246,iterative_all_layers,eyeglasses,pclarc,10,0.4527646129541864,-0.004739336492890989,2.0,
receding_hairline,0.5096961861667744,0.5722042663219133,iterative_all_layers,eyeglasses,pclarc,10,0.540530058177117,-0.0308338720103426,2.0,
rosy_cheeks,0.6524390243902439,0.7398373983739838,iterative_all_layers,eyeglasses,pclarc,10,0.6085365853658536,0.04390243902439028,2.0,
sideburns,0.6682745825602969,0.7962894248608534,iterative_all_layers,eyeglasses,pclarc,10,0.6846011131725418,-0.01632653061224487,2.0,
smiling,0.8414141414141414,0.9546372819100092,iterative_all_layers,eyeglasses,pclarc,10,0.8533823079277625,-0.011968166513621092,2.0,
straight_hair,0.6010131712259372,0.5922998986828774,iterative_all_layers,eyeglasses,pclarc,10,0.6095238095238096,-0.008510638297872353,2.0,
wavy_hair,0.5362338005818567,0.5731288019042581,iterative_all_layers,eyeglasses,pclarc,10,0.5412589262099974,-0.005025125628140725,2.0,
wearing_earrings,0.6867495711835334,0.7122641509433962,iterative_all_layers,eyeglasses,pclarc,10,0.6824614065180103,0.004288164665523064,2.0,
wearing_hat,0.8894550890066585,0.9354531865742629,iterative_all_layers,eyeglasses,pclarc,10,0.9046066041581737,-0.015151515151515249,2.0,
wearing_lipstick,0.42447916666666663,0.3898111979166667,iterative_all_layers,eyeglasses,pclarc,10,0.421875,0.0026041666666666297,2.0,
wearing_necklace,0.5157690441533236,0.5364709687853793,iterative_all_layers,eyeglasses,pclarc,10,0.5299207504447678,-0.014151706291444244,2.0,
wearing_necktie,0.6400098728865852,0.6534616808589411,iterative_all_layers,eyeglasses,pclarc,10,0.5631247686042207,0.0768851042823645,2.0,
young,0.8042553191489361,0.8945420906567993,iterative_all_layers,eyeglasses,pclarc,10,0.8066604995374653,-0.0024051803885292156,2.0,
5_o_clock_shadow,0.521551724137931,0.5851293103448276,iterative_all_layers,eyeglasses,pclarc,11,0.5193965517241379,0.0021551724137931494,2.0,
arched_eyebrows,0.5288313836700933,0.6004962779156329,iterative_all_layers,eyeglasses,pclarc,11,0.5626846272007562,-0.03385324353066288,2.0,
attractive,0.4947442680776014,0.573615520282187,iterative_all_layers,eyeglasses,pclarc,11,0.5037742504409171,-0.009029982363315647,2.0,
bags_under_eyes,0.47194719471947194,0.4435735240190685,iterative_all_layers,eyeglasses,pclarc,11,0.49972497249724973,-0.02777777777777779,2.0,
bald,0.7892395982783358,0.8805356288857007,iterative_all_layers,eyeglasses,pclarc,11,0.7916786226685797,-0.0024390243902439046,2.0,
bangs,0.7548494983277592,0.8673913043478261,iterative_all_layers,eyeglasses,pclarc,11,0.7911371237458193,-0.03628762541806019,2.0,
big_lips,0.4958099181701666,0.47333136153011934,iterative_all_layers,eyeglasses,pclarc,11,0.49339445923296854,0.0024154589371980784,2.0,
big_nose,0.5549401578813343,0.5932645785586962,iterative_all_layers,eyeglasses,pclarc,11,0.6038961038961039,-0.0489559460147696,2.0,
black_hair,0.7757289879931389,0.8733919382504288,iterative_all_layers,eyeglasses,pclarc,11,0.7624356775300172,0.013293310463121766,2.0,
blond_hair,0.8217831813576495,0.9146909827760892,iterative_all_layers,eyeglasses,pclarc,11,0.8239108409321175,-0.0021276595744680327,2.0,
blurry,0.6530054644808744,0.7066256830601093,iterative_all_layers,eyeglasses,pclarc,11,0.6905737704918034,-0.037568306010928976,2.0,
brown_hair,0.6574942247587987,0.767223807582552,iterative_all_layers,eyeglasses,pclarc,11,0.6731892920233727,-0.015695067264574036,2.0,
bushy_eyebrows,0.578008658008658,0.6148917748917748,iterative_all_layers,eyeglasses,pclarc,11,0.5666666666666667,0.01134199134199132,2.0,
chubby,0.5782428355957767,0.6842948717948718,iterative_all_layers,eyeglasses,pclarc,11,0.5684389140271493,0.009803921568627416,2.0,
double_chin,0.5649815692469721,0.6725645076355978,iterative_all_layers,eyeglasses,pclarc,11,0.5791995787256451,-0.014218009478673022,2.0,
eyeglasses,0.91015625,0.9705810546875,iterative_all_layers,eyeglasses,pclarc,11,0.890625,0.01953125,2.0,
goatee,0.7057572535318244,0.7715327358347258,iterative_all_layers,eyeglasses,pclarc,11,0.6863132310496735,0.019444022482150936,2.0,
gray_hair,0.7933333333333333,0.8718614718614719,iterative_all_layers,eyeglasses,pclarc,11,0.8106493506493506,-0.017316017316017285,2.0,
heavy_makeup,0.49719764011799406,0.5722713864306784,iterative_all_layers,eyeglasses,pclarc,11,0.5327433628318584,-0.03554572271386436,2.0,
high_cheekbones,0.48289866108255597,0.3830192271083191,iterative_all_layers,eyeglasses,pclarc,11,0.47804429215051714,0.004854368932038833,2.0,
male,0.9733727810650887,0.9715024144732368,iterative_all_layers,eyeglasses,pclarc,11,0.9733727810650887,0.0,2.0,
mouth_slightly_open,0.5417487684729063,0.5645935960591133,iterative_all_layers,eyeglasses,pclarc,11,0.5359605911330049,0.005788177339901446,2.0,
mustache,0.7653307580878803,0.8389666827619507,iterative_all_layers,eyeglasses,pclarc,11,0.7235634958957026,0.041767262192177745,2.0,
narrow_eyes,0.564516129032258,0.5710685483870968,iterative_all_layers,eyeglasses,pclarc,11,0.5625,0.002016129032258007,2.0,
no_beard,0.5631035257130025,0.5398607680215586,iterative_all_layers,eyeglasses,pclarc,11,0.5822666367243057,-0.01916311101130319,2.0,
oval_face,0.490873786407767,0.4395145631067961,iterative_all_layers,eyeglasses,pclarc,11,0.48116504854368936,0.009708737864077666,2.0,
pale_skin,0.5459197786998617,0.7322268326417705,iterative_all_layers,eyeglasses,pclarc,11,0.5313969571230982,0.014522821576763545,2.0,
pointy_nose,0.4503949447077409,0.48562401263823063,iterative_all_layers,eyeglasses,pclarc,11,0.4527646129541864,-0.002369668246445522,2.0,
receding_hairline,0.5074337427278603,0.5679379444085326,iterative_all_layers,eyeglasses,pclarc,11,0.540530058177117,-0.03309631544925662,2.0,
rosy_cheeks,0.6483739837398375,0.7369918699186992,iterative_all_layers,eyeglasses,pclarc,11,0.6085365853658536,0.03983739837398381,2.0,
sideburns,0.6580705009276437,0.7940630797773655,iterative_all_layers,eyeglasses,pclarc,11,0.6846011131725418,-0.026530612244898055,2.0,
smiling,0.8496786042240587,0.9539026629935722,iterative_all_layers,eyeglasses,pclarc,11,0.8533823079277625,-0.0037037037037037646,2.0,
straight_hair,0.5772036474164133,0.5963525835866261,iterative_all_layers,eyeglasses,pclarc,11,0.6095238095238096,-0.0323201621073963,2.0,
wavy_hair,0.532486996385436,0.5663404743013313,iterative_all_layers,eyeglasses,pclarc,11,0.5412589262099974,-0.00877192982456143,2.0,
wearing_earrings,0.6985420240137221,0.736277873070326,iterative_all_layers,eyeglasses,pclarc,11,0.6824614065180103,0.01608061749571177,2.0,
wearing_hat,0.8894550890066585,0.9384427231960865,iterative_all_layers,eyeglasses,pclarc,11,0.9046066041581737,-0.015151515151515249,2.0,
wearing_lipstick,0.42447916666666663,0.392578125,iterative_all_layers,eyeglasses,pclarc,11,0.421875,0.0026041666666666297,2.0,
wearing_necklace,0.5462558628497494,0.5553938217693676,iterative_all_layers,eyeglasses,pclarc,11,0.5299207504447678,0.016335112404981533,2.0,
wearing_necktie,0.6105146242132544,0.6601258793039615,iterative_all_layers,eyeglasses,pclarc,11,0.5631247686042207,0.04738985560903375,2.0,
young,0.8216466234967622,0.8975023126734505,iterative_all_layers,eyeglasses,pclarc,11,0.8066604995374653,0.014986123959296882,2.0,
5_o_clock_shadow,0.5510057471264367,0.5959051724137931,iterative_all_layers,eyeglasses,pclarc,12,0.5193965517241379,0.031609195402298784,2.0,
arched_eyebrows,0.5357438260664067,0.6068769939737682,iterative_all_layers,eyeglasses,pclarc,12,0.5626846272007562,-0.02694080113434949,2.0,
attractive,0.4947442680776014,0.5664902998236331,iterative_all_layers,eyeglasses,pclarc,12,0.5037742504409171,-0.009029982363315647,2.0,
bags_under_eyes,0.45526219288595526,0.4207004033736707,iterative_all_layers,eyeglasses,pclarc,12,0.49972497249724973,-0.04446277961129447,2.0,
bald,0.7818747010999522,0.8831181252989001,iterative_all_layers,eyeglasses,pclarc,12,0.7916786226685797,-0.009803921568627527,2.0,
bangs,0.7740802675585284,0.8719063545150502,iterative_all_layers,eyeglasses,pclarc,12,0.7911371237458193,-0.017056856187290914,2.0,
big_lips,0.4958099181701666,0.47017647638765653,iterative_all_layers,eyeglasses,pclarc,12,0.49339445923296854,0.0024154589371980784,2.0,
big_nose,0.5549401578813343,0.5919276801629743,iterative_all_layers,eyeglasses,pclarc,12,0.6038961038961039,-0.0489559460147696,2.0,
black_hair,0.7643653516295026,0.8709262435677531,iterative_all_layers,eyeglasses,pclarc,12,0.7624356775300172,0.0019296740994854122,2.0,
blond_hair,0.8196555217831814,0.9104356636271529,iterative_all_layers,eyeglasses,pclarc,12,0.8239108409321175,-0.004255319148936176,2.0,
blurry,0.694672131147541,0.7035519125683061,iterative_all_layers,eyeglasses,pclarc,12,0.6905737704918034,0.004098360655737654,2.0,
brown_hair,0.6574942247587987,0.7702133442043756,iterative_all_layers,eyeglasses,pclarc,12,0.6731892920233727,-0.015695067264574036,2.0,
bushy_eyebrows,0.6066666666666667,0.6098701298701299,iterative_all_layers,eyeglasses,pclarc,12,0.5666666666666667,0.040000000000000036,2.0,
chubby,0.5708898944193062,0.688631221719457,iterative_all_layers,eyeglasses,pclarc,12,0.5684389140271493,0.002450980392156854,2.0,
double_chin,0.5578725645076356,0.6680358083201685,iterative_all_layers,eyeglasses,pclarc,12,0.5791995787256451,-0.021327014218009532,2.0,
eyeglasses,0.90625,0.96905517578125,iterative_all_layers,eyeglasses,pclarc,12,0.890625,0.015625,2.0,
goatee,0.7035546103600183,0.7779128057116815,iterative_all_layers,eyeglasses,pclarc,12,0.6863132310496735,0.017241379310344862,2.0,
gray_hair,0.7868398268398269,0.8694372294372295,iterative_all_layers,eyeglasses,pclarc,12,0.8106493506493506,-0.023809523809523725,2.0,
heavy_makeup,0.5393805309734514,0.5815634218289085,iterative_all_layers,eyeglasses,pclarc,12,0.5327433628318584,0.006637168141592986,2.0,
high_cheekbones,0.474776318294308,0.37902151151722824,iterative_all_layers,eyeglasses,pclarc,12,0.47804429215051714,-0.0032679738562091387,2.0,
male,0.9733727810650887,0.9727266544242671,iterative_all_layers,eyeglasses,pclarc,12,0.9733727810650887,0.0,2.0,
mouth_slightly_open,0.5496305418719212,0.5653940886699507,iterative_all_layers,eyeglasses,pclarc,12,0.5359605911330049,0.013669950738916303,2.0,
mustache,0.7413085465958474,0.8256880733944955,iterative_all_layers,eyeglasses,pclarc,12,0.7235634958957026,0.01774505070014487,2.0,
narrow_eyes,0.5685483870967742,0.548891129032258,iterative_all_layers,eyeglasses,pclarc,12,0.5625,0.006048387096774244,2.0,
no_beard,0.5672206003443372,0.5408338947526012,iterative_all_layers,eyeglasses,pclarc,12,0.5822666367243057,-0.015046036379968486,2.0,
oval_face,0.490873786407767,0.45388349514563103,iterative_all_layers,eyeglasses,pclarc,12,0.48116504854368936,0.009708737864077666,2.0,
pale_skin,0.5459197786998617,0.7396957123098202,iterative_all_layers,eyeglasses,pclarc,12,0.5313969571230982,0.014522821576763545,2.0,
pointy_nose,0.46387572406529753,0.4854133754607688,iterative_all_layers,eyeglasses,pclarc,12,0.4527646129541864,0.011111111111111127,2.0,
receding_hairline,0.5051712992889463,0.5659987071751778,iterative_all_layers,eyeglasses,pclarc,12,0.540530058177117,-0.03535875888817064,2.0,
rosy_cheeks,0.602439024390244,0.7284552845528456,iterative_all_layers,eyeglasses,pclarc,12,0.6085365853658536,-0.0060975609756096505,2.0,
sideburns,0.6601113172541744,0.7907235621521337,iterative_all_layers,eyeglasses,pclarc,12,0.6846011131725418,-0.02448979591836742,2.0,
smiling,0.8451178451178452,0.9512702785430058,iterative_all_layers,eyeglasses,pclarc,12,0.8533823079277625,-0.008264462809917328,2.0,
straight_hair,0.5793313069908814,0.5916919959473151,iterative_all_layers,eyeglasses,pclarc,12,0.6095238095238096,-0.030192502532928156,2.0,
wavy_hair,0.5437714890240677,0.5667812747950278,iterative_all_layers,eyeglasses,pclarc,12,0.5412589262099974,0.002512562814070307,2.0,
wearing_earrings,0.7075471698113207,0.7507504288164665,iterative_all_layers,eyeglasses,pclarc,12,0.6824614065180103,0.02508576329331036,2.0,
wearing_hat,0.9046066041581737,0.9427911401005572,iterative_all_layers,eyeglasses,pclarc,12,0.9046066041581737,0.0,2.0,
wearing_lipstick,0.453125,0.39249674479166663,iterative_all_layers,eyeglasses,pclarc,12,0.421875,0.03125,2.0,
wearing_necklace,0.5462558628497494,0.5492479378942261,iterative_all_layers,eyeglasses,pclarc,12,0.5299207504447678,0.016335112404981533,2.0,
wearing_necktie,0.6127977292360854,0.6470443045785511,iterative_all_layers,eyeglasses,pclarc,12,0.5631247686042207,0.04967296063186477,2.0,
young,0.8094048720320691,0.897995683009559,iterative_all_layers,eyeglasses,pclarc,12,0.8066604995374653,0.0027443724946037973,2.0,
5_o_clock_shadow,0.5423850574712643,0.583153735632184,iterative_all_layers,eyeglasses,pclarc,13,0.5193965517241379,0.02298850574712641,2.0,
arched_eyebrows,0.5288313836700933,0.6120760959470637,iterative_all_layers,eyeglasses,pclarc,13,0.5626846272007562,-0.03385324353066288,2.0,
attractive,0.4947442680776014,0.5664197530864197,iterative_all_layers,eyeglasses,pclarc,13,0.5037742504409171,-0.009029982363315647,2.0,
bags_under_eyes,0.4744224422442244,0.4273927392739274,iterative_all_layers,eyeglasses,pclarc,13,0.49972497249724973,-0.025302530253025313,2.0,
bald,0.7598278335724533,0.8818747010999521,iterative_all_layers,eyeglasses,pclarc,13,0.7916786226685797,-0.031850789096126375,2.0,
bangs,0.7719063545150502,0.8698996655518395,iterative_all_layers,eyeglasses,pclarc,13,0.7911371237458193,-0.019230769230769162,2.0,
big_lips,0.48560583653751355,0.46988070590555064,iterative_all_layers,eyeglasses,pclarc,13,0.49339445923296854,-0.007788622695454994,2.0,
big_nose,0.551693404634581,0.5928189457601223,iterative_all_layers,eyeglasses,pclarc,13,0.6038961038961039,-0.05220269926152288,2.0,
black_hair,0.755360205831904,0.8746783876500858,iterative_all_layers,eyeglasses,pclarc,13,0.7624356775300172,-0.007075471698113178,2.0,
blond_hair,0.8651469098277609,0.9152988855116515,iterative_all_layers,eyeglasses,pclarc,13,0.8239108409321175,0.04123606889564335,2.0,
blurry,0.6926229508196722,0.7069672131147542,iterative_all_layers,eyeglasses,pclarc,13,0.6905737704918034,0.002049180327868827,2.0,
brown_hair,0.6574942247587987,0.7810843864655523,iterative_all_layers,eyeglasses,pclarc,13,0.6731892920233727,-0.015695067264574036,2.0,
bushy_eyebrows,0.5866666666666667,0.6091774891774892,iterative_all_layers,eyeglasses,pclarc,13,0.5666666666666667,0.020000000000000018,2.0,
chubby,0.573340874811463,0.6855203619909502,iterative_all_layers,eyeglasses,pclarc,13,0.5684389140271493,0.004901960784313708,2.0,
double_chin,0.5531332280147446,0.664033701948394,iterative_all_layers,eyeglasses,pclarc,13,0.5791995787256451,-0.026066350710900466,2.0,
eyeglasses,0.91796875,0.96905517578125,iterative_all_layers,eyeglasses,pclarc,13,0.890625,0.02734375,2.0,
goatee,0.701351967188212,0.7739632386449947,iterative_all_layers,eyeglasses,pclarc,13,0.6863132310496735,0.015038736138538567,2.0,
gray_hair,0.7911688311688312,0.8727272727272728,iterative_all_layers,eyeglasses,pclarc,13,0.8106493506493506,-0.01948051948051943,2.0,
heavy_makeup,0.5460176991150443,0.5855457227138643,iterative_all_layers,eyeglasses,pclarc,13,0.5327433628318584,0.013274336283185861,2.0,
high_cheekbones,0.47150834443809886,0.3799733485627261,iterative_all_layers,eyeglasses,pclarc,13,0.47804429215051714,-0.006535947712418277,2.0,
male,0.9733727810650887,0.9718424811263007,iterative_all_layers,eyeglasses,pclarc,13,0.9733727810650887,0.0,2.0,
mouth_slightly_open,0.5460591133004926,0.5623768472906404,iterative_all_layers,eyeglasses,pclarc,13,0.5359605911330049,0.010098522167487745,2.0,
mustache,0.7544664413326896,0.8225494929985514,iterative_all_layers,eyeglasses,pclarc,13,0.7235634958957026,0.030902945436987017,2.0,
narrow_eyes,0.5665322580645161,0.5534274193548387,iterative_all_layers,eyeglasses,pclarc,13,0.5625,0.0040322580645161255,2.0,
no_beard,0.5576390448386855,0.5390373530952915,iterative_all_layers,eyeglasses,pclarc,13,0.5822666367243057,-0.024627591885620137,2.0,
oval_face,0.4884466019417476,0.45106796116504855,iterative_all_layers,eyeglasses,pclarc,13,0.48116504854368936,0.007281553398058249,2.0,
pale_skin,0.5459197786998617,0.7408022130013832,iterative_all_layers,eyeglasses,pclarc,13,0.5313969571230982,0.014522821576763545,2.0,
pointy_nose,0.46387572406529753,0.4846761453396524,iterative_all_layers,eyeglasses,pclarc,13,0.4527646129541864,0.011111111111111127,2.0,
receding_hairline,0.5217194570135746,0.5703943115707821,iterative_all_layers,eyeglasses,pclarc,13,0.540530058177117,-0.018810601163542384,2.0,
rosy_cheeks,0.602439024390244,0.7296747967479675,iterative_all_layers,eyeglasses,pclarc,13,0.6085365853658536,-0.0060975609756096505,2.0,
sideburns,0.6580705009276437,0.7910946196660483,iterative_all_layers,eyeglasses,pclarc,13,0.6846011131725418,-0.026530612244898055,2.0,
smiling,0.8533823079277625,0.9527395163758801,iterative_all_layers,eyeglasses,pclarc,13,0.8533823079277625,0.0,2.0,
straight_hair,0.5708206686930091,0.583789260385005,iterative_all_layers,eyeglasses,pclarc,13,0.6095238095238096,-0.03870314083080051,2.0,
wavy_hair,0.5337212377677863,0.5679273560786388,iterative_all_layers,eyeglasses,pclarc,13,0.5412589262099974,-0.007537688442211032,2.0,
wearing_earrings,0.7075471698113207,0.7576114922813036,iterative_all_layers,eyeglasses,pclarc,13,0.6824614065180103,0.02508576329331036,2.0,
wearing_hat,0.8894550890066585,0.942383476015763,iterative_all_layers,eyeglasses,pclarc,13,0.9046066041581737,-0.015151515151515249,2.0,
wearing_lipstick,0.44270833333333337,0.38826497395833337,iterative_all_layers,eyeglasses,pclarc,13,0.421875,0.02083333333333337,2.0,
wearing_necklace,0.5299207504447678,0.5534530163351123,iterative_all_layers,eyeglasses,pclarc,13,0.5299207504447678,0.0,2.0,
wearing_necktie,0.5903369122547205,0.6405035172158461,iterative_all_layers,eyeglasses,pclarc,13,0.5631247686042207,0.027212143650499843,2.0,
young,0.8259944495837188,0.8987357385137218,iterative_all_layers,eyeglasses,pclarc,13,0.8066604995374653,0.01933395004625349,2.0,
5_o_clock_shadow,0.521551724137931,0.5871048850574713,iterative_all_layers,eyeglasses,pclarc,14,0.5193965517241379,0.0021551724137931494,2.0,
arched_eyebrows,0.554472409311119,0.6126669029894837,iterative_all_layers,eyeglasses,pclarc,14,0.5626846272007562,-0.008212217889637219,2.0,
attractive,0.4976014109347443,0.5653615520282187,iterative_all_layers,eyeglasses,pclarc,14,0.5037742504409171,-0.006172839506172756,2.0,
bags_under_eyes,0.4602126879354602,0.43665199853318665,iterative_all_layers,eyeglasses,pclarc,14,0.49972497249724973,-0.03951228456178951,2.0,
bald,0.7598278335724533,0.8821616451458631,iterative_all_layers,eyeglasses,pclarc,14,0.7916786226685797,-0.031850789096126375,2.0,
bangs,0.7697324414715718,0.8725752508361204,iterative_all_layers,eyeglasses,pclarc,14,0.7911371237458193,-0.021404682274247522,2.0,
big_lips,0.4807749186631174,0.4680074928522134,iterative_all_layers,eyeglasses,pclarc,14,0.49339445923296854,-0.012619540569851151,2.0,
big_nose,0.5565953654188949,0.5943468296409472,iterative_all_layers,eyeglasses,pclarc,14,0.6038961038961039,-0.04730073847720906,2.0,
black_hair,0.7577186963979416,0.8780017152658662,iterative_all_layers,eyeglasses,pclarc,14,0.7624356775300172,-0.004716981132075526,2.0,
blond_hair,0.8608915906788247,0.9152988855116515,iterative_all_layers,eyeglasses,pclarc,14,0.8239108409321175,0.036980749746707176,2.0,
blurry,0.6926229508196722,0.7028688524590163,iterative_all_layers,eyeglasses,pclarc,14,0.6905737704918034,0.002049180327868827,2.0,
brown_hair,0.6574942247587987,0.7865199075961407,iterative_all_layers,eyeglasses,pclarc,14,0.6731892920233727,-0.015695067264574036,2.0,
bushy_eyebrows,0.6023376623376624,0.6109090909090908,iterative_all_layers,eyeglasses,pclarc,14,0.5666666666666667,0.03567099567099574,2.0,
chubby,0.5708898944193062,0.6888197586727,iterative_all_layers,eyeglasses,pclarc,14,0.5684389140271493,0.002450980392156854,2.0,
double_chin,0.5753554502369669,0.6666666666666667,iterative_all_layers,eyeglasses,pclarc,14,0.5791995787256451,-0.0038441284886782112,2.0,
eyeglasses,0.91015625,0.96807861328125,iterative_all_layers,eyeglasses,pclarc,14,0.890625,0.01953125,2.0,
goatee,0.699149324016406,0.7741151450706365,iterative_all_layers,eyeglasses,pclarc,14,0.6863132310496735,0.012836092966732493,2.0,
gray_hair,0.7976623376623377,0.8713419913419914,iterative_all_layers,eyeglasses,pclarc,14,0.8106493506493506,-0.01298701298701288,2.0,
heavy_makeup,0.5393805309734514,0.5877581120943952,iterative_all_layers,eyeglasses,pclarc,14,0.5327433628318584,0.006637168141592986,2.0,
high_cheekbones,0.474776318294308,0.3794022463354274,iterative_all_layers,eyeglasses,pclarc,14,0.47804429215051714,-0.0032679738562091387,2.0,
male,0.9733727810650887,0.9727266544242672,iterative_all_layers,eyeglasses,pclarc,14,0.9733727810650887,0.0,2.0,
mouth_slightly_open,0.5424876847290641,0.5677339901477834,iterative_all_layers,eyeglasses,pclarc,14,0.5359605911330049,0.006527093596059186,2.0,
mustache,0.739014968614196,0.8217044905842588,iterative_all_layers,eyeglasses,pclarc,14,0.7235634958957026,0.015451472718493453,2.0,
narrow_eyes,0.5725806451612903,0.5539314516129032,iterative_all_layers,eyeglasses,pclarc,14,0.5625,0.010080645161290258,2.0,
no_beard,0.5699528407814957,0.5395613444120069,iterative_all_layers,eyeglasses,pclarc,14,0.5822666367243057,-0.012313795942810013,2.0,
oval_face,0.490873786407767,0.4472815533980582,iterative_all_layers,eyeglasses,pclarc,14,0.48116504854368936,0.009708737864077666,2.0,
pale_skin,0.5438450899031813,0.7377593360995851,iterative_all_layers,eyeglasses,pclarc,14,0.5313969571230982,0.012448132780083054,2.0,
pointy_nose,0.45513428120063193,0.4813059505002633,iterative_all_layers,eyeglasses,pclarc,14,0.4527646129541864,0.002369668246445522,2.0,
receding_hairline,0.5217194570135746,0.5667744020685197,iterative_all_layers,eyeglasses,pclarc,14,0.540530058177117,-0.018810601163542384,2.0,
rosy_cheeks,0.6544715447154472,0.7333333333333333,iterative_all_layers,eyeglasses,pclarc,14,0.6085365853658536,0.045934959349593574,2.0,
sideburns,0.6641929499072357,0.7888682745825604,iterative_all_layers,eyeglasses,pclarc,14,0.6846011131725418,-0.020408163265306145,2.0,
smiling,0.8331496786042241,0.9521885521885523,iterative_all_layers,eyeglasses,pclarc,14,0.8533823079277625,-0.02023262932353842,2.0,
straight_hair,0.568693009118541,0.5716312056737589,iterative_all_layers,eyeglasses,pclarc,14,0.6095238095238096,-0.04083080040526854,2.0,
wavy_hair,0.5412589262099974,0.5649299127215023,iterative_all_layers,eyeglasses,pclarc,14,0.5412589262099974,0.0,2.0,
wearing_earrings,0.7141938250428816,0.7607204116638079,iterative_all_layers,eyeglasses,pclarc,14,0.6824614065180103,0.0317324185248713,2.0,
wearing_hat,0.8894550890066585,0.9422475879874984,iterative_all_layers,eyeglasses,pclarc,14,0.9046066041581737,-0.015151515151515249,2.0,
wearing_lipstick,0.45052083333333337,0.390625,iterative_all_layers,eyeglasses,pclarc,14,0.421875,0.02864583333333337,2.0,
wearing_necklace,0.5299207504447678,0.5550703541969918,iterative_all_layers,eyeglasses,pclarc,14,0.5299207504447678,0.0,2.0,
wearing_necktie,0.5924349006540788,0.6395162285573245,iterative_all_layers,eyeglasses,pclarc,14,0.5631247686042207,0.029310132049858106,2.0,
young,0.8295405488744989,0.900277520814061,iterative_all_layers,eyeglasses,pclarc,14,0.8066604995374653,0.02288004933703358,2.0,
5_o_clock_shadow,0.5237068965517242,0.5729166666666666,iterative_all_layers,eyeglasses,pclarc,15,0.5193965517241379,0.004310344827586299,2.0,
arched_eyebrows,0.5324353066288551,0.6048682500295404,iterative_all_layers,eyeglasses,pclarc,15,0.5626846272007562,-0.030249320571901106,2.0,
attractive,0.49142857142857144,0.5521693121693122,iterative_all_layers,eyeglasses,pclarc,15,0.5037742504409171,-0.012345679012345623,2.0,
bags_under_eyes,0.44105243857719106,0.43390172350568385,iterative_all_layers,eyeglasses,pclarc,15,0.49972497249724973,-0.05867253392005867,2.0,
bald,0.7794356767097083,0.882831181252989,iterative_all_layers,eyeglasses,pclarc,15,0.7916786226685797,-0.012242945958871432,2.0,
bangs,0.7632107023411371,0.8749163879598663,iterative_all_layers,eyeglasses,pclarc,15,0.7911371237458193,-0.027926421404682267,2.0,
big_lips,0.48319037760031547,0.46130336192447996,iterative_all_layers,eyeglasses,pclarc,15,0.49339445923296854,-0.010204081632653073,2.0,
big_nose,0.5533486121721416,0.5998854087089381,iterative_all_layers,eyeglasses,pclarc,15,0.6038961038961039,-0.050547491723962334,2.0,
black_hair,0.7690823327615781,0.8771440823327615,iterative_all_layers,eyeglasses,pclarc,15,0.7624356775300172,0.006646655231560938,2.0,
blond_hair,0.841337386018237,0.9152988855116515,iterative_all_layers,eyeglasses,pclarc,15,0.8239108409321175,0.017426545086119516,2.0,
blurry,0.6407103825136612,0.6939890710382514,iterative_all_layers,eyeglasses,pclarc,15,0.6905737704918034,-0.04986338797814216,2.0,
brown_hair,0.640100557140916,0.8003804864791412,iterative_all_layers,eyeglasses,pclarc,15,0.6731892920233727,-0.03308873488245678,2.0,
bushy_eyebrows,0.6066666666666667,0.6128138528138529,iterative_all_layers,eyeglasses,pclarc,15,0.5666666666666667,0.040000000000000036,2.0,
chubby,0.5708898944193062,0.6911764705882353,iterative_all_layers,eyeglasses,pclarc,15,0.5684389140271493,0.002450980392156854,2.0,
double_chin,0.5840968931016324,0.6624539231174301,iterative_all_layers,eyeglasses,pclarc,15,0.5791995787256451,0.004897314375987283,2.0,
eyeglasses,0.91015625,0.96722412109375,iterative_all_layers,eyeglasses,pclarc,15,0.890625,0.01953125,2.0,
goatee,0.699149324016406,0.773659425793711,iterative_all_layers,eyeglasses,pclarc,15,0.6863132310496735,0.012836092966732493,2.0,
gray_hair,0.7933333333333333,0.8692640692640693,iterative_all_layers,eyeglasses,pclarc,15,0.8106493506493506,-0.017316017316017285,2.0,
heavy_makeup,0.5415929203539823,0.575811209439528,iterative_all_layers,eyeglasses,pclarc,15,0.5327433628318584,0.008849557522123908,2.0,
high_cheekbones,0.4763627133701377,0.37381813566850686,iterative_all_layers,eyeglasses,pclarc,15,0.47804429215051714,-0.0016815787803794446,2.0,
male,0.9733727810650887,0.9723865877712031,iterative_all_layers,eyeglasses,pclarc,15,0.9733727810650887,0.0,2.0,
mouth_slightly_open,0.5411330049261084,0.560283251231527,iterative_all_layers,eyeglasses,pclarc,15,0.5359605911330049,0.005172413793103514,2.0,
mustache,0.7281506518590053,0.8250845002414293,iterative_all_layers,eyeglasses,pclarc,15,0.7235634958957026,0.004587155963302725,2.0,
narrow_eyes,0.560483870967742,0.5680443548387096,iterative_all_layers,eyeglasses,pclarc,15,0.5625,-0.002016129032258007,2.0,
no_beard,0.5617561194700202,0.5382887940714126,iterative_all_layers,eyeglasses,pclarc,15,0.5822666367243057,-0.020510517254285432,2.0,
oval_face,0.48330097087378643,0.45,iterative_all_layers,eyeglasses,pclarc,15,0.48116504854368936,0.002135922330097073,2.0,
pale_skin,0.5459197786998617,0.7659751037344398,iterative_all_layers,eyeglasses,pclarc,15,0.5313969571230982,0.014522821576763545,2.0,
pointy_nose,0.4646129541864139,0.48688783570300154,iterative_all_layers,eyeglasses,pclarc,15,0.4527646129541864,0.0118483412322275,2.0,
receding_hairline,0.5210084033613445,0.5640594699418229,iterative_all_layers,eyeglasses,pclarc,15,0.540530058177117,-0.019521654815772504,2.0,
rosy_cheeks,0.6004065040650406,0.7219512195121951,iterative_all_layers,eyeglasses,pclarc,15,0.6085365853658536,-0.008130081300813052,2.0,
sideburns,0.6519480519480519,0.7884972170686457,iterative_all_layers,eyeglasses,pclarc,15,0.6846011131725418,-0.032653061224489854,2.0,
smiling,0.8368533823079277,0.9526170798898073,iterative_all_layers,eyeglasses,pclarc,15,0.8533823079277625,-0.016528925619834767,2.0,
straight_hair,0.596757852077001,0.5771023302938196,iterative_all_layers,eyeglasses,pclarc,15,0.6095238095238096,-0.012765957446808529,2.0,
wavy_hair,0.5462840518381381,0.5556731023538747,iterative_all_layers,eyeglasses,pclarc,15,0.5412589262099974,0.005025125628140725,2.0,
wearing_earrings,0.7302744425385934,0.7685463121783876,iterative_all_layers,eyeglasses,pclarc,15,0.6824614065180103,0.047813036020583066,2.0,
wearing_hat,0.8894550890066585,0.9495855415137927,iterative_all_layers,eyeglasses,pclarc,15,0.9046066041581737,-0.015151515151515249,2.0,
wearing_lipstick,0.42447916666666663,0.3981119791666667,iterative_all_layers,eyeglasses,pclarc,15,0.421875,0.0026041666666666297,2.0,
wearing_necklace,0.5277373443312308,0.5474688662461589,iterative_all_layers,eyeglasses,pclarc,15,0.5299207504447678,-0.0021834061135370675,2.0,
wearing_necktie,0.6443909663087746,0.6460570159200296,iterative_all_layers,eyeglasses,pclarc,15,0.5631247686042207,0.0812661977045539,2.0,
young,0.8259944495837188,0.9004008633980882,iterative_all_layers,eyeglasses,pclarc,15,0.8066604995374653,0.01933395004625349,2.0,
5_o_clock_shadow,0.5488505747126436,0.5851293103448275,iterative_all_layers,eyeglasses,pclarc,16,0.5193965517241379,0.029454022988505746,2.0,
arched_eyebrows,0.5498641143802434,0.6104218362282878,iterative_all_layers,eyeglasses,pclarc,16,0.5626846272007562,-0.012820512820512775,2.0,
attractive,0.4942857142857143,0.5604232804232804,iterative_all_layers,eyeglasses,pclarc,16,0.5037742504409171,-0.009488536155202787,2.0,
bags_under_eyes,0.47625595892922623,0.42528419508617527,iterative_all_layers,eyeglasses,pclarc,16,0.49972497249724973,-0.0234690135680235,2.0,
bald,0.7696317551410808,0.8814921090387374,iterative_all_layers,eyeglasses,pclarc,16,0.7916786226685797,-0.022046867527498848,2.0,
bangs,0.7846153846153847,0.8697324414715719,iterative_all_layers,eyeglasses,pclarc,16,0.7911371237458193,-0.006521739130434634,2.0,
big_lips,0.4783594597259193,0.46712018140589573,iterative_all_layers,eyeglasses,pclarc,16,0.49339445923296854,-0.01503499950704923,2.0,
big_nose,0.555003819709702,0.5910364145658263,iterative_all_layers,eyeglasses,pclarc,16,0.6038961038961039,-0.0488922841864019,2.0,
black_hair,0.7828044596912521,0.8780017152658662,iterative_all_layers,eyeglasses,pclarc,16,0.7624356775300172,0.020368782161234944,2.0,
blond_hair,0.8434650455927051,0.9203647416413374,iterative_all_layers,eyeglasses,pclarc,16,0.8239108409321175,0.01955420466058755,2.0,
blurry,0.5949453551912568,0.6878415300546448,iterative_all_layers,eyeglasses,pclarc,16,0.6905737704918034,-0.09562841530054655,2.0,
brown_hair,0.6557956244054899,0.8081261040902297,iterative_all_layers,eyeglasses,pclarc,16,0.6731892920233727,-0.017393667617882858,2.0,
bushy_eyebrows,0.6088311688311688,0.6019047619047619,iterative_all_layers,eyeglasses,pclarc,16,0.5666666666666667,0.04216450216450218,2.0,
chubby,0.5780542986425339,0.690893665158371,iterative_all_layers,eyeglasses,pclarc,16,0.5684389140271493,0.009615384615384581,2.0,
double_chin,0.5483938915218536,0.6548709847288046,iterative_all_layers,eyeglasses,pclarc,16,0.5791995787256451,-0.03080568720379151,2.0,
eyeglasses,0.890625,0.96051025390625,iterative_all_layers,eyeglasses,pclarc,16,0.890625,0.0,2.0,
goatee,0.7057572535318244,0.776849460732189,iterative_all_layers,eyeglasses,pclarc,16,0.6863132310496735,0.019444022482150936,2.0,
gray_hair,0.7976623376623377,0.8683982683982683,iterative_all_layers,eyeglasses,pclarc,16,0.8106493506493506,-0.01298701298701288,2.0,
heavy_makeup,0.5327433628318584,0.570353982300885,iterative_all_layers,eyeglasses,pclarc,16,0.5327433628318584,0.0,2.0,
high_cheekbones,0.474776318294308,0.3743257820927724,iterative_all_layers,eyeglasses,pclarc,16,0.47804429215051714,-0.0032679738562091387,2.0,
male,0.9733727810650887,0.97109433448956,iterative_all_layers,eyeglasses,pclarc,16,0.9733727810650887,0.0,2.0,
mouth_slightly_open,0.5482758620689655,0.5608374384236453,iterative_all_layers,eyeglasses,pclarc,16,0.5359605911330049,0.012315270935960632,2.0,
mustache,0.7126991791405118,0.8337759536455819,iterative_all_layers,eyeglasses,pclarc,16,0.7235634958957026,-0.010864316755190728,2.0,
narrow_eyes,0.5685483870967742,0.5383064516129032,iterative_all_layers,eyeglasses,pclarc,16,0.5625,0.006048387096774244,2.0,
no_beard,0.5686054345385134,0.5361928288045512,iterative_all_layers,eyeglasses,pclarc,16,0.5822666367243057,-0.013661202185792254,2.0,
oval_face,0.49330097087378644,0.4623300970873786,iterative_all_layers,eyeglasses,pclarc,16,0.48116504854368936,0.012135922330097082,2.0,
pale_skin,0.5459197786998617,0.75850622406639,iterative_all_layers,eyeglasses,pclarc,16,0.5313969571230982,0.014522821576763545,2.0,
pointy_nose,0.45113217482885726,0.48751974723538705,iterative_all_layers,eyeglasses,pclarc,16,0.4527646129541864,-0.0016324381253291498,2.0,
receding_hairline,0.5232708468002585,0.5645765998707176,iterative_all_layers,eyeglasses,pclarc,16,0.540530058177117,-0.017259211376858485,2.0,
rosy_cheeks,0.6065040650406504,0.7223577235772358,iterative_all_layers,eyeglasses,pclarc,16,0.6085365853658536,-0.002032520325203291,2.0,
sideburns,0.6682745825602969,0.7944341372912802,iterative_all_layers,eyeglasses,pclarc,16,0.6846011131725418,-0.01632653061224487,2.0,
smiling,0.8331496786042241,0.9521885521885523,iterative_all_layers,eyeglasses,pclarc,16,0.8533823079277625,-0.02023262932353842,2.0,
straight_hair,0.5988855116514691,0.5714285714285714,iterative_all_layers,eyeglasses,pclarc,16,0.6095238095238096,-0.010638297872340496,2.0,
wavy_hair,0.5437714890240677,0.5556731023538746,iterative_all_layers,eyeglasses,pclarc,16,0.5412589262099974,0.002512562814070307,2.0,
wearing_earrings,0.7397084048027445,0.7783018867924528,iterative_all_layers,eyeglasses,pclarc,16,0.6824614065180103,0.05724699828473412,2.0,
wearing_hat,0.9023644516918059,0.9490419894007339,iterative_all_layers,eyeglasses,pclarc,16,0.9046066041581737,-0.0022421524663678305,2.0,
wearing_lipstick,0.4140625,0.40649414062500006,iterative_all_layers,eyeglasses,pclarc,16,0.421875,-0.0078125,2.0,
wearing_necklace,0.5342875626718422,0.5477923338185346,iterative_all_layers,eyeglasses,pclarc,16,0.5299207504447678,0.004366812227074357,2.0,
wearing_necktie,0.6263112427495989,0.623102554609404,iterative_all_layers,eyeglasses,pclarc,16,0.5631247686042207,0.06318647414537826,2.0,
young,0.824390995991366,0.9024360160345359,iterative_all_layers,eyeglasses,pclarc,16,0.8066604995374653,0.01773049645390068,2.0,
5_o_clock_shadow,0.5445402298850575,0.5836925287356323,iterative_all_layers,eyeglasses,pclarc,17,0.5193965517241379,0.025143678160919558,2.0,
arched_eyebrows,0.5498641143802434,0.630391114262082,iterative_all_layers,eyeglasses,pclarc,17,0.5626846272007562,-0.012820512820512775,2.0,
attractive,0.4942857142857143,0.5525925925925926,iterative_all_layers,eyeglasses,pclarc,17,0.5037742504409171,-0.009488536155202787,2.0,
bags_under_eyes,0.4725889255592226,0.4273010634396773,iterative_all_layers,eyeglasses,pclarc,17,0.49972497249724973,-0.027136046938027125,2.0,
bald,0.7794356767097083,0.8800573888091823,iterative_all_layers,eyeglasses,pclarc,17,0.7916786226685797,-0.012242945958871432,2.0,
bangs,0.7737458193979934,0.8705685618729098,iterative_all_layers,eyeglasses,pclarc,17,0.7911371237458193,-0.017391304347825987,2.0,
big_lips,0.4904367544119097,0.4657399191560682,iterative_all_layers,eyeglasses,pclarc,17,0.49339445923296854,-0.0029577048210588375,2.0,
big_nose,0.5387063916475682,0.5879806468041762,iterative_all_layers,eyeglasses,pclarc,17,0.6038961038961039,-0.06518971224853576,2.0,
black_hair,0.7780874785591767,0.8772512864493996,iterative_all_layers,eyeglasses,pclarc,17,0.7624356775300172,0.01565180102915953,2.0,
blond_hair,0.8519756838905774,0.9207700101317122,iterative_all_layers,eyeglasses,pclarc,17,0.8239108409321175,0.0280648429584599,2.0,
blurry,0.555327868852459,0.6813524590163934,iterative_all_layers,eyeglasses,pclarc,17,0.6905737704918034,-0.13524590163934436,2.0,
brown_hair,0.6513113194727544,0.8108438646555238,iterative_all_layers,eyeglasses,pclarc,17,0.6731892920233727,-0.021877972550618296,2.0,
bushy_eyebrows,0.590995670995671,0.6017316017316017,iterative_all_layers,eyeglasses,pclarc,17,0.5666666666666667,0.02432900432900431,2.0,
chubby,0.5805052790346907,0.6845776772247361,iterative_all_layers,eyeglasses,pclarc,17,0.5684389140271493,0.012066365007541435,2.0,
double_chin,0.5372827804107425,0.6439178515007898,iterative_all_layers,eyeglasses,pclarc,17,0.5791995787256451,-0.04191679831490258,2.0,
eyeglasses,0.90625,0.96282958984375,iterative_all_layers,eyeglasses,pclarc,17,0.890625,0.015625,2.0,
goatee,0.6819079447060611,0.7891538812091752,iterative_all_layers,eyeglasses,pclarc,17,0.6863132310496735,-0.004405286343612369,2.0,
gray_hair,0.7933333333333333,0.8685714285714285,iterative_all_layers,eyeglasses,pclarc,17,0.8106493506493506,-0.017316017316017285,2.0,
heavy_makeup,0.5182890855457227,0.5349557522123893,iterative_all_layers,eyeglasses,pclarc,17,0.5327433628318584,-0.014454277286135686,2.0,
high_cheekbones,0.4763627133701377,0.38276540389618635,iterative_all_layers,eyeglasses,pclarc,17,0.47804429215051714,-0.0016815787803794446,2.0,
male,0.9733727810650887,0.9730667210773312,iterative_all_layers,eyeglasses,pclarc,17,0.9733727810650887,0.0,2.0,
mouth_slightly_open,0.5360837438423646,0.5616071428571429,iterative_all_layers,eyeglasses,pclarc,17,0.5359605911330049,0.00012315270935969735,2.0,
mustache,0.7367213906325447,0.8316030902945437,iterative_all_layers,eyeglasses,pclarc,17,0.7235634958957026,0.013157894736842146,2.0,
narrow_eyes,0.5584677419354839,0.548891129032258,iterative_all_layers,eyeglasses,pclarc,17,0.5625,-0.0040322580645161255,2.0,
no_beard,0.5726850812186541,0.5406841829478255,iterative_all_layers,eyeglasses,pclarc,17,0.5822666367243057,-0.00958155550565154,2.0,
oval_face,0.49572815533980585,0.4624271844660194,iterative_all_layers,eyeglasses,pclarc,17,0.48116504854368936,0.014563106796116498,2.0,
pale_skin,0.5459197786998617,0.7549100968188105,iterative_all_layers,eyeglasses,pclarc,17,0.5313969571230982,0.014522821576763545,2.0,
pointy_nose,0.44639283833596627,0.486361242759347,iterative_all_layers,eyeglasses,pclarc,17,0.4527646129541864,-0.0063717746182201385,2.0,
receding_hairline,0.5285067873303168,0.5672915319974143,iterative_all_layers,eyeglasses,pclarc,17,0.540530058177117,-0.012023270846800216,2.0,
rosy_cheeks,0.6585365853658536,0.7414634146341463,iterative_all_layers,eyeglasses,pclarc,17,0.6085365853658536,0.04999999999999993,2.0,
sideburns,0.6662337662337663,0.8051948051948052,iterative_all_layers,eyeglasses,pclarc,17,0.6846011131725418,-0.01836734693877551,2.0,
smiling,0.8455463728191002,0.9447199265381083,iterative_all_layers,eyeglasses,pclarc,17,0.8533823079277625,-0.007835935108662317,2.0,
straight_hair,0.5925025329280649,0.574062816616008,iterative_all_layers,eyeglasses,pclarc,17,0.6095238095238096,-0.017021276595744705,2.0,
wavy_hair,0.5437714890240677,0.5613153486731906,iterative_all_layers,eyeglasses,pclarc,17,0.5412589262099974,0.002512562814070307,2.0,
wearing_earrings,0.728344768439108,0.7740137221269296,iterative_all_layers,eyeglasses,pclarc,17,0.6824614065180103,0.045883361921097654,2.0,
wearing_hat,0.884970784073923,0.9521674140508221,iterative_all_layers,eyeglasses,pclarc,17,0.9046066041581737,-0.019635820084250688,2.0,
wearing_lipstick,0.42447916666666663,0.39876302083333337,iterative_all_layers,eyeglasses,pclarc,17,0.421875,0.0026041666666666297,2.0,
wearing_necklace,0.5364709687853793,0.5474688662461588,iterative_all_layers,eyeglasses,pclarc,17,0.5299207504447678,0.0065502183406114245,2.0,
wearing_necktie,0.603850425768234,0.6337159076885105,iterative_all_layers,eyeglasses,pclarc,17,0.5631247686042207,0.04072565716401333,2.0,
young,0.8145544249152019,0.8991674375578168,iterative_all_layers,eyeglasses,pclarc,17,0.8066604995374653,0.007893925377736588,2.0,
5_o_clock_shadow,0.5423850574712643,0.5887212643678161,iterative_all_layers,eyeglasses,pclarc,18,0.5193965517241379,0.02298850574712641,2.0,
arched_eyebrows,0.5567765567765568,0.6418527708850289,iterative_all_layers,eyeglasses,pclarc,18,0.5626846272007562,-0.005908070424199385,2.0,
attractive,0.4942857142857143,0.5515343915343915,iterative_all_layers,eyeglasses,pclarc,18,0.5037742504409171,-0.009488536155202787,2.0,
bags_under_eyes,0.4466446644664467,0.43454345434543457,iterative_all_layers,eyeglasses,pclarc,18,0.49972497249724973,-0.05308030803080305,2.0,
bald,0.7794356767097083,0.8766140602582495,iterative_all_layers,eyeglasses,pclarc,18,0.7916786226685797,-0.012242945958871432,2.0,
bangs,0.7802675585284281,0.8695652173913044,iterative_all_layers,eyeglasses,pclarc,18,0.7911371237458193,-0.010869565217391242,2.0,
big_lips,0.5035985408656216,0.48033126293995865,iterative_all_layers,eyeglasses,pclarc,18,0.49339445923296854,0.010204081632653073,2.0,
big_nose,0.5419531448943213,0.5863891010949835,iterative_all_layers,eyeglasses,pclarc,18,0.6038961038961039,-0.061942959001782594,2.0,
black_hair,0.8078902229845626,0.8733919382504288,iterative_all_layers,eyeglasses,pclarc,18,0.7624356775300172,0.045454545454545414,2.0,
blond_hair,0.8519756838905774,0.9138804457953393,iterative_all_layers,eyeglasses,pclarc,18,0.8239108409321175,0.0280648429584599,2.0,
blurry,0.6468579234972678,0.7028688524590165,iterative_all_layers,eyeglasses,pclarc,18,0.6905737704918034,-0.04371584699453557,2.0,
brown_hair,0.6406441092539747,0.795760293518141,iterative_all_layers,eyeglasses,pclarc,18,0.6731892920233727,-0.032545182769397996,2.0,
bushy_eyebrows,0.5688311688311689,0.5932467532467534,iterative_all_layers,eyeglasses,pclarc,18,0.5666666666666667,0.0021645021645022577,2.0,
chubby,0.5708898944193062,0.686368778280543,iterative_all_layers,eyeglasses,pclarc,18,0.5684389140271493,0.002450980392156854,2.0,
double_chin,0.5389152185360716,0.6486571879936808,iterative_all_layers,eyeglasses,pclarc,18,0.5791995787256451,-0.04028436018957349,2.0,
eyeglasses,0.91015625,0.961181640625,iterative_all_layers,eyeglasses,pclarc,18,0.890625,0.01953125,2.0,
goatee,0.6863132310496735,0.7994835181528178,iterative_all_layers,eyeglasses,pclarc,18,0.6863132310496735,0.0,2.0,
gray_hair,0.7976623376623377,0.8661471861471861,iterative_all_layers,eyeglasses,pclarc,18,0.8106493506493506,-0.01298701298701288,2.0,
heavy_makeup,0.4905604719764012,0.5371681415929204,iterative_all_layers,eyeglasses,pclarc,18,0.5327433628318584,-0.042182890855457233,2.0,
high_cheekbones,0.4860714512342154,0.3781331302747637,iterative_all_layers,eyeglasses,pclarc,18,0.47804429215051714,0.008027159083698276,2.0,
male,0.9733727810650887,0.9730667210773312,iterative_all_layers,eyeglasses,pclarc,18,0.9733727810650887,0.0,2.0,
mouth_slightly_open,0.5439655172413793,0.5626231527093596,iterative_all_layers,eyeglasses,pclarc,18,0.5359605911330049,0.008004926108374444,2.0,
mustache,0.7235634958957026,0.8378802510864317,iterative_all_layers,eyeglasses,pclarc,18,0.7235634958957026,0.0,2.0,
narrow_eyes,0.5483870967741935,0.5372983870967742,iterative_all_layers,eyeglasses,pclarc,18,0.5625,-0.014112903225806495,2.0,
no_beard,0.5863837113556404,0.5405344711430496,iterative_all_layers,eyeglasses,pclarc,18,0.5822666367243057,0.004117074631334705,2.0,
oval_face,0.49815533980582527,0.48475728155339803,iterative_all_layers,eyeglasses,pclarc,18,0.48116504854368936,0.016990291262135915,2.0,
pale_skin,0.5396957123098202,0.7383125864453666,iterative_all_layers,eyeglasses,pclarc,18,0.5313969571230982,0.008298755186721962,2.0,
pointy_nose,0.45113217482885726,0.4942601369141653,iterative_all_layers,eyeglasses,pclarc,18,0.4527646129541864,-0.0016324381253291498,2.0,
receding_hairline,0.5187459599224304,0.56289592760181,iterative_all_layers,eyeglasses,pclarc,18,0.540530058177117,-0.021784098254686524,2.0,
rosy_cheeks,0.7004065040650407,0.7508130081300813,iterative_all_layers,eyeglasses,pclarc,18,0.6085365853658536,0.09186991869918704,2.0,
sideburns,0.662152133580705,0.8096474953617813,iterative_all_layers,eyeglasses,pclarc,18,0.6846011131725418,-0.022448979591836782,2.0,
smiling,0.8248852157943067,0.944230180593817,iterative_all_layers,eyeglasses,pclarc,18,0.8533823079277625,-0.028497092133455748,2.0,
straight_hair,0.568693009118541,0.5801418439716313,iterative_all_layers,eyeglasses,pclarc,18,0.6095238095238096,-0.04083080040526854,2.0,
wavy_hair,0.5462840518381381,0.5686326368685533,iterative_all_layers,eyeglasses,pclarc,18,0.5412589262099974,0.005025125628140725,2.0,
wearing_earrings,0.7075471698113207,0.7726200686106346,iterative_all_layers,eyeglasses,pclarc,18,0.6824614065180103,0.02508576329331036,2.0,
wearing_hat,0.8978801467590706,0.9505367577116457,iterative_all_layers,eyeglasses,pclarc,18,0.9046066041581737,-0.006726457399103158,2.0,
wearing_lipstick,0.40625,0.3929036458333333,iterative_all_layers,eyeglasses,pclarc,18,0.421875,-0.015625,2.0,
wearing_necklace,0.5756914119359534,0.5722141355329128,iterative_all_layers,eyeglasses,pclarc,18,0.5299207504447678,0.04577066149118558,2.0,
wearing_necktie,0.5655929902505246,0.6063186474145379,iterative_all_layers,eyeglasses,pclarc,18,0.5631247686042207,0.002468221646303892,2.0,
young,0.8039161270428615,0.9029293863706445,iterative_all_layers,eyeglasses,pclarc,18,0.8066604995374653,-0.0027443724946037973,2.0,
5_o_clock_shadow,0.5510057471264367,0.573455459770115,iterative_all_layers,eyeglasses,pclarc,19,0.5193965517241379,0.031609195402298784,2.0,
arched_eyebrows,0.5449604159281579,0.6309819213045019,iterative_all_layers,eyeglasses,pclarc,19,0.5626846272007562,-0.017724211272598267,2.0,
attractive,0.49714285714285716,0.5202821869488535,iterative_all_layers,eyeglasses,pclarc,19,0.5037742504409171,-0.0066313932980598955,2.0,
bags_under_eyes,0.4904657132379905,0.42546754675467546,iterative_all_layers,eyeglasses,pclarc,19,0.49972497249724973,-0.009259259259259245,2.0,
bald,0.7769966523194644,0.8797704447632712,iterative_all_layers,eyeglasses,pclarc,19,0.7916786226685797,-0.014681970349115336,2.0,
bangs,0.7566889632107023,0.8585284280936455,iterative_all_layers,eyeglasses,pclarc,19,0.7911371237458193,-0.03444816053511701,2.0,
big_lips,0.4826481317164547,0.4863452627427783,iterative_all_layers,eyeglasses,pclarc,19,0.49339445923296854,-0.010746327516513832,2.0,
big_nose,0.5549401578813343,0.580977845683728,iterative_all_layers,eyeglasses,pclarc,19,0.6038961038961039,-0.0489559460147696,2.0,
black_hair,0.7373499142367066,0.8620283018867925,iterative_all_layers,eyeglasses,pclarc,19,0.7624356775300172,-0.02508576329331058,2.0,
blond_hair,0.8175278622087132,0.9051671732522796,iterative_all_layers,eyeglasses,pclarc,19,0.8239108409321175,-0.00638297872340432,2.0,
blurry,0.5157103825136612,0.6786202185792349,iterative_all_layers,eyeglasses,pclarc,19,0.6905737704918034,-0.17486338797814216,2.0,
brown_hair,0.6473705666530778,0.7893735561896997,iterative_all_layers,eyeglasses,pclarc,19,0.6731892920233727,-0.025818725370294948,2.0,
bushy_eyebrows,0.5915151515151515,0.6027705627705627,iterative_all_layers,eyeglasses,pclarc,19,0.5666666666666667,0.024848484848484897,2.0,
chubby,0.571078431372549,0.6864630467571644,iterative_all_layers,eyeglasses,pclarc,19,0.5684389140271493,0.002639517345399689,2.0,
double_chin,0.5318062137967351,0.6317008952080042,iterative_all_layers,eyeglasses,pclarc,19,0.5791995787256451,-0.04739336492891,2.0,
eyeglasses,0.91015625,0.96295166015625,iterative_all_layers,eyeglasses,pclarc,19,0.890625,0.01953125,2.0,
goatee,0.675679781254747,0.8002430502810269,iterative_all_layers,eyeglasses,pclarc,19,0.6863132310496735,-0.01063344979492642,2.0,
gray_hair,0.8128138528138529,0.8729004329004328,iterative_all_layers,eyeglasses,pclarc,19,0.8106493506493506,0.0021645021645022577,2.0,
heavy_makeup,0.48392330383480825,0.5091445427728614,iterative_all_layers,eyeglasses,pclarc,19,0.5327433628318584,-0.048820058997050164,2.0,
high_cheekbones,0.4779491084459674,0.3848594453962815,iterative_all_layers,eyeglasses,pclarc,19,0.47804429215051714,-9.518370454975056e-05,2.0,
male,0.9733727810650887,0.9734067877303951,iterative_all_layers,eyeglasses,pclarc,19,0.9733727810650887,0.0,2.0,
mouth_slightly_open,0.5676108374384237,0.5916256157635468,iterative_all_layers,eyeglasses,pclarc,19,0.5359605911330049,0.031650246305418794,2.0,
mustache,0.7081120231772091,0.8486238532110092,iterative_all_layers,eyeglasses,pclarc,19,0.7235634958957026,-0.015451472718493453,2.0,
narrow_eyes,0.5524193548387097,0.548891129032258,iterative_all_layers,eyeglasses,pclarc,19,0.5625,-0.010080645161290258,2.0,
no_beard,0.5685680065873194,0.5397859121191706,iterative_all_layers,eyeglasses,pclarc,19,0.5822666367243057,-0.013698630136986245,2.0,
oval_face,0.48572815533980584,0.49145631067961165,iterative_all_layers,eyeglasses,pclarc,19,0.48116504854368936,0.0045631067961164895,2.0,
pale_skin,0.5396957123098202,0.7145228215767635,iterative_all_layers,eyeglasses,pclarc,19,0.5313969571230982,0.008298755186721962,2.0,
pointy_nose,0.4447604002106372,0.4838335966298052,iterative_all_layers,eyeglasses,pclarc,19,0.4527646129541864,-0.008004212743549233,2.0,
receding_hairline,0.5119586296056884,0.5803490627020038,iterative_all_layers,eyeglasses,pclarc,19,0.540530058177117,-0.02857142857142858,2.0,
rosy_cheeks,0.6544715447154472,0.7654471544715447,iterative_all_layers,eyeglasses,pclarc,19,0.6085365853658536,0.045934959349593574,2.0,
sideburns,0.6539888682745826,0.802226345083488,iterative_all_layers,eyeglasses,pclarc,19,0.6846011131725418,-0.030612244897959218,2.0,
smiling,0.8046525864707683,0.9296602387511479,iterative_all_layers,eyeglasses,pclarc,19,0.8533823079277625,-0.04872972145699417,2.0,
straight_hair,0.5750759878419452,0.575886524822695,iterative_all_layers,eyeglasses,pclarc,19,0.6095238095238096,-0.03444782168186433,2.0,
wavy_hair,0.5575685444767697,0.5514414176143878,iterative_all_layers,eyeglasses,pclarc,19,0.5412589262099974,0.016309618266772352,2.0,
wearing_earrings,0.7028301886792453,0.7709048027444254,iterative_all_layers,eyeglasses,pclarc,19,0.6824614065180103,0.020368782161234944,2.0,
wearing_hat,0.8827286316075553,0.9619513520858812,iterative_all_layers,eyeglasses,pclarc,19,0.9046066041581737,-0.021877972550618408,2.0,
wearing_lipstick,0.40625,0.38989257812500006,iterative_all_layers,eyeglasses,pclarc,19,0.421875,-0.015625,2.0,
wearing_necklace,0.5669577874818049,0.5304868186964257,iterative_all_layers,eyeglasses,pclarc,19,0.5299207504447678,0.03703703703703709,2.0,
wearing_necktie,0.5317166481550043,0.5647291126743181,iterative_all_layers,eyeglasses,pclarc,19,0.5631247686042207,-0.03140812044921637,2.0,
young,0.8003700277520813,0.899722479185939,iterative_all_layers,eyeglasses,pclarc,19,0.8066604995374653,-0.006290471785384,2.0,
5_o_clock_shadow,0.5617816091954022,0.5700431034482758,iterative_all_layers,eyeglasses,pclarc,20,0.5193965517241379,0.04238505747126431,2.0,
arched_eyebrows,0.5472645633935956,0.6242467210209146,iterative_all_layers,eyeglasses,pclarc,20,0.5626846272007562,-0.015420063807160544,2.0,
attractive,0.49714285714285716,0.5297354497354497,iterative_all_layers,eyeglasses,pclarc,20,0.5037742504409171,-0.0066313932980598955,2.0,
bags_under_eyes,0.466996699669967,0.4258342500916758,iterative_all_layers,eyeglasses,pclarc,20,0.49972497249724973,-0.032728272827282745,2.0,
bald,0.7696317551410808,0.881013868962219,iterative_all_layers,eyeglasses,pclarc,20,0.7916786226685797,-0.022046867527498848,2.0,
bangs,0.7501672240802675,0.8575250836120402,iterative_all_layers,eyeglasses,pclarc,20,0.7911371237458193,-0.04096989966555187,2.0,
big_lips,0.46169772256728775,0.47855664004732323,iterative_all_layers,eyeglasses,pclarc,20,0.49339445923296854,-0.03169673666568079,2.0,
big_nose,0.5613700025464732,0.5729564553093965,iterative_all_layers,eyeglasses,pclarc,20,0.6038961038961039,-0.04252610134963075,2.0,
black_hair,0.7279159519725558,0.8594554030874786,iterative_all_layers,eyeglasses,pclarc,20,0.7624356775300172,-0.03451972555746141,2.0,
blond_hair,0.841337386018237,0.9061803444782167,iterative_all_layers,eyeglasses,pclarc,20,0.8239108409321175,0.017426545086119516,2.0,
blurry,0.4801912568306011,0.6670081967213115,iterative_all_layers,eyeglasses,pclarc,20,0.6905737704918034,-0.21038251366120225,2.0,
brown_hair,0.6339176518548716,0.7991574942247588,iterative_all_layers,eyeglasses,pclarc,20,0.6731892920233727,-0.039271640168501154,2.0,
bushy_eyebrows,0.5558441558441558,0.5922077922077922,iterative_all_layers,eyeglasses,pclarc,20,0.5666666666666667,-0.010822510822510845,2.0,
chubby,0.5855957767722474,0.6892911010558069,iterative_all_layers,eyeglasses,pclarc,20,0.5684389140271493,0.01715686274509809,2.0,
double_chin,0.5500263296471828,0.6221169036334914,iterative_all_layers,eyeglasses,pclarc,20,0.5791995787256451,-0.029173249078462304,2.0,
eyeglasses,0.9140625,0.96209716796875,iterative_all_layers,eyeglasses,pclarc,20,0.890625,0.0234375,2.0,
goatee,0.673477138082941,0.8108765000759532,iterative_all_layers,eyeglasses,pclarc,20,0.6863132310496735,-0.012836092966732493,2.0,
gray_hair,0.8128138528138529,0.8645887445887445,iterative_all_layers,eyeglasses,pclarc,20,0.8106493506493506,0.0021645021645022577,2.0,
heavy_makeup,0.4761061946902655,0.4833333333333333,iterative_all_layers,eyeglasses,pclarc,20,0.5327433628318584,-0.05663716814159292,2.0,
high_cheekbones,0.46329081794530114,0.3867631194872771,iterative_all_layers,eyeglasses,pclarc,20,0.47804429215051714,-0.014753474205216,2.0,
male,0.9733727810650887,0.9753791743181663,iterative_all_layers,eyeglasses,pclarc,20,0.9733727810650887,0.0,2.0,
mouth_slightly_open,0.5482758620689655,0.601570197044335,iterative_all_layers,eyeglasses,pclarc,20,0.5359605911330049,0.012315270935960632,2.0,
mustache,0.7058184451955577,0.8528488652824723,iterative_all_layers,eyeglasses,pclarc,20,0.7235634958957026,-0.01774505070014487,2.0,
narrow_eyes,0.5544354838709677,0.5423387096774194,iterative_all_layers,eyeglasses,pclarc,20,0.5625,-0.008064516129032251,2.0,
no_beard,0.578149562092971,0.5424058687027471,iterative_all_layers,eyeglasses,pclarc,20,0.5822666367243057,-0.004117074631334705,2.0,
oval_face,0.48572815533980584,0.4870873786407767,iterative_all_layers,eyeglasses,pclarc,20,0.48116504854368936,0.0045631067961164895,2.0,
pale_skin,0.5396957123098202,0.6910096818810512,iterative_all_layers,eyeglasses,pclarc,20,0.5313969571230982,0.008298755186721962,2.0,
pointy_nose,0.45113217482885726,0.48393891521853605,iterative_all_layers,eyeglasses,pclarc,20,0.4527646129541864,-0.0016324381253291498,2.0,
receding_hairline,0.5119586296056884,0.5696186166774402,iterative_all_layers,eyeglasses,pclarc,20,0.540530058177117,-0.02857142857142858,2.0,
rosy_cheeks,0.6544715447154472,0.7597560975609756,iterative_all_layers,eyeglasses,pclarc,20,0.6085365853658536,0.045934959349593574,2.0,
sideburns,0.6764378478664193,0.7903525046382189,iterative_all_layers,eyeglasses,pclarc,20,0.6846011131725418,-0.008163265306122547,2.0,
smiling,0.8009488827670646,0.9213957759412306,iterative_all_layers,eyeglasses,pclarc,20,0.8533823079277625,-0.05243342516069793,2.0,
straight_hair,0.5232016210739615,0.5521783181357649,iterative_all_layers,eyeglasses,pclarc,20,0.6095238095238096,-0.08632218844984807,2.0,
wavy_hair,0.5437714890240677,0.5479150136648153,iterative_all_layers,eyeglasses,pclarc,20,0.5412589262099974,0.002512562814070307,2.0,
wearing_earrings,0.7193396226415094,0.7959905660377358,iterative_all_layers,eyeglasses,pclarc,20,0.6824614065180103,0.036878216123499064,2.0,
wearing_hat,0.8630928115233047,0.9629025682837342,iterative_all_layers,eyeglasses,pclarc,20,0.9046066041581737,-0.041513792634868985,2.0,
wearing_lipstick,0.40885416666666663,0.3897298177083333,iterative_all_layers,eyeglasses,pclarc,20,0.421875,-0.01302083333333337,2.0,
wearing_necklace,0.5659065178715834,0.5486010027494744,iterative_all_layers,eyeglasses,pclarc,20,0.5299207504447678,0.035985767426815585,2.0,
wearing_necktie,0.5612118968283352,0.5572010366530915,iterative_all_layers,eyeglasses,pclarc,20,0.5631247686042207,-0.0019128717758855052,2.0,
young,0.8039161270428615,0.9061362935553501,iterative_all_layers,eyeglasses,pclarc,20,0.8066604995374653,-0.0027443724946037973,2.0,
5_o_clock_shadow,0.6041666666666667,0.5899784482758621,iterative_all_layers,eyeglasses,pclarc,21,0.5193965517241379,0.08477011494252884,2.0,
arched_eyebrows,0.5564811532553467,0.6289731773602741,iterative_all_layers,eyeglasses,pclarc,21,0.5626846272007562,-0.006203473945409432,2.0,
attractive,0.49714285714285716,0.543068783068783,iterative_all_layers,eyeglasses,pclarc,21,0.5037742504409171,-0.0066313932980598955,2.0,
bags_under_eyes,0.4713054638797213,0.4527869453612028,iterative_all_layers,eyeglasses,pclarc,21,0.49972497249724973,-0.028419508617528455,2.0,
bald,0.7598278335724533,0.8748923959827832,iterative_all_layers,eyeglasses,pclarc,21,0.7916786226685797,-0.031850789096126375,2.0,
bangs,0.771571906354515,0.8660535117056856,iterative_all_layers,eyeglasses,pclarc,21,0.7911371237458193,-0.019565217391304346,2.0,
big_lips,0.5025140490979,0.5143448683821354,iterative_all_layers,eyeglasses,pclarc,21,0.49339445923296854,0.009119589864931443,2.0,
big_nose,0.5630252100840336,0.5637891520244461,iterative_all_layers,eyeglasses,pclarc,21,0.6038961038961039,-0.04087089381207032,2.0,
black_hair,0.7004716981132075,0.8411234991423671,iterative_all_layers,eyeglasses,pclarc,21,0.7624356775300172,-0.061963979416809645,2.0,
blond_hair,0.841337386018237,0.9045592705167174,iterative_all_layers,eyeglasses,pclarc,21,0.8239108409321175,0.017426545086119516,2.0,
blurry,0.46994535519125685,0.6188524590163935,iterative_all_layers,eyeglasses,pclarc,21,0.6905737704918034,-0.2206284153005465,2.0,
brown_hair,0.6557956244054899,0.7726593287131404,iterative_all_layers,eyeglasses,pclarc,21,0.6731892920233727,-0.017393667617882858,2.0,
bushy_eyebrows,0.5974891774891775,0.6012121212121212,iterative_all_layers,eyeglasses,pclarc,21,0.5666666666666667,0.030822510822510862,2.0,
chubby,0.571078431372549,0.6854260935143288,iterative_all_layers,eyeglasses,pclarc,21,0.5684389140271493,0.002639517345399689,2.0,
double_chin,0.5682464454976304,0.5853607161664034,iterative_all_layers,eyeglasses,pclarc,21,0.5791995787256451,-0.010953133228014722,2.0,
eyeglasses,0.9140625,0.96795654296875,iterative_all_layers,eyeglasses,pclarc,21,0.890625,0.0234375,2.0,
goatee,0.6800850675983594,0.8052559623272064,iterative_all_layers,eyeglasses,pclarc,21,0.6863132310496735,-0.0062281634513140505,2.0,
gray_hair,0.7593073593073594,0.8316883116883117,iterative_all_layers,eyeglasses,pclarc,21,0.8106493506493506,-0.051341991341991244,2.0,
heavy_makeup,0.5171091445427729,0.5399705014749263,iterative_all_layers,eyeglasses,pclarc,21,0.5327433628318584,-0.01563421828908551,2.0,
high_cheekbones,0.4779491084459674,0.39558347610889016,iterative_all_layers,eyeglasses,pclarc,21,0.47804429215051714,-9.518370454975056e-05,2.0,
male,0.9733727810650887,0.972114534448752,iterative_all_layers,eyeglasses,pclarc,21,0.9733727810650887,0.0,2.0,
mouth_slightly_open,0.5440886699507389,0.5703817733990147,iterative_all_layers,eyeglasses,pclarc,21,0.5359605911330049,0.00812807881773403,2.0,
mustache,0.7521728633510382,0.8734910671173346,iterative_all_layers,eyeglasses,pclarc,21,0.7235634958957026,0.0286093674553356,2.0,
narrow_eyes,0.5564516129032258,0.5892137096774194,iterative_all_layers,eyeglasses,pclarc,21,0.5625,-0.006048387096774244,2.0,
no_beard,0.5329365970506774,0.5499663148439256,iterative_all_layers,eyeglasses,pclarc,21,0.5822666367243057,-0.049330039673628256,2.0,
oval_face,0.48330097087378643,0.500873786407767,iterative_all_layers,eyeglasses,pclarc,21,0.48116504854368936,0.002135922330097073,2.0,
pale_skin,0.5479944674965422,0.7087136929460581,iterative_all_layers,eyeglasses,pclarc,21,0.5313969571230982,0.016597510373444035,2.0,
pointy_nose,0.4369141653501843,0.43549236440231703,iterative_all_layers,eyeglasses,pclarc,21,0.4527646129541864,-0.015850447604002116,2.0,
receding_hairline,0.5323206205559147,0.5626373626373626,iterative_all_layers,eyeglasses,pclarc,21,0.540530058177117,-0.008209437621202298,2.0,
rosy_cheeks,0.6686991869918699,0.7581300813008129,iterative_all_layers,eyeglasses,pclarc,21,0.6085365853658536,0.06016260162601628,2.0,
sideburns,0.6641929499072357,0.7784786641929499,iterative_all_layers,eyeglasses,pclarc,21,0.6846011131725418,-0.020408163265306145,2.0,
smiling,0.6886746250382614,0.7913682277318641,iterative_all_layers,eyeglasses,pclarc,21,0.8533823079277625,-0.1647076828895011,2.0,
straight_hair,0.50790273556231,0.5428571428571428,iterative_all_layers,eyeglasses,pclarc,21,0.6095238095238096,-0.10162107396149955,2.0,
wavy_hair,0.5212025037468042,0.555496782156396,iterative_all_layers,eyeglasses,pclarc,21,0.5412589262099974,-0.02005642246319317,2.0,
wearing_earrings,0.7094768439108061,0.8007075471698113,iterative_all_layers,eyeglasses,pclarc,21,0.6824614065180103,0.02701543739279577,2.0,
wearing_hat,0.8653349639896726,0.9448294605245279,iterative_all_layers,eyeglasses,pclarc,21,0.9046066041581737,-0.039271640168501154,2.0,
wearing_lipstick,0.45572916666666663,0.44156901041666663,iterative_all_layers,eyeglasses,pclarc,21,0.421875,0.03385416666666663,2.0,
wearing_necklace,0.5615397056445092,0.5589519650655023,iterative_all_layers,eyeglasses,pclarc,21,0.5299207504447678,0.03161895519974134,2.0,
wearing_necktie,0.552079476737011,0.5576946809823522,iterative_all_layers,eyeglasses,pclarc,21,0.5631247686042207,-0.011045291867209706,2.0,
young,0.8074622263336417,0.8791242676534073,iterative_all_layers,eyeglasses,pclarc,21,0.8066604995374653,0.0008017267961764052,2.0,
5_o_clock_shadow,0.6372126436781609,0.6711566091954023,iterative_all_layers,eyeglasses,pclarc,22,0.5193965517241379,0.11781609195402298,2.0,
arched_eyebrows,0.5357438260664067,0.5489779038166135,iterative_all_layers,eyeglasses,pclarc,22,0.5626846272007562,-0.02694080113434949,2.0,
attractive,0.49714285714285716,0.5151322751322751,iterative_all_layers,eyeglasses,pclarc,22,0.5037742504409171,-0.0066313932980598955,2.0,
bags_under_eyes,0.48551521818848553,0.45232856618995226,iterative_all_layers,eyeglasses,pclarc,22,0.49972497249724973,-0.0142097543087642,2.0,
bald,0.7451458632233381,0.8628407460545194,iterative_all_layers,eyeglasses,pclarc,22,0.7916786226685797,-0.0465327594452416,2.0,
bangs,0.779933110367893,0.8784280936454849,iterative_all_layers,eyeglasses,pclarc,22,0.7911371237458193,-0.011204013377926314,2.0,
big_lips,0.5583653751355615,0.5905550626047521,iterative_all_layers,eyeglasses,pclarc,22,0.49339445923296854,0.06497091590259296,2.0,
big_nose,0.49789915966386555,0.5296027501909856,iterative_all_layers,eyeglasses,pclarc,22,0.6038961038961039,-0.10599694423223838,2.0,
black_hair,0.6910377358490566,0.8283662092624356,iterative_all_layers,eyeglasses,pclarc,22,0.7624356775300172,-0.07139794168096059,2.0,
blond_hair,0.841742654508612,0.9110435663627152,iterative_all_layers,eyeglasses,pclarc,22,0.8239108409321175,0.017831813576494437,2.0,
blurry,0.46584699453551914,0.5573770491803279,iterative_all_layers,eyeglasses,pclarc,22,0.6905737704918034,-0.2247267759562842,2.0,
brown_hair,0.6687049870906373,0.7423562984101101,iterative_all_layers,eyeglasses,pclarc,22,0.6731892920233727,-0.004484304932735439,2.0,
bushy_eyebrows,0.6148051948051948,0.6346320346320347,iterative_all_layers,eyeglasses,pclarc,22,0.5666666666666667,0.04813852813852815,2.0,
chubby,0.566553544494721,0.6573340874811463,iterative_all_layers,eyeglasses,pclarc,22,0.5684389140271493,-0.0018853695324283493,2.0,
double_chin,0.5642443391258557,0.5675618746708794,iterative_all_layers,eyeglasses,pclarc,22,0.5791995787256451,-0.014955239599789394,2.0,
eyeglasses,0.83203125,0.93011474609375,iterative_all_layers,eyeglasses,pclarc,22,0.890625,-0.05859375,2.0,
goatee,0.6217530001519065,0.7797356828193833,iterative_all_layers,eyeglasses,pclarc,22,0.6863132310496735,-0.06456023089776697,2.0,
gray_hair,0.7036363636363636,0.7535930735930736,iterative_all_layers,eyeglasses,pclarc,22,0.8106493506493506,-0.107012987012987,2.0,
heavy_makeup,0.5259587020648967,0.5436578171091445,iterative_all_layers,eyeglasses,pclarc,22,0.5327433628318584,-0.006784660766961714,2.0,
high_cheekbones,0.4602132114981915,0.37127990354717944,iterative_all_layers,eyeglasses,pclarc,22,0.47804429215051714,-0.017831080652325637,2.0,
male,0.9235870230565191,0.962932734816024,iterative_all_layers,eyeglasses,pclarc,22,0.9733727810650887,-0.04978575800856966,2.0,
mouth_slightly_open,0.5363300492610837,0.5819581280788177,iterative_all_layers,eyeglasses,pclarc,22,0.5359605911330049,0.00036945812807887,2.0,
mustache,0.7091984548527281,0.8190487687107677,iterative_all_layers,eyeglasses,pclarc,22,0.7235634958957026,-0.014365041042974425,2.0,
narrow_eyes,0.5221774193548387,0.5826612903225806,iterative_all_layers,eyeglasses,pclarc,22,0.5625,-0.040322580645161255,2.0,
no_beard,0.5466726551388577,0.5687551463432892,iterative_all_layers,eyeglasses,pclarc,22,0.5822666367243057,-0.03559398158544802,2.0,
oval_face,0.4978640776699029,0.5335922330097087,iterative_all_layers,eyeglasses,pclarc,22,0.48116504854368936,0.01669902912621357,2.0,
pale_skin,0.5854771784232365,0.7134163208852005,iterative_all_layers,eyeglasses,pclarc,22,0.5313969571230982,0.05408022130013834,2.0,
pointy_nose,0.4416535018430753,0.415376513954713,iterative_all_layers,eyeglasses,pclarc,22,0.4527646129541864,-0.011111111111111127,2.0,
receding_hairline,0.5045895281189399,0.5255332902391726,iterative_all_layers,eyeglasses,pclarc,22,0.540530058177117,-0.0359405300581771,2.0,
rosy_cheeks,0.6861788617886179,0.7837398373983739,iterative_all_layers,eyeglasses,pclarc,22,0.6085365853658536,0.07764227642276422,2.0,
sideburns,0.6437847866419295,0.7814471243042672,iterative_all_layers,eyeglasses,pclarc,22,0.6846011131725418,-0.04081632653061229,2.0,
smiling,0.7002142638506275,0.8047750229568411,iterative_all_layers,eyeglasses,pclarc,22,0.8533823079277625,-0.15316804407713502,2.0,
straight_hair,0.46453900709219853,0.5256332320162107,iterative_all_layers,eyeglasses,pclarc,22,0.6095238095238096,-0.14498480243161105,2.0,
wavy_hair,0.5362338005818567,0.5809750506920568,iterative_all_layers,eyeglasses,pclarc,22,0.5412589262099974,-0.005025125628140725,2.0,
wearing_earrings,0.6953259005145798,0.7785162950257289,iterative_all_layers,eyeglasses,pclarc,22,0.6824614065180103,0.012864493996569415,2.0,
wearing_hat,0.8563663541242017,0.9404810436200571,iterative_all_layers,eyeglasses,pclarc,22,0.9046066041581737,-0.04824025003397203,2.0,
wearing_lipstick,0.48697916666666663,0.4706217447916667,iterative_all_layers,eyeglasses,pclarc,22,0.421875,0.06510416666666663,2.0,
wearing_necklace,0.5876597121138606,0.5696263949539059,iterative_all_layers,eyeglasses,pclarc,22,0.5299207504447678,0.05773896166909276,2.0,
wearing_necktie,0.545045045045045,0.5231395779340985,iterative_all_layers,eyeglasses,pclarc,22,0.5631247686042207,-0.018079723559175642,2.0,
young,0.7004933703361085,0.7828553808202282,iterative_all_layers,eyeglasses,pclarc,22,0.8066604995374653,-0.10616712920135685,2.0,
5_o_clock_shadow,0.5603448275862069,0.5862068965517241,iterative_all_layers,eyeglasses,pclarc,23,0.5193965517241379,0.04094827586206895,2.0,
arched_eyebrows,0.41143802434125015,0.3750443105281815,iterative_all_layers,eyeglasses,pclarc,23,0.5626846272007562,-0.15124660285950603,2.0,
attractive,0.5037742504409171,0.546384479717813,iterative_all_layers,eyeglasses,pclarc,23,0.5037742504409171,0.0,2.0,
bags_under_eyes,0.5268610194352769,0.5053171983865052,iterative_all_layers,eyeglasses,pclarc,23,0.49972497249724973,0.027136046938027125,2.0,
bald,0.4856049736967958,0.4764227642276423,iterative_all_layers,eyeglasses,pclarc,23,0.7916786226685797,-0.3060736489717839,2.0,
bangs,0.5234113712374582,0.5929765886287626,iterative_all_layers,eyeglasses,pclarc,23,0.7911371237458193,-0.26772575250836117,2.0,
big_lips,0.5253376713004042,0.5299221137730454,iterative_all_layers,eyeglasses,pclarc,23,0.49339445923296854,0.03194321206743567,2.0,
big_nose,0.487904252610135,0.45594601476954416,iterative_all_layers,eyeglasses,pclarc,23,0.6038961038961039,-0.11599185128596895,2.0,
black_hair,0.47620068610634647,0.46322898799313894,iterative_all_layers,eyeglasses,pclarc,23,0.7624356775300172,-0.2862349914236707,2.0,
blond_hair,0.488855116514691,0.4216818642350557,iterative_all_layers,eyeglasses,pclarc,23,0.8239108409321175,-0.33505572441742654,2.0,
blurry,0.46584699453551914,0.5194672131147541,iterative_all_layers,eyeglasses,pclarc,23,0.6905737704918034,-0.2247267759562842,2.0,
brown_hair,0.4880418535127055,0.48865334963989676,iterative_all_layers,eyeglasses,pclarc,23,0.6731892920233727,-0.18514743851066723,2.0,
bushy_eyebrows,0.5051082251082252,0.5129004329004329,iterative_all_layers,eyeglasses,pclarc,23,0.5666666666666667,-0.06155844155844148,2.0,
chubby,0.483974358974359,0.5092383107088989,iterative_all_layers,eyeglasses,pclarc,23,0.5684389140271493,-0.08446455505279032,2.0,
double_chin,0.4966824644549763,0.4896261190100053,iterative_all_layers,eyeglasses,pclarc,23,0.5791995787256451,-0.08251711427066877,2.0,
eyeglasses,0.6328125,0.68048095703125,iterative_all_layers,eyeglasses,pclarc,23,0.890625,-0.2578125,2.0,
goatee,0.47022634057420626,0.5555217985720796,iterative_all_layers,eyeglasses,pclarc,23,0.6863132310496735,-0.2160868904754672,2.0,
gray_hair,0.47878787878787876,0.44883116883116886,iterative_all_layers,eyeglasses,pclarc,23,0.8106493506493506,-0.33186147186147186,2.0,
heavy_makeup,0.49380530973451325,0.46961651917404135,iterative_all_layers,eyeglasses,pclarc,23,0.5327433628318584,-0.03893805309734516,2.0,
high_cheekbones,0.4228694714131607,0.404657655942636,iterative_all_layers,eyeglasses,pclarc,23,0.47804429215051714,-0.05517482073735641,2.0,
male,0.5351288852615113,0.5482554580697816,iterative_all_layers,eyeglasses,pclarc,23,0.9733727810650887,-0.4382438958035775,2.0,
mouth_slightly_open,0.4823891625615763,0.5310344827586208,iterative_all_layers,eyeglasses,pclarc,23,0.5359605911330049,-0.05357142857142855,2.0,
mustache,0.46088845968131337,0.47790922259777885,iterative_all_layers,eyeglasses,pclarc,23,0.7235634958957026,-0.2626750362143892,2.0,
narrow_eyes,0.560483870967742,0.5982862903225806,iterative_all_layers,eyeglasses,pclarc,23,0.5625,-0.002016129032258007,2.0,
no_beard,0.46728797065648625,0.4918032786885246,iterative_all_layers,eyeglasses,pclarc,23,0.5822666367243057,-0.11497866606781942,2.0,
oval_face,0.5308737864077671,0.5686407766990291,iterative_all_layers,eyeglasses,pclarc,23,0.48116504854368936,0.0497087378640777,2.0,
pale_skin,0.5334716459197787,0.5109266943291839,iterative_all_layers,eyeglasses,pclarc,23,0.5313969571230982,0.0020746887966804906,2.0,
pointy_nose,0.461506055818852,0.4502369668246445,iterative_all_layers,eyeglasses,pclarc,23,0.4527646129541864,0.008741442864665605,2.0,
receding_hairline,0.4021978021978022,0.37297996121525534,iterative_all_layers,eyeglasses,pclarc,23,0.540530058177117,-0.13833225597931476,2.0,
rosy_cheeks,0.4902439024390244,0.5036585365853659,iterative_all_layers,eyeglasses,pclarc,23,0.6085365853658536,-0.11829268292682926,2.0,
sideburns,0.550278293135436,0.511317254174397,iterative_all_layers,eyeglasses,pclarc,23,0.6846011131725418,-0.13432282003710583,2.0,
smiling,0.5519130700948882,0.5326599326599327,iterative_all_layers,eyeglasses,pclarc,23,0.8533823079277625,-0.30146923783287427,2.0,
straight_hair,0.39098277608915905,0.3864235055724417,iterative_all_layers,eyeglasses,pclarc,23,0.6095238095238096,-0.21854103343465053,2.0,
wavy_hair,0.5299744335713656,0.5085956096270828,iterative_all_layers,eyeglasses,pclarc,23,0.5412589262099974,-0.011284492638631738,2.0,
wearing_earrings,0.6365780445969125,0.646655231560892,iterative_all_layers,eyeglasses,pclarc,23,0.6824614065180103,-0.045883361921097876,2.0,
wearing_hat,0.4849164288626172,0.506318793314309,iterative_all_layers,eyeglasses,pclarc,23,0.9046066041581737,-0.4196901752955565,2.0,
wearing_lipstick,0.46614583333333337,0.48478190104166663,iterative_all_layers,eyeglasses,pclarc,23,0.421875,0.04427083333333337,2.0,
wearing_necklace,0.43077793951156396,0.42535985767426815,iterative_all_layers,eyeglasses,pclarc,23,0.5299207504447678,-0.09914281093320387,2.0,
wearing_necktie,0.5267802048623966,0.479081821547575,iterative_all_layers,eyeglasses,pclarc,23,0.5631247686042207,-0.03634456374182404,2.0,
young,0.46080789392537774,0.47018193031144,iterative_all_layers,eyeglasses,pclarc,23,0.8066604995374653,-0.3458526056120876,2.0,
