target_attribute,bal_acc,auc,regime,debiased_concept,method,debias_layer,ba_raw,delta_ba,n_iterations,n_layers
5_o_clock_shadow,0.543939393939394,0.5609848484848485,raw,none,none,-1,,,,
arched_eyebrows,0.5739590756388069,0.5996131528046422,raw,none,none,-1,,,,
attractive,0.5056326187473729,0.550063051702396,raw,none,none,-1,,,,
bags_under_eyes,0.49261363636363636,0.4369318181818182,raw,none,none,-1,,,,
bald,0.6784587193321796,0.791204316400285,raw,none,none,-1,,,,
bangs,0.7819345311346295,0.8818606940684224,raw,none,none,-1,,,,
big_lips,0.5038260169150222,0.48699154248892473,raw,none,none,-1,,,,
big_nose,0.5979064039408867,0.6476600985221674,raw,none,none,-1,,,,
black_hair,0.7421875,0.875244140625,raw,none,none,-1,,,,
blond_hair,0.8910903273443269,0.9377307408318976,raw,none,none,-1,,,,
blurry,0.6174863387978142,0.6308060109289617,raw,none,none,-1,,,,
brown_hair,0.6596638655462185,0.8202614379084967,raw,none,none,-1,,,,
bushy_eyebrows,0.5298092209856916,0.5116587175410705,raw,none,none,-1,,,,
chubby,0.65625,0.7686767578125,raw,none,none,-1,,,,
double_chin,0.6105072463768115,0.7023701690821255,raw,none,none,-1,,,,
eyeglasses,0.8911807847451412,0.9590209020902091,raw,none,none,-1,,,,
goatee,0.6265151515151515,0.7416666666666667,raw,none,none,-1,,,,
gray_hair,0.7805017921146953,0.8970609318996416,raw,none,none,-1,,,,
heavy_makeup,0.5444896951746266,0.6091571023077873,raw,none,none,-1,,,,
high_cheekbones,0.4745073891625616,0.4019088669950739,raw,none,none,-1,,,,
male,0.981283422459893,0.9770595985429745,raw,none,none,-1,,,,
mouth_slightly_open,0.4988702290076336,0.4742595419847328,raw,none,none,-1,,,,
mustache,0.735696463907769,0.8287877484298374,raw,none,none,-1,,,,
narrow_eyes,0.608927381745503,0.6140350877192983,raw,none,none,-1,,,,
no_beard,0.5362220935469343,0.5666216303158979,raw,none,none,-1,,,,
oval_face,0.5045817570407735,0.4933165195460277,raw,none,none,-1,,,,
pale_skin,0.6195121951219512,0.7983739837398374,raw,none,none,-1,,,,
pointy_nose,0.5202020202020202,0.4906565656565657,raw,none,none,-1,,,,
receding_hairline,0.49663724253888186,0.5396385035729298,raw,none,none,-1,,,,
rosy_cheeks,0.6566951566951567,0.7584678695789807,raw,none,none,-1,,,,
sideburns,0.5889407061958695,0.6160337552742616,raw,none,none,-1,,,,
smiling,0.83003663003663,0.938034188034188,raw,none,none,-1,,,,
straight_hair,0.4561157796451914,0.48179271708683474,raw,none,none,-1,,,,
wavy_hair,0.6076329331046312,0.5862993138936535,raw,none,none,-1,,,,
wearing_earrings,0.7058962542833511,0.7749025168380007,raw,none,none,-1,,,,
wearing_hat,0.8706687730384413,0.9140600315955766,raw,none,none,-1,,,,
wearing_lipstick,0.45585707824513794,0.4541836273179557,raw,none,none,-1,,,,
wearing_necklace,0.6082066869300912,0.660790273556231,raw,none,none,-1,,,,
wearing_necktie,0.6297285269247885,0.639074321317312,raw,none,none,-1,,,,
young,0.8528836754643205,0.9224095796676443,raw,none,none,-1,,,,
5_o_clock_shadow,0.5232323232323233,0.5619949494949494,single,chubby,diff_means,0,0.543939393939394,-0.020707070707070674,,
arched_eyebrows,0.5739590756388069,0.6072482948182836,single,chubby,diff_means,0,0.5739590756388069,0.0,,
attractive,0.5056326187473729,0.5560319461958806,single,chubby,diff_means,0,0.5056326187473729,0.0,,
bags_under_eyes,0.4903409090909091,0.4407670454545455,single,chubby,diff_means,0,0.49261363636363636,-0.0022727272727272596,,
bald,0.6784587193321796,0.7933421561641046,single,chubby,diff_means,0,0.6784587193321796,0.0,,
bangs,0.7819345311346295,0.8813684469603741,single,chubby,diff_means,0,0.7819345311346295,0.0,,
big_lips,0.49859041482078137,0.4836890857833266,single,chubby,diff_means,0,0.5038260169150222,-0.005235602094240788,,
big_nose,0.597167487684729,0.6461822660098522,single,chubby,diff_means,0,0.5979064039408867,-0.000738916256157629,,
black_hair,0.75,0.875732421875,single,chubby,diff_means,0,0.7421875,0.0078125,,
blond_hair,0.8910903273443269,0.9372384937238494,single,chubby,diff_means,0,0.8910903273443269,0.0,,
blurry,0.6673497267759563,0.6331967213114754,single,chubby,diff_means,0,0.6174863387978142,0.04986338797814205,,
brown_hair,0.6533613445378151,0.8125583566760037,single,chubby,diff_means,0,0.6596638655462185,-0.006302521008403339,,
bushy_eyebrows,0.5298092209856916,0.5062268150503445,single,chubby,diff_means,0,0.5298092209856916,0.0,,
chubby,0.66015625,0.76837158203125,single,chubby,diff_means,0,0.65625,0.00390625,,
double_chin,0.5969202898550725,0.7019927536231882,single,chubby,diff_means,0,0.6105072463768115,-0.013586956521739024,,
eyeglasses,0.8887055372203887,0.957920792079208,single,chubby,diff_means,0,0.8911807847451412,-0.0024752475247524774,,
goatee,0.6404040404040403,0.7407828282828283,single,chubby,diff_means,0,0.6265151515151515,0.01388888888888884,,
gray_hair,0.7760573476702508,0.8953405017921147,single,chubby,diff_means,0,0.7805017921146953,-0.004444444444444473,,
heavy_makeup,0.5490559052202888,0.6170554115759596,single,chubby,diff_means,0,0.5444896951746266,0.004566210045662156,,
high_cheekbones,0.470935960591133,0.4049876847290641,single,chubby,diff_means,0,0.4745073891625616,-0.0035714285714285587,,
male,0.981283422459893,0.9772921026117958,single,chubby,diff_means,0,0.981283422459893,0.0,,
mouth_slightly_open,0.5068702290076336,0.4721832061068702,single,chubby,diff_means,0,0.4988702290076336,0.007999999999999952,,
mustache,0.7306203217757894,0.8265508044394735,single,chubby,diff_means,0,0.735696463907769,-0.0050761421319796,,
narrow_eyes,0.6131467910282034,0.6173662003109038,single,chubby,diff_means,0,0.608927381745503,0.00421940928270037,,
no_beard,0.5362220935469343,0.5652062021488774,single,chubby,diff_means,0,0.5362220935469343,0.0,,
oval_face,0.5045817570407735,0.49045817570407735,single,chubby,diff_means,0,0.5045817570407735,0.0,,
pale_skin,0.6235772357723577,0.7975609756097561,single,chubby,diff_means,0,0.6195121951219512,0.004065040650406471,,
pointy_nose,0.5202020202020202,0.4941919191919192,single,chubby,diff_means,0,0.5202020202020202,0.0,,
receding_hairline,0.501765447667087,0.5381252627154266,single,chubby,diff_means,0,0.49663724253888186,0.00512820512820511,,
rosy_cheeks,0.6546375435264324,0.7518201962646407,single,chubby,diff_means,0,0.6566951566951567,-0.002057613168724215,,
sideburns,0.5826115922718188,0.6160337552742616,single,chubby,diff_means,0,0.5889407061958695,-0.006329113924050667,,
smiling,0.8338827838827838,0.9397435897435897,single,chubby,diff_means,0,0.83003663003663,0.0038461538461538325,,
straight_hair,0.47969187675070024,0.48179271708683474,single,chubby,diff_means,0,0.4561157796451914,0.023576097105508842,,
wavy_hair,0.5872641509433962,0.5855488850771869,single,chubby,diff_means,0,0.6076329331046312,-0.020368782161234944,,
wearing_earrings,0.6884674465319627,0.7704123833156091,single,chubby,diff_means,0,0.7058962542833511,-0.017428807751388442,,
wearing_hat,0.8706687730384413,0.9158504476040021,single,chubby,diff_means,0,0.8706687730384413,0.0,,
wearing_lipstick,0.45585707824513794,0.45355042966983267,single,chubby,diff_means,0,0.45585707824513794,0.0,,
wearing_necklace,0.5716312056737589,0.6583586626139817,single,chubby,diff_means,0,0.6082066869300912,-0.036575481256332254,,
wearing_necktie,0.6325100133511349,0.6490876724521584,single,chubby,diff_means,0,0.6297285269247885,0.002781486426346347,,
young,0.8490957966764419,0.9227150537634409,single,chubby,diff_means,0,0.8528836754643205,-0.0037878787878786735,,
5_o_clock_shadow,0.5277777777777778,0.5607323232323232,single,chubby,diff_means,1,0.543939393939394,-0.016161616161616155,,
arched_eyebrows,0.5763514201364146,0.6015473887814313,single,chubby,diff_means,1,0.5739590756388069,0.0023923444976077235,,
attractive,0.5056326187473729,0.5498949138293401,single,chubby,diff_means,1,0.5056326187473729,0.0,,
bags_under_eyes,0.49886363636363634,0.4382102272727273,single,chubby,diff_means,1,0.49261363636363636,0.006249999999999978,,
bald,0.6784587193321796,0.7910007126132546,single,chubby,diff_means,1,0.6784587193321796,0.0,,
bangs,0.7798424809254245,0.8823529411764706,single,chubby,diff_means,1,0.7819345311346295,-0.0020920502092049986,,
big_lips,0.5012082158679018,0.4878775674587193,single,chubby,diff_means,1,0.5038260169150222,-0.002617801047120394,,
big_nose,0.5979064039408867,0.6469827586206897,single,chubby,diff_means,1,0.5979064039408867,0.0,,
black_hair,0.7421875,0.87451171875,single,chubby,diff_means,1,0.7421875,0.0,,
blond_hair,0.8910903273443269,0.9372384937238494,single,chubby,diff_means,1,0.8910903273443269,0.0,,
blurry,0.619535519125683,0.6328551912568305,single,chubby,diff_means,1,0.6174863387978142,0.002049180327868827,,
brown_hair,0.6617647058823529,0.8165266106442577,single,chubby,diff_means,1,0.6596638655462185,0.0021008403361344463,,
bushy_eyebrows,0.5298092209856916,0.5078166401695814,single,chubby,diff_means,1,0.5298092209856916,0.0,,
chubby,0.66015625,0.76904296875,single,chubby,diff_means,1,0.65625,0.00390625,,
double_chin,0.605072463768116,0.7023701690821256,single,chubby,diff_means,1,0.6105072463768115,-0.005434782608695565,,
eyeglasses,0.8911807847451412,0.9598459845984598,single,chubby,diff_means,1,0.8911807847451412,0.0,,
goatee,0.6381313131313131,0.7441919191919192,single,chubby,diff_means,1,0.6265151515151515,0.011616161616161635,,
gray_hair,0.7827240143369176,0.8966308243727599,single,chubby,diff_means,1,0.7805017921146953,0.0022222222222223476,,
heavy_makeup,0.5444896951746266,0.6118721461187214,single,chubby,diff_means,1,0.5444896951746266,0.0,,
high_cheekbones,0.470935960591133,0.4027709359605911,single,chubby,diff_means,1,0.4745073891625616,-0.0035714285714285587,,
male,0.981283422459893,0.9769820971867008,single,chubby,diff_means,1,0.981283422459893,0.0,,
mouth_slightly_open,0.49905343511450384,0.4738931297709923,single,chubby,diff_means,1,0.4988702290076336,0.0001832061068702262,,
mustache,0.735696463907769,0.8287877484298374,single,chubby,diff_means,1,0.735696463907769,0.0,,
narrow_eyes,0.6110370863868532,0.6124805685098823,single,chubby,diff_means,1,0.608927381745503,0.002109704641350185,,
no_beard,0.5362220935469343,0.5673936820433636,single,chubby,diff_means,1,0.5362220935469343,0.0,,
oval_face,0.507145859604876,0.48961748633879776,single,chubby,diff_means,1,0.5045817570407735,0.002564102564102555,,
pale_skin,0.6195121951219512,0.7987804878048781,single,chubby,diff_means,1,0.6195121951219512,0.0,,
pointy_nose,0.5156565656565657,0.49154040404040406,single,chubby,diff_means,1,0.5202020202020202,-0.004545454545454519,,
receding_hairline,0.501765447667087,0.5389659520807061,single,chubby,diff_means,1,0.49663724253888186,0.00512820512820511,,
rosy_cheeks,0.6546375435264324,0.7559354226020893,single,chubby,diff_means,1,0.6566951566951567,-0.002057613168724215,,
sideburns,0.5647346213635354,0.6142571618920719,single,chubby,diff_means,1,0.5889407061958695,-0.024206084832334107,,
smiling,0.83003663003663,0.9388888888888889,single,chubby,diff_means,1,0.83003663003663,0.0,,
straight_hair,0.45401493930905695,0.48272642390289455,single,chubby,diff_means,1,0.4561157796451914,-0.0021008403361344463,,
wavy_hair,0.6099914236706689,0.5856560891938251,single,chubby,diff_means,1,0.6076329331046312,0.002358490566037763,,
wearing_earrings,0.6953798889282761,0.7743117097955807,single,chubby,diff_means,1,0.7058962542833511,-0.010516365355075052,,
wearing_hat,0.8706687730384413,0.9150078988941548,single,chubby,diff_means,1,0.8706687730384413,0.0,,
wearing_lipstick,0.4533695160560832,0.4543645409317051,single,chubby,diff_means,1,0.45585707824513794,-0.002487562189054715,,
wearing_necklace,0.5563323201621074,0.6591691995947315,single,chubby,diff_means,1,0.6082066869300912,-0.05187436676798374,,
wearing_necktie,0.6322874944370271,0.6436359590565198,single,chubby,diff_means,1,0.6297285269247885,0.002558967512238608,,
young,0.8450635386119256,0.9225928641251221,single,chubby,diff_means,1,0.8528836754643205,-0.00782013685239491,,
5_o_clock_shadow,0.5416666666666667,0.5611111111111111,single,chubby,diff_means,2,0.543939393939394,-0.002272727272727204,,
arched_eyebrows,0.5739590756388069,0.603685228545251,single,chubby,diff_means,2,0.5739590756388069,0.0,,
attractive,0.5056326187473729,0.5513240857503153,single,chubby,diff_means,2,0.5056326187473729,0.0,,
bags_under_eyes,0.5017045454545455,0.4396306818181819,single,chubby,diff_means,2,0.49261363636363636,0.009090909090909094,,
bald,0.6784587193321796,0.7914079201873155,single,chubby,diff_means,2,0.6784587193321796,0.0,,
bangs,0.7840265813438345,0.8818606940684223,single,chubby,diff_means,2,0.7819345311346295,0.0020920502092049986,,
big_lips,0.5012082158679018,0.48868304470398716,single,chubby,diff_means,2,0.5038260169150222,-0.002617801047120394,,
big_nose,0.5979064039408867,0.6487068965517241,single,chubby,diff_means,2,0.5979064039408867,0.0,,
black_hair,0.7421875,0.875,single,chubby,diff_means,2,0.7421875,0.0,,
blond_hair,0.8931823775535319,0.9372384937238494,single,chubby,diff_means,2,0.8910903273443269,0.0020920502092049986,,
blurry,0.6591530054644809,0.6352459016393442,single,chubby,diff_means,2,0.6174863387978142,0.04166666666666663,,
brown_hair,0.6638655462184874,0.8195611577964519,single,chubby,diff_means,2,0.6596638655462185,0.004201680672268893,,
bushy_eyebrows,0.5298092209856916,0.5087440381558028,single,chubby,diff_means,2,0.5298092209856916,0.0,,
chubby,0.65625,0.76849365234375,single,chubby,diff_means,2,0.65625,0.0,,
double_chin,0.6077898550724637,0.7034269323671497,single,chubby,diff_means,2,0.6105072463768115,-0.0027173913043477826,,
eyeglasses,0.8936560322698937,0.9590209020902091,single,chubby,diff_means,2,0.8911807847451412,0.0024752475247524774,,
goatee,0.6287878787878788,0.7421717171717171,single,chubby,diff_means,2,0.6265151515151515,0.002272727272727315,,
gray_hair,0.7805017921146953,0.896774193548387,single,chubby,diff_means,2,0.7805017921146953,0.0,,
heavy_makeup,0.5444896951746266,0.6110082685425152,single,chubby,diff_means,2,0.5444896951746266,0.0,,
high_cheekbones,0.4745073891625616,0.40227832512315276,single,chubby,diff_means,2,0.4745073891625616,0.0,,
male,0.981283422459893,0.9770595985429744,single,chubby,diff_means,2,0.981283422459893,0.0,,
mouth_slightly_open,0.5028702290076336,0.47273282442748094,single,chubby,diff_means,2,0.4988702290076336,0.003999999999999948,,
mustache,0.735696463907769,0.8298201841176976,single,chubby,diff_means,2,0.735696463907769,0.0,,
narrow_eyes,0.608927381745503,0.6138130135465245,single,chubby,diff_means,2,0.608927381745503,0.0,,
no_beard,0.5394068069227305,0.5673293443994081,single,chubby,diff_means,2,0.5362220935469343,0.0031847133757961776,,
oval_face,0.507145859604876,0.4905422446406053,single,chubby,diff_means,2,0.5045817570407735,0.002564102564102555,,
pale_skin,0.6215447154471545,0.8004065040650407,single,chubby,diff_means,2,0.6195121951219512,0.002032520325203291,,
pointy_nose,0.5202020202020202,0.49204545454545456,single,chubby,diff_means,2,0.5202020202020202,0.0,,
receding_hairline,0.4884405212274065,0.5384615384615384,single,chubby,diff_means,2,0.49663724253888186,-0.008196721311475363,,
rosy_cheeks,0.658752769863881,0.7559354226020893,single,chubby,diff_means,2,0.6566951566951567,0.002057613168724326,,
sideburns,0.5868310015545193,0.6151454585831668,single,chubby,diff_means,2,0.5889407061958695,-0.002109704641350185,,
smiling,0.83003663003663,0.9384004884004885,single,chubby,diff_means,2,0.83003663003663,0.0,,
straight_hair,0.45401493930905695,0.48202614379084974,single,chubby,diff_means,2,0.4561157796451914,-0.0021008403361344463,,
wavy_hair,0.6076329331046312,0.5871569468267581,single,chubby,diff_means,2,0.6076329331046312,0.0,,
wearing_earrings,0.6930757414628382,0.7726574500768049,single,chubby,diff_means,2,0.7058962542833511,-0.012820512820512886,,
wearing_hat,0.8706687730384413,0.9147972617166931,single,chubby,diff_means,2,0.8706687730384413,0.0,,
wearing_lipstick,0.45834464043419265,0.45599276345545003,single,chubby,diff_means,2,0.45585707824513794,0.002487562189054715,,
wearing_necklace,0.5563323201621074,0.6583586626139818,single,chubby,diff_means,2,0.6082066869300912,-0.05187436676798374,,
wearing_necktie,0.6273920783266578,0.6415220293724966,single,chubby,diff_means,2,0.6297285269247885,-0.002336448598130758,,
young,0.8490957966764419,0.9229594330400782,single,chubby,diff_means,2,0.8528836754643205,-0.0037878787878786735,,
5_o_clock_shadow,0.5416666666666667,0.5611111111111111,single,chubby,diff_means,3,0.543939393939394,-0.002272727272727204,,
arched_eyebrows,0.5763514201364146,0.6030744171841597,single,chubby,diff_means,3,0.5739590756388069,0.0023923444976077235,,
attractive,0.5056326187473729,0.5503993274485077,single,chubby,diff_means,3,0.5056326187473729,0.0,,
bags_under_eyes,0.49886363636363634,0.43799715909090914,single,chubby,diff_means,3,0.49261363636363636,0.006249999999999978,,
bald,0.6678204214598391,0.7910007126132546,single,chubby,diff_means,3,0.6784587193321796,-0.010638297872340496,,
bangs,0.7819345311346295,0.8816145705143982,single,chubby,diff_means,3,0.7819345311346295,0.0,,
big_lips,0.5012082158679018,0.4881192106322996,single,chubby,diff_means,3,0.5038260169150222,-0.002617801047120394,,
big_nose,0.5979064039408867,0.6477216748768473,single,chubby,diff_means,3,0.5979064039408867,0.0,,
black_hair,0.7421875,0.8755696614583333,single,chubby,diff_means,3,0.7421875,0.0,,
blond_hair,0.8910903273443269,0.9374846172778735,single,chubby,diff_means,3,0.8910903273443269,0.0,,
blurry,0.657103825136612,0.6407103825136612,single,chubby,diff_means,3,0.6174863387978142,0.0396174863387978,,
brown_hair,0.6638655462184874,0.8186274509803921,single,chubby,diff_means,3,0.6596638655462185,0.004201680672268893,,
bushy_eyebrows,0.5298092209856916,0.5086115527291998,single,chubby,diff_means,3,0.5298092209856916,0.0,,
chubby,0.65625,0.768798828125,single,chubby,diff_means,3,0.65625,0.0,,
double_chin,0.605072463768116,0.7037288647342994,single,chubby,diff_means,3,0.6105072463768115,-0.005434782608695565,,
eyeglasses,0.8911807847451412,0.9598459845984598,single,chubby,diff_means,3,0.8911807847451412,0.0,,
goatee,0.61489898989899,0.7431186868686869,single,chubby,diff_means,3,0.6265151515151515,-0.011616161616161524,,
gray_hair,0.7805017921146953,0.8957706093189964,single,chubby,diff_means,3,0.7805017921146953,0.0,,
heavy_makeup,0.5490559052202888,0.6123657904479822,single,chubby,diff_means,3,0.5444896951746266,0.004566210045662156,,
high_cheekbones,0.4745073891625616,0.4010467980295567,single,chubby,diff_means,3,0.4745073891625616,0.0,,
male,0.981283422459893,0.9769820971867008,single,chubby,diff_means,3,0.981283422459893,0.0,,
mouth_slightly_open,0.4988702290076336,0.4747480916030534,single,chubby,diff_means,3,0.4988702290076336,0.0,,
mustache,0.7272218876365826,0.8305945108835929,single,chubby,diff_means,3,0.735696463907769,-0.008474576271186418,,
narrow_eyes,0.6110370863868532,0.6158116811014879,single,chubby,diff_means,3,0.608927381745503,0.002109704641350185,,
no_beard,0.5394068069227305,0.5675223573312744,single,chubby,diff_means,3,0.5362220935469343,0.0031847133757961776,,
oval_face,0.507145859604876,0.491046658259773,single,chubby,diff_means,3,0.5045817570407735,0.002564102564102555,,
pale_skin,0.6195121951219512,0.8004065040650407,single,chubby,diff_means,3,0.6195121951219512,0.0,,
pointy_nose,0.5202020202020202,0.4928030303030303,single,chubby,diff_means,3,0.5202020202020202,0.0,,
receding_hairline,0.4884405212274065,0.5389659520807062,single,chubby,diff_means,3,0.49663724253888186,-0.008196721311475363,,
rosy_cheeks,0.6608103830326053,0.7600506489395378,single,chubby,diff_means,3,0.6566951566951567,0.004115226337448652,,
sideburns,0.5889407061958695,0.6155896069287142,single,chubby,diff_means,3,0.5889407061958695,0.0,,
smiling,0.8338827838827838,0.938949938949939,single,chubby,diff_means,3,0.83003663003663,0.0038461538461538325,,
straight_hair,0.45401493930905695,0.4841269841269842,single,chubby,diff_means,3,0.4561157796451914,-0.0021008403361344463,,
wavy_hair,0.6076329331046312,0.5866209262435678,single,chubby,diff_means,3,0.6076329331046312,0.0,,
wearing_earrings,0.6930757414628382,0.7737209027531607,single,chubby,diff_means,3,0.7058962542833511,-0.012820512820512886,,
wearing_hat,0.8706687730384413,0.9156398104265402,single,chubby,diff_means,3,0.8706687730384413,0.0,,
wearing_lipstick,0.4608322026232474,0.45481682496607867,single,chubby,diff_means,3,0.45585707824513794,0.004975124378109486,,
wearing_necklace,0.5605876393110436,0.6577507598784194,single,chubby,diff_means,3,0.6082066869300912,-0.04761904761904756,,
wearing_necktie,0.622719181130396,0.6437472185135736,single,chubby,diff_means,3,0.6297285269247885,-0.007009345794392496,,
young,0.8488514173998045,0.9230816226783969,single,chubby,diff_means,3,0.8528836754643205,-0.004032258064516014,,
5_o_clock_shadow,0.5462121212121211,0.5628787878787879,single,chubby,diff_means,4,0.543939393939394,0.002272727272727204,,
arched_eyebrows,0.5739590756388069,0.6034816247582205,single,chubby,diff_means,4,0.5739590756388069,0.0,,
attractive,0.5056326187473729,0.551744430432955,single,chubby,diff_means,4,0.5056326187473729,0.0,,
bags_under_eyes,0.49261363636363636,0.4354758522727273,single,chubby,diff_means,4,0.49261363636363636,0.0,,
bald,0.6678204214598391,0.7911025145067698,single,chubby,diff_means,4,0.6784587193321796,-0.010638297872340496,,
bangs,0.7798424809254245,0.88112232340635,single,chubby,diff_means,4,0.7819345311346295,-0.0020920502092049986,,
big_lips,0.5038260169150222,0.4919855014095852,single,chubby,diff_means,4,0.5038260169150222,0.0,,
big_nose,0.5979064039408867,0.6475985221674877,single,chubby,diff_means,4,0.5979064039408867,0.0,,
black_hair,0.7421875,0.8754069010416667,single,chubby,diff_means,4,0.7421875,0.0,,
blond_hair,0.8889982771351218,0.9372384937238495,single,chubby,diff_means,4,0.8910903273443269,-0.0020920502092051096,,
blurry,0.6612021857923497,0.6362704918032787,single,chubby,diff_means,4,0.6174863387978142,0.04371584699453546,,
brown_hair,0.6617647058823529,0.8179271708683473,single,chubby,diff_means,4,0.6596638655462185,0.0021008403361344463,,
bushy_eyebrows,0.5298092209856916,0.5098039215686274,single,chubby,diff_means,4,0.5298092209856916,0.0,,
chubby,0.66015625,0.76898193359375,single,chubby,diff_means,4,0.65625,0.00390625,,
double_chin,0.6035628019323671,0.7032759661835749,single,chubby,diff_means,4,0.6105072463768115,-0.00694444444444442,,
eyeglasses,0.8961312797946461,0.9597543087642099,single,chubby,diff_means,4,0.8911807847451412,0.004950495049504955,,
goatee,0.61489898989899,0.7459595959595959,single,chubby,diff_means,4,0.6265151515151515,-0.011616161616161524,,
gray_hair,0.7782795698924732,0.8953405017921148,single,chubby,diff_means,4,0.7805017921146953,-0.0022222222222221255,,
heavy_makeup,0.5444896951746266,0.6121189682833518,single,chubby,diff_means,4,0.5444896951746266,0.0,,
high_cheekbones,0.4745073891625616,0.40043103448275863,single,chubby,diff_means,4,0.4745073891625616,0.0,,
male,0.981283422459893,0.9774471053243431,single,chubby,diff_means,4,0.981283422459893,0.0,,
mouth_slightly_open,0.5066870229007634,0.4737099236641222,single,chubby,diff_means,4,0.4988702290076336,0.007816793893129781,,
mustache,0.735696463907769,0.8318850554934183,single,chubby,diff_means,4,0.735696463907769,0.0,,
narrow_eyes,0.6068176771041528,0.6171441261381302,single,chubby,diff_means,4,0.608927381745503,-0.002109704641350185,,
no_beard,0.5425915202985266,0.5688734478543396,single,chubby,diff_means,4,0.5362220935469343,0.006369426751592355,,
oval_face,0.507145859604876,0.4913829340058848,single,chubby,diff_means,4,0.5045817570407735,0.002564102564102555,,
pale_skin,0.6195121951219512,0.8,single,chubby,diff_means,4,0.6195121951219512,0.0,,
pointy_nose,0.5224747474747475,0.49457070707070705,single,chubby,diff_means,4,0.5202020202020202,0.002272727272727315,,
receding_hairline,0.4884405212274065,0.5388818831441783,single,chubby,diff_means,4,0.49663724253888186,-0.008196721311475363,,
rosy_cheeks,0.658752769863881,0.7587844254510921,single,chubby,diff_means,4,0.6566951566951567,0.002057613168724326,,
sideburns,0.5626249167221852,0.6135909393737509,single,chubby,diff_means,4,0.5889407061958695,-0.026315789473684292,,
smiling,0.8338827838827838,0.9394993894993895,single,chubby,diff_means,4,0.83003663003663,0.0038461538461538325,,
straight_hair,0.4561157796451914,0.484360410830999,single,chubby,diff_means,4,0.4561157796451914,0.0,,
wavy_hair,0.6076329331046312,0.5855488850771868,single,chubby,diff_means,4,0.6076329331046312,0.0,,
wearing_earrings,0.6953798889282761,0.7732482571192248,single,chubby,diff_means,4,0.7058962542833511,-0.010516365355075052,,
wearing_hat,0.8706687730384413,0.9152185360716165,single,chubby,diff_means,4,0.8706687730384413,0.0,,
wearing_lipstick,0.45834464043419265,0.45563093622795114,single,chubby,diff_means,4,0.45585707824513794,0.002487562189054715,,
wearing_necklace,0.5563323201621074,0.6569402228976697,single,chubby,diff_means,4,0.6082066869300912,-0.05187436676798374,,
wearing_necktie,0.6250556297285269,0.6466399643969738,single,chubby,diff_means,4,0.6297285269247885,-0.004672897196261627,,
young,0.8526392961876833,0.9236925708699902,single,chubby,diff_means,4,0.8528836754643205,-0.0002443792766372299,,
5_o_clock_shadow,0.5323232323232323,0.5617424242424243,single,chubby,diff_means,5,0.543939393939394,-0.011616161616161635,,
arched_eyebrows,0.5763514201364146,0.5980861244019139,single,chubby,diff_means,5,0.5739590756388069,0.0023923444976077235,,
attractive,0.5056326187473729,0.5460277427490543,single,chubby,diff_means,5,0.5056326187473729,0.0,,
bags_under_eyes,0.49204545454545456,0.4350852272727273,single,chubby,diff_means,5,0.49261363636363636,-0.000568181818181801,,
bald,0.6784587193321796,0.7891682785299806,single,chubby,diff_means,5,0.6784587193321796,0.0,,
bangs,0.7777504307162195,0.881368446960374,single,chubby,diff_means,5,0.7819345311346295,-0.004184100418409997,,
big_lips,0.4961337092227145,0.4877164720096657,single,chubby,diff_means,5,0.5038260169150222,-0.007692307692307665,,
big_nose,0.6022167487684729,0.6514778325123153,single,chubby,diff_means,5,0.5979064039408867,0.004310344827586188,,
black_hair,0.7421875,0.8744303385416666,single,chubby,diff_means,5,0.7421875,0.0,,
blond_hair,0.8889982771351218,0.9360078759537288,single,chubby,diff_means,5,0.8910903273443269,-0.0020920502092051096,,
blurry,0.6530054644808744,0.6325136612021858,single,chubby,diff_means,5,0.6174863387978142,0.03551912568306015,,
brown_hair,0.6638655462184874,0.8186274509803921,single,chubby,diff_means,5,0.6596638655462185,0.004201680672268893,,
bushy_eyebrows,0.5275569687334394,0.5131160572337043,single,chubby,diff_means,5,0.5298092209856916,-0.0022522522522522292,,
chubby,0.66015625,0.76788330078125,single,chubby,diff_means,5,0.65625,0.00390625,,
double_chin,0.6117149758454106,0.7042572463768116,single,chubby,diff_means,5,0.6105072463768115,0.0012077294685990392,,
eyeglasses,0.8986065273193986,0.9592959295929593,single,chubby,diff_means,5,0.8911807847451412,0.007425742574257432,,
goatee,0.6171717171717171,0.7420454545454545,single,chubby,diff_means,5,0.6265151515151515,-0.00934343434343432,,
gray_hair,0.7827240143369176,0.8966308243727599,single,chubby,diff_means,5,0.7805017921146953,0.0022222222222223476,,
heavy_makeup,0.5399234851289646,0.6119955572010367,single,chubby,diff_means,5,0.5444896951746266,-0.004566210045662045,,
high_cheekbones,0.4745073891625616,0.40209359605911327,single,chubby,diff_means,5,0.4745073891625616,0.0,,
male,0.981283422459893,0.9773696039680695,single,chubby,diff_means,5,0.981283422459893,0.0,,
mouth_slightly_open,0.4906870229007634,0.47511450381679393,single,chubby,diff_means,5,0.4988702290076336,-0.008183206106870233,,
mustache,0.7212853824313861,0.8284436032005505,single,chubby,diff_means,5,0.735696463907769,-0.014411081476382925,,
narrow_eyes,0.6047079724628026,0.6160337552742616,single,chubby,diff_means,5,0.608927381745503,-0.00421940928270037,,
no_beard,0.5425915202985266,0.5663642797400759,single,chubby,diff_means,5,0.5362220935469343,0.006369426751592355,,
oval_face,0.5045817570407735,0.49298024379991595,single,chubby,diff_means,5,0.5045817570407735,0.0,,
pale_skin,0.6215447154471545,0.8036585365853659,single,chubby,diff_means,5,0.6195121951219512,0.002032520325203291,,
pointy_nose,0.5270202020202019,0.4904040404040404,single,chubby,diff_means,5,0.5202020202020202,0.006818181818181723,,
receding_hairline,0.49663724253888186,0.5386296763345945,single,chubby,diff_means,5,0.49663724253888186,0.0,,
rosy_cheeks,0.6608103830326053,0.7622665400443178,single,chubby,diff_means,5,0.6566951566951567,0.004115226337448652,,
sideburns,0.5731734399289363,0.6118143459915613,single,chubby,diff_means,5,0.5889407061958695,-0.015767266266933144,,
smiling,0.83003663003663,0.9397435897435897,single,chubby,diff_means,5,0.83003663003663,0.0,,
straight_hair,0.46031746031746035,0.48552754435107376,single,chubby,diff_means,5,0.4561157796451914,0.004201680672268948,,
wavy_hair,0.6076329331046312,0.5816895368782162,single,chubby,diff_means,5,0.6076329331046312,0.0,,
wearing_earrings,0.6789554531490015,0.7694670920477372,single,chubby,diff_means,5,0.7058962542833511,-0.0269408011343496,,
wearing_hat,0.8706687730384413,0.9143759873617694,single,chubby,diff_means,5,0.8706687730384413,0.0,,
wearing_lipstick,0.45585707824513794,0.4584350972410674,single,chubby,diff_means,5,0.45585707824513794,0.0,,
wearing_necklace,0.5648429584599797,0.6530901722391085,single,chubby,diff_means,5,0.6082066869300912,-0.043363728470111496,,
wearing_necktie,0.6414107699154428,0.6425233644859814,single,chubby,diff_means,5,0.6297285269247885,0.011682242990654235,,
young,0.8486070381231672,0.9238147605083089,single,chubby,diff_means,5,0.8528836754643205,-0.004276637341153355,,
5_o_clock_shadow,0.543939393939394,0.5617424242424244,single,chubby,diff_means,6,0.543939393939394,0.0,,
arched_eyebrows,0.5739590756388069,0.600020360378703,single,chubby,diff_means,6,0.5739590756388069,0.0,,
attractive,0.5056326187473729,0.5481294661622531,single,chubby,diff_means,6,0.5056326187473729,0.0,,
bags_under_eyes,0.4977272727272727,0.4331676136363637,single,chubby,diff_means,6,0.49261363636363636,0.00511363636363632,,
bald,0.6784587193321796,0.7913061182938003,single,chubby,diff_means,6,0.6784587193321796,0.0,,
bangs,0.7798424809254245,0.8823529411764707,single,chubby,diff_means,6,0.7819345311346295,-0.0020920502092049986,,
big_lips,0.4856625050342328,0.48828030608135325,single,chubby,diff_means,6,0.5038260169150222,-0.01816351188078935,,
big_nose,0.5943349753694581,0.6504926108374385,single,chubby,diff_means,6,0.5979064039408867,-0.0035714285714285587,,
black_hair,0.75,0.8746744791666666,single,chubby,diff_means,6,0.7421875,0.0078125,,
blond_hair,0.8889982771351218,0.9367462466158012,single,chubby,diff_means,6,0.8910903273443269,-0.0020920502092051096,,
blurry,0.6509562841530054,0.6157786885245902,single,chubby,diff_means,6,0.6174863387978142,0.03346994535519121,,
brown_hair,0.6722689075630253,0.8179271708683473,single,chubby,diff_means,6,0.6596638655462185,0.012605042016806789,,
bushy_eyebrows,0.5275569687334394,0.5125861155272919,single,chubby,diff_means,6,0.5298092209856916,-0.0022522522522522292,,
chubby,0.6640625,0.76983642578125,single,chubby,diff_means,6,0.65625,0.0078125,,
double_chin,0.6089975845410628,0.7052385265700484,single,chubby,diff_means,6,0.6105072463768115,-0.0015096618357487435,,
eyeglasses,0.8986065273193986,0.9593876054272094,single,chubby,diff_means,6,0.8911807847451412,0.007425742574257432,,
goatee,0.61489898989899,0.744570707070707,single,chubby,diff_means,6,0.6265151515151515,-0.011616161616161524,,
gray_hair,0.7782795698924732,0.8951971326164874,single,chubby,diff_means,6,0.7805017921146953,-0.0022222222222221255,,
heavy_makeup,0.5376403801061336,0.6113785017894606,single,chubby,diff_means,6,0.5444896951746266,-0.006849315068493067,,
high_cheekbones,0.470935960591133,0.4025862068965517,single,chubby,diff_means,6,0.4745073891625616,-0.0035714285714285587,,
male,0.981283422459893,0.9773696039680695,single,chubby,diff_means,6,0.981283422459893,0.0,,
mouth_slightly_open,0.4946870229007634,0.4754809160305344,single,chubby,diff_means,6,0.4988702290076336,-0.00418320610687023,,
mustache,0.7297599587025725,0.8299062204250193,single,chubby,diff_means,6,0.735696463907769,-0.005936505205196507,,
narrow_eyes,0.6025982678214523,0.6166999777925828,single,chubby,diff_means,6,0.608927381745503,-0.006329113924050667,,
no_beard,0.5425915202985266,0.5673293443994081,single,chubby,diff_means,6,0.5362220935469343,0.006369426751592355,,
oval_face,0.5045817570407735,0.490962589323245,single,chubby,diff_means,6,0.5045817570407735,0.0,,
pale_skin,0.6195121951219512,0.8036585365853659,single,chubby,diff_means,6,0.6195121951219512,0.0,,
pointy_nose,0.5154040404040404,0.49280303030303035,single,chubby,diff_means,6,0.5202020202020202,-0.004797979797979801,,
receding_hairline,0.49150903741067675,0.5396385035729298,single,chubby,diff_means,6,0.49663724253888186,-0.00512820512820511,,
rosy_cheeks,0.6608103830326053,0.7635327635327636,single,chubby,diff_means,6,0.6566951566951567,0.004115226337448652,,
sideburns,0.5731734399289363,0.6127026426826561,single,chubby,diff_means,6,0.5889407061958695,-0.015767266266933144,,
smiling,0.8454212454212454,0.9393772893772894,single,chubby,diff_means,6,0.83003663003663,0.015384615384615441,,
straight_hair,0.46031746031746035,0.4852941176470588,single,chubby,diff_means,6,0.4561157796451914,0.004201680672268948,,
wavy_hair,0.6052744425385935,0.5838336192109777,single,chubby,diff_means,6,0.6076329331046312,-0.002358490566037652,,
wearing_earrings,0.6894718185040766,0.7678128323289612,single,chubby,diff_means,6,0.7058962542833511,-0.01642443577927455,,
wearing_hat,0.8682991047919958,0.9145866245392312,single,chubby,diff_means,6,0.8706687730384413,-0.0023696682464454666,,
wearing_lipstick,0.46992311171415646,0.45816372682044326,single,chubby,diff_means,6,0.45585707824513794,0.014066033469018524,,
wearing_necklace,0.5627152988855116,0.6577507598784195,single,chubby,diff_means,6,0.6082066869300912,-0.04549138804457953,,
wearing_necktie,0.6318424566088117,0.6411882510013351,single,chubby,diff_means,6,0.6297285269247885,0.0021139296840231303,,
young,0.852394916911046,0.9238758553274683,single,chubby,diff_means,6,0.8528836754643205,-0.0004887585532745709,,
5_o_clock_shadow,0.522979797979798,0.5621212121212121,single,chubby,diff_means,7,0.543939393939394,-0.020959595959595956,,
arched_eyebrows,0.5763514201364146,0.5978825206148835,single,chubby,diff_means,7,0.5739590756388069,0.0023923444976077235,,
attractive,0.5056326187473729,0.5476250525430852,single,chubby,diff_means,7,0.5056326187473729,0.0,,
bags_under_eyes,0.4954545454545455,0.43217329545454547,single,chubby,diff_means,7,0.49261363636363636,0.002840909090909116,,
bald,0.6784587193321796,0.7889646747429503,single,chubby,diff_means,7,0.6784587193321796,0.0,,
bangs,0.7798424809254245,0.8825990647304947,single,chubby,diff_means,7,0.7819345311346295,-0.0020920502092049986,,
big_lips,0.49089810712847365,0.4902939991945227,single,chubby,diff_means,7,0.5038260169150222,-0.012927909786548508,,
big_nose,0.6022167487684729,0.6525862068965517,single,chubby,diff_means,7,0.5979064039408867,0.004310344827586188,,
black_hair,0.7421875,0.8759765625,single,chubby,diff_means,7,0.7421875,0.0,,
blond_hair,0.8931823775535319,0.9369923701698253,single,chubby,diff_means,7,0.8910903273443269,0.0020920502092049986,,
blurry,0.6509562841530054,0.6198770491803278,single,chubby,diff_means,7,0.6174863387978142,0.03346994535519121,,
brown_hair,0.6743697478991597,0.8202614379084967,single,chubby,diff_means,7,0.6596638655462185,0.014705882352941235,,
bushy_eyebrows,0.5400105988341282,0.5147058823529411,single,chubby,diff_means,7,0.5298092209856916,0.010201377848436555,,
chubby,0.66015625,0.76904296875,single,chubby,diff_means,7,0.65625,0.00390625,,
double_chin,0.6020531400966184,0.7044082125603865,single,chubby,diff_means,7,0.6105072463768115,-0.008454106280193163,,
eyeglasses,0.9010817748441511,0.9588375504217088,single,chubby,diff_means,7,0.8911807847451412,0.00990099009900991,,
goatee,0.6171717171717171,0.7421717171717173,single,chubby,diff_means,7,0.6265151515151515,-0.00934343434343432,,
gray_hair,0.7805017921146953,0.8982078853046594,single,chubby,diff_means,7,0.7805017921146953,0.0,,
heavy_makeup,0.5376403801061336,0.6100209798839936,single,chubby,diff_means,7,0.5444896951746266,-0.006849315068493067,,
high_cheekbones,0.470935960591133,0.40344827586206894,single,chubby,diff_means,7,0.4745073891625616,-0.0035714285714285587,,
male,0.981283422459893,0.9772921026117958,single,chubby,diff_means,7,0.981283422459893,0.0,,
mouth_slightly_open,0.4906870229007634,0.47487022900763354,single,chubby,diff_means,7,0.4988702290076336,-0.008183206106870233,,
mustache,0.7322980297685624,0.8293039662737676,single,chubby,diff_means,7,0.735696463907769,-0.0033984341392065964,,
narrow_eyes,0.6068176771041528,0.6147013102376193,single,chubby,diff_means,7,0.608927381745503,-0.002109704641350185,,
no_beard,0.5425915202985266,0.5670719938235862,single,chubby,diff_means,7,0.5362220935469343,0.006369426751592355,,
oval_face,0.5045817570407735,0.4923076923076923,single,chubby,diff_means,7,0.5045817570407735,0.0,,
pale_skin,0.6195121951219512,0.7987804878048781,single,chubby,diff_means,7,0.6195121951219512,0.0,,
pointy_nose,0.5108585858585859,0.4911616161616162,single,chubby,diff_means,7,0.5202020202020202,-0.00934343434343432,,
receding_hairline,0.4940731399747793,0.5400588482555695,single,chubby,diff_means,7,0.49663724253888186,-0.002564102564102555,,
rosy_cheeks,0.6628679962013295,0.7673314339981008,single,chubby,diff_means,7,0.6566951566951567,0.006172839506172867,,
sideburns,0.571063735287586,0.6107039751276926,single,chubby,diff_means,7,0.5889407061958695,-0.01787697090828344,,
smiling,0.8338827838827838,0.9391330891330891,single,chubby,diff_means,7,0.83003663003663,0.0038461538461538325,,
straight_hair,0.46031746031746035,0.4831932773109244,single,chubby,diff_means,7,0.4561157796451914,0.004201680672268948,,
wavy_hair,0.6099914236706689,0.5824935677530017,single,chubby,diff_means,7,0.6076329331046312,0.002358490566037763,,
wearing_earrings,0.6894718185040766,0.7676946709204774,single,chubby,diff_means,7,0.7058962542833511,-0.01642443577927455,,
wearing_hat,0.8682991047919958,0.9142706687730385,single,chubby,diff_means,7,0.8706687730384413,-0.0023696682464454666,,
wearing_lipstick,0.45834464043419265,0.4589778380823157,single,chubby,diff_means,7,0.45585707824513794,0.002487562189054715,,
wearing_necklace,0.5648429584599797,0.658966565349544,single,chubby,diff_means,7,0.6082066869300912,-0.043363728470111496,,
wearing_necktie,0.6341789052069425,0.6384067645749889,single,chubby,diff_means,7,0.6297285269247885,0.0044503782821539994,,
young,0.852394916911046,0.9242424242424242,single,chubby,diff_means,7,0.8528836754643205,-0.0004887585532745709,,
5_o_clock_shadow,0.5323232323232323,0.5601010101010101,single,chubby,diff_means,8,0.543939393939394,-0.011616161616161635,,
arched_eyebrows,0.5763514201364146,0.600020360378703,single,chubby,diff_means,8,0.5739590756388069,0.0023923444976077235,,
attractive,0.5056326187473729,0.548213535098781,single,chubby,diff_means,8,0.5056326187473729,0.0,,
bags_under_eyes,0.48636363636363633,0.43373579545454544,single,chubby,diff_means,8,0.49261363636363636,-0.006250000000000033,,
bald,0.6784587193321796,0.7902880993586481,single,chubby,diff_means,8,0.6784587193321796,0.0,,
bangs,0.7798424809254245,0.8821068176224465,single,chubby,diff_means,8,0.7819345311346295,-0.0020920502092049986,,
big_lips,0.4961337092227145,0.4884414015304067,single,chubby,diff_means,8,0.5038260169150222,-0.007692307692307665,,
big_nose,0.5979064039408867,0.6483990147783251,single,chubby,diff_means,8,0.5979064039408867,0.0,,
black_hair,0.7473958333333333,0.8744303385416667,single,chubby,diff_means,8,0.7421875,0.005208333333333259,,
blond_hair,0.8889982771351218,0.9369923701698253,single,chubby,diff_means,8,0.8910903273443269,-0.0020920502092051096,,
blurry,0.6550546448087432,0.6041666666666667,single,chubby,diff_means,8,0.6174863387978142,0.037568306010928976,,
brown_hair,0.6659663865546218,0.8235294117647058,single,chubby,diff_means,8,0.6596638655462185,0.006302521008403339,,
bushy_eyebrows,0.546767355590885,0.5147058823529412,single,chubby,diff_means,8,0.5298092209856916,0.016958134605193353,,
chubby,0.66015625,0.7706298828125,single,chubby,diff_means,8,0.65625,0.00390625,,
double_chin,0.606280193236715,0.7023701690821256,single,chubby,diff_means,8,0.6105072463768115,-0.004227053140096526,,
eyeglasses,0.8986065273193986,0.9582874954162084,single,chubby,diff_means,8,0.8911807847451412,0.007425742574257432,,
goatee,0.6080808080808081,0.7444444444444445,single,chubby,diff_means,8,0.6265151515151515,-0.01843434343434336,,
gray_hair,0.7805017921146953,0.8972043010752688,single,chubby,diff_means,8,0.7805017921146953,0.0,,
heavy_makeup,0.5422065901517956,0.6069357028261138,single,chubby,diff_means,8,0.5444896951746266,-0.0022831050228310223,,
high_cheekbones,0.470935960591133,0.40332512315270935,single,chubby,diff_means,8,0.4745073891625616,-0.0035714285714285587,,
male,0.981283422459893,0.9771370998992484,single,chubby,diff_means,8,0.981283422459893,0.0,,
mouth_slightly_open,0.49105343511450383,0.4757251908396946,single,chubby,diff_means,8,0.4988702290076336,-0.007816793893129781,,
mustache,0.7322980297685624,0.8292179299664458,single,chubby,diff_means,8,0.735696463907769,-0.0033984341392065964,,
narrow_eyes,0.6047079724628026,0.6127026426826561,single,chubby,diff_means,8,0.608927381745503,-0.00421940928270037,,
no_beard,0.5425915202985266,0.5682300714147848,single,chubby,diff_means,8,0.5362220935469343,0.006369426751592355,,
oval_face,0.507145859604876,0.4951660361496427,single,chubby,diff_means,8,0.5045817570407735,0.002564102564102555,,
pale_skin,0.6215447154471545,0.7967479674796748,single,chubby,diff_means,8,0.6195121951219512,0.002032520325203291,,
pointy_nose,0.5040404040404041,0.48901515151515157,single,chubby,diff_means,8,0.5202020202020202,-0.016161616161616155,,
receding_hairline,0.4889449348465742,0.5403110550651534,single,chubby,diff_means,8,0.49663724253888186,-0.007692307692307665,,
rosy_cheeks,0.6566951566951567,0.7632162076606522,single,chubby,diff_means,8,0.6566951566951567,0.0,,
sideburns,0.5668443260048857,0.6162558294470352,single,chubby,diff_means,8,0.5889407061958695,-0.02209638019098381,,
smiling,0.83003663003663,0.9377289377289377,single,chubby,diff_means,8,0.83003663003663,0.0,,
straight_hair,0.45821661998132585,0.4869281045751634,single,chubby,diff_means,8,0.4561157796451914,0.0021008403361344463,,
wavy_hair,0.6099914236706689,0.5839944253859348,single,chubby,diff_means,8,0.6076329331046312,0.002358490566037763,,
wearing_earrings,0.6953798889282761,0.7734845799361929,single,chubby,diff_means,8,0.7058962542833511,-0.010516365355075052,,
wearing_hat,0.8706687730384413,0.9134281200631912,single,chubby,diff_means,8,0.8706687730384413,0.0,,
wearing_lipstick,0.45585707824513794,0.4526458616010855,single,chubby,diff_means,8,0.45585707824513794,0.0,,
wearing_necklace,0.5669706180344478,0.6609929078014185,single,chubby,diff_means,8,0.6082066869300912,-0.04123606889564335,,
wearing_necktie,0.62716955941255,0.6370716510903427,single,chubby,diff_means,8,0.6297285269247885,-0.002558967512238497,,
young,0.8526392961876833,0.9238147605083089,single,chubby,diff_means,8,0.8528836754643205,-0.0002443792766372299,,
5_o_clock_shadow,0.5184343434343435,0.5571969696969697,single,chubby,diff_means,9,0.543939393939394,-0.025505050505050475,,
arched_eyebrows,0.5739590756388069,0.597169907360277,single,chubby,diff_means,9,0.5739590756388069,0.0,,
attractive,0.5056326187473729,0.5493064312736444,single,chubby,diff_means,9,0.5056326187473729,0.0,,
bags_under_eyes,0.48636363636363633,0.43309659090909086,single,chubby,diff_means,9,0.49261363636363636,-0.006250000000000033,,
bald,0.6784587193321796,0.7893718823170112,single,chubby,diff_means,9,0.6784587193321796,0.0,,
bangs,0.7798424809254245,0.8823529411764706,single,chubby,diff_means,9,0.7819345311346295,-0.0020920502092049986,,
big_lips,0.5012082158679018,0.4878775674587193,single,chubby,diff_means,9,0.5038260169150222,-0.002617801047120394,,
big_nose,0.5943349753694581,0.6488916256157636,single,chubby,diff_means,9,0.5979064039408867,-0.0035714285714285587,,
black_hair,0.7395833333333333,0.8738606770833334,single,chubby,diff_means,9,0.7421875,-0.0026041666666667407,,
blond_hair,0.8910903273443269,0.9367462466158012,single,chubby,diff_means,9,0.8910903273443269,0.0,,
blurry,0.6174863387978142,0.6120218579234973,single,chubby,diff_means,9,0.6174863387978142,0.0,,
brown_hair,0.6659663865546218,0.8249299719887955,single,chubby,diff_means,9,0.6596638655462185,0.006302521008403339,,
bushy_eyebrows,0.5320614732379438,0.5170906200317964,single,chubby,diff_means,9,0.5298092209856916,0.0022522522522522292,,
chubby,0.66015625,0.77044677734375,single,chubby,diff_means,9,0.65625,0.00390625,,
double_chin,0.6008454106280193,0.7028985507246377,single,chubby,diff_means,9,0.6105072463768115,-0.009661835748792202,,
eyeglasses,0.8986065273193986,0.9591125779244591,single,chubby,diff_means,9,0.8911807847451412,0.007425742574257432,,
goatee,0.6103535353535353,0.7402777777777778,single,chubby,diff_means,9,0.6265151515151515,-0.016161616161616155,,
gray_hair,0.7805017921146953,0.8960573476702509,single,chubby,diff_means,9,0.7805017921146953,0.0,,
heavy_makeup,0.5422065901517956,0.6060718252499074,single,chubby,diff_means,9,0.5444896951746266,-0.0022831050228310223,,
high_cheekbones,0.470935960591133,0.40160098522167487,single,chubby,diff_means,9,0.4745073891625616,-0.0035714285714285587,,
male,0.981283422459893,0.9772146012555221,single,chubby,diff_means,9,0.981283422459893,0.0,,
mouth_slightly_open,0.48705343511450383,0.47487022900763354,single,chubby,diff_means,9,0.4988702290076336,-0.011816793893129784,,
mustache,0.7297599587025725,0.8300782930396627,single,chubby,diff_means,9,0.735696463907769,-0.005936505205196507,,
narrow_eyes,0.608927381745503,0.6149233844103931,single,chubby,diff_means,9,0.608927381745503,0.0,,
no_beard,0.5425915202985266,0.5660425915202985,single,chubby,diff_means,9,0.5362220935469343,0.006369426751592355,,
oval_face,0.507145859604876,0.4942412778478352,single,chubby,diff_means,9,0.5045817570407735,0.002564102564102555,,
pale_skin,0.6195121951219512,0.7939024390243903,single,chubby,diff_means,9,0.6195121951219512,0.0,,
pointy_nose,0.5063131313131314,0.4902777777777778,single,chubby,diff_means,9,0.5202020202020202,-0.01388888888888884,,
receding_hairline,0.4940731399747793,0.5387137452711224,single,chubby,diff_means,9,0.49663724253888186,-0.002564102564102555,,
rosy_cheeks,0.6566951566951567,0.7625830959164294,single,chubby,diff_means,9,0.6566951566951567,0.0,,
sideburns,0.571063735287586,0.6140350877192983,single,chubby,diff_means,9,0.5889407061958695,-0.01787697090828344,,
smiling,0.83003663003663,0.9376678876678877,single,chubby,diff_means,9,0.83003663003663,0.0,,
straight_hair,0.46031746031746035,0.4834267040149393,single,chubby,diff_means,9,0.4561157796451914,0.004201680672268948,,
wavy_hair,0.6099914236706689,0.5846912521440824,single,chubby,diff_means,9,0.6076329331046312,0.002358490566037763,,
wearing_earrings,0.6953798889282761,0.7713576745834809,single,chubby,diff_means,9,0.7058962542833511,-0.010516365355075052,,
wearing_hat,0.8706687730384413,0.9132174828857293,single,chubby,diff_means,9,0.8706687730384413,0.0,,
wearing_lipstick,0.45834464043419265,0.4513794663048395,single,chubby,diff_means,9,0.45585707824513794,0.002487562189054715,,
wearing_necklace,0.5907801418439715,0.6624113475177305,single,chubby,diff_means,9,0.6082066869300912,-0.017426545086119627,,
wearing_necktie,0.6295060080106809,0.634623943035158,single,chubby,diff_means,9,0.6297285269247885,-0.0002225189141076278,,
young,0.8528836754643205,0.9234481915933529,single,chubby,diff_means,9,0.8528836754643205,0.0,,
5_o_clock_shadow,0.5207070707070707,0.5569444444444444,single,chubby,diff_means,10,0.543939393939394,-0.02323232323232327,,
arched_eyebrows,0.5739590756388069,0.5990023414435509,single,chubby,diff_means,10,0.5739590756388069,0.0,,
attractive,0.5056326187473729,0.5519966372425389,single,chubby,diff_means,10,0.5056326187473729,0.0,,
bags_under_eyes,0.4892045454545455,0.43622159090909096,single,chubby,diff_means,10,0.49261363636363636,-0.0034090909090908617,,
bald,0.6784587193321796,0.7900844955716178,single,chubby,diff_means,10,0.6784587193321796,0.0,,
bangs,0.7819345311346295,0.8835835589465911,single,chubby,diff_means,10,0.7819345311346295,0.0,,
big_lips,0.4961337092227145,0.4878775674587193,single,chubby,diff_means,10,0.5038260169150222,-0.007692307692307665,,
big_nose,0.5979064039408867,0.6481527093596059,single,chubby,diff_means,10,0.5979064039408867,0.0,,
black_hair,0.7395833333333333,0.8750813802083334,single,chubby,diff_means,10,0.7421875,-0.0026041666666667407,,
blond_hair,0.8910903273443269,0.936253999507753,single,chubby,diff_means,10,0.8910903273443269,0.0,,
blurry,0.6113387978142076,0.6188524590163935,single,chubby,diff_means,10,0.6174863387978142,-0.006147540983606592,,
brown_hair,0.6596638655462185,0.8249299719887955,single,chubby,diff_means,10,0.6596638655462185,0.0,,
bushy_eyebrows,0.5320614732379438,0.5147058823529411,single,chubby,diff_means,10,0.5298092209856916,0.0022522522522522292,,
chubby,0.66015625,0.76995849609375,single,chubby,diff_means,10,0.65625,0.00390625,,
double_chin,0.605072463768116,0.7026721014492754,single,chubby,diff_means,10,0.6105072463768115,-0.005434782608695565,,
eyeglasses,0.8986065273193986,0.9584708470847084,single,chubby,diff_means,10,0.8911807847451412,0.007425742574257432,,
goatee,0.6080808080808081,0.7407828282828283,single,chubby,diff_means,10,0.6265151515151515,-0.01843434343434336,,
gray_hair,0.7805017921146953,0.897921146953405,single,chubby,diff_means,10,0.7805017921146953,0.0,,
heavy_makeup,0.5444896951746266,0.6058250030852771,single,chubby,diff_means,10,0.5444896951746266,0.0,,
high_cheekbones,0.470935960591133,0.4019088669950739,single,chubby,diff_means,10,0.4745073891625616,-0.0035714285714285587,,
male,0.981283422459893,0.9770595985429745,single,chubby,diff_means,10,0.981283422459893,0.0,,
mouth_slightly_open,0.49523664122137406,0.4720610687022901,single,chubby,diff_means,10,0.4988702290076336,-0.003633587786259551,,
mustache,0.7322980297685624,0.8299922567323409,single,chubby,diff_means,10,0.735696463907769,-0.0033984341392065964,,
narrow_eyes,0.6068176771041528,0.6131467910282034,single,chubby,diff_means,10,0.608927381745503,-0.002109704641350185,,
no_beard,0.5394068069227305,0.5652705397928327,single,chubby,diff_means,10,0.5362220935469343,0.0031847133757961776,,
oval_face,0.507145859604876,0.4935687263556116,single,chubby,diff_means,10,0.5045817570407735,0.002564102564102555,,
pale_skin,0.6195121951219512,0.7926829268292683,single,chubby,diff_means,10,0.6195121951219512,0.0,,
pointy_nose,0.5156565656565657,0.4921717171717172,single,chubby,diff_means,10,0.5202020202020202,-0.004545454545454519,,
receding_hairline,0.4940731399747793,0.5379571248423707,single,chubby,diff_means,10,0.49663724253888186,-0.002564102564102555,,
rosy_cheeks,0.6566951566951567,0.7632162076606521,single,chubby,diff_means,10,0.6566951566951567,0.0,,
sideburns,0.5910504108372197,0.6144792360648456,single,chubby,diff_means,10,0.5889407061958695,0.002109704641350185,,
smiling,0.83003663003663,0.9391330891330891,single,chubby,diff_means,10,0.83003663003663,0.0,,
straight_hair,0.45821661998132585,0.4831932773109244,single,chubby,diff_means,10,0.4561157796451914,0.0021008403361344463,,
wavy_hair,0.6099914236706689,0.5834048027444254,single,chubby,diff_means,10,0.6076329331046312,0.002358490566037763,,
wearing_earrings,0.7058962542833511,0.7743117097955807,single,chubby,diff_means,10,0.7058962542833511,0.0,,
wearing_hat,0.8706687730384413,0.9134281200631912,single,chubby,diff_means,10,0.8706687730384413,0.0,,
wearing_lipstick,0.45585707824513794,0.45029398462234277,single,chubby,diff_means,10,0.45585707824513794,0.0,,
wearing_necklace,0.5886524822695035,0.660790273556231,single,chubby,diff_means,10,0.6082066869300912,-0.01955420466058766,,
wearing_necktie,0.6344014241210503,0.6332888295505118,single,chubby,diff_means,10,0.6297285269247885,0.004672897196261738,,
young,0.8528836754643205,0.9234481915933529,single,chubby,diff_means,10,0.8528836754643205,0.0,,
5_o_clock_shadow,0.5300505050505051,0.5578282828282829,single,chubby,diff_means,11,0.543939393939394,-0.01388888888888884,,
arched_eyebrows,0.5739590756388069,0.599511350911127,single,chubby,diff_means,11,0.5739590756388069,0.0,,
attractive,0.5056326187473729,0.5501471206389239,single,chubby,diff_means,11,0.5056326187473729,0.0,,
bags_under_eyes,0.48011363636363635,0.4360795454545454,single,chubby,diff_means,11,0.49261363636363636,-0.012500000000000011,,
bald,0.6784587193321796,0.7934439580576199,single,chubby,diff_means,11,0.6784587193321796,0.0,,
bangs,0.7840265813438345,0.88530642382476,single,chubby,diff_means,11,0.7819345311346295,0.0020920502092049986,,
big_lips,0.49351590817559404,0.48731373338703177,single,chubby,diff_means,11,0.5038260169150222,-0.010310108739428114,,
big_nose,0.5979064039408867,0.6483990147783252,single,chubby,diff_means,11,0.5979064039408867,0.0,,
black_hair,0.7395833333333333,0.874267578125,single,chubby,diff_means,11,0.7421875,-0.0026041666666667407,,
blond_hair,0.8931823775535319,0.9372384937238493,single,chubby,diff_means,11,0.8910903273443269,0.0020920502092049986,,
blurry,0.6591530054644809,0.6273907103825137,single,chubby,diff_means,11,0.6174863387978142,0.04166666666666663,,
brown_hair,0.6596638655462185,0.8181605975723623,single,chubby,diff_means,11,0.6596638655462185,0.0,,
bushy_eyebrows,0.5320614732379438,0.5109962904080552,single,chubby,diff_means,11,0.5298092209856916,0.0022522522522522292,,
chubby,0.66015625,0.7696533203125,single,chubby,diff_means,11,0.65625,0.00390625,,
double_chin,0.6077898550724637,0.704483695652174,single,chubby,diff_means,11,0.6105072463768115,-0.0027173913043477826,,
eyeglasses,0.8936560322698937,0.9585625229189586,single,chubby,diff_means,11,0.8911807847451412,0.0024752475247524774,,
goatee,0.6058080808080808,0.7407828282828284,single,chubby,diff_means,11,0.6265151515151515,-0.020707070707070674,,
gray_hair,0.7805017921146953,0.8980645161290323,single,chubby,diff_means,11,0.7805017921146953,0.0,,
heavy_makeup,0.5399234851289646,0.6081698136492657,single,chubby,diff_means,11,0.5444896951746266,-0.004566210045662045,,
high_cheekbones,0.46662561576354683,0.4020935960591132,single,chubby,diff_means,11,0.4745073891625616,-0.007881773399014746,,
male,0.981283422459893,0.9769820971867006,single,chubby,diff_means,11,0.981283422459893,0.0,,
mouth_slightly_open,0.49123664122137406,0.47395419847328246,single,chubby,diff_means,11,0.4988702290076336,-0.007633587786259555,,
mustache,0.7212853824313861,0.8278413490492988,single,chubby,diff_means,11,0.735696463907769,-0.014411081476382925,,
narrow_eyes,0.6068176771041528,0.6151454585831667,single,chubby,diff_means,11,0.608927381745503,-0.002109704641350185,,
no_beard,0.5394068069227305,0.5642411374895451,single,chubby,diff_means,11,0.5362220935469343,0.0031847133757961776,,
oval_face,0.507145859604876,0.4930643127364439,single,chubby,diff_means,11,0.5045817570407735,0.002564102564102555,,
pale_skin,0.6215447154471545,0.7951219512195122,single,chubby,diff_means,11,0.6195121951219512,0.002032520325203291,,
pointy_nose,0.5156565656565657,0.4896464646464646,single,chubby,diff_means,11,0.5202020202020202,-0.004545454545454519,,
receding_hairline,0.48587641866330394,0.5393022278268179,single,chubby,diff_means,11,0.49663724253888186,-0.010760823875577918,,
rosy_cheeks,0.6566951566951567,0.7635327635327636,single,chubby,diff_means,11,0.6566951566951567,0.0,,
sideburns,0.5647346213635354,0.6131467910282035,single,chubby,diff_means,11,0.5889407061958695,-0.024206084832334107,,
smiling,0.83003663003663,0.9391330891330891,single,chubby,diff_means,11,0.83003663003663,0.0,,
straight_hair,0.4561157796451914,0.4836601307189543,single,chubby,diff_means,11,0.4561157796451914,0.0,,
wavy_hair,0.6076329331046312,0.5849056603773586,single,chubby,diff_means,11,0.6076329331046312,0.0,,
wearing_earrings,0.7035921068179133,0.7733664185277089,single,chubby,diff_means,11,0.7058962542833511,-0.0023041474654378336,,
wearing_hat,0.8706687730384413,0.9146919431279621,single,chubby,diff_means,11,0.8706687730384413,0.0,,
wearing_lipstick,0.4608322026232474,0.4535504296698326,single,chubby,diff_means,11,0.45585707824513794,0.004975124378109486,,
wearing_necklace,0.5780141843971631,0.6593718338399189,single,chubby,diff_means,11,0.6082066869300912,-0.030192502532928045,,
wearing_necktie,0.6250556297285269,0.6406319537160658,single,chubby,diff_means,11,0.6297285269247885,-0.004672897196261627,,
young,0.8450635386119256,0.9241202346041056,single,chubby,diff_means,11,0.8528836754643205,-0.00782013685239491,,
5_o_clock_shadow,0.5116161616161616,0.5592171717171717,single,chubby,diff_means,12,0.543939393939394,-0.03232323232323231,,
arched_eyebrows,0.5715667311411992,0.5994095490176117,single,chubby,diff_means,12,0.5739590756388069,-0.0023923444976077235,,
attractive,0.5056326187473729,0.5506515342580917,single,chubby,diff_means,12,0.5056326187473729,0.0,,
bags_under_eyes,0.4772727272727273,0.4372159090909091,single,chubby,diff_means,12,0.49261363636363636,-0.015340909090909072,,
bald,0.6784587193321796,0.7935457599511351,single,chubby,diff_means,12,0.6784587193321796,0.0,,
bangs,0.7861186315530396,0.88530642382476,single,chubby,diff_means,12,0.7819345311346295,0.004184100418410108,,
big_lips,0.49859041482078137,0.48473620620217484,single,chubby,diff_means,12,0.5038260169150222,-0.005235602094240788,,
big_nose,0.5979064039408867,0.6463669950738916,single,chubby,diff_means,12,0.5979064039408867,0.0,,
black_hair,0.7473958333333333,0.875244140625,single,chubby,diff_means,12,0.7421875,0.005208333333333259,,
blond_hair,0.8931823775535319,0.9374846172778736,single,chubby,diff_means,12,0.8910903273443269,0.0020920502092049986,,
blurry,0.6174863387978142,0.6273907103825137,single,chubby,diff_means,12,0.6174863387978142,0.0,,
brown_hair,0.6638655462184874,0.8162931839402428,single,chubby,diff_means,12,0.6596638655462185,0.004201680672268893,,
bushy_eyebrows,0.5365659777424483,0.509009009009009,single,chubby,diff_means,12,0.5298092209856916,0.006756756756756688,,
chubby,0.66015625,0.77008056640625,single,chubby,diff_means,12,0.65625,0.00390625,,
double_chin,0.6105072463768115,0.7033514492753623,single,chubby,diff_means,12,0.6105072463768115,0.0,,
eyeglasses,0.8887055372203887,0.957920792079208,single,chubby,diff_means,12,0.8911807847451412,-0.0024752475247524774,,
goatee,0.6058080808080808,0.7406565656565657,single,chubby,diff_means,12,0.6265151515151515,-0.020707070707070674,,
gray_hair,0.7782795698924732,0.8980645161290323,single,chubby,diff_means,12,0.7805017921146953,-0.0022222222222221255,,
heavy_makeup,0.5422065901517956,0.6098975688016784,single,chubby,diff_means,12,0.5444896951746266,-0.0022831050228310223,,
high_cheekbones,0.46662561576354683,0.40110837438423647,single,chubby,diff_means,12,0.4745073891625616,-0.007881773399014746,,
male,0.981283422459893,0.9769820971867007,single,chubby,diff_means,12,0.981283422459893,0.0,,
mouth_slightly_open,0.49123664122137406,0.47035114503816794,single,chubby,diff_means,12,0.4988702290076336,-0.007633587786259555,,
mustache,0.7297599587025725,0.8269809859760819,single,chubby,diff_means,12,0.735696463907769,-0.005936505205196507,,
narrow_eyes,0.6068176771041528,0.6127026426826561,single,chubby,diff_means,12,0.608927381745503,-0.002109704641350185,,
no_beard,0.5425915202985266,0.5625040211027471,single,chubby,diff_means,12,0.5362220935469343,0.006369426751592355,,
oval_face,0.5045817570407735,0.4939050021017234,single,chubby,diff_means,12,0.5045817570407735,0.0,,
pale_skin,0.6174796747967479,0.793089430894309,single,chubby,diff_means,12,0.6195121951219512,-0.002032520325203291,,
pointy_nose,0.5088383838383839,0.48863636363636365,single,chubby,diff_means,12,0.5202020202020202,-0.011363636363636354,,
receding_hairline,0.49663724253888186,0.5405632618747374,single,chubby,diff_means,12,0.49663724253888186,0.0,,
rosy_cheeks,0.6566951566951567,0.7619499841722064,single,chubby,diff_means,12,0.6566951566951567,0.0,,
sideburns,0.560515212080835,0.6140350877192983,single,chubby,diff_means,12,0.5889407061958695,-0.028425494115034478,,
smiling,0.8338827838827838,0.9391941391941392,single,chubby,diff_means,12,0.83003663003663,0.0038461538461538325,,
straight_hair,0.4859943977591036,0.48225957049486456,single,chubby,diff_means,12,0.4561157796451914,0.02987861811391218,,
wavy_hair,0.6076329331046312,0.5850128644939966,single,chubby,diff_means,12,0.6076329331046312,0.0,,
wearing_earrings,0.6966796644215999,0.772184804442869,single,chubby,diff_means,12,0.7058962542833511,-0.009216589861751223,,
wearing_hat,0.8706687730384413,0.913533438651922,single,chubby,diff_means,12,0.8706687730384413,0.0,,
wearing_lipstick,0.45834464043419265,0.45291723202170964,single,chubby,diff_means,12,0.45585707824513794,0.002487562189054715,,
wearing_necklace,0.603951367781155,0.6630192502532929,single,chubby,diff_means,12,0.6082066869300912,-0.004255319148936176,,
wearing_necktie,0.6297285269247885,0.6409657320872274,single,chubby,diff_means,12,0.6297285269247885,0.0,,
young,0.8490957966764419,0.9238758553274683,single,chubby,diff_means,12,0.8528836754643205,-0.0037878787878786735,,
5_o_clock_shadow,0.5138888888888888,0.5551767676767677,single,chubby,diff_means,13,0.543939393939394,-0.030050505050505105,,
arched_eyebrows,0.5739590756388069,0.601445586887916,single,chubby,diff_means,13,0.5739590756388069,0.0,,
attractive,0.5056326187473729,0.548129466162253,single,chubby,diff_means,13,0.5056326187473729,0.0,,
bags_under_eyes,0.48011363636363635,0.43948863636363633,single,chubby,diff_means,13,0.49261363636363636,-0.012500000000000011,,
bald,0.6784587193321796,0.794869184566833,single,chubby,diff_means,13,0.6784587193321796,0.0,,
bangs,0.7840265813438345,0.8845680531626876,single,chubby,diff_means,13,0.7819345311346295,0.0020920502092049986,,
big_lips,0.49351590817559404,0.4848973016512283,single,chubby,diff_means,13,0.5038260169150222,-0.010310108739428114,,
big_nose,0.5979064039408867,0.6452586206896551,single,chubby,diff_means,13,0.5979064039408867,0.0,,
black_hair,0.7473958333333333,0.873291015625,single,chubby,diff_means,13,0.7421875,0.005208333333333259,,
blond_hair,0.8910903273443269,0.9377307408318976,single,chubby,diff_means,13,0.8910903273443269,0.0,,
blurry,0.6154371584699454,0.6284153005464481,single,chubby,diff_means,13,0.6174863387978142,-0.002049180327868827,,
brown_hair,0.6638655462184874,0.8197945845004668,single,chubby,diff_means,13,0.6596638655462185,0.004201680672268893,,
bushy_eyebrows,0.5365659777424483,0.505431902490726,single,chubby,diff_means,13,0.5298092209856916,0.006756756756756688,,
chubby,0.66015625,0.77008056640625,single,chubby,diff_means,13,0.65625,0.00390625,,
double_chin,0.6077898550724637,0.7030495169082127,single,chubby,diff_means,13,0.6105072463768115,-0.0027173913043477826,,
eyeglasses,0.8911807847451412,0.9577374404107077,single,chubby,diff_means,13,0.8911807847451412,0.0,,
goatee,0.6242424242424243,0.7378787878787878,single,chubby,diff_means,13,0.6265151515151515,-0.002272727272727204,,
gray_hair,0.7827240143369176,0.896774193548387,single,chubby,diff_means,13,0.7805017921146953,0.0022222222222223476,,
heavy_makeup,0.5467728001974577,0.6110082685425151,single,chubby,diff_means,13,0.5444896951746266,0.0022831050228310223,,
high_cheekbones,0.4701970443349754,0.40080049261083744,single,chubby,diff_means,13,0.4745073891625616,-0.004310344827586188,,
male,0.981283422459893,0.9770595985429745,single,chubby,diff_means,13,0.981283422459893,0.0,,
mouth_slightly_open,0.48723664122137406,0.47108396946564884,single,chubby,diff_means,13,0.4988702290076336,-0.011633587786259558,,
mustache,0.7272218876365826,0.8263787318248301,single,chubby,diff_means,13,0.735696463907769,-0.008474576271186418,,
narrow_eyes,0.6047079724628026,0.6144792360648457,single,chubby,diff_means,13,0.608927381745503,-0.00421940928270037,,
no_beard,0.5394068069227305,0.563147397542302,single,chubby,diff_means,13,0.5362220935469343,0.0031847133757961776,,
oval_face,0.507145859604876,0.49449348465741905,single,chubby,diff_means,13,0.5045817570407735,0.002564102564102555,,
pale_skin,0.6174796747967479,0.7951219512195122,single,chubby,diff_means,13,0.6195121951219512,-0.002032520325203291,,
pointy_nose,0.5133838383838384,0.49393939393939396,single,chubby,diff_means,13,0.5202020202020202,-0.006818181818181834,,
receding_hairline,0.49663724253888186,0.5409836065573771,single,chubby,diff_means,13,0.49663724253888186,0.0,,
rosy_cheeks,0.6566951566951567,0.7622665400443178,single,chubby,diff_means,13,0.6566951566951567,0.0,,
sideburns,0.5626249167221852,0.6113701976460136,single,chubby,diff_means,13,0.5889407061958695,-0.026315789473684292,,
smiling,0.8338827838827838,0.9393162393162393,single,chubby,diff_means,13,0.83003663003663,0.0038461538461538325,,
straight_hair,0.48389355742296913,0.4855275443510738,single,chubby,diff_means,13,0.4561157796451914,0.027777777777777735,,
wavy_hair,0.6076329331046312,0.584369639794168,single,chubby,diff_means,13,0.6076329331046312,0.0,,
wearing_earrings,0.7035921068179133,0.7766749379652605,single,chubby,diff_means,13,0.7058962542833511,-0.0023041474654378336,,
wearing_hat,0.8706687730384413,0.9139547130068457,single,chubby,diff_means,13,0.8706687730384413,0.0,,
wearing_lipstick,0.45834464043419265,0.4534599728629578,single,chubby,diff_means,13,0.45585707824513794,0.002487562189054715,,
wearing_necklace,0.603951367781155,0.660790273556231,single,chubby,diff_means,13,0.6082066869300912,-0.004255319148936176,,
wearing_necktie,0.6297285269247885,0.6368491321762351,single,chubby,diff_means,13,0.6297285269247885,0.0,,
young,0.8528836754643205,0.9234481915933529,single,chubby,diff_means,13,0.8528836754643205,0.0,,
5_o_clock_shadow,0.5300505050505051,0.5545454545454546,single,chubby,diff_means,14,0.543939393939394,-0.01388888888888884,,
arched_eyebrows,0.5763514201364146,0.6026672096100988,single,chubby,diff_means,14,0.5739590756388069,0.0023923444976077235,,
attractive,0.5056326187473729,0.5501471206389239,single,chubby,diff_means,14,0.5056326187473729,0.0,,
bags_under_eyes,0.48011363636363635,0.4396306818181818,single,chubby,diff_means,14,0.49261363636363636,-0.012500000000000011,,
bald,0.6784587193321796,0.7924259391224677,single,chubby,diff_means,14,0.6784587193321796,0.0,,
bangs,0.7840265813438345,0.8835835589465911,single,chubby,diff_means,14,0.7819345311346295,0.0020920502092049986,,
big_lips,0.49351590817559404,0.4853805879983891,single,chubby,diff_means,14,0.5038260169150222,-0.010310108739428114,,
big_nose,0.5979064039408867,0.6457512315270936,single,chubby,diff_means,14,0.5979064039408867,0.0,,
black_hair,0.7421875,0.8741861979166666,single,chubby,diff_means,14,0.7421875,0.0,,
blond_hair,0.8910903273443269,0.9369923701698253,single,chubby,diff_means,14,0.8910903273443269,0.0,,
blurry,0.619535519125683,0.6253415300546448,single,chubby,diff_means,14,0.6174863387978142,0.002049180327868827,,
brown_hair,0.6596638655462185,0.8211951447245565,single,chubby,diff_means,14,0.6596638655462185,0.0,,
bushy_eyebrows,0.5320614732379438,0.505564387917329,single,chubby,diff_means,14,0.5298092209856916,0.0022522522522522292,,
chubby,0.65625,0.76959228515625,single,chubby,diff_means,14,0.65625,0.0,,
double_chin,0.6105072463768115,0.7022192028985508,single,chubby,diff_means,14,0.6105072463768115,0.0,,
eyeglasses,0.8911807847451412,0.9587458745874587,single,chubby,diff_means,14,0.8911807847451412,0.0,,
goatee,0.6265151515151515,0.7406565656565657,single,chubby,diff_means,14,0.6265151515151515,0.0,,
gray_hair,0.7805017921146953,0.8964874551971326,single,chubby,diff_means,14,0.7805017921146953,0.0,,
heavy_makeup,0.5467728001974577,0.6090336912254721,single,chubby,diff_means,14,0.5444896951746266,0.0022831050228310223,,
high_cheekbones,0.4745073891625616,0.4020320197044335,single,chubby,diff_means,14,0.4745073891625616,0.0,,
male,0.981283422459893,0.9769820971867008,single,chubby,diff_means,14,0.981283422459893,0.0,,
mouth_slightly_open,0.49905343511450384,0.4730381679389313,single,chubby,diff_means,14,0.4988702290076336,0.0001832061068702262,,
mustache,0.7272218876365826,0.8272390948980469,single,chubby,diff_means,14,0.735696463907769,-0.008474576271186418,,
narrow_eyes,0.6068176771041528,0.6142571618920719,single,chubby,diff_means,14,0.608927381745503,-0.002109704641350185,,
no_beard,0.5425915202985266,0.5642089686675674,single,chubby,diff_means,14,0.5362220935469343,0.006369426751592355,,
oval_face,0.507145859604876,0.49651113913408995,single,chubby,diff_means,14,0.5045817570407735,0.002564102564102555,,
pale_skin,0.6215447154471545,0.7983739837398374,single,chubby,diff_means,14,0.6195121951219512,0.002032520325203291,,
pointy_nose,0.5111111111111111,0.4926767676767677,single,chubby,diff_means,14,0.5202020202020202,-0.00909090909090915,,
receding_hairline,0.4884405212274065,0.5434216057166877,single,chubby,diff_means,14,0.49663724253888186,-0.008196721311475363,,
rosy_cheeks,0.6566951566951567,0.7575182019626465,single,chubby,diff_means,14,0.6566951566951567,0.0,,
sideburns,0.584721296913169,0.6166999777925827,single,chubby,diff_means,14,0.5889407061958695,-0.0042194092827004814,,
smiling,0.83003663003663,0.9380341880341879,single,chubby,diff_means,14,0.83003663003663,0.0,,
straight_hair,0.4561157796451914,0.48132586367880487,single,chubby,diff_means,14,0.4561157796451914,0.0,,
wavy_hair,0.6076329331046312,0.5875857632933105,single,chubby,diff_means,14,0.6076329331046312,0.0,,
wearing_earrings,0.7035921068179133,0.7771475835991964,single,chubby,diff_means,14,0.7058962542833511,-0.0023041474654378336,,
wearing_hat,0.8706687730384413,0.9125855713533438,single,chubby,diff_means,14,0.8706687730384413,0.0,,
wearing_lipstick,0.4608322026232474,0.4520126639529624,single,chubby,diff_means,14,0.45585707824513794,0.004975124378109486,,
wearing_necklace,0.603951367781155,0.6605876393110436,single,chubby,diff_means,14,0.6082066869300912,-0.004255319148936176,,
wearing_necktie,0.6369603916332889,0.6355140186915887,single,chubby,diff_means,14,0.6297285269247885,0.007231864708500346,,
young,0.8490957966764419,0.9222873900293255,single,chubby,diff_means,14,0.8528836754643205,-0.0037878787878786735,,
5_o_clock_shadow,0.5300505050505051,0.5584595959595959,single,chubby,diff_means,15,0.543939393939394,-0.01388888888888884,,
arched_eyebrows,0.5763514201364146,0.6013437849944009,single,chubby,diff_means,15,0.5739590756388069,0.0023923444976077235,,
attractive,0.5056326187473729,0.5366960907944514,single,chubby,diff_means,15,0.5056326187473729,0.0,,
bags_under_eyes,0.4892045454545455,0.4381392045454546,single,chubby,diff_means,15,0.49261363636363636,-0.0034090909090908617,,
bald,0.6678204214598391,0.794869184566833,single,chubby,diff_means,15,0.6784587193321796,-0.010638297872340496,,
bangs,0.7840265813438345,0.8850603002707359,single,chubby,diff_means,15,0.7819345311346295,0.0020920502092049986,,
big_lips,0.5012082158679018,0.48256141763995164,single,chubby,diff_means,15,0.5038260169150222,-0.002617801047120394,,
big_nose,0.5979064039408867,0.6457512315270936,single,chubby,diff_means,15,0.5979064039408867,0.0,,
black_hair,0.7473958333333333,0.874755859375,single,chubby,diff_means,15,0.7421875,0.005208333333333259,,
blond_hair,0.8910903273443269,0.9362539995077529,single,chubby,diff_means,15,0.8910903273443269,0.0,,
blurry,0.6154371584699454,0.6311475409836065,single,chubby,diff_means,15,0.6174863387978142,-0.002049180327868827,,
brown_hair,0.6617647058823529,0.8183940242763772,single,chubby,diff_means,15,0.6596638655462185,0.0021008403361344463,,
bushy_eyebrows,0.528616852146264,0.5009273979862215,single,chubby,diff_means,15,0.5298092209856916,-0.0011923688394276377,,
chubby,0.66015625,0.76837158203125,single,chubby,diff_means,15,0.65625,0.00390625,,
double_chin,0.6105072463768115,0.6994263285024154,single,chubby,diff_means,15,0.6105072463768115,0.0,,
eyeglasses,0.8911807847451412,0.9584708470847085,single,chubby,diff_means,15,0.8911807847451412,0.0,,
goatee,0.621969696969697,0.7372474747474748,single,chubby,diff_means,15,0.6265151515151515,-0.004545454545454519,,
gray_hair,0.787168458781362,0.8957706093189963,single,chubby,diff_means,15,0.7805017921146953,0.00666666666666671,,
heavy_makeup,0.5467728001974577,0.6048377144267556,single,chubby,diff_means,15,0.5444896951746266,0.0022831050228310223,,
high_cheekbones,0.4745073891625616,0.40135467980295564,single,chubby,diff_means,15,0.4745073891625616,0.0,,
male,0.981283422459893,0.9771370998992482,single,chubby,diff_means,15,0.981283422459893,0.0,,
mouth_slightly_open,0.5148702290076336,0.4761526717557252,single,chubby,diff_means,15,0.4988702290076336,0.01599999999999996,,
mustache,0.7272218876365826,0.8254323324442916,single,chubby,diff_means,15,0.735696463907769,-0.008474576271186418,,
narrow_eyes,0.6068176771041528,0.6155896069287141,single,chubby,diff_means,15,0.608927381745503,-0.002109704641350185,,
no_beard,0.5394068069227305,0.5641767998455897,single,chubby,diff_means,15,0.5362220935469343,0.0031847133757961776,,
oval_face,0.507145859604876,0.4966792770071458,single,chubby,diff_means,15,0.5045817570407735,0.002564102564102555,,
pale_skin,0.6195121951219512,0.7971544715447154,single,chubby,diff_means,15,0.6195121951219512,0.0,,
pointy_nose,0.5156565656565657,0.4875,single,chubby,diff_means,15,0.5202020202020202,-0.004545454545454519,,
receding_hairline,0.4992013451029844,0.5398066414459857,single,chubby,diff_means,15,0.49663724253888186,0.002564102564102555,,
rosy_cheeks,0.6566951566951567,0.7562519784742007,single,chubby,diff_means,15,0.6566951566951567,0.0,,
sideburns,0.584721296913169,0.6171441261381301,single,chubby,diff_means,15,0.5889407061958695,-0.0042194092827004814,,
smiling,0.8261904761904761,0.938949938949939,single,chubby,diff_means,15,0.83003663003663,-0.0038461538461538325,,
straight_hair,0.45821661998132585,0.48436041083099907,single,chubby,diff_means,15,0.4561157796451914,0.0021008403361344463,,
wavy_hair,0.6076329331046312,0.5845840480274442,single,chubby,diff_means,15,0.6076329331046312,0.0,,
wearing_earrings,0.7082004017487888,0.7767930993737445,single,chubby,diff_means,15,0.7058962542833511,0.0023041474654377225,,
wearing_hat,0.8706687730384413,0.9129015271195366,single,chubby,diff_means,15,0.8706687730384413,0.0,,
wearing_lipstick,0.4533695160560832,0.45210312075983716,single,chubby,diff_means,15,0.45585707824513794,-0.002487562189054715,,
wearing_necklace,0.603951367781155,0.6611955420466058,single,chubby,diff_means,15,0.6082066869300912,-0.004255319148936176,,
wearing_necktie,0.6250556297285269,0.6307298620382733,single,chubby,diff_means,15,0.6297285269247885,-0.004672897196261627,,
young,0.8448191593352883,0.9213098729227761,single,chubby,diff_means,15,0.8528836754643205,-0.008064516129032251,,
5_o_clock_shadow,0.5045454545454545,0.5613636363636364,single,chubby,diff_means,16,0.543939393939394,-0.039393939393939426,,
arched_eyebrows,0.5739590756388069,0.6039906342257966,single,chubby,diff_means,16,0.5739590756388069,0.0,,
attractive,0.5056326187473729,0.5298024379991593,single,chubby,diff_means,16,0.5056326187473729,0.0,,
bags_under_eyes,0.4892045454545455,0.4394176136363636,single,chubby,diff_means,16,0.49261363636363636,-0.0034090909090908617,,
bald,0.6784587193321796,0.7930367504835589,single,chubby,diff_means,16,0.6784587193321796,0.0,,
bangs,0.7798424809254245,0.8825990647304947,single,chubby,diff_means,16,0.7819345311346295,-0.0020920502092049986,,
big_lips,0.5038260169150222,0.482078131292791,single,chubby,diff_means,16,0.5038260169150222,0.0,,
big_nose,0.5943349753694581,0.6434113300492611,single,chubby,diff_means,16,0.5979064039408867,-0.0035714285714285587,,
black_hair,0.7552083333333333,0.8745930989583333,single,chubby,diff_means,16,0.7421875,0.01302083333333326,,
blond_hair,0.8910903273443269,0.9357617523997047,single,chubby,diff_means,16,0.8910903273443269,0.0,,
blurry,0.6174863387978142,0.6290983606557378,single,chubby,diff_means,16,0.6174863387978142,0.0,,
brown_hair,0.6638655462184874,0.8214285714285714,single,chubby,diff_means,16,0.6596638655462185,0.004201680672268893,,
bushy_eyebrows,0.5433227344992051,0.5005299417064123,single,chubby,diff_means,16,0.5298092209856916,0.013513513513513487,,
chubby,0.65625,0.76947021484375,single,chubby,diff_means,16,0.65625,0.0,,
double_chin,0.606280193236715,0.6934631642512078,single,chubby,diff_means,16,0.6105072463768115,-0.004227053140096526,,
eyeglasses,0.8936560322698937,0.9576457645764577,single,chubby,diff_means,16,0.8911807847451412,0.0024752475247524774,,
goatee,0.6242424242424243,0.740530303030303,single,chubby,diff_means,16,0.6265151515151515,-0.002272727272727204,,
gray_hair,0.7849462365591398,0.8963440860215054,single,chubby,diff_means,16,0.7805017921146953,0.004444444444444473,,
heavy_makeup,0.5444896951746266,0.6027397260273973,single,chubby,diff_means,16,0.5444896951746266,0.0,,
high_cheekbones,0.4745073891625616,0.3990763546798029,single,chubby,diff_means,16,0.4745073891625616,0.0,,
male,0.981283422459893,0.9769820971867008,single,chubby,diff_means,16,0.981283422459893,0.0,,
mouth_slightly_open,0.5070534351145038,0.47224427480916037,single,chubby,diff_means,16,0.4988702290076336,0.008183206106870233,,
mustache,0.7272218876365826,0.8266368407467951,single,chubby,diff_means,16,0.735696463907769,-0.008474576271186418,,
narrow_eyes,0.6068176771041528,0.6147013102376193,single,chubby,diff_means,16,0.608927381745503,-0.002109704641350185,,
no_beard,0.5425915202985266,0.5648201762851445,single,chubby,diff_means,16,0.5362220935469343,0.006369426751592355,,
oval_face,0.507145859604876,0.49659520807061797,single,chubby,diff_means,16,0.5045817570407735,0.002564102564102555,,
pale_skin,0.6195121951219512,0.7873983739837398,single,chubby,diff_means,16,0.6195121951219512,0.0,,
pointy_nose,0.5111111111111111,0.4869949494949495,single,chubby,diff_means,16,0.5202020202020202,-0.00909090909090915,,
receding_hairline,0.4992013451029844,0.5404791929382093,single,chubby,diff_means,16,0.49663724253888186,0.002564102564102555,,
rosy_cheeks,0.6546375435264324,0.7584678695789807,single,chubby,diff_means,16,0.6566951566951567,-0.002057613168724215,,
sideburns,0.5647346213635354,0.6149233844103931,single,chubby,diff_means,16,0.5889407061958695,-0.024206084832334107,,
smiling,0.8223443223443223,0.9388888888888889,single,chubby,diff_means,16,0.83003663003663,-0.007692307692307665,,
straight_hair,0.46031746031746035,0.4850606909430438,single,chubby,diff_means,16,0.4561157796451914,0.004201680672268948,,
wavy_hair,0.6076329331046312,0.5824399656946826,single,chubby,diff_means,16,0.6076329331046312,0.0,,
wearing_earrings,0.7035921068179133,0.7773839064161645,single,chubby,diff_means,16,0.7058962542833511,-0.0023041474654378336,,
wearing_hat,0.8706687730384413,0.9104791995787257,single,chubby,diff_means,16,0.8706687730384413,0.0,,
wearing_lipstick,0.45834464043419265,0.4520126639529624,single,chubby,diff_means,16,0.45585707824513794,0.002487562189054715,,
wearing_necklace,0.6060790273556231,0.6642350557244173,single,chubby,diff_means,16,0.6082066869300912,-0.0021276595744680327,,
wearing_necktie,0.6222741433021807,0.621272808188696,single,chubby,diff_means,16,0.6297285269247885,-0.007454383622607863,,
young,0.8407869012707723,0.9195992179863147,single,chubby,diff_means,16,0.8528836754643205,-0.012096774193548265,,
5_o_clock_shadow,0.5484848484848486,0.564520202020202,single,chubby,diff_means,17,0.543939393939394,0.00454545454545463,,
arched_eyebrows,0.5739590756388069,0.5974753130408226,single,chubby,diff_means,17,0.5739590756388069,0.0,,
attractive,0.5056326187473729,0.5208070617906684,single,chubby,diff_means,17,0.5056326187473729,0.0,,
bags_under_eyes,0.48295454545454547,0.43728693181818185,single,chubby,diff_means,17,0.49261363636363636,-0.009659090909090895,,
bald,0.6678204214598391,0.7927313448030133,single,chubby,diff_means,17,0.6784587193321796,-0.010638297872340496,,
bangs,0.7798424809254245,0.8821068176224466,single,chubby,diff_means,17,0.7819345311346295,-0.0020920502092049986,,
big_lips,0.49351590817559404,0.48618606524365693,single,chubby,diff_means,17,0.5038260169150222,-0.010310108739428114,,
big_nose,0.5943349753694581,0.6405788177339902,single,chubby,diff_means,17,0.5979064039408867,-0.0035714285714285587,,
black_hair,0.7552083333333333,0.8760579427083333,single,chubby,diff_means,17,0.7421875,0.01302083333333326,,
blond_hair,0.8910903273443269,0.9360078759537288,single,chubby,diff_means,17,0.8910903273443269,0.0,,
blurry,0.6154371584699454,0.6284153005464481,single,chubby,diff_means,17,0.6174863387978142,-0.002049180327868827,,
brown_hair,0.6617647058823529,0.8218954248366013,single,chubby,diff_means,17,0.6596638655462185,0.0021008403361344463,,
bushy_eyebrows,0.5241123476417594,0.5043720190779014,single,chubby,diff_means,17,0.5298092209856916,-0.005696873343932207,,
chubby,0.65625,0.76361083984375,single,chubby,diff_means,17,0.65625,0.0,,
double_chin,0.5993357487922705,0.6830464975845412,single,chubby,diff_means,17,0.6105072463768115,-0.011171497584541057,,
eyeglasses,0.8887055372203887,0.957920792079208,single,chubby,diff_means,17,0.8911807847451412,-0.0024752475247524774,,
goatee,0.6196969696969697,0.744570707070707,single,chubby,diff_means,17,0.6265151515151515,-0.006818181818181723,,
gray_hair,0.7893906810035842,0.897921146953405,single,chubby,diff_means,17,0.7805017921146953,0.008888888888888946,,
heavy_makeup,0.5490559052202888,0.5932370726891275,single,chubby,diff_means,17,0.5444896951746266,0.004566210045662156,,
high_cheekbones,0.46588669950738915,0.40486453201970446,single,chubby,diff_means,17,0.4745073891625616,-0.008620689655172431,,
male,0.981283422459893,0.9771370998992484,single,chubby,diff_means,17,0.981283422459893,0.0,,
mouth_slightly_open,0.49923664122137407,0.47755725190839693,single,chubby,diff_means,17,0.4988702290076336,0.0003664122137404524,,
mustache,0.7272218876365826,0.827497203820012,single,chubby,diff_means,17,0.735696463907769,-0.008474576271186418,,
narrow_eyes,0.6025982678214523,0.6144792360648457,single,chubby,diff_means,17,0.608927381745503,-0.006329113924050667,,
no_beard,0.5324905101975166,0.5709322524609148,single,chubby,diff_means,17,0.5362220935469343,-0.0037315833494176998,,
oval_face,0.507145859604876,0.4978562421185372,single,chubby,diff_means,17,0.5045817570407735,0.002564102564102555,,
pale_skin,0.6215447154471545,0.7922764227642277,single,chubby,diff_means,17,0.6195121951219512,0.002032520325203291,,
pointy_nose,0.5065656565656566,0.48282828282828283,single,chubby,diff_means,17,0.5202020202020202,-0.013636363636363669,,
receding_hairline,0.4992013451029844,0.5382093316519546,single,chubby,diff_means,17,0.49663724253888186,0.002564102564102555,,
rosy_cheeks,0.6566951566951567,0.7641658752769864,single,chubby,diff_means,17,0.6566951566951567,0.0,,
sideburns,0.5668443260048857,0.6169220519653563,single,chubby,diff_means,17,0.5889407061958695,-0.02209638019098381,,
smiling,0.8146520146520146,0.9371184371184371,single,chubby,diff_means,17,0.83003663003663,-0.01538461538461533,,
straight_hair,0.46031746031746035,0.4878618113912232,single,chubby,diff_means,17,0.4561157796451914,0.004201680672268948,,
wavy_hair,0.6076329331046312,0.5836192109777015,single,chubby,diff_means,17,0.6076329331046312,0.0,,
wearing_earrings,0.7012879593524755,0.7765567765567766,single,chubby,diff_means,17,0.7058962542833511,-0.004608294930875667,,
wearing_hat,0.8706687730384413,0.9103738809899947,single,chubby,diff_means,17,0.8706687730384413,0.0,,
wearing_lipstick,0.4533695160560832,0.44911804613297146,single,chubby,diff_means,17,0.45585707824513794,-0.002487562189054715,,
wearing_necklace,0.6060790273556231,0.6620060790273556,single,chubby,diff_means,17,0.6082066869300912,-0.0021276595744680327,,
wearing_necktie,0.6248331108144192,0.6203827325322653,single,chubby,diff_means,17,0.6297285269247885,-0.004895416110369366,,
young,0.836754643206256,0.9180718475073314,single,chubby,diff_means,17,0.8528836754643205,-0.016129032258064502,,
5_o_clock_shadow,0.5300505050505051,0.5627525252525253,single,chubby,diff_means,18,0.543939393939394,-0.01388888888888884,,
arched_eyebrows,0.5763514201364146,0.5979843225083986,single,chubby,diff_means,18,0.5739590756388069,0.0023923444976077235,,
attractive,0.5056326187473729,0.5101303068516183,single,chubby,diff_means,18,0.5056326187473729,0.0,,
bags_under_eyes,0.48295454545454547,0.4303267045454545,single,chubby,diff_means,18,0.49261363636363636,-0.009659090909090895,,
bald,0.6678204214598391,0.7929349485900438,single,chubby,diff_means,18,0.6784587193321796,-0.010638297872340496,,
bangs,0.7819345311346295,0.88112232340635,single,chubby,diff_means,18,0.7819345311346295,0.0,,
big_lips,0.4961337092227145,0.4890052356020942,single,chubby,diff_means,18,0.5038260169150222,-0.007692307692307665,,
big_nose,0.5907635467980296,0.6418103448275861,single,chubby,diff_means,18,0.5979064039408867,-0.0071428571428571175,,
black_hair,0.7578125,0.875732421875,single,chubby,diff_means,18,0.7421875,0.015625,,
blond_hair,0.8973664779719419,0.9360078759537288,single,chubby,diff_means,18,0.8910903273443269,0.006276150627614996,,
blurry,0.6174863387978142,0.632172131147541,single,chubby,diff_means,18,0.6174863387978142,0.0,,
brown_hair,0.6596638655462185,0.8190943043884221,single,chubby,diff_means,18,0.6596638655462185,0.0,,
bushy_eyebrows,0.5263645998940116,0.5039745627980922,single,chubby,diff_means,18,0.5298092209856916,-0.003444621091679978,,
chubby,0.6484375,0.75811767578125,single,chubby,diff_means,18,0.65625,-0.0078125,,
double_chin,0.5966183574879227,0.6838013285024155,single,chubby,diff_means,18,0.6105072463768115,-0.01388888888888884,,
eyeglasses,0.8911807847451412,0.9597543087642098,single,chubby,diff_means,18,0.8911807847451412,0.0,,
goatee,0.6287878787878788,0.7439393939393939,single,chubby,diff_means,18,0.6265151515151515,0.002272727272727315,,
gray_hair,0.7916129032258065,0.8997849462365591,single,chubby,diff_means,18,0.7805017921146953,0.011111111111111183,,
heavy_makeup,0.5467728001974577,0.5870665185733679,single,chubby,diff_means,18,0.5444896951746266,0.0022831050228310223,,
high_cheekbones,0.4694581280788177,0.4019704433497537,single,chubby,diff_means,18,0.4745073891625616,-0.005049261083743872,,
male,0.981283422459893,0.977214601255522,single,chubby,diff_means,18,0.981283422459893,0.0,,
mouth_slightly_open,0.507236641221374,0.48079389312977105,single,chubby,diff_means,18,0.4988702290076336,0.008366412213740404,,
mustache,0.7212853824313861,0.8250021509076829,single,chubby,diff_means,18,0.735696463907769,-0.014411081476382925,,
narrow_eyes,0.6047079724628026,0.6158116811014879,single,chubby,diff_means,18,0.608927381745503,-0.00421940928270037,,
no_beard,0.5324905101975166,0.5706105642411374,single,chubby,diff_means,18,0.5362220935469343,-0.0037315833494176998,,
oval_face,0.507145859604876,0.5002101723413199,single,chubby,diff_means,18,0.5045817570407735,0.002564102564102555,,
pale_skin,0.6174796747967479,0.7894308943089431,single,chubby,diff_means,18,0.6195121951219512,-0.002032520325203291,,
pointy_nose,0.5179292929292929,0.4779040404040404,single,chubby,diff_means,18,0.5202020202020202,-0.002272727272727315,,
receding_hairline,0.501765447667087,0.5382934005884825,single,chubby,diff_means,18,0.49663724253888186,0.00512820512820511,,
rosy_cheeks,0.6546375435264324,0.763849319404875,single,chubby,diff_means,18,0.6566951566951567,-0.002057613168724215,,
sideburns,0.5626249167221852,0.6162558294470354,single,chubby,diff_means,18,0.5889407061958695,-0.026315789473684292,,
smiling,0.8184981684981685,0.9375457875457875,single,chubby,diff_means,18,0.83003663003663,-0.011538461538461497,,
straight_hair,0.45821661998132585,0.484593837535014,single,chubby,diff_means,18,0.4561157796451914,0.0021008403361344463,,
wavy_hair,0.6052744425385935,0.5819039451114923,single,chubby,diff_means,18,0.6076329331046312,-0.002358490566037652,,
wearing_earrings,0.6989838118870377,0.7741935483870968,single,chubby,diff_means,18,0.7058962542833511,-0.00691244239631339,,
wearing_hat,0.8706687730384413,0.9112164296998421,single,chubby,diff_means,18,0.8706687730384413,0.0,,
wearing_lipstick,0.4533695160560832,0.4537313432835821,single,chubby,diff_means,18,0.45585707824513794,-0.002487562189054715,,
wearing_necklace,0.5648429584599797,0.667274569402229,single,chubby,diff_means,18,0.6082066869300912,-0.043363728470111496,,
wearing_necktie,0.6318424566088117,0.614708500222519,single,chubby,diff_means,18,0.6297285269247885,0.0021139296840231303,,
young,0.8289345063538611,0.915628054740958,single,chubby,diff_means,18,0.8528836754643205,-0.023949169110459412,,
5_o_clock_shadow,0.5300505050505051,0.5626262626262626,single,chubby,diff_means,19,0.543939393939394,-0.01388888888888884,,
arched_eyebrows,0.5763514201364146,0.5960500865316095,single,chubby,diff_means,19,0.5739590756388069,0.0023923444976077235,,
attractive,0.5056326187473729,0.49819251786464896,single,chubby,diff_means,19,0.5056326187473729,0.0,,
bags_under_eyes,0.48636363636363633,0.4290482954545455,single,chubby,diff_means,19,0.49261363636363636,-0.006250000000000033,,
bald,0.6678204214598391,0.7908989107197394,single,chubby,diff_means,19,0.6784587193321796,-0.010638297872340496,,
bangs,0.7882106817622446,0.8821068176224465,single,chubby,diff_means,19,0.7819345311346295,0.006276150627615107,,
big_lips,0.5141361256544503,0.49295207410390657,single,chubby,diff_means,19,0.5038260169150222,0.01031010873942817,,
big_nose,0.5993842364532019,0.6436576354679803,single,chubby,diff_means,19,0.5979064039408867,0.001477832512315258,,
black_hair,0.765625,0.8777669270833333,single,chubby,diff_means,19,0.7421875,0.0234375,,
blond_hair,0.8952744277627369,0.9352695052916564,single,chubby,diff_means,19,0.8910903273443269,0.004184100418409997,,
blurry,0.6550546448087432,0.6451502732240437,single,chubby,diff_means,19,0.6174863387978142,0.037568306010928976,,
brown_hair,0.6596638655462185,0.8214285714285714,single,chubby,diff_means,19,0.6596638655462185,0.0,,
bushy_eyebrows,0.5263645998940116,0.5046369899311076,single,chubby,diff_means,19,0.5298092209856916,-0.003444621091679978,,
chubby,0.6484375,0.75201416015625,single,chubby,diff_means,19,0.65625,-0.0078125,,
double_chin,0.5842391304347826,0.6776871980676327,single,chubby,diff_means,19,0.6105072463768115,-0.026268115942028936,,
eyeglasses,0.8911807847451412,0.9589292262559589,single,chubby,diff_means,19,0.8911807847451412,0.0,,
goatee,0.6265151515151515,0.7425505050505051,single,chubby,diff_means,19,0.6265151515151515,0.0,,
gray_hair,0.7960573476702508,0.902078853046595,single,chubby,diff_means,19,0.7805017921146953,0.015555555555555545,,
heavy_makeup,0.5513390102431198,0.5986671603109959,single,chubby,diff_means,19,0.5444896951746266,0.006849315068493178,,
high_cheekbones,0.47376847290640395,0.40757389162561575,single,chubby,diff_means,19,0.4745073891625616,-0.000738916256157629,,
male,0.981283422459893,0.9772921026117958,single,chubby,diff_means,19,0.981283422459893,0.0,,
mouth_slightly_open,0.5230534351145038,0.48732824427480914,single,chubby,diff_means,19,0.4988702290076336,0.024183206106870136,,
mustache,0.7187473113653962,0.8251742235223264,single,chubby,diff_means,19,0.735696463907769,-0.016949152542372836,,
narrow_eyes,0.6110370863868532,0.6129247168554297,single,chubby,diff_means,19,0.608927381745503,0.002109704641350185,,
no_beard,0.5311715884964293,0.5727337064916682,single,chubby,diff_means,19,0.5362220935469343,-0.005050505050504972,,
oval_face,0.5045817570407735,0.5047498949138294,single,chubby,diff_means,19,0.5045817570407735,0.0,,
pale_skin,0.6174796747967479,0.7926829268292683,single,chubby,diff_means,19,0.6195121951219512,-0.002032520325203291,,
pointy_nose,0.5156565656565657,0.46856060606060607,single,chubby,diff_means,19,0.5202020202020202,-0.004545454545454519,,
receding_hairline,0.49100462379150905,0.5401429171920974,single,chubby,diff_means,19,0.49663724253888186,-0.005632618747372808,,
rosy_cheeks,0.6566951566951567,0.7644824311490979,single,chubby,diff_means,19,0.6566951566951567,0.0,,
sideburns,0.5868310015545193,0.6162558294470354,single,chubby,diff_means,19,0.5889407061958695,-0.002109704641350185,,
smiling,0.8146520146520146,0.9358363858363858,single,chubby,diff_means,19,0.83003663003663,-0.01538461538461533,,
straight_hair,0.4561157796451914,0.49089635854341734,single,chubby,diff_means,19,0.4561157796451914,0.0,,
wavy_hair,0.6076329331046312,0.5819039451114923,single,chubby,diff_means,19,0.6076329331046312,0.0,,
wearing_earrings,0.7095001772421128,0.7751388396549685,single,chubby,diff_means,19,0.7058962542833511,0.003603922958761663,,
wearing_hat,0.8706687730384413,0.9060558188520274,single,chubby,diff_means,19,0.8706687730384413,0.0,,
wearing_lipstick,0.4633197648123021,0.46069651741293527,single,chubby,diff_means,19,0.45585707824513794,0.007462686567164145,,
wearing_necklace,0.5843971631205673,0.6638297872340425,single,chubby,diff_means,19,0.6082066869300912,-0.023809523809523836,,
wearing_necktie,0.6129283489096573,0.6119270137961728,single,chubby,diff_means,19,0.6297285269247885,-0.01680017801513123,,
young,0.8168377321603129,0.9042644183773216,single,chubby,diff_means,19,0.8528836754643205,-0.03604594330400768,,
5_o_clock_shadow,0.5232323232323233,0.5613636363636363,single,chubby,diff_means,20,0.543939393939394,-0.020707070707070674,,
arched_eyebrows,0.5811361091316298,0.5928942278326377,single,chubby,diff_means,20,0.5739590756388069,0.0071770334928229484,,
attractive,0.5056326187473729,0.4881042454812946,single,chubby,diff_means,20,0.5056326187473729,0.0,,
bags_under_eyes,0.4954545454545455,0.4231534090909091,single,chubby,diff_means,20,0.49261363636363636,0.002840909090909116,,
bald,0.6678204214598391,0.7891682785299806,single,chubby,diff_means,20,0.6784587193321796,-0.010638297872340496,,
bangs,0.7861186315530396,0.88112232340635,single,chubby,diff_means,20,0.7819345311346295,0.004184100418410108,,
big_lips,0.5038260169150222,0.49254933548127267,single,chubby,diff_means,20,0.5038260169150222,0.0,,
big_nose,0.5958128078817734,0.6406403940886698,single,chubby,diff_means,20,0.5979064039408867,-0.0020935960591133007,,
black_hair,0.7421875,0.8759765625,single,chubby,diff_means,20,0.7421875,0.0,,
blond_hair,0.8973664779719419,0.9362539995077529,single,chubby,diff_means,20,0.8910903273443269,0.006276150627614996,,
blurry,0.6530054644808744,0.6509562841530054,single,chubby,diff_means,20,0.6174863387978142,0.03551912568306015,,
brown_hair,0.6638655462184874,0.8211951447245565,single,chubby,diff_means,20,0.6596638655462185,0.004201680672268893,,
bushy_eyebrows,0.5218600953895072,0.5056968733439322,single,chubby,diff_means,20,0.5298092209856916,-0.007949125596184436,,
chubby,0.640625,0.747314453125,single,chubby,diff_means,20,0.65625,-0.015625,,
double_chin,0.5803140096618358,0.6722524154589371,single,chubby,diff_means,20,0.6105072463768115,-0.030193236714975757,,
eyeglasses,0.8911807847451412,0.9588375504217089,single,chubby,diff_means,20,0.8911807847451412,0.0,,
goatee,0.6242424242424243,0.7400252525252525,single,chubby,diff_means,20,0.6265151515151515,-0.002272727272727204,,
gray_hair,0.7916129032258065,0.8992114695340502,single,chubby,diff_means,20,0.7805017921146953,0.011111111111111183,,
heavy_makeup,0.5490559052202888,0.5894113291373566,single,chubby,diff_means,20,0.5444896951746266,0.004566210045662156,,
high_cheekbones,0.47807881773399014,0.4104064039408867,single,chubby,diff_means,20,0.4745073891625616,0.0035714285714285587,,
male,0.981283422459893,0.9771370998992482,single,chubby,diff_means,20,0.981283422459893,0.0,,
mouth_slightly_open,0.5114198473282443,0.4861679389312977,single,chubby,diff_means,20,0.4988702290076336,0.01254961832061069,,
mustache,0.7272218876365826,0.828357566893229,single,chubby,diff_means,20,0.735696463907769,-0.008474576271186418,,
narrow_eyes,0.584721296913169,0.6109260493004663,single,chubby,diff_means,20,0.608927381745503,-0.024206084832333996,,
no_beard,0.5311715884964293,0.5740204593707778,single,chubby,diff_means,20,0.5362220935469343,-0.005050505050504972,,
oval_face,0.5153425809163514,0.5028163093736864,single,chubby,diff_means,20,0.5045817570407735,0.010760823875577974,,
pale_skin,0.6174796747967479,0.7865853658536586,single,chubby,diff_means,20,0.6195121951219512,-0.002032520325203291,,
pointy_nose,0.5017676767676768,0.4684343434343434,single,chubby,diff_means,20,0.5202020202020202,-0.01843434343434347,,
receding_hairline,0.49663724253888186,0.5413198823034889,single,chubby,diff_means,20,0.49663724253888186,0.0,,
rosy_cheeks,0.6566951566951567,0.7644824311490979,single,chubby,diff_means,20,0.6566951566951567,0.0,,
sideburns,0.5562958027981346,0.6144792360648456,single,chubby,diff_means,20,0.5889407061958695,-0.03264490339773485,,
smiling,0.8223443223443223,0.9345543345543346,single,chubby,diff_means,20,0.83003663003663,-0.007692307692307665,,
straight_hair,0.45821661998132585,0.4939309056956116,single,chubby,diff_means,20,0.4561157796451914,0.0021008403361344463,,
wavy_hair,0.6099914236706689,0.5808319039451115,single,chubby,diff_means,20,0.6076329331046312,0.002358490566037763,,
wearing_earrings,0.7095001772421128,0.7736027413446769,single,chubby,diff_means,20,0.7058962542833511,0.003603922958761663,,
wearing_hat,0.8706687730384413,0.9085834649815693,single,chubby,diff_means,20,0.8706687730384413,0.0,,
wearing_lipstick,0.45834464043419265,0.4627770239710538,single,chubby,diff_means,20,0.45585707824513794,0.002487562189054715,,
wearing_necklace,0.5843971631205673,0.6605876393110436,single,chubby,diff_means,20,0.6082066869300912,-0.023809523809523836,,
wearing_necktie,0.6105919003115265,0.6035825545171339,single,chubby,diff_means,20,0.6297285269247885,-0.019136626613261987,,
young,0.8173264907135875,0.9018206256109482,single,chubby,diff_means,20,0.8528836754643205,-0.035557184750732995,,
5_o_clock_shadow,0.5462121212121211,0.5709595959595959,single,chubby,diff_means,21,0.543939393939394,0.002272727272727204,,
arched_eyebrows,0.5811361091316298,0.5878041331568767,single,chubby,diff_means,21,0.5739590756388069,0.0071770334928229484,,
attractive,0.5056326187473729,0.48348045397225725,single,chubby,diff_means,21,0.5056326187473729,0.0,,
bags_under_eyes,0.48636363636363633,0.41725852272727276,single,chubby,diff_means,21,0.49261363636363636,-0.006250000000000033,,
bald,0.6678204214598391,0.782856561132037,single,chubby,diff_means,21,0.6784587193321796,-0.010638297872340496,,
bangs,0.7798424809254245,0.879153334974157,single,chubby,diff_means,21,0.7819345311346295,-0.0020920502092049986,,
big_lips,0.5115183246073298,0.49480467176802256,single,chubby,diff_means,21,0.5038260169150222,0.007692307692307665,,
big_nose,0.5678571428571428,0.6254926108374385,single,chubby,diff_means,21,0.5979064039408867,-0.03004926108374384,,
black_hair,0.7473958333333333,0.8775227864583334,single,chubby,diff_means,21,0.7421875,0.005208333333333259,,
blond_hair,0.8973664779719419,0.936500123061777,single,chubby,diff_means,21,0.8910903273443269,0.006276150627614996,,
blurry,0.6174863387978142,0.6403688524590163,single,chubby,diff_means,21,0.6174863387978142,0.0,,
brown_hair,0.6659663865546218,0.8132586367880486,single,chubby,diff_means,21,0.6596638655462185,0.006302521008403339,,
bushy_eyebrows,0.516163222045575,0.5038420773714891,single,chubby,diff_means,21,0.5298092209856916,-0.013645998940116644,,
chubby,0.6328125,0.729248046875,single,chubby,diff_means,21,0.65625,-0.0234375,,
double_chin,0.5625,0.650211352657005,single,chubby,diff_means,21,0.6105072463768115,-0.04800724637681153,,
eyeglasses,0.8911807847451412,0.9583791712504585,single,chubby,diff_means,21,0.8911807847451412,0.0,,
goatee,0.6287878787878788,0.7391414141414141,single,chubby,diff_means,21,0.6265151515151515,0.002272727272727315,,
gray_hair,0.7888172043010753,0.8893189964157706,single,chubby,diff_means,21,0.7805017921146953,0.008315412186379989,,
heavy_makeup,0.5490559052202888,0.6016290262865606,single,chubby,diff_means,21,0.5444896951746266,0.004566210045662156,,
high_cheekbones,0.46588669950738915,0.4129926108374385,single,chubby,diff_means,21,0.4745073891625616,-0.008620689655172431,,
male,0.981283422459893,0.9776021080368907,single,chubby,diff_means,21,0.981283422459893,0.0,,
mouth_slightly_open,0.5117862595419848,0.49557251908396954,single,chubby,diff_means,21,0.4988702290076336,0.012916030534351142,,
mustache,0.7322980297685624,0.834466144713069,single,chubby,diff_means,21,0.735696463907769,-0.0033984341392065964,,
narrow_eyes,0.6110370863868532,0.6162558294470353,single,chubby,diff_means,21,0.608927381745503,0.002109704641350185,,
no_beard,0.5362220935469343,0.5717043041883807,single,chubby,diff_means,21,0.5362220935469343,0.0,,
oval_face,0.507145859604876,0.4992013451029844,single,chubby,diff_means,21,0.5045817570407735,0.002564102564102555,,
pale_skin,0.6195121951219512,0.791869918699187,single,chubby,diff_means,21,0.6195121951219512,0.0,,
pointy_nose,0.4994949494949495,0.46224747474747474,single,chubby,diff_means,21,0.5202020202020202,-0.02070707070707073,,
receding_hairline,0.49356872635561166,0.5366120218579236,single,chubby,diff_means,21,0.49663724253888186,-0.003068516183270198,,
rosy_cheeks,0.6951566951566952,0.7670148781259891,single,chubby,diff_means,21,0.6566951566951567,0.03846153846153855,,
sideburns,0.5562958027981346,0.6118143459915611,single,chubby,diff_means,21,0.5889407061958695,-0.03264490339773485,,
smiling,0.8338827838827838,0.9287545787545788,single,chubby,diff_means,21,0.83003663003663,0.0038461538461538325,,
straight_hair,0.44981325863678806,0.503968253968254,single,chubby,diff_means,21,0.4561157796451914,-0.006302521008403339,,
wavy_hair,0.6076329331046312,0.5838336192109777,single,chubby,diff_means,21,0.6076329331046312,0.0,,
wearing_earrings,0.6989838118870377,0.770766867541061,single,chubby,diff_means,21,0.7058962542833511,-0.00691244239631339,,
wearing_hat,0.8706687730384413,0.9040547656661401,single,chubby,diff_means,21,0.8706687730384413,0.0,,
wearing_lipstick,0.48647670737222976,0.48113975576662144,single,chubby,diff_means,21,0.45585707824513794,0.03061962912709182,,
wearing_necklace,0.5865248226950355,0.6672745694022291,single,chubby,diff_means,21,0.6082066869300912,-0.021681864235055692,,
wearing_necktie,0.6131508678237649,0.6172674677347575,single,chubby,diff_means,21,0.6297285269247885,-0.0165776591010236,,
young,0.7858015640273704,0.872617302052786,single,chubby,diff_means,21,0.8528836754643205,-0.06708211143695009,,
5_o_clock_shadow,0.5623737373737374,0.5737373737373737,single,chubby,diff_means,22,0.543939393939394,0.01843434343434347,,
arched_eyebrows,0.5728901557568971,0.580983406291357,single,chubby,diff_means,22,0.5739590756388069,-0.0010689198819098245,,
attractive,0.5056326187473729,0.4616225304749894,single,chubby,diff_means,22,0.5056326187473729,0.0,,
bags_under_eyes,0.4869318181818182,0.4264204545454546,single,chubby,diff_means,22,0.49261363636363636,-0.005681818181818177,,
bald,0.6678204214598391,0.7795989005395499,single,chubby,diff_means,22,0.6784587193321796,-0.010638297872340496,,
bangs,0.7882106817622446,0.8825990647304947,single,chubby,diff_means,22,0.7819345311346295,0.006276150627615107,,
big_lips,0.5138139347563431,0.49311316955296014,single,chubby,diff_means,22,0.5038260169150222,0.009987917841320915,,
big_nose,0.5635467980295567,0.6153325123152709,single,chubby,diff_means,22,0.5979064039408867,-0.03435960591133003,,
black_hair,0.7473958333333333,0.87451171875,single,chubby,diff_means,22,0.7421875,0.005208333333333259,,
blond_hair,0.9205020920502092,0.9428993354664041,single,chubby,diff_means,22,0.8910903273443269,0.02941176470588225,,
blurry,0.569672131147541,0.6215846994535519,single,chubby,diff_means,22,0.6174863387978142,-0.04781420765027322,,
brown_hair,0.6360877684407096,0.8172268907563025,single,chubby,diff_means,22,0.6596638655462185,-0.023576097105508897,,
bushy_eyebrows,0.4732379438261791,0.48714891361950186,single,chubby,diff_means,22,0.5298092209856916,-0.05657127715951249,,
chubby,0.62109375,0.69586181640625,single,chubby,diff_means,22,0.65625,-0.03515625,,
double_chin,0.5407608695652174,0.6272644927536233,single,chubby,diff_means,22,0.6105072463768115,-0.06974637681159412,,
eyeglasses,0.8936560322698937,0.9581958195819582,single,chubby,diff_means,22,0.8911807847451412,0.0024752475247524774,,
goatee,0.6151515151515151,0.7398989898989898,single,chubby,diff_means,22,0.6265151515151515,-0.011363636363636354,,
gray_hair,0.7805017921146953,0.8817204301075268,single,chubby,diff_means,22,0.7805017921146953,0.0,,
heavy_makeup,0.5490559052202888,0.6228557324447735,single,chubby,diff_means,22,0.5444896951746266,0.004566210045662156,,
high_cheekbones,0.46588669950738915,0.4173645320197044,single,chubby,diff_means,22,0.4745073891625616,-0.008620689655172431,,
male,0.981283422459893,0.9774471053243432,single,chubby,diff_means,22,0.981283422459893,0.0,,
mouth_slightly_open,0.49270229007633587,0.49410687022900757,single,chubby,diff_means,22,0.4988702290076336,-0.006167938931297745,,
mustache,0.7382345349737589,0.8320571281080616,single,chubby,diff_means,22,0.735696463907769,0.002538071065989911,,
narrow_eyes,0.5826115922718188,0.6102598267821452,single,chubby,diff_means,22,0.608927381745503,-0.02631578947368418,,
no_beard,0.5311715884964293,0.5750498616740655,single,chubby,diff_means,22,0.5362220935469343,-0.005050505050504972,,
oval_face,0.5097099621689786,0.49852879361076075,single,chubby,diff_means,22,0.5045817570407735,0.00512820512820511,,
pale_skin,0.6195121951219512,0.8028455284552846,single,chubby,diff_means,22,0.6195121951219512,0.0,,
pointy_nose,0.4762626262626263,0.4588383838383838,single,chubby,diff_means,22,0.5202020202020202,-0.043939393939393945,,
receding_hairline,0.49100462379150905,0.5266918873476252,single,chubby,diff_means,22,0.49663724253888186,-0.005632618747372808,,
rosy_cheeks,0.6930990819879709,0.7685976574865463,single,chubby,diff_means,22,0.6566951566951567,0.03640392529281422,,
sideburns,0.5868310015545193,0.6140350877192982,single,chubby,diff_means,22,0.5889407061958695,-0.002109704641350185,,
smiling,0.8377289377289376,0.9328449328449329,single,chubby,diff_means,22,0.83003663003663,0.007692307692307665,,
straight_hair,0.4393090569561158,0.5007002801120448,single,chubby,diff_means,22,0.4561157796451914,-0.016806722689075626,,
wavy_hair,0.6147084048027445,0.5822255574614066,single,chubby,diff_means,22,0.6076329331046312,0.007075471698113289,,
wearing_earrings,0.7035921068179133,0.7699397376816732,single,chubby,diff_means,22,0.7058962542833511,-0.0023041474654378336,,
wearing_hat,0.8706687730384413,0.8912058978409688,single,chubby,diff_means,22,0.8706687730384413,0.0,,
wearing_lipstick,0.5046585255540479,0.4941655359565807,single,chubby,diff_means,22,0.45585707824513794,0.04880144730890995,,
wearing_necklace,0.5605876393110436,0.6644376899696048,single,chubby,diff_means,22,0.6082066869300912,-0.04761904761904756,,
wearing_necktie,0.6131508678237649,0.5956831330663106,single,chubby,diff_means,22,0.6297285269247885,-0.0165776591010236,,
young,0.7434017595307918,0.8348607038123167,single,chubby,diff_means,22,0.8528836754643205,-0.10948191593352874,,
5_o_clock_shadow,0.5808080808080808,0.5921717171717172,single,chubby,diff_means,23,0.543939393939394,0.03686868686868683,,
arched_eyebrows,0.5574671688893413,0.5374121958668431,single,chubby,diff_means,23,0.5739590756388069,-0.016491906749465546,,
attractive,0.5138293400588483,0.42328709541824294,single,chubby,diff_means,23,0.5056326187473729,0.008196721311475419,,
bags_under_eyes,0.4806818181818182,0.42705965909090904,single,chubby,diff_means,23,0.49261363636363636,-0.011931818181818155,,
bald,0.6678204214598391,0.7820421459839152,single,chubby,diff_means,23,0.6784587193321796,-0.010638297872340496,,
bangs,0.7819345311346295,0.8801378291902535,single,chubby,diff_means,23,0.7819345311346295,0.0,,
big_lips,0.5012082158679018,0.48642770841723726,single,chubby,diff_means,23,0.5038260169150222,-0.002617801047120394,,
big_nose,0.5520935960591133,0.5999384236453202,single,chubby,diff_means,23,0.5979064039408867,-0.04581280788177333,,
black_hair,0.7578125,0.877685546875,single,chubby,diff_means,23,0.7421875,0.015625,,
blond_hair,0.8931823775535319,0.9399458528181147,single,chubby,diff_means,23,0.8910903273443269,0.0020920502092049986,,
blurry,0.5778688524590163,0.6239754098360656,single,chubby,diff_means,23,0.6174863387978142,-0.039617486338797914,,
brown_hair,0.6554621848739496,0.8338001867413632,single,chubby,diff_means,23,0.6596638655462185,-0.004201680672268893,,
bushy_eyebrows,0.48224695283518815,0.4691308956014838,single,chubby,diff_means,23,0.5298092209856916,-0.04756226815050346,,
chubby,0.578125,0.56671142578125,single,chubby,diff_means,23,0.65625,-0.078125,,
double_chin,0.5024154589371981,0.5235507246376812,single,chubby,diff_means,23,0.6105072463768115,-0.10809178743961345,,
eyeglasses,0.9078657865786579,0.9605793912724606,single,chubby,diff_means,23,0.8911807847451412,0.016685001833516733,,
goatee,0.6058080808080808,0.7262626262626262,single,chubby,diff_means,23,0.6265151515151515,-0.020707070707070674,,
gray_hair,0.7154121863799283,0.795268817204301,single,chubby,diff_means,23,0.7805017921146953,-0.06508960573476696,,
heavy_makeup,0.5513390102431198,0.6474145378254967,single,chubby,diff_means,23,0.5444896951746266,0.006849315068493178,,
high_cheekbones,0.4752463054187192,0.4135467980295567,single,chubby,diff_means,23,0.4745073891625616,0.000738916256157629,,
male,0.981283422459893,0.9789196310935442,single,chubby,diff_means,23,0.981283422459893,0.0,,
mouth_slightly_open,0.5092519083969466,0.5029007633587786,single,chubby,diff_means,23,0.4988702290076336,0.010381679389312948,,
mustache,0.7246838165705928,0.8168287017121225,single,chubby,diff_means,23,0.735696463907769,-0.011012647337176218,,
narrow_eyes,0.608927381745503,0.61114812347324,single,chubby,diff_means,23,0.608927381745503,0.0,,
no_beard,0.5425915202985266,0.5798108473267709,single,chubby,diff_means,23,0.5362220935469343,0.006369426751592355,,
oval_face,0.507145859604876,0.5006305170239596,single,chubby,diff_means,23,0.5045817570407735,0.002564102564102555,,
pale_skin,0.6195121951219512,0.7910569105691057,single,chubby,diff_means,23,0.6195121951219512,0.0,,
pointy_nose,0.48333333333333334,0.44406565656565655,single,chubby,diff_means,23,0.5202020202020202,-0.036868686868686884,,
receding_hairline,0.48230348886086594,0.5092896174863388,single,chubby,diff_means,23,0.49663724253888186,-0.014333753678015926,,
rosy_cheeks,0.6566951566951567,0.7600506489395378,single,chubby,diff_means,23,0.6566951566951567,0.0,,
sideburns,0.5541860981567843,0.6091494559182766,single,chubby,diff_means,23,0.5889407061958695,-0.034754608039085144,,
smiling,0.8183760683760684,0.924969474969475,single,chubby,diff_means,23,0.83003663003663,-0.01166056166056162,,
straight_hair,0.4414098972922502,0.5056022408963585,single,chubby,diff_means,23,0.4561157796451914,-0.01470588235294118,,
wavy_hair,0.6374356775300172,0.5732204116638079,single,chubby,diff_means,23,0.6076329331046312,0.029802744425385996,,
wearing_earrings,0.6884674465319627,0.7614321162708259,single,chubby,diff_means,23,0.7058962542833511,-0.017428807751388442,,
wearing_hat,0.8659294365455503,0.8623486045286994,single,chubby,diff_means,23,0.8706687730384413,-0.004739336492890933,,
wearing_lipstick,0.5212121212121212,0.5342379014020805,single,chubby,diff_means,23,0.45585707824513794,0.0653550429669833,,
wearing_necklace,0.5520770010131713,0.647821681864235,single,chubby,diff_means,23,0.6082066869300912,-0.056129685916919914,,
wearing_necktie,0.6038050734312417,0.5841121495327103,single,chubby,diff_means,23,0.6297285269247885,-0.025923453493546855,,
young,0.6289100684261975,0.7019183773216032,single,chubby,diff_means,23,0.8528836754643205,-0.22397360703812308,,
5_o_clock_shadow,0.5416666666666667,0.5607323232323231,single,chubby,lr,0,0.543939393939394,-0.002272727272727204,,
arched_eyebrows,0.5739590756388069,0.6016491906749466,single,chubby,lr,0,0.5739590756388069,0.0,,
attractive,0.5056326187473729,0.5508196721311476,single,chubby,lr,0,0.5056326187473729,0.0,,
bags_under_eyes,0.49261363636363636,0.4387784090909091,single,chubby,lr,0,0.49261363636363636,0.0,,
bald,0.6784587193321796,0.7908989107197394,single,chubby,lr,0,0.6784587193321796,0.0,,
bangs,0.7819345311346295,0.8816145705143982,single,chubby,lr,0,0.7819345311346295,0.0,,
big_lips,0.5038260169150222,0.4881192106322996,single,chubby,lr,0,0.5038260169150222,0.0,,
big_nose,0.5979064039408867,0.6459975369458127,single,chubby,lr,0,0.5979064039408867,0.0,,
black_hair,0.7421875,0.8741861979166666,single,chubby,lr,0,0.7421875,0.0,,
blond_hair,0.8931823775535319,0.936500123061777,single,chubby,lr,0,0.8910903273443269,0.0020920502092049986,,
blurry,0.619535519125683,0.6314890710382514,single,chubby,lr,0,0.6174863387978142,0.002049180327868827,,
brown_hair,0.6659663865546218,0.823062558356676,single,chubby,lr,0,0.6596638655462185,0.006302521008403339,,
bushy_eyebrows,0.5298092209856916,0.5109962904080552,single,chubby,lr,0,0.5298092209856916,0.0,,
chubby,0.66015625,0.7691650390625,single,chubby,lr,0,0.65625,0.00390625,,
double_chin,0.6105072463768115,0.7023701690821256,single,chubby,lr,0,0.6105072463768115,0.0,,
eyeglasses,0.8911807847451412,0.9590209020902091,single,chubby,lr,0,0.8911807847451412,0.0,,
goatee,0.6287878787878788,0.742550505050505,single,chubby,lr,0,0.6265151515151515,0.002272727272727315,,
gray_hair,0.7805017921146953,0.896774193548387,single,chubby,lr,0,0.7805017921146953,0.0,,
heavy_makeup,0.5490559052202888,0.6095273355547328,single,chubby,lr,0,0.5444896951746266,0.004566210045662156,,
high_cheekbones,0.4745073891625616,0.4016625615763546,single,chubby,lr,0,0.4745073891625616,0.0,,
male,0.981283422459893,0.9769820971867006,single,chubby,lr,0,0.981283422459893,0.0,,
mouth_slightly_open,0.49105343511450383,0.47419847328244275,single,chubby,lr,0,0.4988702290076336,-0.007816793893129781,,
mustache,0.7272218876365826,0.8296481115030543,single,chubby,lr,0,0.735696463907769,-0.008474576271186418,,
narrow_eyes,0.6068176771041528,0.6113701976460137,single,chubby,lr,0,0.608927381745503,-0.002109704641350185,,
no_beard,0.5394068069227305,0.5670719938235862,single,chubby,lr,0,0.5362220935469343,0.0031847133757961776,,
oval_face,0.5045817570407735,0.49213955443463636,single,chubby,lr,0,0.5045817570407735,0.0,,
pale_skin,0.6195121951219512,0.7991869918699187,single,chubby,lr,0,0.6195121951219512,0.0,,
pointy_nose,0.5224747474747475,0.49154040404040406,single,chubby,lr,0,0.5202020202020202,0.002272727272727315,,
receding_hairline,0.49663724253888186,0.5393022278268179,single,chubby,lr,0,0.49663724253888186,0.0,,
rosy_cheeks,0.6566951566951567,0.7584678695789806,single,chubby,lr,0,0.6566951566951567,0.0,,
sideburns,0.5889407061958695,0.6153675327559405,single,chubby,lr,0,0.5889407061958695,0.0,,
smiling,0.83003663003663,0.9387057387057387,single,chubby,lr,0,0.83003663003663,0.0,,
straight_hair,0.4561157796451914,0.48272642390289455,single,chubby,lr,0,0.4561157796451914,0.0,,
wavy_hair,0.6076329331046312,0.5875857632933105,single,chubby,lr,0,0.6076329331046312,0.0,,
wearing_earrings,0.7035921068179133,0.7751388396549687,single,chubby,lr,0,0.7058962542833511,-0.0023041474654378336,,
wearing_hat,0.8706687730384413,0.9136387572406529,single,chubby,lr,0,0.8706687730384413,0.0,,
wearing_lipstick,0.4608322026232474,0.45364088647670736,single,chubby,lr,0,0.45585707824513794,0.004975124378109486,,
wearing_necklace,0.6103343465045592,0.6618034447821681,single,chubby,lr,0,0.6082066869300912,0.0021276595744680327,,
wearing_necktie,0.6320649755229194,0.6374054294615042,single,chubby,lr,0,0.6297285269247885,0.002336448598130869,,
young,0.8528836754643205,0.9224706744868035,single,chubby,lr,0,0.8528836754643205,0.0,,
5_o_clock_shadow,0.5416666666666667,0.5601010101010101,single,chubby,lr,1,0.543939393939394,-0.002272727272727204,,
arched_eyebrows,0.5739590756388069,0.6012419831008857,single,chubby,lr,1,0.5739590756388069,0.0,,
attractive,0.5056326187473729,0.549726775956284,single,chubby,lr,1,0.5056326187473729,0.0,,
bags_under_eyes,0.49261363636363636,0.43742897727272734,single,chubby,lr,1,0.49261363636363636,0.0,,
bald,0.6784587193321796,0.7905935050391938,single,chubby,lr,1,0.6784587193321796,0.0,,
bangs,0.7819345311346295,0.8825990647304948,single,chubby,lr,1,0.7819345311346295,0.0,,
big_lips,0.5012082158679018,0.4888441401530407,single,chubby,lr,1,0.5038260169150222,-0.002617801047120394,,
big_nose,0.5979064039408867,0.6479679802955666,single,chubby,lr,1,0.5979064039408867,0.0,,
black_hair,0.7421875,0.8755696614583333,single,chubby,lr,1,0.7421875,0.0,,
blond_hair,0.8931823775535319,0.9382229879399459,single,chubby,lr,1,0.8910903273443269,0.0020920502092049986,,
blurry,0.6612021857923497,0.6335382513661203,single,chubby,lr,1,0.6174863387978142,0.04371584699453546,,
brown_hair,0.6617647058823529,0.8209617180205415,single,chubby,lr,1,0.6596638655462185,0.0021008403361344463,,
bushy_eyebrows,0.5298092209856916,0.5117912029676736,single,chubby,lr,1,0.5298092209856916,0.0,,
chubby,0.66015625,0.76934814453125,single,chubby,lr,1,0.65625,0.00390625,,
double_chin,0.6077898550724637,0.7027475845410628,single,chubby,lr,1,0.6105072463768115,-0.0027173913043477826,,
eyeglasses,0.8911807847451412,0.9586541987532087,single,chubby,lr,1,0.8911807847451412,0.0,,
goatee,0.6381313131313131,0.7419191919191919,single,chubby,lr,1,0.6265151515151515,0.011616161616161635,,
gray_hair,0.7805017921146953,0.8960573476702509,single,chubby,lr,1,0.7805017921146953,0.0,,
heavy_makeup,0.5467728001974577,0.610267802048624,single,chubby,lr,1,0.5444896951746266,0.0022831050228310223,,
high_cheekbones,0.4701970443349754,0.40295566502463054,single,chubby,lr,1,0.4745073891625616,-0.004310344827586188,,
male,0.981283422459893,0.9770595985429745,single,chubby,lr,1,0.981283422459893,0.0,,
mouth_slightly_open,0.49905343511450384,0.4740152671755725,single,chubby,lr,1,0.4988702290076336,0.0001832061068702262,,
mustache,0.735696463907769,0.8295620751957326,single,chubby,lr,1,0.735696463907769,0.0,,
narrow_eyes,0.608927381745503,0.6120364201643349,single,chubby,lr,1,0.608927381745503,0.0,,
no_beard,0.5394068069227305,0.5666216303158979,single,chubby,lr,1,0.5362220935469343,0.0031847133757961776,,
oval_face,0.5045817570407735,0.4915510718789407,single,chubby,lr,1,0.5045817570407735,0.0,,
pale_skin,0.6195121951219512,0.7995934959349593,single,chubby,lr,1,0.6195121951219512,0.0,,
pointy_nose,0.5202020202020202,0.48952020202020197,single,chubby,lr,1,0.5202020202020202,0.0,,
receding_hairline,0.4992013451029844,0.5382093316519546,single,chubby,lr,1,0.49663724253888186,0.002564102564102555,,
rosy_cheeks,0.6566951566951567,0.7565685343463122,single,chubby,lr,1,0.6566951566951567,0.0,,
sideburns,0.5868310015545193,0.6142571618920719,single,chubby,lr,1,0.5889407061958695,-0.002109704641350185,,
smiling,0.8261904761904761,0.9382783882783883,single,chubby,lr,1,0.83003663003663,-0.0038461538461538325,,
straight_hair,0.45821661998132585,0.4817927170868348,single,chubby,lr,1,0.4561157796451914,0.0021008403361344463,,
wavy_hair,0.6076329331046312,0.5859777015437393,single,chubby,lr,1,0.6076329331046312,0.0,,
wearing_earrings,0.6930757414628382,0.7743117097955807,single,chubby,lr,1,0.7058962542833511,-0.012820512820512886,,
wearing_hat,0.8706687730384413,0.9142706687730384,single,chubby,lr,1,0.8706687730384413,0.0,,
wearing_lipstick,0.45585707824513794,0.45282677521483494,single,chubby,lr,1,0.45585707824513794,0.0,,
wearing_necklace,0.5865248226950355,0.6599797365754813,single,chubby,lr,1,0.6082066869300912,-0.021681864235055692,,
wearing_necktie,0.6273920783266578,0.6374054294615042,single,chubby,lr,1,0.6297285269247885,-0.002336448598130758,,
young,0.8566715542521994,0.9226539589442816,single,chubby,lr,1,0.8528836754643205,0.0037878787878788955,,
5_o_clock_shadow,0.5277777777777778,0.5598484848484848,single,chubby,lr,2,0.543939393939394,-0.016161616161616155,,
arched_eyebrows,0.5739590756388069,0.6012419831008856,single,chubby,lr,2,0.5739590756388069,0.0,,
attractive,0.5056326187473729,0.549978982765868,single,chubby,lr,2,0.5056326187473729,0.0,,
bags_under_eyes,0.49261363636363636,0.43764204545454544,single,chubby,lr,2,0.49261363636363636,0.0,,
bald,0.6784587193321796,0.7904917031456786,single,chubby,lr,2,0.6784587193321796,0.0,,
bangs,0.7819345311346295,0.8818606940684224,single,chubby,lr,2,0.7819345311346295,0.0,,
big_lips,0.5064438179621426,0.4877970197341925,single,chubby,lr,2,0.5038260169150222,0.002617801047120394,,
big_nose,0.5979064039408867,0.6483990147783251,single,chubby,lr,2,0.5979064039408867,0.0,,
black_hair,0.7421875,0.874755859375,single,chubby,lr,2,0.7421875,0.0,,
blond_hair,0.8931823775535319,0.9374846172778735,single,chubby,lr,2,0.8910903273443269,0.0020920502092049986,,
blurry,0.6612021857923497,0.6314890710382514,single,chubby,lr,2,0.6174863387978142,0.04371584699453546,,
brown_hair,0.6638655462184874,0.8218954248366013,single,chubby,lr,2,0.6596638655462185,0.004201680672268893,,
bushy_eyebrows,0.5298092209856916,0.5113937466878643,single,chubby,lr,2,0.5298092209856916,0.0,,
chubby,0.65625,0.76873779296875,single,chubby,lr,2,0.65625,0.0,,
double_chin,0.6132246376811594,0.7028230676328502,single,chubby,lr,2,0.6105072463768115,0.0027173913043478937,,
eyeglasses,0.8911807847451412,0.9590209020902092,single,chubby,lr,2,0.8911807847451412,0.0,,
goatee,0.6265151515151515,0.7421717171717171,single,chubby,lr,2,0.6265151515151515,0.0,,
gray_hair,0.7805017921146953,0.8964874551971326,single,chubby,lr,2,0.7805017921146953,0.0,,
heavy_makeup,0.5490559052202888,0.610267802048624,single,chubby,lr,2,0.5444896951746266,0.004566210045662156,,
high_cheekbones,0.4745073891625616,0.4019088669950739,single,chubby,lr,2,0.4745073891625616,0.0,,
male,0.981283422459893,0.9770595985429745,single,chubby,lr,2,0.981283422459893,0.0,,
mouth_slightly_open,0.49105343511450383,0.47432061068702286,single,chubby,lr,2,0.4988702290076336,-0.007816793893129781,,
mustache,0.7272218876365826,0.829734147810376,single,chubby,lr,2,0.735696463907769,-0.008474576271186418,,
narrow_eyes,0.608927381745503,0.6133688652009771,single,chubby,lr,2,0.608927381745503,0.0,,
no_beard,0.5394068069227305,0.567200669111497,single,chubby,lr,2,0.5362220935469343,0.0031847133757961776,,
oval_face,0.5045817570407735,0.4924758301807482,single,chubby,lr,2,0.5045817570407735,0.0,,
pale_skin,0.6195121951219512,0.7987804878048781,single,chubby,lr,2,0.6195121951219512,0.0,,
pointy_nose,0.5224747474747475,0.49116161616161613,single,chubby,lr,2,0.5202020202020202,0.002272727272727315,,
receding_hairline,0.4884405212274065,0.539134089953762,single,chubby,lr,2,0.49663724253888186,-0.008196721311475363,,
rosy_cheeks,0.658752769863881,0.7553023108578664,single,chubby,lr,2,0.6566951566951567,0.002057613168724326,,
sideburns,0.5868310015545193,0.6140350877192982,single,chubby,lr,2,0.5889407061958695,-0.002109704641350185,,
smiling,0.83003663003663,0.9382783882783883,single,chubby,lr,2,0.83003663003663,0.0,,
straight_hair,0.48389355742296913,0.48225957049486456,single,chubby,lr,2,0.4561157796451914,0.027777777777777735,,
wavy_hair,0.6076329331046312,0.5869425385934821,single,chubby,lr,2,0.6076329331046312,0.0,,
wearing_earrings,0.6953798889282761,0.7740753869786128,single,chubby,lr,2,0.7058962542833511,-0.010516365355075052,,
wearing_hat,0.8706687730384413,0.9144813059505003,single,chubby,lr,2,0.8706687730384413,0.0,,
wearing_lipstick,0.4608322026232474,0.4532790592492084,single,chubby,lr,2,0.45585707824513794,0.004975124378109486,,
wearing_necklace,0.5822695035460993,0.6597771023302939,single,chubby,lr,2,0.6082066869300912,-0.02593718338399187,,
wearing_necktie,0.6273920783266578,0.6389630618602581,single,chubby,lr,2,0.6297285269247885,-0.002336448598130758,,
young,0.8528836754643205,0.9229594330400782,single,chubby,lr,2,0.8528836754643205,0.0,,
5_o_clock_shadow,0.5300505050505051,0.5606060606060606,single,chubby,lr,3,0.543939393939394,-0.01388888888888884,,
arched_eyebrows,0.5739590756388069,0.5999185584851878,single,chubby,lr,3,0.5739590756388069,0.0,,
attractive,0.5056326187473729,0.5493905002101723,single,chubby,lr,3,0.5056326187473729,0.0,,
bags_under_eyes,0.49261363636363636,0.4357244318181819,single,chubby,lr,3,0.49261363636363636,0.0,,
bald,0.6784587193321796,0.7898808917845871,single,chubby,lr,3,0.6784587193321796,0.0,,
bangs,0.7819345311346295,0.8818606940684224,single,chubby,lr,3,0.7819345311346295,0.0,,
big_lips,0.5038260169150222,0.48634716069271045,single,chubby,lr,3,0.5038260169150222,0.0,,
big_nose,0.6022167487684729,0.6483374384236453,single,chubby,lr,3,0.5979064039408867,0.004310344827586188,,
black_hair,0.7421875,0.8746744791666666,single,chubby,lr,3,0.7421875,0.0,,
blond_hair,0.8931823775535319,0.9374846172778735,single,chubby,lr,3,0.8910903273443269,0.0020920502092049986,,
blurry,0.6612021857923497,0.6328551912568307,single,chubby,lr,3,0.6174863387978142,0.04371584699453546,,
brown_hair,0.6638655462184874,0.819327731092437,single,chubby,lr,3,0.6596638655462185,0.004201680672268893,,
bushy_eyebrows,0.5298092209856916,0.5112612612612613,single,chubby,lr,3,0.5298092209856916,0.0,,
chubby,0.66015625,0.76898193359375,single,chubby,lr,3,0.65625,0.00390625,,
double_chin,0.6077898550724637,0.7026721014492754,single,chubby,lr,3,0.6105072463768115,-0.0027173913043477826,,
eyeglasses,0.8911807847451412,0.958929226255959,single,chubby,lr,3,0.8911807847451412,0.0,,
goatee,0.621969696969697,0.7431818181818182,single,chubby,lr,3,0.6265151515151515,-0.004545454545454519,,
gray_hair,0.7782795698924732,0.8959139784946236,single,chubby,lr,3,0.7805017921146953,-0.0022222222222221255,,
heavy_makeup,0.5490559052202888,0.6086634579785265,single,chubby,lr,3,0.5444896951746266,0.004566210045662156,,
high_cheekbones,0.4745073891625616,0.4004926108374384,single,chubby,lr,3,0.4745073891625616,0.0,,
male,0.981283422459893,0.9771370998992482,single,chubby,lr,3,0.981283422459893,0.0,,
mouth_slightly_open,0.5028702290076336,0.475175572519084,single,chubby,lr,3,0.4988702290076336,0.003999999999999948,,
mustache,0.735696463907769,0.8289598210444807,single,chubby,lr,3,0.735696463907769,0.0,,
narrow_eyes,0.608927381745503,0.6113701976460137,single,chubby,lr,3,0.608927381745503,0.0,,
no_beard,0.5394068069227305,0.5671363314675416,single,chubby,lr,3,0.5362220935469343,0.0031847133757961776,,
oval_face,0.5045817570407735,0.49415720891130727,single,chubby,lr,3,0.5045817570407735,0.0,,
pale_skin,0.6195121951219512,0.797560975609756,single,chubby,lr,3,0.6195121951219512,0.0,,
pointy_nose,0.5202020202020202,0.4907828282828283,single,chubby,lr,3,0.5202020202020202,0.0,,
receding_hairline,0.4940731399747793,0.5388818831441783,single,chubby,lr,3,0.49663724253888186,-0.002564102564102555,,
rosy_cheeks,0.6566951566951567,0.7556188667299779,single,chubby,lr,3,0.6566951566951567,0.0,,
sideburns,0.5868310015545193,0.6149233844103931,single,chubby,lr,3,0.5889407061958695,-0.002109704641350185,,
smiling,0.83003663003663,0.9384004884004884,single,chubby,lr,3,0.83003663003663,0.0,,
straight_hair,0.4561157796451914,0.4820261437908497,single,chubby,lr,3,0.4561157796451914,0.0,,
wavy_hair,0.6076329331046312,0.5861921097770155,single,chubby,lr,3,0.6076329331046312,0.0,,
wearing_earrings,0.6930757414628382,0.7732482571192248,single,chubby,lr,3,0.7058962542833511,-0.012820512820512886,,
wearing_hat,0.8706687730384413,0.9145866245392311,single,chubby,lr,3,0.8706687730384413,0.0,,
wearing_lipstick,0.45585707824513794,0.4534599728629579,single,chubby,lr,3,0.45585707824513794,0.0,,
wearing_necklace,0.5843971631205673,0.6618034447821682,single,chubby,lr,3,0.6082066869300912,-0.023809523809523836,,
wearing_necktie,0.6250556297285269,0.6391855807743659,single,chubby,lr,3,0.6297285269247885,-0.004672897196261627,,
young,0.8528836754643205,0.9229594330400782,single,chubby,lr,3,0.8528836754643205,0.0,,
5_o_clock_shadow,0.543939393939394,0.5602272727272728,single,chubby,lr,4,0.543939393939394,0.0,,
arched_eyebrows,0.5739590756388069,0.599511350911127,single,chubby,lr,4,0.5739590756388069,0.0,,
attractive,0.5056326187473729,0.5478772593526693,single,chubby,lr,4,0.5056326187473729,0.0,,
bags_under_eyes,0.49261363636363636,0.4367897727272727,single,chubby,lr,4,0.49261363636363636,0.0,,
bald,0.6784587193321796,0.7899826936781024,single,chubby,lr,4,0.6784587193321796,0.0,,
bangs,0.7798424809254245,0.8821068176224465,single,chubby,lr,4,0.7819345311346295,-0.0020920502092049986,,
big_lips,0.5038260169150222,0.48747482883608534,single,chubby,lr,4,0.5038260169150222,0.0,,
big_nose,0.5979064039408867,0.6476600985221674,single,chubby,lr,4,0.5979064039408867,0.0,,
black_hair,0.7421875,0.8750813802083334,single,chubby,lr,4,0.7421875,0.0,,
blond_hair,0.8910903273443269,0.9377307408318976,single,chubby,lr,4,0.8910903273443269,0.0,,
blurry,0.6632513661202186,0.632172131147541,single,chubby,lr,4,0.6174863387978142,0.045765027322404395,,
brown_hair,0.6617647058823529,0.823295985060691,single,chubby,lr,4,0.6596638655462185,0.0021008403361344463,,
bushy_eyebrows,0.5298092209856916,0.5112612612612613,single,chubby,lr,4,0.5298092209856916,0.0,,
chubby,0.66015625,0.76910400390625,single,chubby,lr,4,0.65625,0.00390625,,
double_chin,0.6105072463768115,0.7022192028985507,single,chubby,lr,4,0.6105072463768115,0.0,,
eyeglasses,0.8911807847451412,0.9588375504217088,single,chubby,lr,4,0.8911807847451412,0.0,,
goatee,0.6242424242424243,0.7420454545454546,single,chubby,lr,4,0.6265151515151515,-0.002272727272727204,,
gray_hair,0.7782795698924732,0.8974910394265233,single,chubby,lr,4,0.7805017921146953,-0.0022222222222221255,,
heavy_makeup,0.5490559052202888,0.6079229914846354,single,chubby,lr,4,0.5444896951746266,0.004566210045662156,,
high_cheekbones,0.4745073891625616,0.401539408866995,single,chubby,lr,4,0.4745073891625616,0.0,,
male,0.981283422459893,0.976904595830427,single,chubby,lr,4,0.981283422459893,0.0,,
mouth_slightly_open,0.49905343511450384,0.47535877862595416,single,chubby,lr,4,0.4988702290076336,0.0001832061068702262,,
mustache,0.735696463907769,0.8285296395078722,single,chubby,lr,4,0.735696463907769,0.0,,
narrow_eyes,0.6068176771041528,0.6124805685098823,single,chubby,lr,4,0.608927381745503,-0.002109704641350185,,
no_beard,0.5394068069227305,0.5666216303158977,single,chubby,lr,4,0.5362220935469343,0.0031847133757961776,,
oval_face,0.5020176544766709,0.49365279529213957,single,chubby,lr,4,0.5045817570407735,-0.002564102564102555,,
pale_skin,0.6195121951219512,0.7967479674796748,single,chubby,lr,4,0.6195121951219512,0.0,,
pointy_nose,0.5247474747474747,0.4897727272727273,single,chubby,lr,4,0.5202020202020202,0.004545454545454519,,
receding_hairline,0.49663724253888186,0.5395544346364018,single,chubby,lr,4,0.49663724253888186,0.0,,
rosy_cheeks,0.6566951566951567,0.7572016460905351,single,chubby,lr,4,0.6566951566951567,0.0,,
sideburns,0.584721296913169,0.6147013102376194,single,chubby,lr,4,0.5889407061958695,-0.0042194092827004814,,
smiling,0.83003663003663,0.9381562881562882,single,chubby,lr,4,0.83003663003663,0.0,,
straight_hair,0.4561157796451914,0.48389355742296924,single,chubby,lr,4,0.4561157796451914,0.0,,
wavy_hair,0.6076329331046312,0.5867281303602059,single,chubby,lr,4,0.6076329331046312,0.0,,
wearing_earrings,0.6907715939974004,0.773248257119225,single,chubby,lr,4,0.7058962542833511,-0.01512466028595072,,
wearing_hat,0.8706687730384413,0.9150078988941548,single,chubby,lr,4,0.8706687730384413,0.0,,
wearing_lipstick,0.45585707824513794,0.4537313432835821,single,chubby,lr,4,0.45585707824513794,0.0,,
wearing_necklace,0.6103343465045592,0.6620060790273556,single,chubby,lr,4,0.6082066869300912,0.0021276595744680327,,
wearing_necktie,0.6250556297285269,0.6377392078326658,single,chubby,lr,4,0.6297285269247885,-0.004672897196261627,,
young,0.8528836754643205,0.9227150537634409,single,chubby,lr,4,0.8528836754643205,0.0,,
5_o_clock_shadow,0.543939393939394,0.5599747474747475,single,chubby,lr,5,0.543939393939394,0.0,,
arched_eyebrows,0.5739590756388069,0.6010383793138552,single,chubby,lr,5,0.5739590756388069,0.0,,
attractive,0.5056326187473729,0.5485498108448927,single,chubby,lr,5,0.5056326187473729,0.0,,
bags_under_eyes,0.48636363636363633,0.43650568181818183,single,chubby,lr,5,0.49261363636363636,-0.006250000000000033,,
bald,0.6784587193321796,0.7899826936781025,single,chubby,lr,5,0.6784587193321796,0.0,,
bangs,0.7840265813438345,0.8828451882845189,single,chubby,lr,5,0.7819345311346295,0.0020920502092049986,,
big_lips,0.5038260169150222,0.48803866290777287,single,chubby,lr,5,0.5038260169150222,0.0,,
big_nose,0.5979064039408867,0.6455665024630541,single,chubby,lr,5,0.5979064039408867,0.0,,
black_hair,0.7421875,0.8749186197916666,single,chubby,lr,5,0.7421875,0.0,,
blond_hair,0.8910903273443269,0.9372384937238494,single,chubby,lr,5,0.8910903273443269,0.0,,
blurry,0.6612021857923497,0.6301229508196722,single,chubby,lr,5,0.6174863387978142,0.04371584699453546,,
brown_hair,0.6596638655462185,0.8202614379084967,single,chubby,lr,5,0.6596638655462185,0.0,,
bushy_eyebrows,0.5298092209856916,0.5136459989401165,single,chubby,lr,5,0.5298092209856916,0.0,,
chubby,0.65625,0.76812744140625,single,chubby,lr,5,0.65625,0.0,,
double_chin,0.6105072463768115,0.701388888888889,single,chubby,lr,5,0.6105072463768115,0.0,,
eyeglasses,0.8911807847451412,0.9586541987532086,single,chubby,lr,5,0.8911807847451412,0.0,,
goatee,0.6265151515151515,0.7419191919191919,single,chubby,lr,5,0.6265151515151515,0.0,,
gray_hair,0.7805017921146953,0.8966308243727599,single,chubby,lr,5,0.7805017921146953,0.0,,
heavy_makeup,0.5467728001974577,0.6077995804023202,single,chubby,lr,5,0.5444896951746266,0.0022831050228310223,,
high_cheekbones,0.4745073891625616,0.4016009852216749,single,chubby,lr,5,0.4745073891625616,0.0,,
male,0.981283422459893,0.9769820971867007,single,chubby,lr,5,0.981283422459893,0.0,,
mouth_slightly_open,0.49505343511450384,0.47425954198473286,single,chubby,lr,5,0.4988702290076336,-0.0038167938931297773,,
mustache,0.735696463907769,0.8292179299664458,single,chubby,lr,5,0.735696463907769,0.0,,
narrow_eyes,0.6068176771041528,0.6122584943371085,single,chubby,lr,5,0.608927381745503,-0.002109704641350185,,
no_beard,0.5394068069227305,0.5659139162323876,single,chubby,lr,5,0.5362220935469343,0.0031847133757961776,,
oval_face,0.5020176544766709,0.4924758301807482,single,chubby,lr,5,0.5045817570407735,-0.002564102564102555,,
pale_skin,0.6195121951219512,0.7987804878048781,single,chubby,lr,5,0.6195121951219512,0.0,,
pointy_nose,0.5179292929292929,0.49217171717171715,single,chubby,lr,5,0.5202020202020202,-0.002272727272727315,,
receding_hairline,0.49663724253888186,0.5401429171920975,single,chubby,lr,5,0.49663724253888186,0.0,,
rosy_cheeks,0.658752769863881,0.7578347578347578,single,chubby,lr,5,0.6566951566951567,0.002057613168724326,,
sideburns,0.5868310015545193,0.6153675327559405,single,chubby,lr,5,0.5889407061958695,-0.002109704641350185,,
smiling,0.83003663003663,0.9384004884004884,single,chubby,lr,5,0.83003663003663,0.0,,
straight_hair,0.4859943977591036,0.48389355742296913,single,chubby,lr,5,0.4561157796451914,0.02987861811391218,,
wavy_hair,0.6076329331046312,0.5851200686106347,single,chubby,lr,5,0.6076329331046312,0.0,,
wearing_earrings,0.6953798889282761,0.7740753869786128,single,chubby,lr,5,0.7058962542833511,-0.010516365355075052,,
wearing_hat,0.8706687730384413,0.9144813059505003,single,chubby,lr,5,0.8706687730384413,0.0,,
wearing_lipstick,0.45834464043419265,0.454093170511081,single,chubby,lr,5,0.45585707824513794,0.002487562189054715,,
wearing_necklace,0.6082066869300912,0.6620060790273556,single,chubby,lr,5,0.6082066869300912,0.0,,
wearing_necktie,0.6273920783266578,0.634623943035158,single,chubby,lr,5,0.6297285269247885,-0.002336448598130758,,
young,0.8528836754643205,0.9222873900293255,single,chubby,lr,5,0.8528836754643205,0.0,,
5_o_clock_shadow,0.543939393939394,0.5603535353535354,single,chubby,lr,6,0.543939393939394,0.0,,
arched_eyebrows,0.5739590756388069,0.5999185584851878,single,chubby,lr,6,0.5739590756388069,0.0,,
attractive,0.5056326187473729,0.5503152585119797,single,chubby,lr,6,0.5056326187473729,0.0,,
bags_under_eyes,0.49261363636363636,0.4362215909090909,single,chubby,lr,6,0.49261363636363636,0.0,,
bald,0.6784587193321796,0.7900844955716176,single,chubby,lr,6,0.6784587193321796,0.0,,
bangs,0.7819345311346295,0.8816145705143981,single,chubby,lr,6,0.7819345311346295,0.0,,
big_lips,0.5012082158679018,0.48715263793797825,single,chubby,lr,6,0.5038260169150222,-0.002617801047120394,,
big_nose,0.6022167487684729,0.6461822660098522,single,chubby,lr,6,0.5979064039408867,0.004310344827586188,,
black_hair,0.7447916666666667,0.874755859375,single,chubby,lr,6,0.7421875,0.0026041666666667407,,
blond_hair,0.8910903273443269,0.9377307408318976,single,chubby,lr,6,0.8910903273443269,0.0,,
blurry,0.657103825136612,0.6325136612021858,single,chubby,lr,6,0.6174863387978142,0.0396174863387978,,
brown_hair,0.657563025210084,0.8204948646125116,single,chubby,lr,6,0.6596638655462185,-0.0021008403361344463,,
bushy_eyebrows,0.5298092209856916,0.5135135135135136,single,chubby,lr,6,0.5298092209856916,0.0,,
chubby,0.65625,0.768798828125,single,chubby,lr,6,0.65625,0.0,,
double_chin,0.6105072463768115,0.7025211352657006,single,chubby,lr,6,0.6105072463768115,0.0,,
eyeglasses,0.8911807847451412,0.9587458745874589,single,chubby,lr,6,0.8911807847451412,0.0,,
goatee,0.621969696969697,0.7428030303030302,single,chubby,lr,6,0.6265151515151515,-0.004545454545454519,,
gray_hair,0.7827240143369176,0.896774193548387,single,chubby,lr,6,0.7805017921146953,0.0022222222222223476,,
heavy_makeup,0.5490559052202888,0.608293224731581,single,chubby,lr,6,0.5444896951746266,0.004566210045662156,,
high_cheekbones,0.470935960591133,0.40197044334975374,single,chubby,lr,6,0.4745073891625616,-0.0035714285714285587,,
male,0.981283422459893,0.976904595830427,single,chubby,lr,6,0.981283422459893,0.0,,
mouth_slightly_open,0.49505343511450384,0.4747480916030534,single,chubby,lr,6,0.4988702290076336,-0.0038167938931297773,,
mustache,0.735696463907769,0.8287017121225156,single,chubby,lr,6,0.735696463907769,0.0,,
narrow_eyes,0.6068176771041528,0.6120364201643349,single,chubby,lr,6,0.608927381745503,-0.002109704641350185,,
no_beard,0.5394068069227305,0.5666859679598533,single,chubby,lr,6,0.5362220935469343,0.0031847133757961776,,
oval_face,0.5045817570407735,0.49306431273644385,single,chubby,lr,6,0.5045817570407735,0.0,,
pale_skin,0.6195121951219512,0.7995934959349593,single,chubby,lr,6,0.6195121951219512,0.0,,
pointy_nose,0.5179292929292929,0.4916666666666667,single,chubby,lr,6,0.5202020202020202,-0.002272727272727315,,
receding_hairline,0.49663724253888186,0.5398907103825137,single,chubby,lr,6,0.49663724253888186,0.0,,
rosy_cheeks,0.658752769863881,0.7559354226020892,single,chubby,lr,6,0.6566951566951567,0.002057613168724326,,
sideburns,0.5889407061958695,0.6149233844103931,single,chubby,lr,6,0.5889407061958695,0.0,,
smiling,0.83003663003663,0.9383394383394383,single,chubby,lr,6,0.83003663003663,0.0,,
straight_hair,0.45401493930905695,0.4822595704948646,single,chubby,lr,6,0.4561157796451914,-0.0021008403361344463,,
wavy_hair,0.6076329331046312,0.5850128644939966,single,chubby,lr,6,0.6076329331046312,0.0,,
wearing_earrings,0.7035921068179133,0.7739572255701288,single,chubby,lr,6,0.7058962542833511,-0.0023041474654378336,,
wearing_hat,0.8706687730384413,0.9146919431279621,single,chubby,lr,6,0.8706687730384413,0.0,,
wearing_lipstick,0.45585707824513794,0.4539122568973315,single,chubby,lr,6,0.45585707824513794,0.0,,
wearing_necklace,0.6060790273556231,0.6616008105369807,single,chubby,lr,6,0.6082066869300912,-0.0021276595744680327,,
wearing_necktie,0.6273920783266578,0.6355140186915887,single,chubby,lr,6,0.6297285269247885,-0.002336448598130758,,
young,0.8528836754643205,0.9220430107526881,single,chubby,lr,6,0.8528836754643205,0.0,,
5_o_clock_shadow,0.5300505050505051,0.5587121212121212,single,chubby,lr,7,0.543939393939394,-0.01388888888888884,,
arched_eyebrows,0.5739590756388069,0.5992059452305812,single,chubby,lr,7,0.5739590756388069,0.0,,
attractive,0.5056326187473729,0.5486338797814208,single,chubby,lr,7,0.5056326187473729,0.0,,
bags_under_eyes,0.4954545454545455,0.4313210227272727,single,chubby,lr,7,0.49261363636363636,0.002840909090909116,,
bald,0.6784587193321796,0.7889646747429502,single,chubby,lr,7,0.6784587193321796,0.0,,
bangs,0.7819345311346295,0.8823529411764706,single,chubby,lr,7,0.7819345311346295,0.0,,
big_lips,0.5012082158679018,0.4896496173983085,single,chubby,lr,7,0.5038260169150222,-0.002617801047120394,,
big_nose,0.5979064039408867,0.6489532019704434,single,chubby,lr,7,0.5979064039408867,0.0,,
black_hair,0.7473958333333333,0.874755859375,single,chubby,lr,7,0.7421875,0.005208333333333259,,
blond_hair,0.8910903273443269,0.9372384937238494,single,chubby,lr,7,0.8910903273443269,0.0,,
blurry,0.619535519125683,0.6345628415300546,single,chubby,lr,7,0.6174863387978142,0.002049180327868827,,
brown_hair,0.6638655462184874,0.8204948646125116,single,chubby,lr,7,0.6596638655462185,0.004201680672268893,,
bushy_eyebrows,0.5298092209856916,0.514308426073132,single,chubby,lr,7,0.5298092209856916,0.0,,
chubby,0.66015625,0.76788330078125,single,chubby,lr,7,0.65625,0.00390625,,
double_chin,0.6105072463768115,0.7019927536231885,single,chubby,lr,7,0.6105072463768115,0.0,,
eyeglasses,0.8936560322698937,0.9586541987532087,single,chubby,lr,7,0.8911807847451412,0.0024752475247524774,,
goatee,0.6126262626262626,0.7400252525252524,single,chubby,lr,7,0.6265151515151515,-0.01388888888888884,,
gray_hair,0.7827240143369176,0.8972043010752688,single,chubby,lr,7,0.7805017921146953,0.0022222222222223476,,
heavy_makeup,0.5467728001974577,0.608910280143157,single,chubby,lr,7,0.5444896951746266,0.0022831050228310223,,
high_cheekbones,0.470935960591133,0.4024630541871921,single,chubby,lr,7,0.4745073891625616,-0.0035714285714285587,,
male,0.981283422459893,0.977214601255522,single,chubby,lr,7,0.981283422459893,0.0,,
mouth_slightly_open,0.5026870229007634,0.4738931297709924,single,chubby,lr,7,0.4988702290076336,0.0038167938931297773,,
mustache,0.735696463907769,0.8283575668932289,single,chubby,lr,7,0.735696463907769,0.0,,
narrow_eyes,0.6110370863868532,0.6147013102376193,single,chubby,lr,7,0.608927381745503,0.002109704641350185,,
no_beard,0.5425915202985266,0.5667503056038088,single,chubby,lr,7,0.5362220935469343,0.006369426751592355,,
oval_face,0.5020176544766709,0.49356872635561155,single,chubby,lr,7,0.5045817570407735,-0.002564102564102555,,
pale_skin,0.6195121951219512,0.7975609756097561,single,chubby,lr,7,0.6195121951219512,0.0,,
pointy_nose,0.5224747474747475,0.49002525252525253,single,chubby,lr,7,0.5202020202020202,0.002272727272727315,,
receding_hairline,0.4992013451029844,0.5397225725094577,single,chubby,lr,7,0.49663724253888186,0.002564102564102555,,
rosy_cheeks,0.6566951566951567,0.7606837606837606,single,chubby,lr,7,0.6566951566951567,0.0,,
sideburns,0.5647346213635354,0.6129247168554297,single,chubby,lr,7,0.5889407061958695,-0.024206084832334107,,
smiling,0.83003663003663,0.9390720390720392,single,chubby,lr,7,0.83003663003663,0.0,,
straight_hair,0.45821661998132585,0.4822595704948646,single,chubby,lr,7,0.4561157796451914,0.0021008403361344463,,
wavy_hair,0.6076329331046312,0.5843696397941681,single,chubby,lr,7,0.6076329331046312,0.0,,
wearing_earrings,0.686163299066525,0.7733664185277089,single,chubby,lr,7,0.7058962542833511,-0.019732955216826165,,
wearing_hat,0.8706687730384413,0.9151132174828858,single,chubby,lr,7,0.8706687730384413,0.0,,
wearing_lipstick,0.4608322026232474,0.45671641791044776,single,chubby,lr,7,0.45585707824513794,0.004975124378109486,,
wearing_necklace,0.5801418439716312,0.6642350557244174,single,chubby,lr,7,0.6082066869300912,-0.028064842958460012,,
wearing_necktie,0.6201602136181575,0.6338451268357811,single,chubby,lr,7,0.6297285269247885,-0.009568313306630993,,
young,0.8528836754643205,0.9236925708699902,single,chubby,lr,7,0.8528836754643205,0.0,,
5_o_clock_shadow,0.5462121212121211,0.5584595959595959,single,chubby,lr,8,0.543939393939394,0.002272727272727204,,
arched_eyebrows,0.5739590756388069,0.5998167565916727,single,chubby,lr,8,0.5739590756388069,0.0,,
attractive,0.5056326187473729,0.5501471206389239,single,chubby,lr,8,0.5056326187473729,0.0,,
bags_under_eyes,0.4892045454545455,0.43203125,single,chubby,lr,8,0.49261363636363636,-0.0034090909090908617,,
bald,0.6784587193321796,0.789371882317011,single,chubby,lr,8,0.6784587193321796,0.0,,
bangs,0.7819345311346295,0.8825990647304948,single,chubby,lr,8,0.7819345311346295,0.0,,
big_lips,0.5038260169150222,0.4889246878775675,single,chubby,lr,8,0.5038260169150222,0.0,,
big_nose,0.5979064039408867,0.6475369458128079,single,chubby,lr,8,0.5979064039408867,0.0,,
black_hair,0.7473958333333333,0.8750813802083334,single,chubby,lr,8,0.7421875,0.005208333333333259,,
blond_hair,0.8931823775535319,0.9360078759537288,single,chubby,lr,8,0.8910903273443269,0.0020920502092049986,,
blurry,0.6174863387978142,0.6359289617486339,single,chubby,lr,8,0.6174863387978142,0.0,,
brown_hair,0.6701680672268908,0.8221288515406163,single,chubby,lr,8,0.6596638655462185,0.010504201680672343,,
bushy_eyebrows,0.5298092209856916,0.5116587175410705,single,chubby,lr,8,0.5298092209856916,0.0,,
chubby,0.65625,0.76898193359375,single,chubby,lr,8,0.65625,0.0,,
double_chin,0.6132246376811594,0.7028230676328503,single,chubby,lr,8,0.6105072463768115,0.0027173913043478937,,
eyeglasses,0.8961312797946461,0.9592042537587092,single,chubby,lr,8,0.8911807847451412,0.004950495049504955,,
goatee,0.6171717171717171,0.7390151515151515,single,chubby,lr,8,0.6265151515151515,-0.00934343434343432,,
gray_hair,0.7760573476702508,0.895483870967742,single,chubby,lr,8,0.7805017921146953,-0.004444444444444473,,
heavy_makeup,0.5467728001974577,0.6095273355547328,single,chubby,lr,8,0.5444896951746266,0.0022831050228310223,,
high_cheekbones,0.470935960591133,0.4020320197044335,single,chubby,lr,8,0.4745073891625616,-0.0035714285714285587,,
male,0.981283422459893,0.9769820971867007,single,chubby,lr,8,0.981283422459893,0.0,,
mouth_slightly_open,0.5026870229007634,0.47572519083969467,single,chubby,lr,8,0.4988702290076336,0.0038167938931297773,,
mustache,0.7297599587025725,0.8294760388884109,single,chubby,lr,8,0.735696463907769,-0.005936505205196507,,
narrow_eyes,0.608927381745503,0.6147013102376193,single,chubby,lr,8,0.608927381745503,0.0,,
no_beard,0.5394068069227305,0.5669433185356753,single,chubby,lr,8,0.5362220935469343,0.0031847133757961776,,
oval_face,0.5045817570407735,0.49356872635561155,single,chubby,lr,8,0.5045817570407735,0.0,,
pale_skin,0.6195121951219512,0.7971544715447155,single,chubby,lr,8,0.6195121951219512,0.0,,
pointy_nose,0.5224747474747475,0.4911616161616162,single,chubby,lr,8,0.5202020202020202,0.002272727272727315,,
receding_hairline,0.49663724253888186,0.5397225725094578,single,chubby,lr,8,0.49663724253888186,0.0,,
rosy_cheeks,0.6566951566951567,0.7597340930674265,single,chubby,lr,8,0.6566951566951567,0.0,,
sideburns,0.5910504108372197,0.6149233844103931,single,chubby,lr,8,0.5889407061958695,0.002109704641350185,,
smiling,0.83003663003663,0.9381562881562882,single,chubby,lr,8,0.83003663003663,0.0,,
straight_hair,0.4561157796451914,0.48155929038281975,single,chubby,lr,8,0.4561157796451914,0.0,,
wavy_hair,0.6076329331046312,0.5858704974271012,single,chubby,lr,8,0.6076329331046312,0.0,,
wearing_earrings,0.6884674465319627,0.7749025168380007,single,chubby,lr,8,0.7058962542833511,-0.017428807751388442,,
wearing_hat,0.8706687730384413,0.9138493944181147,single,chubby,lr,8,0.8706687730384413,0.0,,
wearing_lipstick,0.45834464043419265,0.45327905924920847,single,chubby,lr,8,0.45585707824513794,0.002487562189054715,,
wearing_necklace,0.5648429584599797,0.662613981762918,single,chubby,lr,8,0.6082066869300912,-0.043363728470111496,,
wearing_necktie,0.6344014241210503,0.6345126835781042,single,chubby,lr,8,0.6297285269247885,0.004672897196261738,,
young,0.8566715542521994,0.9232649071358748,single,chubby,lr,8,0.8528836754643205,0.0037878787878788955,,
5_o_clock_shadow,0.5345959595959596,0.5614898989898989,single,chubby,lr,9,0.543939393939394,-0.00934343434343432,,
arched_eyebrows,0.5739590756388069,0.5975771149343378,single,chubby,lr,9,0.5739590756388069,0.0,,
attractive,0.5056326187473729,0.5493064312736444,single,chubby,lr,9,0.5056326187473729,0.0,,
bags_under_eyes,0.5017045454545455,0.43096590909090915,single,chubby,lr,9,0.49261363636363636,0.009090909090909094,,
bald,0.6678204214598391,0.7890664766364655,single,chubby,lr,9,0.6784587193321796,-0.010638297872340496,,
bangs,0.7819345311346295,0.8821068176224465,single,chubby,lr,9,0.7819345311346295,0.0,,
big_lips,0.5012082158679018,0.486508256141764,single,chubby,lr,9,0.5038260169150222,-0.002617801047120394,,
big_nose,0.5979064039408867,0.6502463054187192,single,chubby,lr,9,0.5979064039408867,0.0,,
black_hair,0.7473958333333333,0.8737792968750001,single,chubby,lr,9,0.7421875,0.005208333333333259,,
blond_hair,0.8931823775535319,0.9355156288456805,single,chubby,lr,9,0.8910903273443269,0.0020920502092049986,,
blurry,0.6154371584699454,0.6431010928961749,single,chubby,lr,9,0.6174863387978142,-0.002049180327868827,,
brown_hair,0.6617647058823529,0.8200280112044818,single,chubby,lr,9,0.6596638655462185,0.0021008403361344463,,
bushy_eyebrows,0.5320614732379438,0.5162957074721781,single,chubby,lr,9,0.5298092209856916,0.0022522522522522292,,
chubby,0.66015625,0.76806640625,single,chubby,lr,9,0.65625,0.00390625,,
double_chin,0.6132246376811594,0.7038798309178744,single,chubby,lr,9,0.6105072463768115,0.0027173913043478937,,
eyeglasses,0.8961312797946461,0.9574624129079575,single,chubby,lr,9,0.8911807847451412,0.004950495049504955,,
goatee,0.61489898989899,0.7364898989898989,single,chubby,lr,9,0.6265151515151515,-0.011616161616161524,,
gray_hair,0.7738351254480287,0.8963440860215053,single,chubby,lr,9,0.7805017921146953,-0.006666666666666599,,
heavy_makeup,0.5467728001974577,0.6116253239540911,single,chubby,lr,9,0.5444896951746266,0.0022831050228310223,,
high_cheekbones,0.470935960591133,0.40227832512315276,single,chubby,lr,9,0.4745073891625616,-0.0035714285714285587,,
male,0.981283422459893,0.9772921026117957,single,chubby,lr,9,0.981283422459893,0.0,,
mouth_slightly_open,0.4946870229007634,0.4718778625954198,single,chubby,lr,9,0.4988702290076336,-0.00418320610687023,,
mustache,0.7322980297685624,0.8301643293469844,single,chubby,lr,9,0.735696463907769,-0.0033984341392065964,,
narrow_eyes,0.6131467910282034,0.6171441261381302,single,chubby,lr,9,0.608927381745503,0.00421940928270037,,
no_beard,0.5425915202985266,0.5655278903686547,single,chubby,lr,9,0.5362220935469343,0.006369426751592355,,
oval_face,0.5045817570407735,0.49306431273644397,single,chubby,lr,9,0.5045817570407735,0.0,,
pale_skin,0.6195121951219512,0.8028455284552846,single,chubby,lr,9,0.6195121951219512,0.0,,
pointy_nose,0.5179292929292929,0.49090909090909096,single,chubby,lr,9,0.5202020202020202,-0.002272727272727315,,
receding_hairline,0.4992013451029844,0.5373686422866751,single,chubby,lr,9,0.49663724253888186,0.002564102564102555,,
rosy_cheeks,0.6566951566951567,0.7635327635327637,single,chubby,lr,9,0.6566951566951567,0.0,,
sideburns,0.5668443260048857,0.6129247168554296,single,chubby,lr,9,0.5889407061958695,-0.02209638019098381,,
smiling,0.8377289377289376,0.9384615384615386,single,chubby,lr,9,0.83003663003663,0.007692307692307665,,
straight_hair,0.45821661998132585,0.48155929038281975,single,chubby,lr,9,0.4561157796451914,0.0021008403361344463,,
wavy_hair,0.6076329331046312,0.584155231560892,single,chubby,lr,9,0.6076329331046312,0.0,,
wearing_earrings,0.6825593761077632,0.7695852534562211,single,chubby,lr,9,0.7058962542833511,-0.02333687817558794,,
wearing_hat,0.8706687730384413,0.913638757240653,single,chubby,lr,9,0.8706687730384413,0.0,,
wearing_lipstick,0.4608322026232474,0.4526458616010855,single,chubby,lr,9,0.45585707824513794,0.004975124378109486,,
wearing_necklace,0.5563323201621074,0.6620060790273556,single,chubby,lr,9,0.6082066869300912,-0.05187436676798374,,
wearing_necktie,0.6203827325322653,0.6410769915442813,single,chubby,lr,9,0.6297285269247885,-0.009345794392523255,,
young,0.8528836754643205,0.923631476050831,single,chubby,lr,9,0.8528836754643205,0.0,,
5_o_clock_shadow,0.5277777777777778,0.5592171717171717,single,chubby,lr,10,0.543939393939394,-0.016161616161616155,,
arched_eyebrows,0.5739590756388069,0.6020563982490074,single,chubby,lr,10,0.5739590756388069,0.0,,
attractive,0.5056326187473729,0.5502311895754519,single,chubby,lr,10,0.5056326187473729,0.0,,
bags_under_eyes,0.4954545454545455,0.43409090909090914,single,chubby,lr,10,0.49261363636363636,0.002840909090909116,,
bald,0.6678204214598391,0.7894736842105262,single,chubby,lr,10,0.6784587193321796,-0.010638297872340496,,
bangs,0.7819345311346295,0.8818606940684224,single,chubby,lr,10,0.7819345311346295,0.0,,
big_lips,0.5012082158679018,0.48836085380588,single,chubby,lr,10,0.5038260169150222,-0.002617801047120394,,
big_nose,0.5979064039408867,0.6478448275862069,single,chubby,lr,10,0.5979064039408867,0.0,,
black_hair,0.75,0.8751627604166667,single,chubby,lr,10,0.7421875,0.0078125,,
blond_hair,0.8931823775535319,0.9367462466158012,single,chubby,lr,10,0.8910903273443269,0.0020920502092049986,,
blurry,0.619535519125683,0.6328551912568305,single,chubby,lr,10,0.6174863387978142,0.002049180327868827,,
brown_hair,0.6617647058823529,0.8202614379084967,single,chubby,lr,10,0.6596638655462185,0.0021008403361344463,,
bushy_eyebrows,0.5298092209856916,0.5120561738208798,single,chubby,lr,10,0.5298092209856916,0.0,,
chubby,0.65625,0.7684326171875,single,chubby,lr,10,0.65625,0.0,,
double_chin,0.6132246376811594,0.7016908212560387,single,chubby,lr,10,0.6105072463768115,0.0027173913043478937,,
eyeglasses,0.8887055372203887,0.9584708470847084,single,chubby,lr,10,0.8911807847451412,-0.0024752475247524774,,
goatee,0.6126262626262626,0.7376262626262625,single,chubby,lr,10,0.6265151515151515,-0.01388888888888884,,
gray_hair,0.7805017921146953,0.8959139784946237,single,chubby,lr,10,0.7805017921146953,0.0,,
heavy_makeup,0.5490559052202888,0.6105146242132544,single,chubby,lr,10,0.5444896951746266,0.004566210045662156,,
high_cheekbones,0.470935960591133,0.4015394088669951,single,chubby,lr,10,0.4745073891625616,-0.0035714285714285587,,
male,0.981283422459893,0.9770595985429744,single,chubby,lr,10,0.981283422459893,0.0,,
mouth_slightly_open,0.4948702290076336,0.47273282442748094,single,chubby,lr,10,0.4988702290076336,-0.0040000000000000036,,
mustache,0.7272218876365826,0.829734147810376,single,chubby,lr,10,0.735696463907769,-0.008474576271186418,,
narrow_eyes,0.6110370863868532,0.6140350877192983,single,chubby,lr,10,0.608927381745503,0.002109704641350185,,
no_beard,0.5375410152480217,0.5650775268609664,single,chubby,lr,10,0.5362220935469343,0.0013189217010873833,,
oval_face,0.5045817570407735,0.4922236233711644,single,chubby,lr,10,0.5045817570407735,0.0,,
pale_skin,0.6195121951219512,0.798780487804878,single,chubby,lr,10,0.6195121951219512,0.0,,
pointy_nose,0.5156565656565657,0.48989898989898994,single,chubby,lr,10,0.5202020202020202,-0.004545454545454519,,
receding_hairline,0.49663724253888186,0.5384615384615385,single,chubby,lr,10,0.49663724253888186,0.0,,
rosy_cheeks,0.6566951566951567,0.7597340930674263,single,chubby,lr,10,0.6566951566951567,0.0,,
sideburns,0.5910504108372197,0.6147013102376194,single,chubby,lr,10,0.5889407061958695,0.002109704641350185,,
smiling,0.8338827838827838,0.939010989010989,single,chubby,lr,10,0.83003663003663,0.0038461538461538325,,
straight_hair,0.45401493930905695,0.48295985060690944,single,chubby,lr,10,0.4561157796451914,-0.0021008403361344463,,
wavy_hair,0.6076329331046312,0.5853344768439107,single,chubby,lr,10,0.6076329331046312,0.0,,
wearing_earrings,0.6884674465319627,0.7738390641616448,single,chubby,lr,10,0.7058962542833511,-0.017428807751388442,,
wearing_hat,0.8706687730384413,0.9140600315955767,single,chubby,lr,10,0.8706687730384413,0.0,,
wearing_lipstick,0.45834464043419265,0.4506558118498417,single,chubby,lr,10,0.45585707824513794,0.002487562189054715,,
wearing_necklace,0.6060790273556231,0.6605876393110436,single,chubby,lr,10,0.6082066869300912,-0.0021276595744680327,,
wearing_necktie,0.6154873164218958,0.6416332888295505,single,chubby,lr,10,0.6297285269247885,-0.014241210502892732,,
young,0.8490957966764419,0.9229594330400782,single,chubby,lr,10,0.8528836754643205,-0.0037878787878786735,,
5_o_clock_shadow,0.543939393939394,0.5589646464646465,single,chubby,lr,11,0.543939393939394,0.0,,
arched_eyebrows,0.5739590756388069,0.6002239641657334,single,chubby,lr,11,0.5739590756388069,0.0,,
attractive,0.5056326187473729,0.5503152585119798,single,chubby,lr,11,0.5056326187473729,0.0,,
bags_under_eyes,0.49261363636363636,0.43593750000000003,single,chubby,lr,11,0.49261363636363636,0.0,,
bald,0.6678204214598391,0.7907971088262241,single,chubby,lr,11,0.6784587193321796,-0.010638297872340496,,
bangs,0.7819345311346295,0.8835835589465911,single,chubby,lr,11,0.7819345311346295,0.0,,
big_lips,0.5038260169150222,0.4886830447039871,single,chubby,lr,11,0.5038260169150222,0.0,,
big_nose,0.5979064039408867,0.6479064039408867,single,chubby,lr,11,0.5979064039408867,0.0,,
black_hair,0.7421875,0.874755859375,single,chubby,lr,11,0.7421875,0.0,,
blond_hair,0.8910903273443269,0.9372384937238493,single,chubby,lr,11,0.8910903273443269,0.0,,
blurry,0.6215846994535519,0.633025956284153,single,chubby,lr,11,0.6174863387978142,0.004098360655737654,,
brown_hair,0.6617647058823529,0.8216619981325863,single,chubby,lr,11,0.6596638655462185,0.0021008403361344463,,
bushy_eyebrows,0.5298092209856916,0.5112612612612613,single,chubby,lr,11,0.5298092209856916,0.0,,
chubby,0.65625,0.7689208984375,single,chubby,lr,11,0.65625,0.0,,
double_chin,0.6105072463768115,0.7036533816425121,single,chubby,lr,11,0.6105072463768115,0.0,,
eyeglasses,0.8911807847451412,0.958929226255959,single,chubby,lr,11,0.8911807847451412,0.0,,
goatee,0.6265151515151515,0.7400252525252525,single,chubby,lr,11,0.6265151515151515,0.0,,
gray_hair,0.7805017921146953,0.8972043010752688,single,chubby,lr,11,0.7805017921146953,0.0,,
heavy_makeup,0.5467728001974577,0.6116253239540911,single,chubby,lr,11,0.5444896951746266,0.0022831050228310223,,
high_cheekbones,0.470935960591133,0.4023399014778325,single,chubby,lr,11,0.4745073891625616,-0.0035714285714285587,,
male,0.981283422459893,0.9769820971867007,single,chubby,lr,11,0.981283422459893,0.0,,
mouth_slightly_open,0.4948702290076336,0.4740763358778626,single,chubby,lr,11,0.4988702290076336,-0.0040000000000000036,,
mustache,0.735696463907769,0.8277553127419772,single,chubby,lr,11,0.735696463907769,0.0,,
narrow_eyes,0.608927381745503,0.6144792360648456,single,chubby,lr,11,0.608927381745503,0.0,,
no_beard,0.5394068069227305,0.5653348774367882,single,chubby,lr,11,0.5362220935469343,0.0031847133757961776,,
oval_face,0.5045817570407735,0.4944934846574191,single,chubby,lr,11,0.5045817570407735,0.0,,
pale_skin,0.6195121951219512,0.7991869918699187,single,chubby,lr,11,0.6195121951219512,0.0,,
pointy_nose,0.5156565656565657,0.48977272727272725,single,chubby,lr,11,0.5202020202020202,-0.004545454545454519,,
receding_hairline,0.4992013451029844,0.5392181588902899,single,chubby,lr,11,0.49663724253888186,0.002564102564102555,,
rosy_cheeks,0.6566951566951567,0.7575182019626464,single,chubby,lr,11,0.6566951566951567,0.0,,
sideburns,0.5868310015545193,0.6149233844103931,single,chubby,lr,11,0.5889407061958695,-0.002109704641350185,,
smiling,0.8338827838827838,0.9392551892551892,single,chubby,lr,11,0.83003663003663,0.0038461538461538325,,
straight_hair,0.45821661998132585,0.48062558356676005,single,chubby,lr,11,0.4561157796451914,0.0021008403361344463,,
wavy_hair,0.6076329331046312,0.5850128644939965,single,chubby,lr,11,0.6076329331046312,0.0,,
wearing_earrings,0.7058962542833511,0.772775611485289,single,chubby,lr,11,0.7058962542833511,0.0,,
wearing_hat,0.8706687730384413,0.9139547130068457,single,chubby,lr,11,0.8706687730384413,0.0,,
wearing_lipstick,0.45585707824513794,0.4546359113523293,single,chubby,lr,11,0.45585707824513794,0.0,,
wearing_necklace,0.601823708206687,0.6597771023302939,single,chubby,lr,11,0.6082066869300912,-0.006382978723404209,,
wearing_necktie,0.6273920783266578,0.6448598130841121,single,chubby,lr,11,0.6297285269247885,-0.002336448598130758,,
young,0.8490957966764419,0.9227150537634409,single,chubby,lr,11,0.8528836754643205,-0.0037878787878786735,,
5_o_clock_shadow,0.5416666666666667,0.5601010101010101,single,chubby,lr,12,0.543939393939394,-0.002272727272727204,,
arched_eyebrows,0.5739590756388069,0.6005293698462791,single,chubby,lr,12,0.5739590756388069,0.0,,
attractive,0.5056326187473729,0.5493064312736444,single,chubby,lr,12,0.5056326187473729,0.0,,
bags_under_eyes,0.4954545454545455,0.4370738636363637,single,chubby,lr,12,0.49261363636363636,0.002840909090909116,,
bald,0.6784587193321796,0.7907971088262241,single,chubby,lr,12,0.6784587193321796,0.0,,
bangs,0.7819345311346295,0.883091311838543,single,chubby,lr,12,0.7819345311346295,0.0,,
big_lips,0.5038260169150222,0.4879581151832461,single,chubby,lr,12,0.5038260169150222,0.0,,
big_nose,0.5979064039408867,0.6470443349753694,single,chubby,lr,12,0.5979064039408867,0.0,,
black_hair,0.7421875,0.874267578125,single,chubby,lr,12,0.7421875,0.0,,
blond_hair,0.8910903273443269,0.9369923701698253,single,chubby,lr,12,0.8910903273443269,0.0,,
blurry,0.6154371584699454,0.6306352459016393,single,chubby,lr,12,0.6174863387978142,-0.002049180327868827,,
brown_hair,0.6617647058823529,0.8183940242763772,single,chubby,lr,12,0.6596638655462185,0.0021008403361344463,,
bushy_eyebrows,0.5298092209856916,0.5103338632750397,single,chubby,lr,12,0.5298092209856916,0.0,,
chubby,0.66015625,0.76800537109375,single,chubby,lr,12,0.65625,0.00390625,,
double_chin,0.6105072463768115,0.7020682367149759,single,chubby,lr,12,0.6105072463768115,0.0,,
eyeglasses,0.8911807847451412,0.9590209020902091,single,chubby,lr,12,0.8911807847451412,0.0,,
goatee,0.6196969696969697,0.7414141414141414,single,chubby,lr,12,0.6265151515151515,-0.006818181818181723,,
gray_hair,0.7827240143369176,0.8969175627240142,single,chubby,lr,12,0.7805017921146953,0.0022222222222223476,,
heavy_makeup,0.5490559052202888,0.6105146242132544,single,chubby,lr,12,0.5444896951746266,0.004566210045662156,,
high_cheekbones,0.4745073891625616,0.40252463054187193,single,chubby,lr,12,0.4745073891625616,0.0,,
male,0.981283422459893,0.9770595985429745,single,chubby,lr,12,0.981283422459893,0.0,,
mouth_slightly_open,0.4948702290076336,0.4735267175572519,single,chubby,lr,12,0.4988702290076336,-0.0040000000000000036,,
mustache,0.7272218876365826,0.8276692764346555,single,chubby,lr,12,0.735696463907769,-0.008474576271186418,,
narrow_eyes,0.6068176771041528,0.6133688652009771,single,chubby,lr,12,0.608927381745503,-0.002109704641350185,,
no_beard,0.5362220935469343,0.5655278903686547,single,chubby,lr,12,0.5362220935469343,0.0,,
oval_face,0.507145859604876,0.49348465741908365,single,chubby,lr,12,0.5045817570407735,0.002564102564102555,,
pale_skin,0.6195121951219512,0.7987804878048781,single,chubby,lr,12,0.6195121951219512,0.0,,
pointy_nose,0.5133838383838384,0.48813131313131314,single,chubby,lr,12,0.5202020202020202,-0.006818181818181834,,
receding_hairline,0.4992013451029844,0.5408995376208491,single,chubby,lr,12,0.49663724253888186,0.002564102564102555,,
rosy_cheeks,0.6566951566951567,0.7578347578347577,single,chubby,lr,12,0.6566951566951567,0.0,,
sideburns,0.584721296913169,0.6142571618920719,single,chubby,lr,12,0.5889407061958695,-0.0042194092827004814,,
smiling,0.8338827838827838,0.9390720390720391,single,chubby,lr,12,0.83003663003663,0.0038461538461538325,,
straight_hair,0.45821661998132585,0.48132586367880487,single,chubby,lr,12,0.4561157796451914,0.0021008403361344463,,
wavy_hair,0.6076329331046312,0.5859777015437393,single,chubby,lr,12,0.6076329331046312,0.0,,
wearing_earrings,0.7082004017487888,0.7738390641616447,single,chubby,lr,12,0.7058962542833511,0.0023041474654377225,,
wearing_hat,0.8706687730384413,0.9142706687730384,single,chubby,lr,12,0.8706687730384413,0.0,,
wearing_lipstick,0.45834464043419265,0.45400271370420625,single,chubby,lr,12,0.45585707824513794,0.002487562189054715,,
wearing_necklace,0.5801418439716312,0.6601823708206687,single,chubby,lr,12,0.6082066869300912,-0.028064842958460012,,
wearing_necktie,0.6250556297285269,0.6424121050289274,single,chubby,lr,12,0.6297285269247885,-0.004672897196261627,,
young,0.8490957966764419,0.9218597262952101,single,chubby,lr,12,0.8528836754643205,-0.0037878787878786735,,
5_o_clock_shadow,0.5416666666666667,0.5585858585858585,single,chubby,lr,13,0.543939393939394,-0.002272727272727204,,
arched_eyebrows,0.5763514201364146,0.6024636058230683,single,chubby,lr,13,0.5739590756388069,0.0023923444976077235,,
attractive,0.5056326187473729,0.5462799495586381,single,chubby,lr,13,0.5056326187473729,0.0,,
bags_under_eyes,0.4954545454545455,0.4352272727272728,single,chubby,lr,13,0.49261363636363636,0.002840909090909116,,
bald,0.6678204214598391,0.7914079201873154,single,chubby,lr,13,0.6784587193321796,-0.010638297872340496,,
bangs,0.7819345311346295,0.8828451882845189,single,chubby,lr,13,0.7819345311346295,0.0,,
big_lips,0.5038260169150222,0.4869109947643979,single,chubby,lr,13,0.5038260169150222,0.0,,
big_nose,0.5979064039408867,0.6464901477832513,single,chubby,lr,13,0.5979064039408867,0.0,,
black_hair,0.7421875,0.8739420572916666,single,chubby,lr,13,0.7421875,0.0,,
blond_hair,0.8931823775535319,0.9369923701698253,single,chubby,lr,13,0.8910903273443269,0.0020920502092049986,,
blurry,0.619535519125683,0.6294398907103825,single,chubby,lr,13,0.6174863387978142,0.002049180327868827,,
brown_hair,0.6617647058823529,0.8211951447245565,single,chubby,lr,13,0.6596638655462185,0.0021008403361344463,,
bushy_eyebrows,0.5298092209856916,0.5098039215686274,single,chubby,lr,13,0.5298092209856916,0.0,,
chubby,0.65625,0.76885986328125,single,chubby,lr,13,0.65625,0.0,,
double_chin,0.6105072463768115,0.7024456521739131,single,chubby,lr,13,0.6105072463768115,0.0,,
eyeglasses,0.8911807847451412,0.9581958195819582,single,chubby,lr,13,0.8911807847451412,0.0,,
goatee,0.621969696969697,0.7407828282828283,single,chubby,lr,13,0.6265151515151515,-0.004545454545454519,,
gray_hair,0.7805017921146953,0.8962007168458781,single,chubby,lr,13,0.7805017921146953,0.0,,
heavy_makeup,0.5490559052202888,0.6124892015302975,single,chubby,lr,13,0.5444896951746266,0.004566210045662156,,
high_cheekbones,0.4745073891625616,0.4023399014778325,single,chubby,lr,13,0.4745073891625616,0.0,,
male,0.981283422459893,0.9770595985429744,single,chubby,lr,13,0.981283422459893,0.0,,
mouth_slightly_open,0.4908702290076336,0.4745648854961832,single,chubby,lr,13,0.4988702290076336,-0.008000000000000007,,
mustache,0.735696463907769,0.8281854942785855,single,chubby,lr,13,0.735696463907769,0.0,,
narrow_eyes,0.6068176771041528,0.613368865200977,single,chubby,lr,13,0.608927381745503,-0.002109704641350185,,
no_beard,0.5394068069227305,0.5652705397928328,single,chubby,lr,13,0.5362220935469343,0.0031847133757961776,,
oval_face,0.507145859604876,0.49373686422866747,single,chubby,lr,13,0.5045817570407735,0.002564102564102555,,
pale_skin,0.6195121951219512,0.7955284552845528,single,chubby,lr,13,0.6195121951219512,0.0,,
pointy_nose,0.5133838383838384,0.48863636363636365,single,chubby,lr,13,0.5202020202020202,-0.006818181818181834,,
receding_hairline,0.49663724253888186,0.5401429171920975,single,chubby,lr,13,0.49663724253888186,0.0,,
rosy_cheeks,0.6566951566951567,0.757201646090535,single,chubby,lr,13,0.6566951566951567,0.0,,
sideburns,0.5868310015545193,0.6158116811014879,single,chubby,lr,13,0.5889407061958695,-0.002109704641350185,,
smiling,0.83003663003663,0.9391330891330891,single,chubby,lr,13,0.83003663003663,0.0,,
straight_hair,0.4859943977591036,0.48109243697478987,single,chubby,lr,13,0.4561157796451914,0.02987861811391218,,
wavy_hair,0.6076329331046312,0.5851200686106347,single,chubby,lr,13,0.6076329331046312,0.0,,
wearing_earrings,0.7082004017487888,0.7745480326125487,single,chubby,lr,13,0.7058962542833511,0.0023041474654377225,,
wearing_hat,0.8706687730384413,0.9138493944181147,single,chubby,lr,13,0.8706687730384413,0.0,,
wearing_lipstick,0.45834464043419265,0.45400271370420625,single,chubby,lr,13,0.45585707824513794,0.002487562189054715,,
wearing_necklace,0.6060790273556231,0.6611955420466059,single,chubby,lr,13,0.6082066869300912,-0.0021276595744680327,,
wearing_necktie,0.6250556297285269,0.639074321317312,single,chubby,lr,13,0.6297285269247885,-0.004672897196261627,,
young,0.8490957966764419,0.9219208211143696,single,chubby,lr,13,0.8528836754643205,-0.0037878787878786735,,
5_o_clock_shadow,0.543939393939394,0.5592171717171717,single,chubby,lr,14,0.543939393939394,0.0,,
arched_eyebrows,0.5763514201364146,0.6025654077165835,single,chubby,lr,14,0.5739590756388069,0.0023923444976077235,,
attractive,0.5056326187473729,0.5456914670029425,single,chubby,lr,14,0.5056326187473729,0.0,,
bags_under_eyes,0.4954545454545455,0.43544034090909095,single,chubby,lr,14,0.49261363636363636,0.002840909090909116,,
bald,0.6678204214598391,0.7912043164002851,single,chubby,lr,14,0.6784587193321796,-0.010638297872340496,,
bangs,0.7819345311346295,0.8818606940684224,single,chubby,lr,14,0.7819345311346295,0.0,,
big_lips,0.5038260169150222,0.48666935159081753,single,chubby,lr,14,0.5038260169150222,0.0,,
big_nose,0.5979064039408867,0.6471059113300492,single,chubby,lr,14,0.5979064039408867,0.0,,
black_hair,0.7421875,0.875,single,chubby,lr,14,0.7421875,0.0,,
blond_hair,0.8931823775535319,0.9365001230617771,single,chubby,lr,14,0.8910903273443269,0.0020920502092049986,,
blurry,0.619535519125683,0.6342213114754098,single,chubby,lr,14,0.6174863387978142,0.002049180327868827,,
brown_hair,0.6617647058823529,0.8195611577964519,single,chubby,lr,14,0.6596638655462185,0.0021008403361344463,,
bushy_eyebrows,0.5298092209856916,0.5094064652888182,single,chubby,lr,14,0.5298092209856916,0.0,,
chubby,0.66015625,0.76910400390625,single,chubby,lr,14,0.65625,0.00390625,,
double_chin,0.6105072463768115,0.7025211352657005,single,chubby,lr,14,0.6105072463768115,0.0,,
eyeglasses,0.8911807847451412,0.9581958195819583,single,chubby,lr,14,0.8911807847451412,0.0,,
goatee,0.6196969696969697,0.7406565656565657,single,chubby,lr,14,0.6265151515151515,-0.006818181818181723,,
gray_hair,0.7827240143369176,0.8966308243727598,single,chubby,lr,14,0.7805017921146953,0.0022222222222223476,,
heavy_makeup,0.5467728001974577,0.612859434777243,single,chubby,lr,14,0.5444896951746266,0.0022831050228310223,,
high_cheekbones,0.4745073891625616,0.40113916256157633,single,chubby,lr,14,0.4745073891625616,0.0,,
male,0.981283422459893,0.9769820971867007,single,chubby,lr,14,0.981283422459893,0.0,,
mouth_slightly_open,0.4988702290076336,0.47364885496183207,single,chubby,lr,14,0.4988702290076336,0.0,,
mustache,0.7272218876365826,0.8288737847371591,single,chubby,lr,14,0.735696463907769,-0.008474576271186418,,
narrow_eyes,0.608927381745503,0.6140350877192982,single,chubby,lr,14,0.608927381745503,0.0,,
no_beard,0.5362220935469343,0.5653348774367882,single,chubby,lr,14,0.5362220935469343,0.0,,
oval_face,0.507145859604876,0.49398907103825135,single,chubby,lr,14,0.5045817570407735,0.002564102564102555,,
pale_skin,0.6195121951219512,0.7975609756097561,single,chubby,lr,14,0.6195121951219512,0.0,,
pointy_nose,0.5111111111111111,0.48863636363636365,single,chubby,lr,14,0.5202020202020202,-0.00909090909090915,,
receding_hairline,0.4992013451029844,0.5408154686843212,single,chubby,lr,14,0.49663724253888186,0.002564102564102555,,
rosy_cheeks,0.6566951566951567,0.7578347578347578,single,chubby,lr,14,0.6566951566951567,0.0,,
sideburns,0.584721296913169,0.6166999777925828,single,chubby,lr,14,0.5889407061958695,-0.0042194092827004814,,
smiling,0.83003663003663,0.938888888888889,single,chubby,lr,14,0.83003663003663,0.0,,
straight_hair,0.45821661998132585,0.4827264239028945,single,chubby,lr,14,0.4561157796451914,0.0021008403361344463,,
wavy_hair,0.6076329331046312,0.582975986277873,single,chubby,lr,14,0.6076329331046312,0.0,,
wearing_earrings,0.7058962542833511,0.7734845799361928,single,chubby,lr,14,0.7058962542833511,0.0,,
wearing_hat,0.8706687730384413,0.9133228014744603,single,chubby,lr,14,0.8706687730384413,0.0,,
wearing_lipstick,0.45585707824513794,0.4519222071460877,single,chubby,lr,14,0.45585707824513794,0.0,,
wearing_necklace,0.5584599797365755,0.6618034447821681,single,chubby,lr,14,0.6082066869300912,-0.049746707193515705,,
wearing_necktie,0.6250556297285269,0.6366266132621272,single,chubby,lr,14,0.6297285269247885,-0.004672897196261627,,
young,0.8490957966764419,0.9219208211143696,single,chubby,lr,14,0.8528836754643205,-0.0037878787878786735,,
5_o_clock_shadow,0.5300505050505051,0.5592171717171717,single,chubby,lr,15,0.543939393939394,-0.01388888888888884,,
arched_eyebrows,0.5739590756388069,0.6050086531609489,single,chubby,lr,15,0.5739590756388069,0.0,,
attractive,0.5056326187473729,0.5433375367801597,single,chubby,lr,15,0.5056326187473729,0.0,,
bags_under_eyes,0.4892045454545455,0.4362926136363637,single,chubby,lr,15,0.49261363636363636,-0.0034090909090908617,,
bald,0.6678204214598391,0.7916115239743459,single,chubby,lr,15,0.6784587193321796,-0.010638297872340496,,
bangs,0.7861186315530396,0.8818606940684224,single,chubby,lr,15,0.7819345311346295,0.004184100418410108,,
big_lips,0.5038260169150222,0.4842529198550142,single,chubby,lr,15,0.5038260169150222,0.0,,
big_nose,0.5979064039408867,0.6446428571428571,single,chubby,lr,15,0.5979064039408867,0.0,,
black_hair,0.7552083333333333,0.8758138020833334,single,chubby,lr,15,0.7421875,0.01302083333333326,,
blond_hair,0.8910903273443269,0.9374846172778735,single,chubby,lr,15,0.8910903273443269,0.0,,
blurry,0.6174863387978142,0.6431010928961749,single,chubby,lr,15,0.6174863387978142,0.0,,
brown_hair,0.6617647058823529,0.8155929038281979,single,chubby,lr,15,0.6596638655462185,0.0021008403361344463,,
bushy_eyebrows,0.5263645998940116,0.5068892421833597,single,chubby,lr,15,0.5298092209856916,-0.003444621091679978,,
chubby,0.66015625,0.76751708984375,single,chubby,lr,15,0.65625,0.00390625,,
double_chin,0.6105072463768115,0.7028230676328501,single,chubby,lr,15,0.6105072463768115,0.0,,
eyeglasses,0.8911807847451412,0.957920792079208,single,chubby,lr,15,0.8911807847451412,0.0,,
goatee,0.61489898989899,0.7371212121212122,single,chubby,lr,15,0.6265151515151515,-0.011616161616161524,,
gray_hair,0.7827240143369176,0.8969175627240144,single,chubby,lr,15,0.7805017921146953,0.0022222222222223476,,
heavy_makeup,0.5513390102431198,0.6101443909663088,single,chubby,lr,15,0.5444896951746266,0.006849315068493178,,
high_cheekbones,0.4701970443349754,0.40116995073891626,single,chubby,lr,15,0.4745073891625616,-0.004310344827586188,,
male,0.981283422459893,0.9770595985429744,single,chubby,lr,15,0.981283422459893,0.0,,
mouth_slightly_open,0.4948702290076336,0.4734045801526718,single,chubby,lr,15,0.4988702290076336,-0.0040000000000000036,,
mustache,0.7187473113653962,0.8262926955175084,single,chubby,lr,15,0.735696463907769,-0.016949152542372836,,
narrow_eyes,0.6131467910282034,0.6162558294470353,single,chubby,lr,15,0.608927381745503,0.00421940928270037,,
no_beard,0.5311715884964293,0.5648845139290999,single,chubby,lr,15,0.5362220935469343,-0.005050505050504972,,
oval_face,0.5045817570407735,0.4936527952921395,single,chubby,lr,15,0.5045817570407735,0.0,,
pale_skin,0.6174796747967479,0.7951219512195122,single,chubby,lr,15,0.6195121951219512,-0.002032520325203291,,
pointy_nose,0.5179292929292929,0.4880050505050505,single,chubby,lr,15,0.5202020202020202,-0.002272727272727315,,
receding_hairline,0.4992013451029844,0.5396385035729298,single,chubby,lr,15,0.49663724253888186,0.002564102564102555,,
rosy_cheeks,0.6566951566951567,0.7591009813232036,single,chubby,lr,15,0.6566951566951567,0.0,,
sideburns,0.584721296913169,0.6158116811014879,single,chubby,lr,15,0.5889407061958695,-0.0042194092827004814,,
smiling,0.83003663003663,0.9390720390720391,single,chubby,lr,15,0.83003663003663,0.0,,
straight_hair,0.45821661998132585,0.48109243697479,single,chubby,lr,15,0.4561157796451914,0.0021008403361344463,,
wavy_hair,0.6076329331046312,0.5849056603773585,single,chubby,lr,15,0.6076329331046312,0.0,,
wearing_earrings,0.7012879593524755,0.7750206782464847,single,chubby,lr,15,0.7058962542833511,-0.004608294930875667,,
wearing_hat,0.8706687730384413,0.9131121642969984,single,chubby,lr,15,0.8706687730384413,0.0,,
wearing_lipstick,0.4608322026232474,0.4544549977385799,single,chubby,lr,15,0.45585707824513794,0.004975124378109486,,
wearing_necklace,0.603951367781155,0.6624113475177306,single,chubby,lr,15,0.6082066869300912,-0.004255319148936176,,
wearing_necktie,0.6250556297285269,0.6361815754339119,single,chubby,lr,15,0.6297285269247885,-0.004672897196261627,,
young,0.8410312805474096,0.9212487781036168,single,chubby,lr,15,0.8528836754643205,-0.011852394916910924,,
5_o_clock_shadow,0.5462121212121211,0.5613636363636364,single,chubby,lr,16,0.543939393939394,0.002272727272727204,,
arched_eyebrows,0.5739590756388069,0.6025654077165835,single,chubby,lr,16,0.5739590756388069,0.0,,
attractive,0.5056326187473729,0.5425809163514081,single,chubby,lr,16,0.5056326187473729,0.0,,
bags_under_eyes,0.4892045454545455,0.4366477272727273,single,chubby,lr,16,0.49261363636363636,-0.0034090909090908617,,
bald,0.6678204214598391,0.7896772879975568,single,chubby,lr,16,0.6784587193321796,-0.010638297872340496,,
bangs,0.7819345311346295,0.883337435392567,single,chubby,lr,16,0.7819345311346295,0.0,,
big_lips,0.4961337092227145,0.4803060813532018,single,chubby,lr,16,0.5038260169150222,-0.007692307692307665,,
big_nose,0.5979064039408867,0.6434729064039411,single,chubby,lr,16,0.5979064039408867,0.0,,
black_hair,0.7473958333333333,0.8754069010416667,single,chubby,lr,16,0.7421875,0.005208333333333259,,
blond_hair,0.8931823775535319,0.9367462466158012,single,chubby,lr,16,0.8910903273443269,0.0020920502092049986,,
blurry,0.619535519125683,0.6369535519125683,single,chubby,lr,16,0.6174863387978142,0.002049180327868827,,
brown_hair,0.6617647058823529,0.8155929038281979,single,chubby,lr,16,0.6596638655462185,0.0021008403361344463,,
bushy_eyebrows,0.5263645998940116,0.5082140964493905,single,chubby,lr,16,0.5298092209856916,-0.003444621091679978,,
chubby,0.65625,0.76678466796875,single,chubby,lr,16,0.65625,0.0,,
double_chin,0.6077898550724637,0.7002566425120772,single,chubby,lr,16,0.6105072463768115,-0.0027173913043477826,,
eyeglasses,0.8911807847451412,0.9581958195819583,single,chubby,lr,16,0.8911807847451412,0.0,,
goatee,0.621969696969697,0.7377525252525253,single,chubby,lr,16,0.6265151515151515,-0.004545454545454519,,
gray_hair,0.7827240143369176,0.8970609318996415,single,chubby,lr,16,0.7805017921146953,0.0022222222222223476,,
heavy_makeup,0.5513390102431198,0.6115019128717759,single,chubby,lr,16,0.5444896951746266,0.006849315068493178,,
high_cheekbones,0.4701970443349754,0.40172413793103445,single,chubby,lr,16,0.4745073891625616,-0.004310344827586188,,
male,0.981283422459893,0.9770595985429744,single,chubby,lr,16,0.981283422459893,0.0,,
mouth_slightly_open,0.49523664122137406,0.4730381679389313,single,chubby,lr,16,0.4988702290076336,-0.003633587786259551,,
mustache,0.7187473113653962,0.8244859330637528,single,chubby,lr,16,0.735696463907769,-0.016949152542372836,,
narrow_eyes,0.608927381745503,0.614257161892072,single,chubby,lr,16,0.608927381745503,0.0,,
no_beard,0.5343563018722255,0.5635334234060349,single,chubby,lr,16,0.5362220935469343,-0.0018657916747087944,,
oval_face,0.5045817570407735,0.49365279529213957,single,chubby,lr,16,0.5045817570407735,0.0,,
pale_skin,0.6195121951219512,0.7939024390243903,single,chubby,lr,16,0.6195121951219512,0.0,,
pointy_nose,0.5088383838383839,0.4849747474747475,single,chubby,lr,16,0.5202020202020202,-0.011363636363636354,,
receding_hairline,0.4992013451029844,0.5403951240016814,single,chubby,lr,16,0.49663724253888186,0.002564102564102555,,
rosy_cheeks,0.6566951566951567,0.7594175371953149,single,chubby,lr,16,0.6566951566951567,0.0,,
sideburns,0.5868310015545193,0.6153675327559405,single,chubby,lr,16,0.5889407061958695,-0.002109704641350185,,
smiling,0.8261904761904761,0.9391330891330891,single,chubby,lr,16,0.83003663003663,-0.0038461538461538325,,
straight_hair,0.45401493930905695,0.48109243697478987,single,chubby,lr,16,0.4561157796451914,-0.0021008403361344463,,
wavy_hair,0.6076329331046312,0.5854416809605488,single,chubby,lr,16,0.6076329331046312,0.0,,
wearing_earrings,0.6989838118870377,0.7746661940210327,single,chubby,lr,16,0.7058962542833511,-0.00691244239631339,,
wearing_hat,0.8706687730384413,0.9134281200631912,single,chubby,lr,16,0.8706687730384413,0.0,,
wearing_lipstick,0.45834464043419265,0.4536408864767073,single,chubby,lr,16,0.45585707824513794,0.002487562189054715,,
wearing_necklace,0.5975683890577508,0.6630192502532928,single,chubby,lr,16,0.6082066869300912,-0.010638297872340385,,
wearing_necktie,0.6297285269247885,0.6415220293724967,single,chubby,lr,16,0.6297285269247885,0.0,,
young,0.8410312805474096,0.9207600195503421,single,chubby,lr,16,0.8528836754643205,-0.011852394916910924,,
5_o_clock_shadow,0.5462121212121211,0.5626262626262627,single,chubby,lr,17,0.543939393939394,0.002272727272727204,,
arched_eyebrows,0.5739590756388069,0.5985951338694899,single,chubby,lr,17,0.5739590756388069,0.0,,
attractive,0.5056326187473729,0.5414039512400168,single,chubby,lr,17,0.5056326187473729,0.0,,
bags_under_eyes,0.48636363636363633,0.43465909090909094,single,chubby,lr,17,0.49261363636363636,-0.006250000000000033,,
bald,0.6678204214598391,0.789371882317011,single,chubby,lr,17,0.6784587193321796,-0.010638297872340496,,
bangs,0.7840265813438345,0.883091311838543,single,chubby,lr,17,0.7819345311346295,0.0020920502092049986,,
big_lips,0.4987515102698349,0.48401127668143373,single,chubby,lr,17,0.5038260169150222,-0.005074506645187271,,
big_nose,0.5979064039408867,0.6442118226600986,single,chubby,lr,17,0.5979064039408867,0.0,,
black_hair,0.7473958333333333,0.8758951822916666,single,chubby,lr,17,0.7421875,0.005208333333333259,,
blond_hair,0.8910903273443269,0.9374846172778736,single,chubby,lr,17,0.8910903273443269,0.0,,
blurry,0.6591530054644809,0.6396857923497268,single,chubby,lr,17,0.6174863387978142,0.04166666666666663,,
brown_hair,0.657563025210084,0.8195611577964519,single,chubby,lr,17,0.6596638655462185,-0.0021008403361344463,,
bushy_eyebrows,0.5196078431372549,0.5100688924218335,single,chubby,lr,17,0.5298092209856916,-0.010201377848436666,,
chubby,0.65234375,0.76104736328125,single,chubby,lr,17,0.65625,-0.00390625,,
double_chin,0.6008454106280193,0.6964070048309179,single,chubby,lr,17,0.6105072463768115,-0.009661835748792202,,
eyeglasses,0.8911807847451412,0.9592042537587091,single,chubby,lr,17,0.8911807847451412,0.0,,
goatee,0.621969696969697,0.740530303030303,single,chubby,lr,17,0.6265151515151515,-0.004545454545454519,,
gray_hair,0.7849462365591398,0.8972043010752688,single,chubby,lr,17,0.7805017921146953,0.004444444444444473,,
heavy_makeup,0.5490559052202888,0.6100209798839936,single,chubby,lr,17,0.5444896951746266,0.004566210045662156,,
high_cheekbones,0.4701970443349754,0.40295566502463054,single,chubby,lr,17,0.4745073891625616,-0.004310344827586188,,
male,0.981283422459893,0.9770595985429745,single,chubby,lr,17,0.981283422459893,0.0,,
mouth_slightly_open,0.49905343511450384,0.47517557251908404,single,chubby,lr,17,0.4988702290076336,0.0001832061068702262,,
mustache,0.7272218876365826,0.8245719693710746,single,chubby,lr,17,0.735696463907769,-0.008474576271186418,,
narrow_eyes,0.608927381745503,0.6133688652009771,single,chubby,lr,17,0.608927381745503,0.0,,
no_beard,0.5343563018722255,0.5653992150807439,single,chubby,lr,17,0.5362220935469343,-0.0018657916747087944,,
oval_face,0.5045817570407735,0.4944094157208911,single,chubby,lr,17,0.5045817570407735,0.0,,
pale_skin,0.6215447154471545,0.8020325203252032,single,chubby,lr,17,0.6195121951219512,0.002032520325203291,,
pointy_nose,0.5111111111111111,0.4797979797979798,single,chubby,lr,17,0.5202020202020202,-0.00909090909090915,,
receding_hairline,0.4992013451029844,0.5418242959226566,single,chubby,lr,17,0.49663724253888186,0.002564102564102555,,
rosy_cheeks,0.658752769863881,0.7632162076606521,single,chubby,lr,17,0.6566951566951567,0.002057613168724326,,
sideburns,0.5868310015545193,0.6169220519653564,single,chubby,lr,17,0.5889407061958695,-0.002109704641350185,,
smiling,0.8261904761904761,0.937973137973138,single,chubby,lr,17,0.83003663003663,-0.0038461538461538325,,
straight_hair,0.45821661998132585,0.4834267040149393,single,chubby,lr,17,0.4561157796451914,0.0021008403361344463,,
wavy_hair,0.6076329331046312,0.5859777015437394,single,chubby,lr,17,0.6076329331046312,0.0,,
wearing_earrings,0.7035921068179133,0.7741935483870968,single,chubby,lr,17,0.7058962542833511,-0.0023041474654378336,,
wearing_hat,0.8706687730384413,0.9130068457082674,single,chubby,lr,17,0.8706687730384413,0.0,,
wearing_lipstick,0.4608322026232474,0.45626413387607423,single,chubby,lr,17,0.45585707824513794,0.004975124378109486,,
wearing_necklace,0.5975683890577508,0.660790273556231,single,chubby,lr,17,0.6082066869300912,-0.010638297872340385,,
wearing_necktie,0.6250556297285269,0.633956386292835,single,chubby,lr,17,0.6297285269247885,-0.004672897196261627,,
young,0.8410312805474096,0.9197825024437928,single,chubby,lr,17,0.8528836754643205,-0.011852394916910924,,
5_o_clock_shadow,0.543939393939394,0.5622474747474747,single,chubby,lr,18,0.543939393939394,0.0,,
arched_eyebrows,0.5739590756388069,0.599511350911127,single,chubby,lr,18,0.5739590756388069,0.0,,
attractive,0.5056326187473729,0.5398066414459857,single,chubby,lr,18,0.5056326187473729,0.0,,
bags_under_eyes,0.4897727272727273,0.43522727272727274,single,chubby,lr,18,0.49261363636363636,-0.0028409090909090606,,
bald,0.6678204214598391,0.7904917031456785,single,chubby,lr,18,0.6784587193321796,-0.010638297872340496,,
bangs,0.7840265813438345,0.883091311838543,single,chubby,lr,18,0.7819345311346295,0.0020920502092049986,,
big_lips,0.49351590817559404,0.4840112766814338,single,chubby,lr,18,0.5038260169150222,-0.010310108739428114,,
big_nose,0.5979064039408867,0.6458743842364533,single,chubby,lr,18,0.5979064039408867,0.0,,
black_hair,0.7421875,0.875244140625,single,chubby,lr,18,0.7421875,0.0,,
blond_hair,0.8931823775535319,0.9369923701698253,single,chubby,lr,18,0.8910903273443269,0.0020920502092049986,,
blurry,0.6612021857923497,0.6359289617486339,single,chubby,lr,18,0.6174863387978142,0.04371584699453546,,
brown_hair,0.6596638655462185,0.8160597572362278,single,chubby,lr,18,0.6596638655462185,0.0,,
bushy_eyebrows,0.5218600953895072,0.510996290408055,single,chubby,lr,18,0.5298092209856916,-0.007949125596184436,,
chubby,0.66015625,0.75732421875,single,chubby,lr,18,0.65625,0.00390625,,
double_chin,0.5981280193236715,0.6966334541062802,single,chubby,lr,18,0.6105072463768115,-0.012379227053139985,,
eyeglasses,0.8911807847451412,0.96002933626696,single,chubby,lr,18,0.8911807847451412,0.0,,
goatee,0.6242424242424243,0.7404040404040404,single,chubby,lr,18,0.6265151515151515,-0.002272727272727204,,
gray_hair,0.7849462365591398,0.8977777777777778,single,chubby,lr,18,0.7805017921146953,0.004444444444444473,,
heavy_makeup,0.5513390102431198,0.6052079476737011,single,chubby,lr,18,0.5444896951746266,0.006849315068493178,,
high_cheekbones,0.47376847290640395,0.4051724137931034,single,chubby,lr,18,0.4745073891625616,-0.000738916256157629,,
male,0.981283422459893,0.9769820971867007,single,chubby,lr,18,0.981283422459893,0.0,,
mouth_slightly_open,0.49905343511450384,0.47676335877862597,single,chubby,lr,18,0.4988702290076336,0.0001832061068702262,,
mustache,0.7187473113653962,0.8235395336832144,single,chubby,lr,18,0.735696463907769,-0.016949152542372836,,
narrow_eyes,0.608927381745503,0.6153675327559405,single,chubby,lr,18,0.608927381745503,0.0,,
no_beard,0.5343563018722255,0.5636620986939458,single,chubby,lr,18,0.5362220935469343,-0.0018657916747087944,,
oval_face,0.5045817570407735,0.4936527952921395,single,chubby,lr,18,0.5045817570407735,0.0,,
pale_skin,0.6195121951219512,0.8004065040650407,single,chubby,lr,18,0.6195121951219512,0.0,,
pointy_nose,0.5133838383838384,0.4808080808080808,single,chubby,lr,18,0.5202020202020202,-0.006818181818181834,,
receding_hairline,0.4992013451029844,0.5431693989071039,single,chubby,lr,18,0.49663724253888186,0.002564102564102555,,
rosy_cheeks,0.658752769863881,0.766065210509655,single,chubby,lr,18,0.6566951566951567,0.002057613168724326,,
sideburns,0.5826115922718188,0.6147013102376194,single,chubby,lr,18,0.5889407061958695,-0.006329113924050667,,
smiling,0.8261904761904761,0.9379120879120879,single,chubby,lr,18,0.83003663003663,-0.0038461538461538325,,
straight_hair,0.4561157796451914,0.4810924369747899,single,chubby,lr,18,0.4561157796451914,0.0,,
wavy_hair,0.6076329331046312,0.5873713550600342,single,chubby,lr,18,0.6076329331046312,0.0,,
wearing_earrings,0.7012879593524755,0.7723029658513529,single,chubby,lr,18,0.7058962542833511,-0.004608294930875667,,
wearing_hat,0.8706687730384413,0.9117430226434966,single,chubby,lr,18,0.8706687730384413,0.0,,
wearing_lipstick,0.4608322026232474,0.4534599728629579,single,chubby,lr,18,0.45585707824513794,0.004975124378109486,,
wearing_necklace,0.5975683890577508,0.6589665653495441,single,chubby,lr,18,0.6082066869300912,-0.010638297872340385,,
wearing_necktie,0.6369603916332889,0.6445260347129507,single,chubby,lr,18,0.6297285269247885,0.007231864708500346,,
young,0.8528836754643205,0.9198435972629521,single,chubby,lr,18,0.8528836754643205,0.0,,
5_o_clock_shadow,0.5484848484848486,0.5630050505050506,single,chubby,lr,19,0.543939393939394,0.00454545454545463,,
arched_eyebrows,0.5739590756388069,0.6030744171841596,single,chubby,lr,19,0.5739590756388069,0.0,,
attractive,0.5056326187473729,0.5467002942412778,single,chubby,lr,19,0.5056326187473729,0.0,,
bags_under_eyes,0.4954545454545455,0.43671875,single,chubby,lr,19,0.49261363636363636,0.002840909090909116,,
bald,0.6784587193321796,0.7911025145067699,single,chubby,lr,19,0.6784587193321796,0.0,,
bangs,0.7840265813438345,0.8821068176224465,single,chubby,lr,19,0.7819345311346295,0.0020920502092049986,,
big_lips,0.49351590817559404,0.4847362062021748,single,chubby,lr,19,0.5038260169150222,-0.010310108739428114,,
big_nose,0.5979064039408867,0.6479064039408867,single,chubby,lr,19,0.5979064039408867,0.0,,
black_hair,0.7421875,0.8740234375,single,chubby,lr,19,0.7421875,0.0,,
blond_hair,0.8931823775535319,0.9357617523997046,single,chubby,lr,19,0.8910903273443269,0.0020920502092049986,,
blurry,0.6591530054644809,0.6355874316939891,single,chubby,lr,19,0.6174863387978142,0.04166666666666663,,
brown_hair,0.6638655462184874,0.8202614379084967,single,chubby,lr,19,0.6596638655462185,0.004201680672268893,,
bushy_eyebrows,0.5151033386327504,0.5104663487016428,single,chubby,lr,19,0.5298092209856916,-0.014705882352941235,,
chubby,0.65625,0.753662109375,single,chubby,lr,19,0.65625,0.0,,
double_chin,0.5939009661835748,0.6947463768115942,single,chubby,lr,19,0.6105072463768115,-0.016606280193236733,,
eyeglasses,0.8887055372203887,0.9592042537587092,single,chubby,lr,19,0.8911807847451412,-0.0024752475247524774,,
goatee,0.6265151515151515,0.7407828282828283,single,chubby,lr,19,0.6265151515151515,0.0,,
gray_hair,0.7782795698924732,0.8982078853046596,single,chubby,lr,19,0.7805017921146953,-0.0022222222222221255,,
heavy_makeup,0.5513390102431198,0.613476490188819,single,chubby,lr,19,0.5444896951746266,0.006849315068493178,,
high_cheekbones,0.4701970443349754,0.4059729064039409,single,chubby,lr,19,0.4745073891625616,-0.004310344827586188,,
male,0.981283422459893,0.9770595985429745,single,chubby,lr,19,0.981283422459893,0.0,,
mouth_slightly_open,0.5030534351145038,0.4787175572519084,single,chubby,lr,19,0.4988702290076336,0.00418320610687023,,
mustache,0.7187473113653962,0.8256044050589347,single,chubby,lr,19,0.735696463907769,-0.016949152542372836,,
narrow_eyes,0.608927381745503,0.6131467910282034,single,chubby,lr,19,0.608927381745503,0.0,,
no_beard,0.5343563018722255,0.5658495785884321,single,chubby,lr,19,0.5362220935469343,-0.0018657916747087944,,
oval_face,0.5045817570407735,0.49373686422866747,single,chubby,lr,19,0.5045817570407735,0.0,,
pale_skin,0.6195121951219512,0.7991869918699187,single,chubby,lr,19,0.6195121951219512,0.0,,
pointy_nose,0.5202020202020202,0.48383838383838385,single,chubby,lr,19,0.5202020202020202,0.0,,
receding_hairline,0.49663724253888186,0.544766708701135,single,chubby,lr,19,0.49663724253888186,0.0,,
rosy_cheeks,0.658752769863881,0.763849319404875,single,chubby,lr,19,0.6566951566951567,0.002057613168724326,,
sideburns,0.584721296913169,0.6140350877192982,single,chubby,lr,19,0.5889407061958695,-0.0042194092827004814,,
smiling,0.8261904761904761,0.9376068376068376,single,chubby,lr,19,0.83003663003663,-0.0038461538461538325,,
straight_hair,0.4561157796451914,0.4829598506069095,single,chubby,lr,19,0.4561157796451914,0.0,,
wavy_hair,0.6076329331046312,0.5879073756432247,single,chubby,lr,19,0.6076329331046312,0.0,,
wearing_earrings,0.6884674465319627,0.7733664185277088,single,chubby,lr,19,0.7058962542833511,-0.017428807751388442,,
wearing_hat,0.8706687730384413,0.9120589784096893,single,chubby,lr,19,0.8706687730384413,0.0,,
wearing_lipstick,0.4608322026232474,0.45545002261420164,single,chubby,lr,19,0.45585707824513794,0.004975124378109486,,
wearing_necklace,0.5822695035460993,0.6575481256332321,single,chubby,lr,19,0.6082066869300912,-0.02593718338399187,,
wearing_necktie,0.634623943035158,0.6444147752558967,single,chubby,lr,19,0.6297285269247885,0.004895416110369477,,
young,0.8450635386119256,0.9194770283479962,single,chubby,lr,19,0.8528836754643205,-0.00782013685239491,,
5_o_clock_shadow,0.5393939393939394,0.5643939393939393,single,chubby,lr,20,0.543939393939394,-0.004545454545454519,,
arched_eyebrows,0.5739590756388069,0.602769011503614,single,chubby,lr,20,0.5739590756388069,0.0,,
attractive,0.5056326187473729,0.5471206389239176,single,chubby,lr,20,0.5056326187473729,0.0,,
bags_under_eyes,0.49261363636363636,0.4362926136363637,single,chubby,lr,20,0.49261363636363636,0.0,,
bald,0.6784587193321796,0.791611523974346,single,chubby,lr,20,0.6784587193321796,0.0,,
bangs,0.7819345311346295,0.8821068176224465,single,chubby,lr,20,0.7819345311346295,0.0,,
big_lips,0.49351590817559404,0.48586387434554973,single,chubby,lr,20,0.5038260169150222,-0.010310108739428114,,
big_nose,0.5979064039408867,0.6493842364532021,single,chubby,lr,20,0.5979064039408867,0.0,,
black_hair,0.7369791666666667,0.871826171875,single,chubby,lr,20,0.7421875,-0.005208333333333259,,
blond_hair,0.8931823775535319,0.9362539995077529,single,chubby,lr,20,0.8910903273443269,0.0020920502092049986,,
blurry,0.657103825136612,0.6355874316939891,single,chubby,lr,20,0.6174863387978142,0.0396174863387978,,
brown_hair,0.6596638655462185,0.8190943043884221,single,chubby,lr,20,0.6596638655462185,0.0,,
bushy_eyebrows,0.5298092209856916,0.5112612612612613,single,chubby,lr,20,0.5298092209856916,0.0,,
chubby,0.65234375,0.74920654296875,single,chubby,lr,20,0.65625,-0.00390625,,
double_chin,0.5969202898550725,0.6935386473429952,single,chubby,lr,20,0.6105072463768115,-0.013586956521739024,,
eyeglasses,0.8936560322698937,0.9596626329299597,single,chubby,lr,20,0.8911807847451412,0.0024752475247524774,,
goatee,0.621969696969697,0.7401515151515151,single,chubby,lr,20,0.6265151515151515,-0.004545454545454519,,
gray_hair,0.7782795698924732,0.8964874551971326,single,chubby,lr,20,0.7805017921146953,-0.0022222222222221255,,
heavy_makeup,0.5490559052202888,0.6170554115759596,single,chubby,lr,20,0.5444896951746266,0.004566210045662156,,
high_cheekbones,0.47881773399014776,0.4052339901477833,single,chubby,lr,20,0.4745073891625616,0.004310344827586188,,
male,0.981283422459893,0.9769820971867007,single,chubby,lr,20,0.981283422459893,0.0,,
mouth_slightly_open,0.5030534351145038,0.4774351145038168,single,chubby,lr,20,0.4988702290076336,0.00418320610687023,,
mustache,0.7272218876365826,0.8238836789125011,single,chubby,lr,20,0.735696463907769,-0.008474576271186418,,
narrow_eyes,0.6068176771041528,0.6111481234732401,single,chubby,lr,20,0.608927381745503,-0.002109704641350185,,
no_beard,0.5362220935469343,0.5634047481181239,single,chubby,lr,20,0.5362220935469343,0.0,,
oval_face,0.507145859604876,0.4928121059268599,single,chubby,lr,20,0.5045817570407735,0.002564102564102555,,
pale_skin,0.6195121951219512,0.7967479674796748,single,chubby,lr,20,0.6195121951219512,0.0,,
pointy_nose,0.5085858585858586,0.4853535353535353,single,chubby,lr,20,0.5202020202020202,-0.011616161616161635,,
receding_hairline,0.4992013451029844,0.5437578814627996,single,chubby,lr,20,0.49663724253888186,0.002564102564102555,,
rosy_cheeks,0.658752769863881,0.7670148781259892,single,chubby,lr,20,0.6566951566951567,0.002057613168724326,,
sideburns,0.584721296913169,0.6144792360648457,single,chubby,lr,20,0.5889407061958695,-0.0042194092827004814,,
smiling,0.83003663003663,0.9357142857142857,single,chubby,lr,20,0.83003663003663,0.0,,
straight_hair,0.4561157796451914,0.4792250233426705,single,chubby,lr,20,0.4561157796451914,0.0,,
wavy_hair,0.6076329331046312,0.5866209262435677,single,chubby,lr,20,0.6076329331046312,0.0,,
wearing_earrings,0.6884674465319627,0.7739572255701288,single,chubby,lr,20,0.7058962542833511,-0.017428807751388442,,
wearing_hat,0.8706687730384413,0.9120589784096893,single,chubby,lr,20,0.8706687730384413,0.0,,
wearing_lipstick,0.4608322026232474,0.4568973315241972,single,chubby,lr,20,0.45585707824513794,0.004975124378109486,,
wearing_necklace,0.5865248226950355,0.6601823708206687,single,chubby,lr,20,0.6082066869300912,-0.021681864235055692,,
wearing_necktie,0.6297285269247885,0.6409657320872275,single,chubby,lr,20,0.6297285269247885,0.0,,
young,0.8410312805474096,0.9177052785923753,single,chubby,lr,20,0.8528836754643205,-0.011852394916910924,,
5_o_clock_shadow,0.5484848484848486,0.569570707070707,single,chubby,lr,21,0.543939393939394,0.00454545454545463,,
arched_eyebrows,0.5739590756388069,0.6005293698462791,single,chubby,lr,21,0.5739590756388069,0.0,,
attractive,0.5056326187473729,0.5414039512400168,single,chubby,lr,21,0.5056326187473729,0.0,,
bags_under_eyes,0.4806818181818182,0.42982954545454544,single,chubby,lr,21,0.49261363636363636,-0.011931818181818155,,
bald,0.6784587193321796,0.7922223353354372,single,chubby,lr,21,0.6784587193321796,0.0,,
bangs,0.7819345311346295,0.8816145705143982,single,chubby,lr,21,0.7819345311346295,0.0,,
big_lips,0.5038260169150222,0.4869109947643979,single,chubby,lr,21,0.5038260169150222,0.0,,
big_nose,0.5943349753694581,0.6479679802955666,single,chubby,lr,21,0.5979064039408867,-0.0035714285714285587,,
black_hair,0.7421875,0.8731282552083333,single,chubby,lr,21,0.7421875,0.0,,
blond_hair,0.8952744277627369,0.9372384937238494,single,chubby,lr,21,0.8910903273443269,0.004184100418409997,,
blurry,0.6591530054644809,0.6338797814207651,single,chubby,lr,21,0.6174863387978142,0.04166666666666663,,
brown_hair,0.657563025210084,0.8211951447245565,single,chubby,lr,21,0.6596638655462185,-0.0021008403361344463,,
bushy_eyebrows,0.5151033386327504,0.5112612612612613,single,chubby,lr,21,0.5298092209856916,-0.014705882352941235,,
chubby,0.6484375,0.74896240234375,single,chubby,lr,21,0.65625,-0.0078125,,
double_chin,0.5857487922705313,0.6905193236714975,single,chubby,lr,21,0.6105072463768115,-0.024758454106280192,,
eyeglasses,0.8911807847451412,0.9593876054272094,single,chubby,lr,21,0.8911807847451412,0.0,,
goatee,0.6196969696969697,0.7407828282828283,single,chubby,lr,21,0.6265151515151515,-0.006818181818181723,,
gray_hair,0.7827240143369176,0.897347670250896,single,chubby,lr,21,0.7805017921146953,0.0022222222222223476,,
heavy_makeup,0.5467728001974577,0.6085400468962113,single,chubby,lr,21,0.5444896951746266,0.0022831050228310223,,
high_cheekbones,0.47881773399014776,0.40769704433497533,single,chubby,lr,21,0.4745073891625616,0.004310344827586188,,
male,0.981283422459893,0.9770595985429745,single,chubby,lr,21,0.981283422459893,0.0,,
mouth_slightly_open,0.5028702290076336,0.47480916030534354,single,chubby,lr,21,0.4988702290076336,0.003999999999999948,,
mustache,0.7272218876365826,0.8249161146003614,single,chubby,lr,21,0.735696463907769,-0.008474576271186418,,
narrow_eyes,0.608927381745503,0.6135909393737509,single,chubby,lr,21,0.608927381745503,0.0,,
no_beard,0.5394068069227305,0.5653348774367882,single,chubby,lr,21,0.5362220935469343,0.0031847133757961776,,
oval_face,0.5045817570407735,0.49398907103825135,single,chubby,lr,21,0.5045817570407735,0.0,,
pale_skin,0.6195121951219512,0.7959349593495935,single,chubby,lr,21,0.6195121951219512,0.0,,
pointy_nose,0.5179292929292929,0.48169191919191917,single,chubby,lr,21,0.5202020202020202,-0.002272727272727315,,
receding_hairline,0.49663724253888186,0.5456073980664145,single,chubby,lr,21,0.49663724253888186,0.0,,
rosy_cheeks,0.6566951566951567,0.761633428300095,single,chubby,lr,21,0.6566951566951567,0.0,,
sideburns,0.560515212080835,0.6120364201643348,single,chubby,lr,21,0.5889407061958695,-0.028425494115034478,,
smiling,0.8338827838827838,0.9377289377289377,single,chubby,lr,21,0.83003663003663,0.0038461538461538325,,
straight_hair,0.4561157796451914,0.4822595704948646,single,chubby,lr,21,0.4561157796451914,0.0,,
wavy_hair,0.6076329331046312,0.58704974271012,single,chubby,lr,21,0.6076329331046312,0.0,,
wearing_earrings,0.686163299066525,0.7732482571192248,single,chubby,lr,21,0.7058962542833511,-0.019732955216826165,,
wearing_hat,0.8706687730384413,0.9085834649815693,single,chubby,lr,21,0.8706687730384413,0.0,,
wearing_lipstick,0.45834464043419265,0.45608322026232473,single,chubby,lr,21,0.45585707824513794,0.002487562189054715,,
wearing_necklace,0.6082066869300912,0.6642350557244174,single,chubby,lr,21,0.6082066869300912,0.0,,
wearing_necktie,0.6344014241210503,0.6402981753449043,single,chubby,lr,21,0.6297285269247885,0.004672897196261738,,
young,0.8407869012707723,0.9175830889540567,single,chubby,lr,21,0.8528836754643205,-0.012096774193548265,,
5_o_clock_shadow,0.543939393939394,0.5646464646464646,single,chubby,lr,22,0.543939393939394,0.0,,
arched_eyebrows,0.5739590756388069,0.5987987376565205,single,chubby,lr,22,0.5739590756388069,0.0,,
attractive,0.5056326187473729,0.5490542244640605,single,chubby,lr,22,0.5056326187473729,0.0,,
bags_under_eyes,0.49261363636363636,0.43650568181818183,single,chubby,lr,22,0.49261363636363636,0.0,,
bald,0.6784587193321796,0.7911025145067697,single,chubby,lr,22,0.6784587193321796,0.0,,
bangs,0.7819345311346295,0.8828451882845187,single,chubby,lr,22,0.7819345311346295,0.0,,
big_lips,0.5038260169150222,0.48981071284736205,single,chubby,lr,22,0.5038260169150222,0.0,,
big_nose,0.60935960591133,0.6586206896551724,single,chubby,lr,22,0.5979064039408867,0.011453201970443305,,
black_hair,0.7473958333333333,0.8737792968750001,single,chubby,lr,22,0.7421875,0.005208333333333259,,
blond_hair,0.8931823775535319,0.936500123061777,single,chubby,lr,22,0.8910903273443269,0.0020920502092049986,,
blurry,0.619535519125683,0.6290983606557377,single,chubby,lr,22,0.6174863387978142,0.002049180327868827,,
brown_hair,0.6596638655462185,0.8211951447245565,single,chubby,lr,22,0.6596638655462185,0.0,,
bushy_eyebrows,0.5173555908850027,0.5127186009538951,single,chubby,lr,22,0.5298092209856916,-0.012453630100688895,,
chubby,0.65234375,0.751953125,single,chubby,lr,22,0.65625,-0.00390625,,
double_chin,0.5788043478260869,0.6905193236714976,single,chubby,lr,22,0.6105072463768115,-0.03170289855072461,,
eyeglasses,0.8911807847451412,0.9591125779244591,single,chubby,lr,22,0.8911807847451412,0.0,,
goatee,0.621969696969697,0.7388888888888889,single,chubby,lr,22,0.6265151515151515,-0.004545454545454519,,
gray_hair,0.7805017921146953,0.8962007168458781,single,chubby,lr,22,0.7805017921146953,0.0,,
heavy_makeup,0.5467728001974577,0.6047143033444404,single,chubby,lr,22,0.5444896951746266,0.0022831050228310223,,
high_cheekbones,0.4745073891625616,0.40714285714285714,single,chubby,lr,22,0.4745073891625616,0.0,,
male,0.981283422459893,0.976904595830427,single,chubby,lr,22,0.981283422459893,0.0,,
mouth_slightly_open,0.49505343511450384,0.4723053435114503,single,chubby,lr,22,0.4988702290076336,-0.0038167938931297773,,
mustache,0.7272218876365826,0.8248300782930397,single,chubby,lr,22,0.735696463907769,-0.008474576271186418,,
narrow_eyes,0.608927381745503,0.6078170108816345,single,chubby,lr,22,0.608927381745503,0.0,,
no_beard,0.5394068069227305,0.5632117351862574,single,chubby,lr,22,0.5362220935469343,0.0031847133757961776,,
oval_face,0.507145859604876,0.4939050021017234,single,chubby,lr,22,0.5045817570407735,0.002564102564102555,,
pale_skin,0.6195121951219512,0.7959349593495935,single,chubby,lr,22,0.6195121951219512,0.0,,
pointy_nose,0.5202020202020202,0.49078282828282827,single,chubby,lr,22,0.5202020202020202,0.0,,
receding_hairline,0.4940731399747793,0.544430432955023,single,chubby,lr,22,0.49663724253888186,-0.002564102564102555,,
rosy_cheeks,0.6566951566951567,0.7600506489395378,single,chubby,lr,22,0.6566951566951567,0.0,,
sideburns,0.560515212080835,0.6147013102376193,single,chubby,lr,22,0.5889407061958695,-0.028425494115034478,,
smiling,0.8338827838827838,0.9341880341880342,single,chubby,lr,22,0.83003663003663,0.0038461538461538325,,
straight_hair,0.4519140989729225,0.47969187675070024,single,chubby,lr,22,0.4561157796451914,-0.004201680672268893,,
wavy_hair,0.6076329331046312,0.5850128644939965,single,chubby,lr,22,0.6076329331046312,0.0,,
wearing_earrings,0.7082004017487888,0.7736027413446768,single,chubby,lr,22,0.7058962542833511,0.0023041474654377225,,
wearing_hat,0.8706687730384413,0.9058451816745657,single,chubby,lr,22,0.8706687730384413,0.0,,
wearing_lipstick,0.4302125734961556,0.43907734056987785,single,chubby,lr,22,0.45585707824513794,-0.025644504748982333,,
wearing_necklace,0.603951367781155,0.6597771023302939,single,chubby,lr,22,0.6082066869300912,-0.004255319148936176,,
wearing_necktie,0.6297285269247885,0.6382955051179351,single,chubby,lr,22,0.6297285269247885,0.0,,
young,0.8448191593352883,0.9186827956989247,single,chubby,lr,22,0.8528836754643205,-0.008064516129032251,,
5_o_clock_shadow,0.543939393939394,0.5676767676767677,single,chubby,lr,23,0.543939393939394,0.0,,
arched_eyebrows,0.5763514201364146,0.5979843225083986,single,chubby,lr,23,0.5739590756388069,0.0023923444976077235,,
attractive,0.5056326187473729,0.544514501891551,single,chubby,lr,23,0.5056326187473729,0.0,,
bags_under_eyes,0.4806818181818182,0.43132102272727274,single,chubby,lr,23,0.49261363636363636,-0.011931818181818155,,
bald,0.6784587193321796,0.7930367504835589,single,chubby,lr,23,0.6784587193321796,0.0,,
bangs,0.7819345311346295,0.8818606940684224,single,chubby,lr,23,0.7819345311346295,0.0,,
big_lips,0.5038260169150222,0.48779701973419254,single,chubby,lr,23,0.5038260169150222,0.0,,
big_nose,0.6029556650246305,0.661884236453202,single,chubby,lr,23,0.5979064039408867,0.005049261083743817,,
black_hair,0.7473958333333333,0.8723958333333333,single,chubby,lr,23,0.7421875,0.005208333333333259,,
blond_hair,0.8952744277627369,0.9382229879399459,single,chubby,lr,23,0.8910903273443269,0.004184100418409997,,
blurry,0.657103825136612,0.6352459016393444,single,chubby,lr,23,0.6174863387978142,0.0396174863387978,,
brown_hair,0.6533613445378151,0.830532212885154,single,chubby,lr,23,0.6596638655462185,-0.006302521008403339,,
bushy_eyebrows,0.5343137254901961,0.510863804981452,single,chubby,lr,23,0.5298092209856916,0.0045045045045044585,,
chubby,0.65234375,0.7451171875,single,chubby,lr,23,0.65625,-0.00390625,,
double_chin,0.5775966183574879,0.6846316425120773,single,chubby,lr,23,0.6105072463768115,-0.03291062801932365,,
eyeglasses,0.8936560322698937,0.9581041437477081,single,chubby,lr,23,0.8911807847451412,0.0024752475247524774,,
goatee,0.6103535353535353,0.7266414141414141,single,chubby,lr,23,0.6265151515151515,-0.016161616161616155,,
gray_hair,0.7827240143369176,0.8972043010752688,single,chubby,lr,23,0.7805017921146953,0.0022222222222223476,,
heavy_makeup,0.5444896951746266,0.6085400468962113,single,chubby,lr,23,0.5444896951746266,0.0,,
high_cheekbones,0.4745073891625616,0.4014162561576355,single,chubby,lr,23,0.4745073891625616,0.0,,
male,0.981283422459893,0.9771370998992482,single,chubby,lr,23,0.981283422459893,0.0,,
mouth_slightly_open,0.4988702290076336,0.4762748091603054,single,chubby,lr,23,0.4988702290076336,0.0,,
mustache,0.7077346640282198,0.8186354641658781,single,chubby,lr,23,0.735696463907769,-0.027961799879549165,,
narrow_eyes,0.6068176771041528,0.6100377526093717,single,chubby,lr,23,0.608927381745503,-0.002109704641350185,,
no_beard,0.524802161744837,0.5578717107379528,single,chubby,lr,23,0.5362220935469343,-0.011419931802097327,,
oval_face,0.507145859604876,0.49802437999159305,single,chubby,lr,23,0.5045817570407735,0.002564102564102555,,
pale_skin,0.6215447154471545,0.7841463414634147,single,chubby,lr,23,0.6195121951219512,0.002032520325203291,,
pointy_nose,0.5202020202020202,0.4930555555555556,single,chubby,lr,23,0.5202020202020202,0.0,,
receding_hairline,0.4992013451029844,0.5472047078604455,single,chubby,lr,23,0.49663724253888186,0.002564102564102555,,
rosy_cheeks,0.6566951566951567,0.7625830959164293,single,chubby,lr,23,0.6566951566951567,0.0,,
sideburns,0.5584055074394848,0.608927381745503,single,chubby,lr,23,0.5889407061958695,-0.030535198756384663,,
smiling,0.8376068376068375,0.9288156288156287,single,chubby,lr,23,0.83003663003663,0.007570207570207543,,
straight_hair,0.4775910364145658,0.48622782446311863,single,chubby,lr,23,0.4561157796451914,0.021475256769374396,,
wavy_hair,0.6099914236706689,0.584155231560892,single,chubby,lr,23,0.6076329331046312,0.002358490566037763,,
wearing_earrings,0.6966796644215999,0.7737209027531609,single,chubby,lr,23,0.7058962542833511,-0.009216589861751223,,
wearing_hat,0.8706687730384413,0.9040547656661401,single,chubby,lr,23,0.8706687730384413,0.0,,
wearing_lipstick,0.45585707824513794,0.44540931705110803,single,chubby,lr,23,0.45585707824513794,0.0,,
wearing_necklace,0.6060790273556231,0.6632218844984802,single,chubby,lr,23,0.6082066869300912,-0.0021276595744680327,,
wearing_necktie,0.6203827325322653,0.6208277703604806,single,chubby,lr,23,0.6297285269247885,-0.009345794392523255,,
young,0.8369990224828934,0.9152003910068426,single,chubby,lr,23,0.8528836754643205,-0.01588465298142716,,
5_o_clock_shadow,0.5416666666666667,0.5599747474747475,single,chubby,pclarc,0,0.543939393939394,-0.002272727272727204,,
arched_eyebrows,0.5739590756388069,0.6013437849944009,single,chubby,pclarc,0,0.5739590756388069,0.0,,
attractive,0.5056326187473729,0.5509037410676756,single,chubby,pclarc,0,0.5056326187473729,0.0,,
bags_under_eyes,0.5017045454545455,0.43821022727272724,single,chubby,pclarc,0,0.49261363636363636,0.009090909090909094,,
bald,0.6784587193321796,0.7913061182938002,single,chubby,pclarc,0,0.6784587193321796,0.0,,
bangs,0.7819345311346295,0.8823529411764706,single,chubby,pclarc,0,0.7819345311346295,0.0,,
big_lips,0.5038260169150222,0.48666935159081753,single,chubby,pclarc,0,0.5038260169150222,0.0,,
big_nose,0.6022167487684729,0.6463669950738915,single,chubby,pclarc,0,0.5979064039408867,0.004310344827586188,,
black_hair,0.7421875,0.8744303385416667,single,chubby,pclarc,0,0.7421875,0.0,,
blond_hair,0.8910903273443269,0.9387152350479941,single,chubby,pclarc,0,0.8910903273443269,0.0,,
blurry,0.6612021857923497,0.6328551912568307,single,chubby,pclarc,0,0.6174863387978142,0.04371584699453546,,
brown_hair,0.6596638655462185,0.8211951447245566,single,chubby,pclarc,0,0.6596638655462185,0.0,,
bushy_eyebrows,0.5298092209856916,0.5119236883942766,single,chubby,pclarc,0,0.5298092209856916,0.0,,
chubby,0.66015625,0.7691650390625,single,chubby,pclarc,0,0.65625,0.00390625,,
double_chin,0.6077898550724637,0.7020682367149759,single,chubby,pclarc,0,0.6105072463768115,-0.0027173913043477826,,
eyeglasses,0.8936560322698937,0.9583791712504585,single,chubby,pclarc,0,0.8911807847451412,0.0024752475247524774,,
goatee,0.6242424242424243,0.7425505050505051,single,chubby,pclarc,0,0.6265151515151515,-0.002272727272727204,,
gray_hair,0.7827240143369176,0.8980645161290323,single,chubby,pclarc,0,0.7805017921146953,0.0022222222222223476,,
heavy_makeup,0.5490559052202888,0.610267802048624,single,chubby,pclarc,0,0.5444896951746266,0.004566210045662156,,
high_cheekbones,0.4701970443349754,0.4016625615763547,single,chubby,pclarc,0,0.4745073891625616,-0.004310344827586188,,
male,0.981283422459893,0.9770595985429745,single,chubby,pclarc,0,0.981283422459893,0.0,,
mouth_slightly_open,0.49105343511450383,0.47480916030534354,single,chubby,pclarc,0,0.4988702290076336,-0.007816793893129781,,
mustache,0.735696463907769,0.8275832401273338,single,chubby,pclarc,0,0.735696463907769,0.0,,
narrow_eyes,0.6068176771041528,0.6115922718187875,single,chubby,pclarc,0,0.608927381745503,-0.002109704641350185,,
no_beard,0.5394068069227305,0.5660425915202985,single,chubby,pclarc,0,0.5362220935469343,0.0031847133757961776,,
oval_face,0.5045817570407735,0.49205548549810846,single,chubby,pclarc,0,0.5045817570407735,0.0,,
pale_skin,0.6195121951219512,0.7995934959349593,single,chubby,pclarc,0,0.6195121951219512,0.0,,
pointy_nose,0.5202020202020202,0.49027777777777776,single,chubby,pclarc,0,0.5202020202020202,0.0,,
receding_hairline,0.4992013451029844,0.5393862967633459,single,chubby,pclarc,0,0.49663724253888186,0.002564102564102555,,
rosy_cheeks,0.6566951566951567,0.7559354226020892,single,chubby,pclarc,0,0.6566951566951567,0.0,,
sideburns,0.5889407061958695,0.6173662003109038,single,chubby,pclarc,0,0.5889407061958695,0.0,,
smiling,0.83003663003663,0.9382783882783883,single,chubby,pclarc,0,0.83003663003663,0.0,,
straight_hair,0.4859943977591036,0.4834267040149393,single,chubby,pclarc,0,0.4561157796451914,0.02987861811391218,,
wavy_hair,0.6076329331046312,0.5875857632933105,single,chubby,pclarc,0,0.6076329331046312,0.0,,
wearing_earrings,0.7058962542833511,0.7749025168380007,single,chubby,pclarc,0,0.7058962542833511,0.0,,
wearing_hat,0.8706687730384413,0.9143759873617693,single,chubby,pclarc,0,0.8706687730384413,0.0,,
wearing_lipstick,0.45834464043419265,0.4539122568973315,single,chubby,pclarc,0,0.45585707824513794,0.002487562189054715,,
wearing_necklace,0.5843971631205673,0.6624113475177305,single,chubby,pclarc,0,0.6082066869300912,-0.023809523809523836,,
wearing_necktie,0.6367378727191811,0.6375166889185581,single,chubby,pclarc,0,0.6297285269247885,0.007009345794392607,,
young,0.8526392961876833,0.9225317693059628,single,chubby,pclarc,0,0.8528836754643205,-0.0002443792766372299,,
5_o_clock_shadow,0.5277777777777778,0.5599116161616162,single,chubby,pclarc,1,0.543939393939394,-0.016161616161616155,,
arched_eyebrows,0.5739590756388069,0.5997149546981574,single,chubby,pclarc,1,0.5739590756388069,0.0,,
attractive,0.5056326187473729,0.5506515342580918,single,chubby,pclarc,1,0.5056326187473729,0.0,,
bags_under_eyes,0.5017045454545455,0.43742897727272734,single,chubby,pclarc,1,0.49261363636363636,0.009090909090909094,,
bald,0.6784587193321796,0.7910007126132546,single,chubby,pclarc,1,0.6784587193321796,0.0,,
bangs,0.7819345311346295,0.8823529411764705,single,chubby,pclarc,1,0.7819345311346295,0.0,,
big_lips,0.5012082158679018,0.48836085380588,single,chubby,pclarc,1,0.5038260169150222,-0.002617801047120394,,
big_nose,0.5979064039408867,0.6475369458128079,single,chubby,pclarc,1,0.5979064039408867,0.0,,
black_hair,0.7421875,0.87451171875,single,chubby,pclarc,1,0.7421875,0.0,,
blond_hair,0.8931823775535319,0.9379768643859218,single,chubby,pclarc,1,0.8910903273443269,0.0020920502092049986,,
blurry,0.6612021857923497,0.6338797814207651,single,chubby,pclarc,1,0.6174863387978142,0.04371584699453546,,
brown_hair,0.6617647058823529,0.8204948646125116,single,chubby,pclarc,1,0.6596638655462185,0.0021008403361344463,,
bushy_eyebrows,0.5298092209856916,0.5113937466878643,single,chubby,pclarc,1,0.5298092209856916,0.0,,
chubby,0.66015625,0.76873779296875,single,chubby,pclarc,1,0.65625,0.00390625,,
double_chin,0.6077898550724637,0.7030495169082126,single,chubby,pclarc,1,0.6105072463768115,-0.0027173913043477826,,
eyeglasses,0.8911807847451412,0.9587458745874587,single,chubby,pclarc,1,0.8911807847451412,0.0,,
goatee,0.6358585858585859,0.7441919191919192,single,chubby,pclarc,1,0.6265151515151515,0.009343434343434431,,
gray_hair,0.7760573476702508,0.8966308243727599,single,chubby,pclarc,1,0.7805017921146953,-0.004444444444444473,,
heavy_makeup,0.5467728001974577,0.6094039244724176,single,chubby,pclarc,1,0.5444896951746266,0.0022831050228310223,,
high_cheekbones,0.4701970443349754,0.4030788177339901,single,chubby,pclarc,1,0.4745073891625616,-0.004310344827586188,,
male,0.981283422459893,0.9770595985429745,single,chubby,pclarc,1,0.981283422459893,0.0,,
mouth_slightly_open,0.49505343511450384,0.47438167938931297,single,chubby,pclarc,1,0.4988702290076336,-0.0038167938931297773,,
mustache,0.735696463907769,0.8290458573518025,single,chubby,pclarc,1,0.735696463907769,0.0,,
narrow_eyes,0.6068176771041528,0.6107039751276927,single,chubby,pclarc,1,0.608927381745503,-0.002109704641350185,,
no_beard,0.5362220935469343,0.5668789808917196,single,chubby,pclarc,1,0.5362220935469343,0.0,,
oval_face,0.5045817570407735,0.49272803699033213,single,chubby,pclarc,1,0.5045817570407735,0.0,,
pale_skin,0.6195121951219512,0.7995934959349594,single,chubby,pclarc,1,0.6195121951219512,0.0,,
pointy_nose,0.5202020202020202,0.48964646464646466,single,chubby,pclarc,1,0.5202020202020202,0.0,,
receding_hairline,0.48587641866330394,0.5391340899537621,single,chubby,pclarc,1,0.49663724253888186,-0.010760823875577918,,
rosy_cheeks,0.6566951566951567,0.7565685343463122,single,chubby,pclarc,1,0.6566951566951567,0.0,,
sideburns,0.5868310015545193,0.6155896069287141,single,chubby,pclarc,1,0.5889407061958695,-0.002109704641350185,,
smiling,0.83003663003663,0.9381562881562882,single,chubby,pclarc,1,0.83003663003663,0.0,,
straight_hair,0.4859943977591036,0.4831932773109244,single,chubby,pclarc,1,0.4561157796451914,0.02987861811391218,,
wavy_hair,0.6076329331046312,0.5868353344768439,single,chubby,pclarc,1,0.6076329331046312,0.0,,
wearing_earrings,0.6930757414628382,0.7741935483870968,single,chubby,pclarc,1,0.7058962542833511,-0.012820512820512886,,
wearing_hat,0.8706687730384413,0.9150078988941548,single,chubby,pclarc,1,0.8706687730384413,0.0,,
wearing_lipstick,0.4533695160560832,0.45373134328358206,single,chubby,pclarc,1,0.45585707824513794,-0.002487562189054715,,
wearing_necklace,0.5627152988855116,0.6624113475177305,single,chubby,pclarc,1,0.6082066869300912,-0.04549138804457953,,
wearing_necktie,0.6320649755229194,0.6367378727191811,single,chubby,pclarc,1,0.6297285269247885,0.002336448598130869,,
young,0.8566715542521994,0.9232038123167156,single,chubby,pclarc,1,0.8528836754643205,0.0037878787878788955,,
5_o_clock_shadow,0.5300505050505051,0.5611111111111111,single,chubby,pclarc,2,0.543939393939394,-0.01388888888888884,,
arched_eyebrows,0.5739590756388069,0.6002239641657335,single,chubby,pclarc,2,0.5739590756388069,0.0,,
attractive,0.5056326187473729,0.5503993274485077,single,chubby,pclarc,2,0.5056326187473729,0.0,,
bags_under_eyes,0.49261363636363636,0.43714488636363646,single,chubby,pclarc,2,0.49261363636363636,0.0,,
bald,0.6784587193321796,0.7908989107197394,single,chubby,pclarc,2,0.6784587193321796,0.0,,
bangs,0.7819345311346295,0.8828451882845187,single,chubby,pclarc,2,0.7819345311346295,0.0,,
big_lips,0.5038260169150222,0.48924687877567463,single,chubby,pclarc,2,0.5038260169150222,0.0,,
big_nose,0.5979064039408867,0.6474137931034483,single,chubby,pclarc,2,0.5979064039408867,0.0,,
black_hair,0.7421875,0.8745930989583335,single,chubby,pclarc,2,0.7421875,0.0,,
blond_hair,0.8910903273443269,0.9377307408318978,single,chubby,pclarc,2,0.8910903273443269,0.0,,
blurry,0.6591530054644809,0.6345628415300546,single,chubby,pclarc,2,0.6174863387978142,0.04166666666666663,,
brown_hair,0.6638655462184874,0.8216619981325863,single,chubby,pclarc,2,0.6596638655462185,0.004201680672268893,,
bushy_eyebrows,0.5298092209856916,0.5105988341282459,single,chubby,pclarc,2,0.5298092209856916,0.0,,
chubby,0.66015625,0.768798828125,single,chubby,pclarc,2,0.65625,0.00390625,,
double_chin,0.6077898550724637,0.7038043478260869,single,chubby,pclarc,2,0.6105072463768115,-0.0027173913043477826,,
eyeglasses,0.8911807847451412,0.9595709570957096,single,chubby,pclarc,2,0.8911807847451412,0.0,,
goatee,0.6287878787878788,0.7417929292929293,single,chubby,pclarc,2,0.6265151515151515,0.002272727272727315,,
gray_hair,0.7827240143369176,0.8960573476702509,single,chubby,pclarc,2,0.7805017921146953,0.0022222222222223476,,
heavy_makeup,0.5467728001974577,0.6092805133901025,single,chubby,pclarc,2,0.5444896951746266,0.0022831050228310223,,
high_cheekbones,0.4745073891625616,0.4014162561576355,single,chubby,pclarc,2,0.4745073891625616,0.0,,
male,0.981283422459893,0.9769820971867007,single,chubby,pclarc,2,0.981283422459893,0.0,,
mouth_slightly_open,0.49505343511450384,0.47456488549618314,single,chubby,pclarc,2,0.4988702290076336,-0.0038167938931297773,,
mustache,0.735696463907769,0.8296481115030543,single,chubby,pclarc,2,0.735696463907769,0.0,,
narrow_eyes,0.608927381745503,0.6131467910282034,single,chubby,pclarc,2,0.608927381745503,0.0,,
no_beard,0.5394068069227305,0.5672650067554525,single,chubby,pclarc,2,0.5362220935469343,0.0031847133757961776,,
oval_face,0.5045817570407735,0.4914670029424128,single,chubby,pclarc,2,0.5045817570407735,0.0,,
pale_skin,0.6195121951219512,0.7975609756097561,single,chubby,pclarc,2,0.6195121951219512,0.0,,
pointy_nose,0.5224747474747475,0.4916666666666667,single,chubby,pclarc,2,0.5202020202020202,0.002272727272727315,,
receding_hairline,0.4940731399747793,0.5386296763345944,single,chubby,pclarc,2,0.49663724253888186,-0.002564102564102555,,
rosy_cheeks,0.658752769863881,0.7565685343463121,single,chubby,pclarc,2,0.6566951566951567,0.002057613168724326,,
sideburns,0.5868310015545193,0.6144792360648457,single,chubby,pclarc,2,0.5889407061958695,-0.002109704641350185,,
smiling,0.83003663003663,0.937973137973138,single,chubby,pclarc,2,0.83003663003663,0.0,,
straight_hair,0.4561157796451914,0.48459383753501395,single,chubby,pclarc,2,0.4561157796451914,0.0,,
wavy_hair,0.6076329331046312,0.5868353344768439,single,chubby,pclarc,2,0.6076329331046312,0.0,,
wearing_earrings,0.7058962542833511,0.7741935483870968,single,chubby,pclarc,2,0.7058962542833511,0.0,,
wearing_hat,0.8706687730384413,0.915850447604002,single,chubby,pclarc,2,0.8706687730384413,0.0,,
wearing_lipstick,0.45834464043419265,0.4540027137042063,single,chubby,pclarc,2,0.45585707824513794,0.002487562189054715,,
wearing_necklace,0.5843971631205673,0.6603850050658562,single,chubby,pclarc,2,0.6082066869300912,-0.023809523809523836,,
wearing_necktie,0.6320649755229194,0.6379617267467734,single,chubby,pclarc,2,0.6297285269247885,0.002336448598130869,,
young,0.8566715542521994,0.922348484848485,single,chubby,pclarc,2,0.8528836754643205,0.0037878787878788955,,
5_o_clock_shadow,0.543939393939394,0.5598484848484849,single,chubby,pclarc,3,0.543939393939394,0.0,,
arched_eyebrows,0.5739590756388069,0.6017509925684618,single,chubby,pclarc,3,0.5739590756388069,0.0,,
attractive,0.5056326187473729,0.5498108448928121,single,chubby,pclarc,3,0.5056326187473729,0.0,,
bags_under_eyes,0.49261363636363636,0.4369318181818182,single,chubby,pclarc,3,0.49261363636363636,0.0,,
bald,0.6784587193321796,0.7905935050391937,single,chubby,pclarc,3,0.6784587193321796,0.0,,
bangs,0.7819345311346295,0.8825990647304948,single,chubby,pclarc,3,0.7819345311346295,0.0,,
big_lips,0.5038260169150222,0.48852194925493353,single,chubby,pclarc,3,0.5038260169150222,0.0,,
big_nose,0.5979064039408867,0.6488300492610838,single,chubby,pclarc,3,0.5979064039408867,0.0,,
black_hair,0.7421875,0.8752441406249999,single,chubby,pclarc,3,0.7421875,0.0,,
blond_hair,0.8931823775535319,0.9382229879399459,single,chubby,pclarc,3,0.8910903273443269,0.0020920502092049986,,
blurry,0.657103825136612,0.6355874316939891,single,chubby,pclarc,3,0.6174863387978142,0.0396174863387978,,
brown_hair,0.6638655462184874,0.8204948646125116,single,chubby,pclarc,3,0.6596638655462185,0.004201680672268893,,
bushy_eyebrows,0.5298092209856916,0.5115262321144673,single,chubby,pclarc,3,0.5298092209856916,0.0,,
chubby,0.66015625,0.76800537109375,single,chubby,pclarc,3,0.65625,0.00390625,,
double_chin,0.605072463768116,0.7037288647342995,single,chubby,pclarc,3,0.6105072463768115,-0.005434782608695565,,
eyeglasses,0.8911807847451412,0.9592959295929593,single,chubby,pclarc,3,0.8911807847451412,0.0,,
goatee,0.6103535353535353,0.7416666666666667,single,chubby,pclarc,3,0.6265151515151515,-0.016161616161616155,,
gray_hair,0.7805017921146953,0.8956272401433691,single,chubby,pclarc,3,0.7805017921146953,0.0,,
heavy_makeup,0.5467728001974577,0.6090336912254721,single,chubby,pclarc,3,0.5444896951746266,0.0022831050228310223,,
high_cheekbones,0.4745073891625616,0.4014778325123153,single,chubby,pclarc,3,0.4745073891625616,0.0,,
male,0.981283422459893,0.976904595830427,single,chubby,pclarc,3,0.981283422459893,0.0,,
mouth_slightly_open,0.5028702290076336,0.47572519083969467,single,chubby,pclarc,3,0.4988702290076336,0.003999999999999948,,
mustache,0.735696463907769,0.8293039662737676,single,chubby,pclarc,3,0.735696463907769,0.0,,
narrow_eyes,0.608927381745503,0.6129247168554297,single,chubby,pclarc,3,0.608927381745503,0.0,,
no_beard,0.5362220935469343,0.5671363314675416,single,chubby,pclarc,3,0.5362220935469343,0.0,,
oval_face,0.5045817570407735,0.49424127784783517,single,chubby,pclarc,3,0.5045817570407735,0.0,,
pale_skin,0.6195121951219512,0.7959349593495935,single,chubby,pclarc,3,0.6195121951219512,0.0,,
pointy_nose,0.5202020202020202,0.4901515151515152,single,chubby,pclarc,3,0.5202020202020202,0.0,,
receding_hairline,0.4992013451029844,0.5396385035729298,single,chubby,pclarc,3,0.49663724253888186,0.002564102564102555,,
rosy_cheeks,0.658752769863881,0.757201646090535,single,chubby,pclarc,3,0.6566951566951567,0.002057613168724326,,
sideburns,0.5889407061958695,0.6151454585831668,single,chubby,pclarc,3,0.5889407061958695,0.0,,
smiling,0.83003663003663,0.9380952380952381,single,chubby,pclarc,3,0.83003663003663,0.0,,
straight_hair,0.4561157796451914,0.4829598506069094,single,chubby,pclarc,3,0.4561157796451914,0.0,,
wavy_hair,0.6076329331046312,0.5858704974271013,single,chubby,pclarc,3,0.6076329331046312,0.0,,
wearing_earrings,0.7058962542833511,0.7733664185277088,single,chubby,pclarc,3,0.7058962542833511,0.0,,
wearing_hat,0.8706687730384413,0.9154291732490785,single,chubby,pclarc,3,0.8706687730384413,0.0,,
wearing_lipstick,0.4608322026232474,0.4533695160560832,single,chubby,pclarc,3,0.45585707824513794,0.004975124378109486,,
wearing_necklace,0.5627152988855116,0.6597771023302937,single,chubby,pclarc,3,0.6082066869300912,-0.04549138804457953,,
wearing_necktie,0.6320649755229194,0.6379617267467734,single,chubby,pclarc,3,0.6297285269247885,0.002336448598130869,,
young,0.8528836754643205,0.9229594330400782,single,chubby,pclarc,3,0.8528836754643205,0.0,,
5_o_clock_shadow,0.5300505050505051,0.5599747474747475,single,chubby,pclarc,4,0.543939393939394,-0.01388888888888884,,
arched_eyebrows,0.5739590756388069,0.6017509925684618,single,chubby,pclarc,4,0.5739590756388069,0.0,,
attractive,0.5056326187473729,0.5492223623371164,single,chubby,pclarc,4,0.5056326187473729,0.0,,
bags_under_eyes,0.49261363636363636,0.4356534090909091,single,chubby,pclarc,4,0.49261363636363636,0.0,,
bald,0.6784587193321796,0.7910007126132546,single,chubby,pclarc,4,0.6784587193321796,0.0,,
bangs,0.7840265813438345,0.8825990647304948,single,chubby,pclarc,4,0.7819345311346295,0.0020920502092049986,,
big_lips,0.5038260169150222,0.4894885219492549,single,chubby,pclarc,4,0.5038260169150222,0.0,,
big_nose,0.5979064039408867,0.6475985221674876,single,chubby,pclarc,4,0.5979064039408867,0.0,,
black_hair,0.7421875,0.87548828125,single,chubby,pclarc,4,0.7421875,0.0,,
blond_hair,0.8910903273443269,0.9374846172778735,single,chubby,pclarc,4,0.8910903273443269,0.0,,
blurry,0.6591530054644809,0.6342213114754098,single,chubby,pclarc,4,0.6174863387978142,0.04166666666666663,,
brown_hair,0.6596638655462185,0.8223622782446312,single,chubby,pclarc,4,0.6596638655462185,0.0,,
bushy_eyebrows,0.5298092209856916,0.5132485426603073,single,chubby,pclarc,4,0.5298092209856916,0.0,,
chubby,0.65625,0.768035888671875,single,chubby,pclarc,4,0.65625,0.0,,
double_chin,0.605072463768116,0.7029740338164252,single,chubby,pclarc,4,0.6105072463768115,-0.005434782608695565,,
eyeglasses,0.8911807847451412,0.958929226255959,single,chubby,pclarc,4,0.8911807847451412,0.0,,
goatee,0.6287878787878788,0.7425505050505051,single,chubby,pclarc,4,0.6265151515151515,0.002272727272727315,,
gray_hair,0.7805017921146953,0.895483870967742,single,chubby,pclarc,4,0.7805017921146953,0.0,,
heavy_makeup,0.5444896951746266,0.6095273355547329,single,chubby,pclarc,4,0.5444896951746266,0.0,,
high_cheekbones,0.4745073891625616,0.40123152709359605,single,chubby,pclarc,4,0.4745073891625616,0.0,,
male,0.981283422459893,0.976904595830427,single,chubby,pclarc,4,0.981283422459893,0.0,,
mouth_slightly_open,0.5028702290076336,0.4737709923664122,single,chubby,pclarc,4,0.4988702290076336,0.003999999999999948,,
mustache,0.735696463907769,0.8294760388884109,single,chubby,pclarc,4,0.735696463907769,0.0,,
narrow_eyes,0.608927381745503,0.6115922718187874,single,chubby,pclarc,4,0.608927381745503,0.0,,
no_beard,0.5394068069227305,0.567200669111497,single,chubby,pclarc,4,0.5362220935469343,0.0031847133757961776,,
oval_face,0.507145859604876,0.49281210592686,single,chubby,pclarc,4,0.5045817570407735,0.002564102564102555,,
pale_skin,0.6195121951219512,0.7934959349593496,single,chubby,pclarc,4,0.6195121951219512,0.0,,
pointy_nose,0.5224747474747475,0.49078282828282827,single,chubby,pclarc,4,0.5202020202020202,0.002272727272727315,,
receding_hairline,0.4940731399747793,0.539386296763346,single,chubby,pclarc,4,0.49663724253888186,-0.002564102564102555,,
rosy_cheeks,0.658752769863881,0.7556188667299779,single,chubby,pclarc,4,0.6566951566951567,0.002057613168724326,,
sideburns,0.5889407061958695,0.6162558294470354,single,chubby,pclarc,4,0.5889407061958695,0.0,,
smiling,0.83003663003663,0.9384004884004884,single,chubby,pclarc,4,0.83003663003663,0.0,,
straight_hair,0.4561157796451914,0.4827264239028945,single,chubby,pclarc,4,0.4561157796451914,0.0,,
wavy_hair,0.6076329331046312,0.5867281303602059,single,chubby,pclarc,4,0.6076329331046312,0.0,,
wearing_earrings,0.7082004017487888,0.7738390641616447,single,chubby,pclarc,4,0.7058962542833511,0.0023041474654377225,,
wearing_hat,0.8706687730384413,0.9143759873617694,single,chubby,pclarc,4,0.8706687730384413,0.0,,
wearing_lipstick,0.45834464043419265,0.4547263681592039,single,chubby,pclarc,4,0.45585707824513794,0.002487562189054715,,
wearing_necklace,0.5627152988855116,0.6603850050658562,single,chubby,pclarc,4,0.6082066869300912,-0.04549138804457953,,
wearing_necktie,0.6273920783266578,0.6372941700044503,single,chubby,pclarc,4,0.6297285269247885,-0.002336448598130758,,
young,0.8528836754643205,0.9226539589442816,single,chubby,pclarc,4,0.8528836754643205,0.0,,
5_o_clock_shadow,0.543939393939394,0.5594696969696968,single,chubby,pclarc,5,0.543939393939394,0.0,,
arched_eyebrows,0.5739590756388069,0.5999185584851878,single,chubby,pclarc,5,0.5739590756388069,0.0,,
attractive,0.5056326187473729,0.5519125683060109,single,chubby,pclarc,5,0.5056326187473729,0.0,,
bags_under_eyes,0.4954545454545455,0.43600852272727275,single,chubby,pclarc,5,0.49261363636363636,0.002840909090909116,,
bald,0.6784587193321796,0.7913061182938003,single,chubby,pclarc,5,0.6784587193321796,0.0,,
bangs,0.7819345311346295,0.8818606940684224,single,chubby,pclarc,5,0.7819345311346295,0.0,,
big_lips,0.5038260169150222,0.4869109947643979,single,chubby,pclarc,5,0.5038260169150222,0.0,,
big_nose,0.5979064039408867,0.6457512315270936,single,chubby,pclarc,5,0.5979064039408867,0.0,,
black_hair,0.7421875,0.873779296875,single,chubby,pclarc,5,0.7421875,0.0,,
blond_hair,0.8910903273443269,0.9372384937238494,single,chubby,pclarc,5,0.8910903273443269,0.0,,
blurry,0.619535519125683,0.619535519125683,single,chubby,pclarc,5,0.6174863387978142,0.002049180327868827,,
brown_hair,0.6638655462184874,0.8207282913165266,single,chubby,pclarc,5,0.6596638655462185,0.004201680672268893,,
bushy_eyebrows,0.5298092209856916,0.5123211446740858,single,chubby,pclarc,5,0.5298092209856916,0.0,,
chubby,0.65625,0.76800537109375,single,chubby,pclarc,5,0.65625,0.0,,
double_chin,0.6077898550724637,0.7013888888888888,single,chubby,pclarc,5,0.6105072463768115,-0.0027173913043477826,,
eyeglasses,0.8961312797946461,0.9590209020902091,single,chubby,pclarc,5,0.8911807847451412,0.004950495049504955,,
goatee,0.6103535353535353,0.7416666666666667,single,chubby,pclarc,5,0.6265151515151515,-0.016161616161616155,,
gray_hair,0.7782795698924732,0.8966308243727599,single,chubby,pclarc,5,0.7805017921146953,-0.0022222222222221255,,
heavy_makeup,0.5467728001974577,0.6080464025669505,single,chubby,pclarc,5,0.5444896951746266,0.0022831050228310223,,
high_cheekbones,0.4745073891625616,0.40172413793103445,single,chubby,pclarc,5,0.4745073891625616,0.0,,
male,0.981283422459893,0.9769820971867007,single,chubby,pclarc,5,0.981283422459893,0.0,,
mouth_slightly_open,0.4948702290076336,0.4756641221374046,single,chubby,pclarc,5,0.4988702290076336,-0.0040000000000000036,,
mustache,0.7272218876365826,0.8280994579712638,single,chubby,pclarc,5,0.735696463907769,-0.008474576271186418,,
narrow_eyes,0.608927381745503,0.6124805685098823,single,chubby,pclarc,5,0.608927381745503,0.0,,
no_beard,0.5362220935469343,0.566235604452165,single,chubby,pclarc,5,0.5362220935469343,0.0,,
oval_face,0.507145859604876,0.49449348465741905,single,chubby,pclarc,5,0.5045817570407735,0.002564102564102555,,
pale_skin,0.6195121951219512,0.7943089430894309,single,chubby,pclarc,5,0.6195121951219512,0.0,,
pointy_nose,0.5224747474747475,0.49292929292929294,single,chubby,pclarc,5,0.5202020202020202,0.002272727272727315,,
receding_hairline,0.49100462379150905,0.5387978142076504,single,chubby,pclarc,5,0.49663724253888186,-0.005632618747372808,,
rosy_cheeks,0.6546375435264324,0.7565685343463122,single,chubby,pclarc,5,0.6566951566951567,-0.002057613168724215,,
sideburns,0.5626249167221852,0.6151454585831667,single,chubby,pclarc,5,0.5889407061958695,-0.026315789473684292,,
smiling,0.83003663003663,0.9388278388278388,single,chubby,pclarc,5,0.83003663003663,0.0,,
straight_hair,0.45821661998132585,0.48179271708683474,single,chubby,pclarc,5,0.4561157796451914,0.0021008403361344463,,
wavy_hair,0.6076329331046312,0.5866209262435677,single,chubby,pclarc,5,0.6076329331046312,0.0,,
wearing_earrings,0.7058962542833511,0.771948481625901,single,chubby,pclarc,5,0.7058962542833511,0.0,,
wearing_hat,0.8706687730384413,0.9153238546603475,single,chubby,pclarc,5,0.8706687730384413,0.0,,
wearing_lipstick,0.4608322026232474,0.4541836273179557,single,chubby,pclarc,5,0.45585707824513794,0.004975124378109486,,
wearing_necklace,0.5584599797365755,0.6573454913880445,single,chubby,pclarc,5,0.6082066869300912,-0.049746707193515705,,
wearing_necktie,0.6392968402314196,0.6410769915442813,single,chubby,pclarc,5,0.6297285269247885,0.009568313306631104,,
young,0.8528836754643205,0.9227150537634409,single,chubby,pclarc,5,0.8528836754643205,0.0,,
5_o_clock_shadow,0.543939393939394,0.5603535353535353,single,chubby,pclarc,6,0.543939393939394,0.0,,
arched_eyebrows,0.5739590756388069,0.6004275679527639,single,chubby,pclarc,6,0.5739590756388069,0.0,,
attractive,0.5056326187473729,0.5507356031946196,single,chubby,pclarc,6,0.5056326187473729,0.0,,
bags_under_eyes,0.48636363636363633,0.43607954545454547,single,chubby,pclarc,6,0.49261363636363636,-0.006250000000000033,,
bald,0.6784587193321796,0.7910007126132546,single,chubby,pclarc,6,0.6784587193321796,0.0,,
bangs,0.7819345311346295,0.8818606940684224,single,chubby,pclarc,6,0.7819345311346295,0.0,,
big_lips,0.5012082158679018,0.4878775674587193,single,chubby,pclarc,6,0.5038260169150222,-0.002617801047120394,,
big_nose,0.5979064039408867,0.6474137931034483,single,chubby,pclarc,6,0.5979064039408867,0.0,,
black_hair,0.7421875,0.8738606770833334,single,chubby,pclarc,6,0.7421875,0.0,,
blond_hair,0.8910903273443269,0.9374846172778735,single,chubby,pclarc,6,0.8910903273443269,0.0,,
blurry,0.5799180327868853,0.6226092896174864,single,chubby,pclarc,6,0.6174863387978142,-0.037568306010928976,,
brown_hair,0.6617647058823529,0.8232959850606909,single,chubby,pclarc,6,0.6596638655462185,0.0021008403361344463,,
bushy_eyebrows,0.5298092209856916,0.5149708532061473,single,chubby,pclarc,6,0.5298092209856916,0.0,,
chubby,0.66015625,0.7691650390625,single,chubby,pclarc,6,0.65625,0.00390625,,
double_chin,0.6105072463768115,0.7014643719806763,single,chubby,pclarc,6,0.6105072463768115,0.0,,
eyeglasses,0.8936560322698937,0.9587458745874589,single,chubby,pclarc,6,0.8911807847451412,0.0024752475247524774,,
goatee,0.6103535353535353,0.7411616161616162,single,chubby,pclarc,6,0.6265151515151515,-0.016161616161616155,,
gray_hair,0.7805017921146953,0.8963440860215054,single,chubby,pclarc,6,0.7805017921146953,0.0,,
heavy_makeup,0.5467728001974577,0.6061952363322227,single,chubby,pclarc,6,0.5444896951746266,0.0022831050228310223,,
high_cheekbones,0.4745073891625616,0.40240147783251234,single,chubby,pclarc,6,0.4745073891625616,0.0,,
male,0.981283422459893,0.9770595985429745,single,chubby,pclarc,6,0.981283422459893,0.0,,
mouth_slightly_open,0.49105343511450383,0.4756641221374046,single,chubby,pclarc,6,0.4988702290076336,-0.007816793893129781,,
mustache,0.7272218876365826,0.8285296395078723,single,chubby,pclarc,6,0.735696463907769,-0.008474576271186418,,
narrow_eyes,0.6068176771041528,0.6120364201643349,single,chubby,pclarc,6,0.608927381745503,-0.002109704641350185,,
no_beard,0.5394068069227305,0.5672006691114971,single,chubby,pclarc,6,0.5362220935469343,0.0031847133757961776,,
oval_face,0.507145859604876,0.4949138293400588,single,chubby,pclarc,6,0.5045817570407735,0.002564102564102555,,
pale_skin,0.6195121951219512,0.7930894308943089,single,chubby,pclarc,6,0.6195121951219512,0.0,,
pointy_nose,0.5247474747474747,0.490530303030303,single,chubby,pclarc,6,0.5202020202020202,0.004545454545454519,,
receding_hairline,0.4884405212274065,0.5402269861286255,single,chubby,pclarc,6,0.49663724253888186,-0.008196721311475363,,
rosy_cheeks,0.6566951566951567,0.7565685343463121,single,chubby,pclarc,6,0.6566951566951567,0.0,,
sideburns,0.5889407061958695,0.6149233844103931,single,chubby,pclarc,6,0.5889407061958695,0.0,,
smiling,0.83003663003663,0.9388888888888889,single,chubby,pclarc,6,0.83003663003663,0.0,,
straight_hair,0.45821661998132585,0.48342670401493937,single,chubby,pclarc,6,0.4561157796451914,0.0021008403361344463,,
wavy_hair,0.6076329331046312,0.5852272727272727,single,chubby,pclarc,6,0.6076329331046312,0.0,,
wearing_earrings,0.7058962542833511,0.7733664185277088,single,chubby,pclarc,6,0.7058962542833511,0.0,,
wearing_hat,0.8706687730384413,0.9138493944181147,single,chubby,pclarc,6,0.8706687730384413,0.0,,
wearing_lipstick,0.45834464043419265,0.4533695160560832,single,chubby,pclarc,6,0.45585707824513794,0.002487562189054715,,
wearing_necklace,0.5822695035460993,0.660790273556231,single,chubby,pclarc,6,0.6082066869300912,-0.02593718338399187,,
wearing_necktie,0.6392968402314196,0.6387405429461503,single,chubby,pclarc,6,0.6297285269247885,0.009568313306631104,,
young,0.8528836754643205,0.9226539589442816,single,chubby,pclarc,6,0.8528836754643205,0.0,,
5_o_clock_shadow,0.5416666666666667,0.5584595959595959,single,chubby,pclarc,7,0.543939393939394,-0.002272727272727204,,
arched_eyebrows,0.5739590756388069,0.6014455868879162,single,chubby,pclarc,7,0.5739590756388069,0.0,,
attractive,0.5056326187473729,0.5509037410676755,single,chubby,pclarc,7,0.5056326187473729,0.0,,
bags_under_eyes,0.49261363636363636,0.43607954545454547,single,chubby,pclarc,7,0.49261363636363636,0.0,,
bald,0.6784587193321796,0.7911025145067698,single,chubby,pclarc,7,0.6784587193321796,0.0,,
bangs,0.7819345311346295,0.8813684469603741,single,chubby,pclarc,7,0.7819345311346295,0.0,,
big_lips,0.5012082158679018,0.4874748288360854,single,chubby,pclarc,7,0.5038260169150222,-0.002617801047120394,,
big_nose,0.5979064039408867,0.6458743842364532,single,chubby,pclarc,7,0.5979064039408867,0.0,,
black_hair,0.7421875,0.8739420572916666,single,chubby,pclarc,7,0.7421875,0.0,,
blond_hair,0.8910903273443269,0.9372384937238494,single,chubby,pclarc,7,0.8910903273443269,0.0,,
blurry,0.5758196721311475,0.6219262295081966,single,chubby,pclarc,7,0.6174863387978142,-0.04166666666666674,,
brown_hair,0.6596638655462185,0.8218954248366013,single,chubby,pclarc,7,0.6596638655462185,0.0,,
bushy_eyebrows,0.5298092209856916,0.5140434552199258,single,chubby,pclarc,7,0.5298092209856916,0.0,,
chubby,0.65625,0.76885986328125,single,chubby,pclarc,7,0.65625,0.0,,
double_chin,0.6105072463768115,0.7012379227053139,single,chubby,pclarc,7,0.6105072463768115,0.0,,
eyeglasses,0.8911807847451412,0.9589292262559589,single,chubby,pclarc,7,0.8911807847451412,0.0,,
goatee,0.6080808080808081,0.7419191919191919,single,chubby,pclarc,7,0.6265151515151515,-0.01843434343434336,,
gray_hair,0.7805017921146953,0.8962007168458781,single,chubby,pclarc,7,0.7805017921146953,0.0,,
heavy_makeup,0.5467728001974577,0.6053313587560163,single,chubby,pclarc,7,0.5444896951746266,0.0022831050228310223,,
high_cheekbones,0.46662561576354683,0.4027093596059113,single,chubby,pclarc,7,0.4745073891625616,-0.007881773399014746,,
male,0.981283422459893,0.9769820971867007,single,chubby,pclarc,7,0.981283422459893,0.0,,
mouth_slightly_open,0.4948702290076336,0.47480916030534354,single,chubby,pclarc,7,0.4988702290076336,-0.0040000000000000036,,
mustache,0.7272218876365826,0.8274972038200119,single,chubby,pclarc,7,0.735696463907769,-0.008474576271186418,,
narrow_eyes,0.608927381745503,0.6140350877192982,single,chubby,pclarc,7,0.608927381745503,0.0,,
no_beard,0.5362220935469343,0.5664286173840314,single,chubby,pclarc,7,0.5362220935469343,0.0,,
oval_face,0.507145859604876,0.494661622530475,single,chubby,pclarc,7,0.5045817570407735,0.002564102564102555,,
pale_skin,0.6195121951219512,0.7939024390243902,single,chubby,pclarc,7,0.6195121951219512,0.0,,
pointy_nose,0.5224747474747475,0.49040404040404045,single,chubby,pclarc,7,0.5202020202020202,0.002272727272727315,,
receding_hairline,0.48587641866330394,0.5406473308112651,single,chubby,pclarc,7,0.49663724253888186,-0.010760823875577918,,
rosy_cheeks,0.6566951566951567,0.757201646090535,single,chubby,pclarc,7,0.6566951566951567,0.0,,
sideburns,0.5626249167221852,0.6142571618920719,single,chubby,pclarc,7,0.5889407061958695,-0.026315789473684292,,
smiling,0.83003663003663,0.9390720390720391,single,chubby,pclarc,7,0.83003663003663,0.0,,
straight_hair,0.4561157796451914,0.48389355742296913,single,chubby,pclarc,7,0.4561157796451914,0.0,,
wavy_hair,0.6076329331046312,0.5850128644939966,single,chubby,pclarc,7,0.6076329331046312,0.0,,
wearing_earrings,0.7035921068179133,0.7734845799361928,single,chubby,pclarc,7,0.7058962542833511,-0.0023041474654378336,,
wearing_hat,0.8706687730384413,0.9141653501843076,single,chubby,pclarc,7,0.8706687730384413,0.0,,
wearing_lipstick,0.4608322026232474,0.4514699231117142,single,chubby,pclarc,7,0.45585707824513794,0.004975124378109486,,
wearing_necklace,0.6082066869300912,0.6609929078014185,single,chubby,pclarc,7,0.6082066869300912,0.0,,
wearing_necktie,0.6392968402314196,0.6394080996884735,single,chubby,pclarc,7,0.6297285269247885,0.009568313306631104,,
young,0.8488514173998045,0.9227150537634409,single,chubby,pclarc,7,0.8528836754643205,-0.004032258064516014,,
5_o_clock_shadow,0.5323232323232323,0.559469696969697,single,chubby,pclarc,8,0.543939393939394,-0.011616161616161635,,
arched_eyebrows,0.5739590756388069,0.5997149546981574,single,chubby,pclarc,8,0.5739590756388069,0.0,,
attractive,0.5056326187473729,0.5493064312736444,single,chubby,pclarc,8,0.5056326187473729,0.0,,
bags_under_eyes,0.4892045454545455,0.4355823863636364,single,chubby,pclarc,8,0.49261363636363636,-0.0034090909090908617,,
bald,0.6784587193321796,0.7913061182938003,single,chubby,pclarc,8,0.6784587193321796,0.0,,
bangs,0.7798424809254245,0.8811223234063499,single,chubby,pclarc,8,0.7819345311346295,-0.0020920502092049986,,
big_lips,0.5038260169150222,0.4843334675795409,single,chubby,pclarc,8,0.5038260169150222,0.0,,
big_nose,0.5979064039408867,0.646243842364532,single,chubby,pclarc,8,0.5979064039408867,0.0,,
black_hair,0.7395833333333333,0.8744303385416666,single,chubby,pclarc,8,0.7421875,-0.0026041666666667407,,
blond_hair,0.8931823775535319,0.9369923701698253,single,chubby,pclarc,8,0.8910903273443269,0.0020920502092049986,,
blurry,0.5778688524590163,0.6133879781420766,single,chubby,pclarc,8,0.6174863387978142,-0.039617486338797914,,
brown_hair,0.6638655462184874,0.823062558356676,single,chubby,pclarc,8,0.6596638655462185,0.004201680672268893,,
bushy_eyebrows,0.5298092209856916,0.514308426073132,single,chubby,pclarc,8,0.5298092209856916,0.0,,
chubby,0.66015625,0.770660400390625,single,chubby,pclarc,8,0.65625,0.00390625,,
double_chin,0.6008454106280193,0.6995772946859904,single,chubby,pclarc,8,0.6105072463768115,-0.009661835748792202,,
eyeglasses,0.8961312797946461,0.9586541987532087,single,chubby,pclarc,8,0.8911807847451412,0.004950495049504955,,
goatee,0.6103535353535353,0.7428030303030303,single,chubby,pclarc,8,0.6265151515151515,-0.016161616161616155,,
gray_hair,0.7805017921146953,0.8969175627240142,single,chubby,pclarc,8,0.7805017921146953,0.0,,
heavy_makeup,0.5490559052202888,0.6048377144267556,single,chubby,pclarc,8,0.5444896951746266,0.004566210045662156,,
high_cheekbones,0.46662561576354683,0.4030172413793104,single,chubby,pclarc,8,0.4745073891625616,-0.007881773399014746,,
male,0.981283422459893,0.9770595985429745,single,chubby,pclarc,8,0.981283422459893,0.0,,
mouth_slightly_open,0.4988702290076336,0.47505343511450376,single,chubby,pclarc,8,0.4988702290076336,0.0,,
mustache,0.7272218876365826,0.827497203820012,single,chubby,pclarc,8,0.735696463907769,-0.008474576271186418,,
narrow_eyes,0.6110370863868532,0.6107039751276926,single,chubby,pclarc,8,0.608927381745503,0.002109704641350185,,
no_beard,0.5394068069227305,0.5667503056038088,single,chubby,pclarc,8,0.5362220935469343,0.0031847133757961776,,
oval_face,0.507145859604876,0.49457755359394706,single,chubby,pclarc,8,0.5045817570407735,0.002564102564102555,,
pale_skin,0.6195121951219512,0.7922764227642276,single,chubby,pclarc,8,0.6195121951219512,0.0,,
pointy_nose,0.5085858585858586,0.48851010101010106,single,chubby,pclarc,8,0.5202020202020202,-0.011616161616161635,,
receding_hairline,0.4884405212274065,0.5404791929382093,single,chubby,pclarc,8,0.49663724253888186,-0.008196721311475363,,
rosy_cheeks,0.6566951566951567,0.7565685343463122,single,chubby,pclarc,8,0.6566951566951567,0.0,,
sideburns,0.5889407061958695,0.6158116811014879,single,chubby,pclarc,8,0.5889407061958695,0.0,,
smiling,0.83003663003663,0.9382173382173383,single,chubby,pclarc,8,0.83003663003663,0.0,,
straight_hair,0.45821661998132585,0.48295985060690944,single,chubby,pclarc,8,0.4561157796451914,0.0021008403361344463,,
wavy_hair,0.6099914236706689,0.5842624356775301,single,chubby,pclarc,8,0.6076329331046312,0.002358490566037763,,
wearing_earrings,0.6907715939974004,0.7758478081058726,single,chubby,pclarc,8,0.7058962542833511,-0.01512466028595072,,
wearing_hat,0.8706687730384413,0.9139547130068458,single,chubby,pclarc,8,0.8706687730384413,0.0,,
wearing_lipstick,0.45834464043419265,0.4525101763907734,single,chubby,pclarc,8,0.45585707824513794,0.002487562189054715,,
wearing_necklace,0.6103343465045592,0.6648429584599798,single,chubby,pclarc,8,0.6082066869300912,0.0021276595744680327,,
wearing_necktie,0.6463061860258121,0.6371829105473965,single,chubby,pclarc,8,0.6297285269247885,0.0165776591010236,,
young,0.8528836754643205,0.9224706744868035,single,chubby,pclarc,8,0.8528836754643205,0.0,,
5_o_clock_shadow,0.5277777777777778,0.5569444444444445,single,chubby,pclarc,9,0.543939393939394,-0.016161616161616155,,
arched_eyebrows,0.5739590756388069,0.59859513386949,single,chubby,pclarc,9,0.5739590756388069,0.0,,
attractive,0.5056326187473729,0.5492223623371164,single,chubby,pclarc,9,0.5056326187473729,0.0,,
bags_under_eyes,0.48636363636363633,0.4353693181818182,single,chubby,pclarc,9,0.49261363636363636,-0.006250000000000033,,
bald,0.6784587193321796,0.7911025145067698,single,chubby,pclarc,9,0.6784587193321796,0.0,,
bangs,0.7798424809254245,0.8813684469603742,single,chubby,pclarc,9,0.7819345311346295,-0.0020920502092049986,,
big_lips,0.5038260169150222,0.48747482883608534,single,chubby,pclarc,9,0.5038260169150222,0.0,,
big_nose,0.5979064039408867,0.6468596059113301,single,chubby,pclarc,9,0.5979064039408867,0.0,,
black_hair,0.7421875,0.8734537760416667,single,chubby,pclarc,9,0.7421875,0.0,,
blond_hair,0.8931823775535319,0.9369923701698253,single,chubby,pclarc,9,0.8910903273443269,0.0020920502092049986,,
blurry,0.6174863387978142,0.6226092896174864,single,chubby,pclarc,9,0.6174863387978142,0.0,,
brown_hair,0.6554621848739496,0.8246965452847805,single,chubby,pclarc,9,0.6596638655462185,-0.004201680672268893,,
bushy_eyebrows,0.5298092209856916,0.5145733969263381,single,chubby,pclarc,9,0.5298092209856916,0.0,,
chubby,0.65625,0.7696533203125,single,chubby,pclarc,9,0.65625,0.0,,
double_chin,0.6008454106280193,0.700558574879227,single,chubby,pclarc,9,0.6105072463768115,-0.009661835748792202,,
eyeglasses,0.8961312797946461,0.958929226255959,single,chubby,pclarc,9,0.8911807847451412,0.004950495049504955,,
goatee,0.6103535353535353,0.7422979797979797,single,chubby,pclarc,9,0.6265151515151515,-0.016161616161616155,,
gray_hair,0.7805017921146953,0.895483870967742,single,chubby,pclarc,9,0.7805017921146953,0.0,,
heavy_makeup,0.5490559052202888,0.602616314945082,single,chubby,pclarc,9,0.5444896951746266,0.004566210045662156,,
high_cheekbones,0.470935960591133,0.40295566502463054,single,chubby,pclarc,9,0.4745073891625616,-0.0035714285714285587,,
male,0.981283422459893,0.9769820971867008,single,chubby,pclarc,9,0.981283422459893,0.0,,
mouth_slightly_open,0.49105343511450383,0.47548091603053433,single,chubby,pclarc,9,0.4988702290076336,-0.007816793893129781,,
mustache,0.7297599587025725,0.8277553127419772,single,chubby,pclarc,9,0.735696463907769,-0.005936505205196507,,
narrow_eyes,0.6047079724628026,0.6120364201643349,single,chubby,pclarc,9,0.608927381745503,-0.00421940928270037,,
no_beard,0.5394068069227305,0.5658495785884322,single,chubby,pclarc,9,0.5362220935469343,0.0031847133757961776,,
oval_face,0.5045817570407735,0.4949138293400588,single,chubby,pclarc,9,0.5045817570407735,0.0,,
pale_skin,0.6195121951219512,0.7894308943089431,single,chubby,pclarc,9,0.6195121951219512,0.0,,
pointy_nose,0.5224747474747475,0.49040404040404045,single,chubby,pclarc,9,0.5202020202020202,0.002272727272727315,,
receding_hairline,0.48587641866330394,0.5382934005884825,single,chubby,pclarc,9,0.49663724253888186,-0.010760823875577918,,
rosy_cheeks,0.6566951566951567,0.7568850902184237,single,chubby,pclarc,9,0.6566951566951567,0.0,,
sideburns,0.5868310015545193,0.6147013102376194,single,chubby,pclarc,9,0.5889407061958695,-0.002109704641350185,,
smiling,0.83003663003663,0.9384615384615385,single,chubby,pclarc,9,0.83003663003663,0.0,,
straight_hair,0.4561157796451914,0.4827264239028945,single,chubby,pclarc,9,0.4561157796451914,0.0,,
wavy_hair,0.6076329331046312,0.5849056603773585,single,chubby,pclarc,9,0.6076329331046312,0.0,,
wearing_earrings,0.6930757414628382,0.7753751624719367,single,chubby,pclarc,9,0.7058962542833511,-0.012820512820512886,,
wearing_hat,0.8682991047919958,0.9141653501843076,single,chubby,pclarc,9,0.8706687730384413,-0.0023696682464454666,,
wearing_lipstick,0.4608322026232474,0.4523744911804613,single,chubby,pclarc,9,0.45585707824513794,0.004975124378109486,,
wearing_necklace,0.6103343465045592,0.667274569402229,single,chubby,pclarc,9,0.6082066869300912,0.0021276595744680327,,
wearing_necktie,0.6439697374276814,0.6365153538050734,single,chubby,pclarc,9,0.6297285269247885,0.014241210502892843,,
young,0.8528836754643205,0.9226539589442815,single,chubby,pclarc,9,0.8528836754643205,0.0,,
5_o_clock_shadow,0.5255050505050505,0.5563131313131313,single,chubby,pclarc,10,0.543939393939394,-0.01843434343434347,,
arched_eyebrows,0.5739590756388069,0.5996131528046422,single,chubby,pclarc,10,0.5739590756388069,0.0,,
attractive,0.5056326187473729,0.5500630517023959,single,chubby,pclarc,10,0.5056326187473729,0.0,,
bags_under_eyes,0.48636363636363633,0.4357954545454546,single,chubby,pclarc,10,0.49261363636363636,-0.006250000000000033,,
bald,0.6784587193321796,0.7907971088262241,single,chubby,pclarc,10,0.6784587193321796,0.0,,
bangs,0.7819345311346295,0.88112232340635,single,chubby,pclarc,10,0.7819345311346295,0.0,,
big_lips,0.5012082158679018,0.4868304470398711,single,chubby,pclarc,10,0.5038260169150222,-0.002617801047120394,,
big_nose,0.5979064039408867,0.6466133004926108,single,chubby,pclarc,10,0.5979064039408867,0.0,,
black_hair,0.7421875,0.8738606770833334,single,chubby,pclarc,10,0.7421875,0.0,,
blond_hair,0.8931823775535319,0.9372384937238494,single,chubby,pclarc,10,0.8910903273443269,0.0020920502092049986,,
blurry,0.6174863387978142,0.6226092896174864,single,chubby,pclarc,10,0.6174863387978142,0.0,,
brown_hair,0.657563025210084,0.823062558356676,single,chubby,pclarc,10,0.6596638655462185,-0.0021008403361344463,,
bushy_eyebrows,0.5298092209856916,0.5132485426603074,single,chubby,pclarc,10,0.5298092209856916,0.0,,
chubby,0.65625,0.77020263671875,single,chubby,pclarc,10,0.65625,0.0,,
double_chin,0.6077898550724637,0.7014643719806763,single,chubby,pclarc,10,0.6105072463768115,-0.0027173913043477826,,
eyeglasses,0.8911807847451412,0.9591125779244593,single,chubby,pclarc,10,0.8911807847451412,0.0,,
goatee,0.6126262626262626,0.741540404040404,single,chubby,pclarc,10,0.6265151515151515,-0.01388888888888884,,
gray_hair,0.7827240143369176,0.8966308243727599,single,chubby,pclarc,10,0.7805017921146953,0.0022222222222223476,,
heavy_makeup,0.5467728001974577,0.6058250030852771,single,chubby,pclarc,10,0.5444896951746266,0.0022831050228310223,,
high_cheekbones,0.46662561576354683,0.4014778325123153,single,chubby,pclarc,10,0.4745073891625616,-0.007881773399014746,,
male,0.981283422459893,0.9768270944741533,single,chubby,pclarc,10,0.981283422459893,0.0,,
mouth_slightly_open,0.49123664122137406,0.4748702290076336,single,chubby,pclarc,10,0.4988702290076336,-0.007633587786259555,,
mustache,0.735696463907769,0.8276692764346555,single,chubby,pclarc,10,0.735696463907769,0.0,,
narrow_eyes,0.608927381745503,0.6115922718187875,single,chubby,pclarc,10,0.608927381745503,0.0,,
no_beard,0.5394068069227305,0.5654635527246992,single,chubby,pclarc,10,0.5362220935469343,0.0031847133757961776,,
oval_face,0.5045817570407735,0.49415720891130727,single,chubby,pclarc,10,0.5045817570407735,0.0,,
pale_skin,0.6195121951219512,0.790650406504065,single,chubby,pclarc,10,0.6195121951219512,0.0,,
pointy_nose,0.5179292929292929,0.49053030303030304,single,chubby,pclarc,10,0.5202020202020202,-0.002272727272727315,,
receding_hairline,0.4884405212274065,0.5398907103825137,single,chubby,pclarc,10,0.49663724253888186,-0.008196721311475363,,
rosy_cheeks,0.6566951566951567,0.752769863880975,single,chubby,pclarc,10,0.6566951566951567,0.0,,
sideburns,0.5889407061958695,0.6158116811014879,single,chubby,pclarc,10,0.5889407061958695,0.0,,
smiling,0.83003663003663,0.9391941391941393,single,chubby,pclarc,10,0.83003663003663,0.0,,
straight_hair,0.45821661998132585,0.4827264239028945,single,chubby,pclarc,10,0.4561157796451914,0.0021008403361344463,,
wavy_hair,0.6076329331046312,0.5864065180102915,single,chubby,pclarc,10,0.6076329331046312,0.0,,
wearing_earrings,0.7058962542833511,0.7764386151482926,single,chubby,pclarc,10,0.7058962542833511,0.0,,
wearing_hat,0.8682991047919958,0.9142706687730384,single,chubby,pclarc,10,0.8706687730384413,-0.0023696682464454666,,
wearing_lipstick,0.4608322026232474,0.4530076888285844,single,chubby,pclarc,10,0.45585707824513794,0.004975124378109486,,
wearing_necklace,0.5843971631205673,0.6628166160081054,single,chubby,pclarc,10,0.6082066869300912,-0.023809523809523836,,
wearing_necktie,0.6273920783266578,0.6344014241210503,single,chubby,pclarc,10,0.6297285269247885,-0.002336448598130758,,
young,0.8528836754643205,0.9224095796676443,single,chubby,pclarc,10,0.8528836754643205,0.0,,
5_o_clock_shadow,0.5393939393939394,0.5577020202020202,single,chubby,pclarc,11,0.543939393939394,-0.004545454545454519,,
arched_eyebrows,0.5763514201364146,0.6010383793138552,single,chubby,pclarc,11,0.5739590756388069,0.0023923444976077235,,
attractive,0.5056326187473729,0.5506515342580915,single,chubby,pclarc,11,0.5056326187473729,0.0,,
bags_under_eyes,0.4892045454545455,0.43678977272727276,single,chubby,pclarc,11,0.49261363636363636,-0.0034090909090908617,,
bald,0.6784587193321796,0.7917133258678611,single,chubby,pclarc,11,0.6784587193321796,0.0,,
bangs,0.7819345311346295,0.8843219296086635,single,chubby,pclarc,11,0.7819345311346295,0.0,,
big_lips,0.5012082158679018,0.48795811518324617,single,chubby,pclarc,11,0.5038260169150222,-0.002617801047120394,,
big_nose,0.5979064039408867,0.647475369458128,single,chubby,pclarc,11,0.5979064039408867,0.0,,
black_hair,0.7395833333333333,0.8739420572916666,single,chubby,pclarc,11,0.7421875,-0.0026041666666667407,,
blond_hair,0.8931823775535319,0.9369923701698253,single,chubby,pclarc,11,0.8910903273443269,0.0020920502092049986,,
blurry,0.5758196721311475,0.6263661202185793,single,chubby,pclarc,11,0.6174863387978142,-0.04166666666666674,,
brown_hair,0.6596638655462185,0.8207282913165266,single,chubby,pclarc,11,0.6596638655462185,0.0,,
bushy_eyebrows,0.5298092209856916,0.5094064652888182,single,chubby,pclarc,11,0.5298092209856916,0.0,,
chubby,0.65625,0.76953125,single,chubby,pclarc,11,0.65625,0.0,,
double_chin,0.6077898550724637,0.7027475845410628,single,chubby,pclarc,11,0.6105072463768115,-0.0027173913043477826,,
eyeglasses,0.8936560322698937,0.9592042537587092,single,chubby,pclarc,11,0.8911807847451412,0.0024752475247524774,,
goatee,0.621969696969697,0.7421717171717171,single,chubby,pclarc,11,0.6265151515151515,-0.004545454545454519,,
gray_hair,0.7827240143369176,0.8977777777777778,single,chubby,pclarc,11,0.7805017921146953,0.0022222222222223476,,
heavy_makeup,0.5467728001974577,0.6063186474145379,single,chubby,pclarc,11,0.5444896951746266,0.0022831050228310223,,
high_cheekbones,0.46662561576354683,0.4030788177339901,single,chubby,pclarc,11,0.4745073891625616,-0.007881773399014746,,
male,0.981283422459893,0.9769045958304271,single,chubby,pclarc,11,0.981283422459893,0.0,,
mouth_slightly_open,0.49905343511450384,0.4754809160305344,single,chubby,pclarc,11,0.4988702290076336,0.0001832061068702262,,
mustache,0.7272218876365826,0.8272390948980469,single,chubby,pclarc,11,0.735696463907769,-0.008474576271186418,,
narrow_eyes,0.6068176771041528,0.6140350877192983,single,chubby,pclarc,11,0.608927381745503,-0.002109704641350185,,
no_beard,0.5362220935469343,0.566106929164254,single,chubby,pclarc,11,0.5362220935469343,0.0,,
oval_face,0.5097099621689786,0.49323245060949983,single,chubby,pclarc,11,0.5045817570407735,0.00512820512820511,,
pale_skin,0.6215447154471545,0.7943089430894308,single,chubby,pclarc,11,0.6195121951219512,0.002032520325203291,,
pointy_nose,0.5179292929292929,0.49141414141414147,single,chubby,pclarc,11,0.5202020202020202,-0.002272727272727315,,
receding_hairline,0.4884405212274065,0.5394703656998738,single,chubby,pclarc,11,0.49663724253888186,-0.008196721311475363,,
rosy_cheeks,0.658752769863881,0.7575182019626464,single,chubby,pclarc,11,0.6566951566951567,0.002057613168724326,,
sideburns,0.5889407061958695,0.6147013102376194,single,chubby,pclarc,11,0.5889407061958695,0.0,,
smiling,0.83003663003663,0.9393162393162393,single,chubby,pclarc,11,0.83003663003663,0.0,,
straight_hair,0.4519140989729225,0.48179271708683474,single,chubby,pclarc,11,0.4561157796451914,-0.004201680672268893,,
wavy_hair,0.6076329331046312,0.589622641509434,single,chubby,pclarc,11,0.6076329331046312,0.0,,
wearing_earrings,0.7012879593524755,0.7760841309228406,single,chubby,pclarc,11,0.7058962542833511,-0.004608294930875667,,
wearing_hat,0.8682991047919958,0.914797261716693,single,chubby,pclarc,11,0.8706687730384413,-0.0023696682464454666,,
wearing_lipstick,0.4608322026232474,0.4537313432835821,single,chubby,pclarc,11,0.45585707824513794,0.004975124378109486,,
wearing_necklace,0.5801418439716312,0.6595744680851063,single,chubby,pclarc,11,0.6082066869300912,-0.028064842958460012,,
wearing_necktie,0.6369603916332889,0.6392968402314196,single,chubby,pclarc,11,0.6297285269247885,0.007231864708500346,,
young,0.8490957966764419,0.9228983382209189,single,chubby,pclarc,11,0.8528836754643205,-0.0037878787878786735,,
5_o_clock_shadow,0.5416666666666667,0.5580808080808081,single,chubby,pclarc,12,0.543939393939394,-0.002272727272727204,,
arched_eyebrows,0.5763514201364146,0.6015473887814313,single,chubby,pclarc,12,0.5739590756388069,0.0023923444976077235,,
attractive,0.5056326187473729,0.5496427070197563,single,chubby,pclarc,12,0.5056326187473729,0.0,,
bags_under_eyes,0.48352272727272727,0.43693181818181814,single,chubby,pclarc,12,0.49261363636363636,-0.009090909090909094,,
bald,0.6784587193321796,0.7924259391224676,single,chubby,pclarc,12,0.6784587193321796,0.0,,
bangs,0.7819345311346295,0.8838296825006153,single,chubby,pclarc,12,0.7819345311346295,0.0,,
big_lips,0.5012082158679018,0.4858638743455498,single,chubby,pclarc,12,0.5038260169150222,-0.002617801047120394,,
big_nose,0.5979064039408867,0.6463054187192119,single,chubby,pclarc,12,0.5979064039408867,0.0,,
black_hair,0.7395833333333333,0.8736165364583334,single,chubby,pclarc,12,0.7421875,-0.0026041666666667407,,
blond_hair,0.8931823775535319,0.9369923701698253,single,chubby,pclarc,12,0.8910903273443269,0.0020920502092049986,,
blurry,0.5778688524590163,0.6229508196721312,single,chubby,pclarc,12,0.6174863387978142,-0.039617486338797914,,
brown_hair,0.6596638655462185,0.8211951447245565,single,chubby,pclarc,12,0.6596638655462185,0.0,,
bushy_eyebrows,0.5320614732379438,0.5092739798622152,single,chubby,pclarc,12,0.5298092209856916,0.0022522522522522292,,
chubby,0.65625,0.76910400390625,single,chubby,pclarc,12,0.65625,0.0,,
double_chin,0.6105072463768115,0.7016153381642511,single,chubby,pclarc,12,0.6105072463768115,0.0,,
eyeglasses,0.8936560322698937,0.9586541987532087,single,chubby,pclarc,12,0.8911807847451412,0.0024752475247524774,,
goatee,0.6196969696969697,0.7416666666666667,single,chubby,pclarc,12,0.6265151515151515,-0.006818181818181723,,
gray_hair,0.7827240143369176,0.8976344086021506,single,chubby,pclarc,12,0.7805017921146953,0.0022222222222223476,,
heavy_makeup,0.5490559052202888,0.6069357028261138,single,chubby,pclarc,12,0.5444896951746266,0.004566210045662156,,
high_cheekbones,0.470935960591133,0.4025246305418719,single,chubby,pclarc,12,0.4745073891625616,-0.0035714285714285587,,
male,0.981283422459893,0.9769820971867006,single,chubby,pclarc,12,0.981283422459893,0.0,,
mouth_slightly_open,0.5028702290076336,0.4756641221374046,single,chubby,pclarc,12,0.4988702290076336,0.003999999999999948,,
mustache,0.7187473113653962,0.827497203820012,single,chubby,pclarc,12,0.735696463907769,-0.016949152542372836,,
narrow_eyes,0.6068176771041528,0.6115922718187875,single,chubby,pclarc,12,0.608927381745503,-0.002109704641350185,,
no_beard,0.5362220935469343,0.5653992150807438,single,chubby,pclarc,12,0.5362220935469343,0.0,,
oval_face,0.507145859604876,0.4939890710382514,single,chubby,pclarc,12,0.5045817570407735,0.002564102564102555,,
pale_skin,0.6195121951219512,0.7934959349593496,single,chubby,pclarc,12,0.6195121951219512,0.0,,
pointy_nose,0.5088383838383839,0.48775252525252527,single,chubby,pclarc,12,0.5202020202020202,-0.011363636363636354,,
receding_hairline,0.49100462379150905,0.541235813366961,single,chubby,pclarc,12,0.49663724253888186,-0.005632618747372808,,
rosy_cheeks,0.6566951566951567,0.7568850902184235,single,chubby,pclarc,12,0.6566951566951567,0.0,,
sideburns,0.5626249167221852,0.6147013102376194,single,chubby,pclarc,12,0.5889407061958695,-0.026315789473684292,,
smiling,0.83003663003663,0.9387667887667888,single,chubby,pclarc,12,0.83003663003663,0.0,,
straight_hair,0.48389355742296913,0.4813258636788048,single,chubby,pclarc,12,0.4561157796451914,0.027777777777777735,,
wavy_hair,0.6076329331046312,0.5887650085763293,single,chubby,pclarc,12,0.6076329331046312,0.0,,
wearing_earrings,0.7012879593524755,0.7746661940210328,single,chubby,pclarc,12,0.7058962542833511,-0.004608294930875667,,
wearing_hat,0.8706687730384413,0.9146919431279621,single,chubby,pclarc,12,0.8706687730384413,0.0,,
wearing_lipstick,0.4608322026232474,0.45445499773857984,single,chubby,pclarc,12,0.45585707824513794,0.004975124378109486,,
wearing_necklace,0.603951367781155,0.6628166160081054,single,chubby,pclarc,12,0.6082066869300912,-0.004255319148936176,,
wearing_necktie,0.6392968402314196,0.6387405429461505,single,chubby,pclarc,12,0.6297285269247885,0.009568313306631104,,
young,0.8490957966764419,0.9223484848484849,single,chubby,pclarc,12,0.8528836754643205,-0.0037878787878786735,,
5_o_clock_shadow,0.5300505050505051,0.5566919191919192,single,chubby,pclarc,13,0.543939393939394,-0.01388888888888884,,
arched_eyebrows,0.5763514201364146,0.6016491906749466,single,chubby,pclarc,13,0.5739590756388069,0.0023923444976077235,,
attractive,0.5056326187473729,0.5476250525430854,single,chubby,pclarc,13,0.5056326187473729,0.0,,
bags_under_eyes,0.48636363636363633,0.4380681818181818,single,chubby,pclarc,13,0.49261363636363636,-0.006250000000000033,,
bald,0.6784587193321796,0.7925277410159829,single,chubby,pclarc,13,0.6784587193321796,0.0,,
bangs,0.7819345311346295,0.8838296825006153,single,chubby,pclarc,13,0.7819345311346295,0.0,,
big_lips,0.5012082158679018,0.48562223117196945,single,chubby,pclarc,13,0.5038260169150222,-0.002617801047120394,,
big_nose,0.5979064039408867,0.6452586206896552,single,chubby,pclarc,13,0.5979064039408867,0.0,,
black_hair,0.7421875,0.8741048177083334,single,chubby,pclarc,13,0.7421875,0.0,,
blond_hair,0.8931823775535319,0.9372384937238494,single,chubby,pclarc,13,0.8910903273443269,0.0020920502092049986,,
blurry,0.6154371584699454,0.6273907103825137,single,chubby,pclarc,13,0.6174863387978142,-0.002049180327868827,,
brown_hair,0.6617647058823529,0.819094304388422,single,chubby,pclarc,13,0.6596638655462185,0.0021008403361344463,,
bushy_eyebrows,0.5320614732379438,0.5068892421833598,single,chubby,pclarc,13,0.5298092209856916,0.0022522522522522292,,
chubby,0.65625,0.76934814453125,single,chubby,pclarc,13,0.65625,0.0,,
double_chin,0.6105072463768115,0.7008605072463768,single,chubby,pclarc,13,0.6105072463768115,0.0,,
eyeglasses,0.8911807847451412,0.9583791712504585,single,chubby,pclarc,13,0.8911807847451412,0.0,,
goatee,0.6242424242424243,0.740530303030303,single,chubby,pclarc,13,0.6265151515151515,-0.002272727272727204,,
gray_hair,0.7827240143369176,0.8956272401433691,single,chubby,pclarc,13,0.7805017921146953,0.0022222222222223476,,
heavy_makeup,0.5467728001974577,0.6085400468962113,single,chubby,pclarc,13,0.5444896951746266,0.0022831050228310223,,
high_cheekbones,0.4745073891625616,0.4014162561576355,single,chubby,pclarc,13,0.4745073891625616,0.0,,
male,0.981283422459893,0.9769045958304271,single,chubby,pclarc,13,0.981283422459893,0.0,,
mouth_slightly_open,0.5028702290076336,0.47334351145038167,single,chubby,pclarc,13,0.4988702290076336,0.003999999999999948,,
mustache,0.7272218876365826,0.8277553127419772,single,chubby,pclarc,13,0.735696463907769,-0.008474576271186418,,
narrow_eyes,0.6047079724628026,0.6135909393737509,single,chubby,pclarc,13,0.608927381745503,-0.00421940928270037,,
no_beard,0.5362220935469343,0.5641124622016341,single,chubby,pclarc,13,0.5362220935469343,0.0,,
oval_face,0.507145859604876,0.49516603614964266,single,chubby,pclarc,13,0.5045817570407735,0.002564102564102555,,
pale_skin,0.6195121951219512,0.7955284552845528,single,chubby,pclarc,13,0.6195121951219512,0.0,,
pointy_nose,0.5156565656565657,0.49015151515151517,single,chubby,pclarc,13,0.5202020202020202,-0.004545454545454519,,
receding_hairline,0.48587641866330394,0.5409836065573771,single,chubby,pclarc,13,0.49663724253888186,-0.010760823875577918,,
rosy_cheeks,0.6566951566951567,0.7587844254510921,single,chubby,pclarc,13,0.6566951566951567,0.0,,
sideburns,0.560515212080835,0.6138130135465245,single,chubby,pclarc,13,0.5889407061958695,-0.028425494115034478,,
smiling,0.83003663003663,0.9388278388278388,single,chubby,pclarc,13,0.83003663003663,0.0,,
straight_hair,0.45401493930905695,0.48132586367880487,single,chubby,pclarc,13,0.4561157796451914,-0.0021008403361344463,,
wavy_hair,0.6076329331046312,0.5886578044596913,single,chubby,pclarc,13,0.6076329331046312,0.0,,
wearing_earrings,0.7058962542833511,0.7759659695143566,single,chubby,pclarc,13,0.7058962542833511,0.0,,
wearing_hat,0.8706687730384413,0.9144813059505003,single,chubby,pclarc,13,0.8706687730384413,0.0,,
wearing_lipstick,0.4608322026232474,0.4533695160560832,single,chubby,pclarc,13,0.45585707824513794,0.004975124378109486,,
wearing_necklace,0.603951367781155,0.6609929078014184,single,chubby,pclarc,13,0.6082066869300912,-0.004255319148936176,,
wearing_necktie,0.6392968402314196,0.6378504672897196,single,chubby,pclarc,13,0.6297285269247885,0.009568313306631104,,
young,0.8528836754643205,0.9223484848484848,single,chubby,pclarc,13,0.8528836754643205,0.0,,
5_o_clock_shadow,0.5255050505050505,0.5545454545454546,single,chubby,pclarc,14,0.543939393939394,-0.01843434343434347,,
arched_eyebrows,0.5763514201364146,0.60093657742034,single,chubby,pclarc,14,0.5739590756388069,0.0023923444976077235,,
attractive,0.5056326187473729,0.5496427070197561,single,chubby,pclarc,14,0.5056326187473729,0.0,,
bags_under_eyes,0.48011363636363635,0.43899147727272725,single,chubby,pclarc,14,0.49261363636363636,-0.012500000000000011,,
bald,0.6784587193321796,0.7924259391224676,single,chubby,pclarc,14,0.6784587193321796,0.0,,
bangs,0.7840265813438345,0.8828451882845187,single,chubby,pclarc,14,0.7819345311346295,0.0020920502092049986,,
big_lips,0.4961337092227145,0.48513894482480874,single,chubby,pclarc,14,0.5038260169150222,-0.007692307692307665,,
big_nose,0.5979064039408867,0.6459359605911331,single,chubby,pclarc,14,0.5979064039408867,0.0,,
black_hair,0.7421875,0.8745930989583334,single,chubby,pclarc,14,0.7421875,0.0,,
blond_hair,0.8931823775535319,0.9367462466158012,single,chubby,pclarc,14,0.8910903273443269,0.0020920502092049986,,
blurry,0.619535519125683,0.6236338797814207,single,chubby,pclarc,14,0.6174863387978142,0.002049180327868827,,
brown_hair,0.6533613445378151,0.8218954248366013,single,chubby,pclarc,14,0.6596638655462185,-0.006302521008403339,,
bushy_eyebrows,0.5343137254901961,0.5056968733439321,single,chubby,pclarc,14,0.5298092209856916,0.0045045045045044585,,
chubby,0.65625,0.77044677734375,single,chubby,pclarc,14,0.65625,0.0,,
double_chin,0.6105072463768115,0.7016153381642511,single,chubby,pclarc,14,0.6105072463768115,0.0,,
eyeglasses,0.8936560322698937,0.9587458745874587,single,chubby,pclarc,14,0.8911807847451412,0.0024752475247524774,,
goatee,0.6242424242424243,0.7410353535353535,single,chubby,pclarc,14,0.6265151515151515,-0.002272727272727204,,
gray_hair,0.7827240143369176,0.8974910394265232,single,chubby,pclarc,14,0.7805017921146953,0.0022222222222223476,,
heavy_makeup,0.5444896951746266,0.6091571023077873,single,chubby,pclarc,14,0.5444896951746266,0.0,,
high_cheekbones,0.4745073891625616,0.4022167487684729,single,chubby,pclarc,14,0.4745073891625616,0.0,,
male,0.981283422459893,0.9770595985429745,single,chubby,pclarc,14,0.981283422459893,0.0,,
mouth_slightly_open,0.5068702290076336,0.4728549618320611,single,chubby,pclarc,14,0.4988702290076336,0.007999999999999952,,
mustache,0.7272218876365826,0.8262066592101867,single,chubby,pclarc,14,0.735696463907769,-0.008474576271186418,,
narrow_eyes,0.6047079724628026,0.6151454585831668,single,chubby,pclarc,14,0.608927381745503,-0.00421940928270037,,
no_beard,0.5394068069227305,0.5646915009972335,single,chubby,pclarc,14,0.5362220935469343,0.0031847133757961776,,
oval_face,0.507145859604876,0.49659520807061786,single,chubby,pclarc,14,0.5045817570407735,0.002564102564102555,,
pale_skin,0.6215447154471545,0.8004065040650407,single,chubby,pclarc,14,0.6195121951219512,0.002032520325203291,,
pointy_nose,0.5133838383838384,0.4919191919191919,single,chubby,pclarc,14,0.5202020202020202,-0.006818181818181834,,
receding_hairline,0.49100462379150905,0.5436738125262716,single,chubby,pclarc,14,0.49663724253888186,-0.005632618747372808,,
rosy_cheeks,0.6566951566951567,0.7556188667299779,single,chubby,pclarc,14,0.6566951566951567,0.0,,
sideburns,0.5826115922718188,0.6178103486564512,single,chubby,pclarc,14,0.5889407061958695,-0.006329113924050667,,
smiling,0.8261904761904761,0.9381562881562882,single,chubby,pclarc,14,0.83003663003663,-0.0038461538461538325,,
straight_hair,0.4561157796451914,0.48179271708683474,single,chubby,pclarc,14,0.4561157796451914,0.0,,
wavy_hair,0.6076329331046312,0.5875857632933105,single,chubby,pclarc,14,0.6076329331046312,0.0,,
wearing_earrings,0.7035921068179133,0.7769112607822285,single,chubby,pclarc,14,0.7058962542833511,-0.0023041474654378336,,
wearing_hat,0.8706687730384413,0.913533438651922,single,chubby,pclarc,14,0.8706687730384413,0.0,,
wearing_lipstick,0.4608322026232474,0.45255540479421075,single,chubby,pclarc,14,0.45585707824513794,0.004975124378109486,,
wearing_necklace,0.601823708206687,0.6597771023302939,single,chubby,pclarc,14,0.6082066869300912,-0.006382978723404209,,
wearing_necktie,0.6369603916332889,0.6370716510903426,single,chubby,pclarc,14,0.6297285269247885,0.007231864708500346,,
young,0.8528836754643205,0.9221652003910069,single,chubby,pclarc,14,0.8528836754643205,0.0,,
5_o_clock_shadow,0.5416666666666667,0.5579545454545455,single,chubby,pclarc,15,0.543939393939394,-0.002272727272727204,,
arched_eyebrows,0.5787437646340222,0.6016491906749465,single,chubby,pclarc,15,0.5739590756388069,0.004784688995215336,,
attractive,0.5056326187473729,0.5365279529213955,single,chubby,pclarc,15,0.5056326187473729,0.0,,
bags_under_eyes,0.4892045454545455,0.43828124999999996,single,chubby,pclarc,15,0.49261363636363636,-0.0034090909090908617,,
bald,0.6678204214598391,0.7949709864603483,single,chubby,pclarc,15,0.6784587193321796,-0.010638297872340496,,
bangs,0.7819345311346295,0.8845680531626877,single,chubby,pclarc,15,0.7819345311346295,0.0,,
big_lips,0.5012082158679018,0.4839307289569069,single,chubby,pclarc,15,0.5038260169150222,-0.002617801047120394,,
big_nose,0.5979064039408867,0.6453817733990147,single,chubby,pclarc,15,0.5979064039408867,0.0,,
black_hair,0.7473958333333333,0.8745930989583334,single,chubby,pclarc,15,0.7421875,0.005208333333333259,,
blond_hair,0.8931823775535319,0.936500123061777,single,chubby,pclarc,15,0.8910903273443269,0.0020920502092049986,,
blurry,0.619535519125683,0.6311475409836066,single,chubby,pclarc,15,0.6174863387978142,0.002049180327868827,,
brown_hair,0.6596638655462185,0.8179271708683473,single,chubby,pclarc,15,0.6596638655462185,0.0,,
bushy_eyebrows,0.5263645998940116,0.5011923688394276,single,chubby,pclarc,15,0.5298092209856916,-0.003444621091679978,,
chubby,0.66015625,0.76812744140625,single,chubby,pclarc,15,0.65625,0.00390625,,
double_chin,0.6105072463768115,0.699501811594203,single,chubby,pclarc,15,0.6105072463768115,0.0,,
eyeglasses,0.8911807847451412,0.9585625229189586,single,chubby,pclarc,15,0.8911807847451412,0.0,,
goatee,0.621969696969697,0.7380050505050505,single,chubby,pclarc,15,0.6265151515151515,-0.004545454545454519,,
gray_hair,0.7827240143369176,0.8959139784946236,single,chubby,pclarc,15,0.7805017921146953,0.0022222222222223476,,
heavy_makeup,0.5444896951746266,0.6054547698383315,single,chubby,pclarc,15,0.5444896951746266,0.0,,
high_cheekbones,0.4701970443349754,0.4012315270935961,single,chubby,pclarc,15,0.4745073891625616,-0.004310344827586188,,
male,0.981283422459893,0.9771370998992482,single,chubby,pclarc,15,0.981283422459893,0.0,,
mouth_slightly_open,0.5108702290076336,0.47645801526717557,single,chubby,pclarc,15,0.4988702290076336,0.011999999999999955,,
mustache,0.7187473113653962,0.825604405058935,single,chubby,pclarc,15,0.735696463907769,-0.016949152542372836,,
narrow_eyes,0.6068176771041528,0.6155896069287141,single,chubby,pclarc,15,0.608927381745503,-0.002109704641350185,,
no_beard,0.5394068069227305,0.5635977610499904,single,chubby,pclarc,15,0.5362220935469343,0.0031847133757961776,,
oval_face,0.507145859604876,0.4971836906263135,single,chubby,pclarc,15,0.5045817570407735,0.002564102564102555,,
pale_skin,0.6195121951219512,0.7983739837398374,single,chubby,pclarc,15,0.6195121951219512,0.0,,
pointy_nose,0.5133838383838384,0.4868686868686869,single,chubby,pclarc,15,0.5202020202020202,-0.006818181818181834,,
receding_hairline,0.501765447667087,0.5403951240016813,single,chubby,pclarc,15,0.49663724253888186,0.00512820512820511,,
rosy_cheeks,0.6566951566951567,0.7553023108578664,single,chubby,pclarc,15,0.6566951566951567,0.0,,
sideburns,0.584721296913169,0.6162558294470353,single,chubby,pclarc,15,0.5889407061958695,-0.0042194092827004814,,
smiling,0.8223443223443223,0.9387057387057387,single,chubby,pclarc,15,0.83003663003663,-0.007692307692307665,,
straight_hair,0.45821661998132585,0.48295985060690944,single,chubby,pclarc,15,0.4561157796451914,0.0021008403361344463,,
wavy_hair,0.6076329331046312,0.5839408233276158,single,chubby,pclarc,15,0.6076329331046312,0.0,,
wearing_earrings,0.7058962542833511,0.7779747134585845,single,chubby,pclarc,15,0.7058962542833511,0.0,,
wearing_hat,0.8706687730384413,0.9133228014744601,single,chubby,pclarc,15,0.8706687730384413,0.0,,
wearing_lipstick,0.45585707824513794,0.453098145635459,single,chubby,pclarc,15,0.45585707824513794,0.0,,
wearing_necklace,0.5801418439716312,0.6609929078014184,single,chubby,pclarc,15,0.6082066869300912,-0.028064842958460012,,
wearing_necktie,0.6250556297285269,0.6319537160658656,single,chubby,pclarc,15,0.6297285269247885,-0.004672897196261627,,
young,0.8490957966764419,0.9206378299120234,single,chubby,pclarc,15,0.8528836754643205,-0.0037878787878786735,,
5_o_clock_shadow,0.5300505050505051,0.5602272727272727,single,chubby,pclarc,16,0.543939393939394,-0.01388888888888884,,
arched_eyebrows,0.5763514201364146,0.600020360378703,single,chubby,pclarc,16,0.5739590756388069,0.0023923444976077235,,
attractive,0.5056326187473729,0.5292139554434636,single,chubby,pclarc,16,0.5056326187473729,0.0,,
bags_under_eyes,0.49204545454545456,0.4377130681818182,single,chubby,pclarc,16,0.49261363636363636,-0.000568181818181801,,
bald,0.6784587193321796,0.7934439580576198,single,chubby,pclarc,16,0.6784587193321796,0.0,,
bangs,0.7798424809254245,0.8823529411764706,single,chubby,pclarc,16,0.7819345311346295,-0.0020920502092049986,,
big_lips,0.5012082158679018,0.48360853805879983,single,chubby,pclarc,16,0.5038260169150222,-0.002617801047120394,,
big_nose,0.5943349753694581,0.6435344827586207,single,chubby,pclarc,16,0.5979064039408867,-0.0035714285714285587,,
black_hair,0.7473958333333333,0.8745930989583334,single,chubby,pclarc,16,0.7421875,0.005208333333333259,,
blond_hair,0.8910903273443269,0.9347772581836082,single,chubby,pclarc,16,0.8910903273443269,0.0,,
blurry,0.6154371584699454,0.6294398907103825,single,chubby,pclarc,16,0.6174863387978142,-0.002049180327868827,,
brown_hair,0.6596638655462185,0.8216619981325863,single,chubby,pclarc,16,0.6596638655462185,0.0,,
bushy_eyebrows,0.5410704822469529,0.5017223105458399,single,chubby,pclarc,16,0.5298092209856916,0.011261261261261257,,
chubby,0.65625,0.768798828125,single,chubby,pclarc,16,0.65625,0.0,,
double_chin,0.6008454106280193,0.691802536231884,single,chubby,pclarc,16,0.6105072463768115,-0.009661835748792202,,
eyeglasses,0.8887055372203887,0.9585625229189586,single,chubby,pclarc,16,0.8911807847451412,-0.0024752475247524774,,
goatee,0.621969696969697,0.7392676767676767,single,chubby,pclarc,16,0.6265151515151515,-0.004545454545454519,,
gray_hair,0.7849462365591398,0.8959139784946237,single,chubby,pclarc,16,0.7805017921146953,0.004444444444444473,,
heavy_makeup,0.5467728001974577,0.6012587930396149,single,chubby,pclarc,16,0.5444896951746266,0.0022831050228310223,,
high_cheekbones,0.4745073891625616,0.4010467980295567,single,chubby,pclarc,16,0.4745073891625616,0.0,,
male,0.981283422459893,0.9769820971867008,single,chubby,pclarc,16,0.981283422459893,0.0,,
mouth_slightly_open,0.5030534351145038,0.47438167938931297,single,chubby,pclarc,16,0.4988702290076336,0.00418320610687023,,
mustache,0.7187473113653962,0.826120622902865,single,chubby,pclarc,16,0.735696463907769,-0.016949152542372836,,
narrow_eyes,0.6047079724628026,0.6160337552742616,single,chubby,pclarc,16,0.608927381745503,-0.00421940928270037,,
no_beard,0.5394068069227305,0.5652062021488773,single,chubby,pclarc,16,0.5362220935469343,0.0031847133757961776,,
oval_face,0.507145859604876,0.4960067255149222,single,chubby,pclarc,16,0.5045817570407735,0.002564102564102555,,
pale_skin,0.6195121951219512,0.791869918699187,single,chubby,pclarc,16,0.6195121951219512,0.0,,
pointy_nose,0.5156565656565657,0.48522727272727273,single,chubby,pclarc,16,0.5202020202020202,-0.004545454545454519,,
receding_hairline,0.501765447667087,0.5403110550651534,single,chubby,pclarc,16,0.49663724253888186,0.00512820512820511,,
rosy_cheeks,0.6566951566951567,0.757834757834758,single,chubby,pclarc,16,0.6566951566951567,0.0,,
sideburns,0.584721296913169,0.6144792360648457,single,chubby,pclarc,16,0.5889407061958695,-0.0042194092827004814,,
smiling,0.8261904761904761,0.9380952380952381,single,chubby,pclarc,16,0.83003663003663,-0.0038461538461538325,,
straight_hair,0.45821661998132585,0.4836601307189543,single,chubby,pclarc,16,0.4561157796451914,0.0021008403361344463,,
wavy_hair,0.6076329331046312,0.5822255574614066,single,chubby,pclarc,16,0.6076329331046312,0.0,,
wearing_earrings,0.6989838118870377,0.7773839064161645,single,chubby,pclarc,16,0.7058962542833511,-0.00691244239631339,,
wearing_hat,0.8706687730384413,0.9122696155871513,single,chubby,pclarc,16,0.8706687730384413,0.0,,
wearing_lipstick,0.45834464043419265,0.4521935775667119,single,chubby,pclarc,16,0.45585707824513794,0.002487562189054715,,
wearing_necklace,0.6060790273556231,0.6626139817629179,single,chubby,pclarc,16,0.6082066869300912,-0.0021276595744680327,,
wearing_necktie,0.62716955941255,0.6201602136181575,single,chubby,pclarc,16,0.6297285269247885,-0.002558967512238497,,
young,0.8488514173998045,0.918927174975562,single,chubby,pclarc,16,0.8528836754643205,-0.004032258064516014,,
5_o_clock_shadow,0.5323232323232323,0.5632575757575757,single,chubby,pclarc,17,0.543939393939394,-0.011616161616161635,,
arched_eyebrows,0.5787437646340222,0.5974753130408226,single,chubby,pclarc,17,0.5739590756388069,0.004784688995215336,,
attractive,0.5056326187473729,0.5197982345523329,single,chubby,pclarc,17,0.5056326187473729,0.0,,
bags_under_eyes,0.48295454545454547,0.43551136363636367,single,chubby,pclarc,17,0.49261363636363636,-0.009659090909090895,,
bald,0.6678204214598391,0.7931385523770743,single,chubby,pclarc,17,0.6784587193321796,-0.010638297872340496,,
bangs,0.7798424809254245,0.8818606940684224,single,chubby,pclarc,17,0.7819345311346295,-0.0020920502092049986,,
big_lips,0.49351590817559404,0.48779701973419254,single,chubby,pclarc,17,0.5038260169150222,-0.010310108739428114,,
big_nose,0.5943349753694581,0.6415024630541871,single,chubby,pclarc,17,0.5979064039408867,-0.0035714285714285587,,
black_hair,0.7552083333333333,0.8759765625,single,chubby,pclarc,17,0.7421875,0.01302083333333326,,
blond_hair,0.8910903273443269,0.9352695052916564,single,chubby,pclarc,17,0.8910903273443269,0.0,,
blurry,0.657103825136612,0.6280737704918034,single,chubby,pclarc,17,0.6174863387978142,0.0396174863387978,,
brown_hair,0.6617647058823529,0.822829131652661,single,chubby,pclarc,17,0.6596638655462185,0.0021008403361344463,,
bushy_eyebrows,0.5218600953895072,0.5041070482246952,single,chubby,pclarc,17,0.5298092209856916,-0.007949125596184436,,
chubby,0.65234375,0.76336669921875,single,chubby,pclarc,17,0.65625,-0.00390625,,
double_chin,0.5939009661835748,0.6820652173913043,single,chubby,pclarc,17,0.6105072463768115,-0.016606280193236733,,
eyeglasses,0.8887055372203887,0.958929226255959,single,chubby,pclarc,17,0.8911807847451412,-0.0024752475247524774,,
goatee,0.6196969696969697,0.7433080808080808,single,chubby,pclarc,17,0.6265151515151515,-0.006818181818181723,,
gray_hair,0.787168458781362,0.8964874551971326,single,chubby,pclarc,17,0.7805017921146953,0.00666666666666671,,
heavy_makeup,0.5513390102431198,0.59163272861903,single,chubby,pclarc,17,0.5444896951746266,0.006849315068493178,,
high_cheekbones,0.4701970443349754,0.40320197044334977,single,chubby,pclarc,17,0.4745073891625616,-0.004310344827586188,,
male,0.981283422459893,0.9770595985429745,single,chubby,pclarc,17,0.981283422459893,0.0,,
mouth_slightly_open,0.507236641221374,0.47883969465648857,single,chubby,pclarc,17,0.4988702290076336,0.008366412213740404,,
mustache,0.7272218876365826,0.8265508044394734,single,chubby,pclarc,17,0.735696463907769,-0.008474576271186418,,
narrow_eyes,0.6025982678214523,0.6147013102376194,single,chubby,pclarc,17,0.608927381745503,-0.006329113924050667,,
no_beard,0.5343563018722255,0.5696454995818054,single,chubby,pclarc,17,0.5362220935469343,-0.0018657916747087944,,
oval_face,0.507145859604876,0.4978562421185372,single,chubby,pclarc,17,0.5045817570407735,0.002564102564102555,,
pale_skin,0.6215447154471545,0.7934959349593497,single,chubby,pclarc,17,0.6195121951219512,0.002032520325203291,,
pointy_nose,0.5111111111111111,0.4797979797979798,single,chubby,pclarc,17,0.5202020202020202,-0.00909090909090915,,
receding_hairline,0.4992013451029844,0.5377889869693149,single,chubby,pclarc,17,0.49663724253888186,0.002564102564102555,,
rosy_cheeks,0.6566951566951567,0.7628996517885407,single,chubby,pclarc,17,0.6566951566951567,0.0,,
sideburns,0.560515212080835,0.616477903619809,single,chubby,pclarc,17,0.5889407061958695,-0.028425494115034478,,
smiling,0.8184981684981685,0.9368131868131868,single,chubby,pclarc,17,0.83003663003663,-0.011538461538461497,,
straight_hair,0.4561157796451914,0.48599439775910364,single,chubby,pclarc,17,0.4561157796451914,0.0,,
wavy_hair,0.6076329331046312,0.5822255574614066,single,chubby,pclarc,17,0.6076329331046312,0.0,,
wearing_earrings,0.7035921068179133,0.7770294221907125,single,chubby,pclarc,17,0.7058962542833511,-0.0023041474654378336,,
wearing_hat,0.8706687730384413,0.9102685624012639,single,chubby,pclarc,17,0.8706687730384413,0.0,,
wearing_lipstick,0.4533695160560832,0.4501130710085935,single,chubby,pclarc,17,0.45585707824513794,-0.002487562189054715,,
wearing_necklace,0.5801418439716312,0.6632218844984802,single,chubby,pclarc,17,0.6082066869300912,-0.028064842958460012,,
wearing_necktie,0.6224966622162884,0.6194926568758344,single,chubby,pclarc,17,0.6297285269247885,-0.007231864708500124,,
young,0.836754643206256,0.9171554252199413,single,chubby,pclarc,17,0.8528836754643205,-0.016129032258064502,,
5_o_clock_shadow,0.5323232323232323,0.5632575757575757,single,chubby,pclarc,18,0.543939393939394,-0.011616161616161635,,
arched_eyebrows,0.5763514201364146,0.5980861244019139,single,chubby,pclarc,18,0.5739590756388069,0.0023923444976077235,,
attractive,0.5056326187473729,0.510550651534258,single,chubby,pclarc,18,0.5056326187473729,0.0,,
bags_under_eyes,0.48579545454545453,0.43025568181818186,single,chubby,pclarc,18,0.49261363636363636,-0.006818181818181834,,
bald,0.6784587193321796,0.7927313448030133,single,chubby,pclarc,18,0.6784587193321796,0.0,,
bangs,0.7819345311346295,0.88112232340635,single,chubby,pclarc,18,0.7819345311346295,0.0,,
big_lips,0.49351590817559404,0.4898912605718888,single,chubby,pclarc,18,0.5038260169150222,-0.010310108739428114,,
big_nose,0.5915024630541872,0.6414408866995074,single,chubby,pclarc,18,0.5979064039408867,-0.0064039408866994885,,
black_hair,0.7578125,0.8759765625,single,chubby,pclarc,18,0.7421875,0.015625,,
blond_hair,0.8973664779719419,0.9357617523997046,single,chubby,pclarc,18,0.8910903273443269,0.006276150627614996,,
blurry,0.6612021857923497,0.6335382513661203,single,chubby,pclarc,18,0.6174863387978142,0.04371584699453546,,
brown_hair,0.6596638655462185,0.8188608776844071,single,chubby,pclarc,18,0.6596638655462185,0.0,,
bushy_eyebrows,0.5218600953895072,0.503709591944886,single,chubby,pclarc,18,0.5298092209856916,-0.007949125596184436,,
chubby,0.6484375,0.7581787109375,single,chubby,pclarc,18,0.65625,-0.0078125,,
double_chin,0.591183574879227,0.6823671497584541,single,chubby,pclarc,18,0.6105072463768115,-0.019323671497584516,,
eyeglasses,0.8911807847451412,0.9596626329299597,single,chubby,pclarc,18,0.8911807847451412,0.0,,
goatee,0.6265151515151515,0.7431818181818182,single,chubby,pclarc,18,0.6265151515151515,0.0,,
gray_hair,0.7916129032258065,0.8992114695340502,single,chubby,pclarc,18,0.7805017921146953,0.011111111111111183,,
heavy_makeup,0.5467728001974577,0.5869431074910526,single,chubby,pclarc,18,0.5444896951746266,0.0022831050228310223,,
high_cheekbones,0.47807881773399014,0.4031403940886699,single,chubby,pclarc,18,0.4745073891625616,0.0035714285714285587,,
male,0.981283422459893,0.9769820971867008,single,chubby,pclarc,18,0.981283422459893,0.0,,
mouth_slightly_open,0.507236641221374,0.47951145038167936,single,chubby,pclarc,18,0.4988702290076336,0.008366412213740404,,
mustache,0.7187473113653962,0.825002150907683,single,chubby,pclarc,18,0.735696463907769,-0.016949152542372836,,
narrow_eyes,0.6047079724628026,0.6164779036198089,single,chubby,pclarc,18,0.608927381745503,-0.00421940928270037,,
no_beard,0.5375410152480217,0.5701602007334491,single,chubby,pclarc,18,0.5362220935469343,0.0013189217010873833,,
oval_face,0.507145859604876,0.4997898276586801,single,chubby,pclarc,18,0.5045817570407735,0.002564102564102555,,
pale_skin,0.6195121951219512,0.790650406504065,single,chubby,pclarc,18,0.6195121951219512,0.0,,
pointy_nose,0.5179292929292929,0.47537878787878785,single,chubby,pclarc,18,0.5202020202020202,-0.002272727272727315,,
receding_hairline,0.501765447667087,0.537704918032787,single,chubby,pclarc,18,0.49663724253888186,0.00512820512820511,,
rosy_cheeks,0.6566951566951567,0.763216207660652,single,chubby,pclarc,18,0.6566951566951567,0.0,,
sideburns,0.5647346213635354,0.6160337552742615,single,chubby,pclarc,18,0.5889407061958695,-0.024206084832334107,,
smiling,0.8184981684981685,0.9374847374847375,single,chubby,pclarc,18,0.83003663003663,-0.011538461538461497,,
straight_hair,0.4561157796451914,0.484827264239029,single,chubby,pclarc,18,0.4561157796451914,0.0,,
wavy_hair,0.6076329331046312,0.5820111492281304,single,chubby,pclarc,18,0.6076329331046312,0.0,,
wearing_earrings,0.6989838118870377,0.7747843554295166,single,chubby,pclarc,18,0.7058962542833511,-0.00691244239631339,,
wearing_hat,0.8706687730384413,0.9106898367561874,single,chubby,pclarc,18,0.8706687730384413,0.0,,
wearing_lipstick,0.4533695160560832,0.4533695160560832,single,chubby,pclarc,18,0.45585707824513794,-0.002487562189054715,,
wearing_necklace,0.5886524822695035,0.666869300911854,single,chubby,pclarc,18,0.6082066869300912,-0.01955420466058766,,
wearing_necktie,0.6318424566088117,0.6149310191366266,single,chubby,pclarc,18,0.6297285269247885,0.0021139296840231303,,
young,0.8289345063538611,0.9152003910068426,single,chubby,pclarc,18,0.8528836754643205,-0.023949169110459412,,
5_o_clock_shadow,0.5300505050505051,0.5617424242424243,single,chubby,pclarc,19,0.543939393939394,-0.01388888888888884,,
arched_eyebrows,0.5739590756388069,0.5960500865316095,single,chubby,pclarc,19,0.5739590756388069,0.0,,
attractive,0.5056326187473729,0.49836065573770494,single,chubby,pclarc,19,0.5056326187473729,0.0,,
bags_under_eyes,0.48636363636363633,0.4285511363636364,single,chubby,pclarc,19,0.49261363636363636,-0.006250000000000033,,
bald,0.6678204214598391,0.7907971088262242,single,chubby,pclarc,19,0.6784587193321796,-0.010638297872340496,,
bangs,0.7882106817622446,0.8825990647304947,single,chubby,pclarc,19,0.7819345311346295,0.006276150627615107,,
big_lips,0.5115183246073298,0.4926298832057994,single,chubby,pclarc,19,0.5038260169150222,0.007692307692307665,,
big_nose,0.5993842364532019,0.6435344827586207,single,chubby,pclarc,19,0.5979064039408867,0.001477832512315258,,
black_hair,0.7578125,0.8771158854166666,single,chubby,pclarc,19,0.7421875,0.015625,,
blond_hair,0.8952744277627369,0.9362539995077529,single,chubby,pclarc,19,0.8910903273443269,0.004184100418409997,,
blurry,0.6550546448087432,0.6434426229508197,single,chubby,pclarc,19,0.6174863387978142,0.037568306010928976,,
brown_hair,0.6617647058823529,0.8211951447245565,single,chubby,pclarc,19,0.6596638655462185,0.0021008403361344463,,
bushy_eyebrows,0.5241123476417594,0.5049019607843137,single,chubby,pclarc,19,0.5298092209856916,-0.005696873343932207,,
chubby,0.65234375,0.751708984375,single,chubby,pclarc,19,0.65625,-0.00390625,,
double_chin,0.5842391304347826,0.6778381642512077,single,chubby,pclarc,19,0.6105072463768115,-0.026268115942028936,,
eyeglasses,0.8936560322698937,0.9587458745874589,single,chubby,pclarc,19,0.8911807847451412,0.0024752475247524774,,
goatee,0.6265151515151515,0.7424242424242424,single,chubby,pclarc,19,0.6265151515151515,0.0,,
gray_hair,0.7960573476702508,0.9023655913978494,single,chubby,pclarc,19,0.7805017921146953,0.015555555555555545,,
heavy_makeup,0.5513390102431198,0.5987905713933112,single,chubby,pclarc,19,0.5444896951746266,0.006849315068493178,,
high_cheekbones,0.4773399014778325,0.4077586206896552,single,chubby,pclarc,19,0.4745073891625616,0.0028325123152709297,,
male,0.981283422459893,0.9772921026117958,single,chubby,pclarc,19,0.981283422459893,0.0,,
mouth_slightly_open,0.5154198473282443,0.4875725190839695,single,chubby,pclarc,19,0.4988702290076336,0.016549618320610693,,
mustache,0.7187473113653962,0.8250021509076829,single,chubby,pclarc,19,0.735696463907769,-0.016949152542372836,,
narrow_eyes,0.6110370863868532,0.6131467910282034,single,chubby,pclarc,19,0.608927381745503,0.002109704641350185,,
no_beard,0.5311715884964293,0.5730553947114456,single,chubby,pclarc,19,0.5362220935469343,-0.005050505050504972,,
oval_face,0.5102143757881463,0.5044976881042454,single,chubby,pclarc,19,0.5045817570407735,0.005632618747372864,,
pale_skin,0.6174796747967479,0.7926829268292683,single,chubby,pclarc,19,0.6195121951219512,-0.002032520325203291,,
pointy_nose,0.5179292929292929,0.4693181818181818,single,chubby,pclarc,19,0.5202020202020202,-0.002272727272727315,,
receding_hairline,0.49100462379150905,0.5400588482555696,single,chubby,pclarc,19,0.49663724253888186,-0.005632618747372808,,
rosy_cheeks,0.6566951566951567,0.7654320987654322,single,chubby,pclarc,19,0.6566951566951567,0.0,,
sideburns,0.584721296913169,0.616477903619809,single,chubby,pclarc,19,0.5889407061958695,-0.0042194092827004814,,
smiling,0.8184981684981685,0.9357753357753358,single,chubby,pclarc,19,0.83003663003663,-0.011538461538461497,,
straight_hair,0.45821661998132585,0.4911297852474323,single,chubby,pclarc,19,0.4561157796451914,0.0021008403361344463,,
wavy_hair,0.6076329331046312,0.5827615780445969,single,chubby,pclarc,19,0.6076329331046312,0.0,,
wearing_earrings,0.7095001772421128,0.7741935483870968,single,chubby,pclarc,19,0.7058962542833511,0.003603922958761663,,
wearing_hat,0.8706687730384413,0.9061611374407582,single,chubby,pclarc,19,0.8706687730384413,0.0,,
wearing_lipstick,0.4608322026232474,0.46169154228855724,single,chubby,pclarc,19,0.45585707824513794,0.004975124378109486,,
wearing_necklace,0.5822695035460993,0.6630192502532928,single,chubby,pclarc,19,0.6082066869300912,-0.02593718338399187,,
wearing_necktie,0.6129283489096573,0.6122607921673342,single,chubby,pclarc,19,0.6297285269247885,-0.01680017801513123,,
young,0.8168377321603129,0.904142228739003,single,chubby,pclarc,19,0.8528836754643205,-0.03604594330400768,,
5_o_clock_shadow,0.5416666666666667,0.5611111111111111,single,chubby,pclarc,20,0.543939393939394,-0.002272727272727204,,
arched_eyebrows,0.5763514201364146,0.5953374732770029,single,chubby,pclarc,20,0.5739590756388069,0.0023923444976077235,,
attractive,0.5056326187473729,0.48759983186212696,single,chubby,pclarc,20,0.5056326187473729,0.0,,
bags_under_eyes,0.48636363636363633,0.4245028409090909,single,chubby,pclarc,20,0.49261363636363636,-0.006250000000000033,,
bald,0.6678204214598391,0.7901862974651328,single,chubby,pclarc,20,0.6784587193321796,-0.010638297872340496,,
bangs,0.7861186315530396,0.880876199852326,single,chubby,pclarc,20,0.7819345311346295,0.004184100418410108,,
big_lips,0.5141361256544503,0.4942408376963351,single,chubby,pclarc,20,0.5038260169150222,0.01031010873942817,,
big_nose,0.5958128078817734,0.6413793103448276,single,chubby,pclarc,20,0.5979064039408867,-0.0020935960591133007,,
black_hair,0.7473958333333333,0.8763834635416666,single,chubby,pclarc,20,0.7421875,0.005208333333333259,,
blond_hair,0.8994585281811469,0.9367462466158012,single,chubby,pclarc,20,0.8910903273443269,0.008368200836819994,,
blurry,0.6530054644808744,0.6533469945355191,single,chubby,pclarc,20,0.6174863387978142,0.03551912568306015,,
brown_hair,0.6596638655462185,0.8218954248366013,single,chubby,pclarc,20,0.6596638655462185,0.0,,
bushy_eyebrows,0.528616852146264,0.5049019607843137,single,chubby,pclarc,20,0.5298092209856916,-0.0011923688394276377,,
chubby,0.64453125,0.747802734375,single,chubby,pclarc,20,0.65625,-0.01171875,,
double_chin,0.5760869565217391,0.6733846618357487,single,chubby,pclarc,20,0.6105072463768115,-0.034420289855072395,,
eyeglasses,0.8911807847451412,0.9591125779244591,single,chubby,pclarc,20,0.8911807847451412,0.0,,
goatee,0.6265151515151515,0.7416666666666666,single,chubby,pclarc,20,0.6265151515151515,0.0,,
gray_hair,0.7982795698924732,0.9002150537634408,single,chubby,pclarc,20,0.7805017921146953,0.017777777777777892,,
heavy_makeup,0.5467728001974577,0.5907688510428237,single,chubby,pclarc,20,0.5444896951746266,0.0022831050228310223,,
high_cheekbones,0.47376847290640395,0.40954433497536946,single,chubby,pclarc,20,0.4745073891625616,-0.000738916256157629,,
male,0.981283422459893,0.977214601255522,single,chubby,pclarc,20,0.981283422459893,0.0,,
mouth_slightly_open,0.5037862595419847,0.48818320610687027,single,chubby,pclarc,20,0.4988702290076336,0.004916030534351135,,
mustache,0.7272218876365826,0.8293039662737676,single,chubby,pclarc,20,0.735696463907769,-0.008474576271186418,,
narrow_eyes,0.5868310015545193,0.6104819009549189,single,chubby,pclarc,20,0.608927381745503,-0.0220963801909837,,
no_beard,0.5311715884964293,0.5751785369619765,single,chubby,pclarc,20,0.5362220935469343,-0.005050505050504972,,
oval_face,0.5102143757881463,0.5039092055485497,single,chubby,pclarc,20,0.5045817570407735,0.005632618747372864,,
pale_skin,0.6154471544715447,0.7869918699186992,single,chubby,pclarc,20,0.6195121951219512,-0.004065040650406471,,
pointy_nose,0.5088383838383839,0.4703282828282828,single,chubby,pclarc,20,0.5202020202020202,-0.011363636363636354,,
receding_hairline,0.501765447667087,0.5421605716687684,single,chubby,pclarc,20,0.49663724253888186,0.00512820512820511,,
rosy_cheeks,0.658752769863881,0.7635327635327636,single,chubby,pclarc,20,0.6566951566951567,0.002057613168724326,,
sideburns,0.5584055074394848,0.6149233844103931,single,chubby,pclarc,20,0.5889407061958695,-0.030535198756384663,,
smiling,0.8184981684981685,0.9354700854700855,single,chubby,pclarc,20,0.83003663003663,-0.011538461538461497,,
straight_hair,0.46451914098972924,0.49416433239962654,single,chubby,pclarc,20,0.4561157796451914,0.00840336134453784,,
wavy_hair,0.6099914236706689,0.5796526586620927,single,chubby,pclarc,20,0.6076329331046312,0.002358490566037763,,
wearing_earrings,0.707196029776675,0.7733664185277088,single,chubby,pclarc,20,0.7058962542833511,0.0012997754933238292,,
wearing_hat,0.8706687730384413,0.9092153765139547,single,chubby,pclarc,20,0.8706687730384413,0.0,,
wearing_lipstick,0.4608322026232474,0.46295793758480325,single,chubby,pclarc,20,0.45585707824513794,0.004975124378109486,,
wearing_necklace,0.5822695035460993,0.6618034447821681,single,chubby,pclarc,20,0.6082066869300912,-0.02593718338399187,,
wearing_necktie,0.6010235870048954,0.6040275923453493,single,chubby,pclarc,20,0.6297285269247885,-0.02870493991989309,,
young,0.8165933528836755,0.9032869012707723,single,chubby,pclarc,20,0.8528836754643205,-0.03629032258064502,,
5_o_clock_shadow,0.5368686868686869,0.5732323232323233,single,chubby,pclarc,21,0.543939393939394,-0.007070707070707005,,
arched_eyebrows,0.5763514201364146,0.5900437748142116,single,chubby,pclarc,21,0.5739590756388069,0.0023923444976077235,,
attractive,0.5056326187473729,0.4812105926860025,single,chubby,pclarc,21,0.5056326187473729,0.0,,
bags_under_eyes,0.4948863636363636,0.4180397727272728,single,chubby,pclarc,21,0.49261363636363636,0.0022727272727272596,,
bald,0.6678204214598391,0.783263768706098,single,chubby,pclarc,21,0.6784587193321796,-0.010638297872340496,,
bangs,0.7840265813438345,0.8784149643120847,single,chubby,pclarc,21,0.7819345311346295,0.0020920502092049986,,
big_lips,0.5038260169150222,0.4982682239226742,single,chubby,pclarc,21,0.5038260169150222,0.0,,
big_nose,0.577216748768473,0.6247536945812807,single,chubby,pclarc,21,0.5979064039408867,-0.020689655172413723,,
black_hair,0.7552083333333333,0.8776041666666666,single,chubby,pclarc,21,0.7421875,0.01302083333333326,,
blond_hair,0.8952744277627369,0.936500123061777,single,chubby,pclarc,21,0.8910903273443269,0.004184100418409997,,
blurry,0.657103825136612,0.6444672131147541,single,chubby,pclarc,21,0.6174863387978142,0.0396174863387978,,
brown_hair,0.6659663865546218,0.8174603174603174,single,chubby,pclarc,21,0.6596638655462185,0.006302521008403339,,
bushy_eyebrows,0.525172231054584,0.5045045045045045,single,chubby,pclarc,21,0.5298092209856916,-0.004636989931107616,,
chubby,0.63671875,0.72747802734375,single,chubby,pclarc,21,0.65625,-0.01953125,,
double_chin,0.592391304347826,0.6512681159420289,single,chubby,pclarc,21,0.6105072463768115,-0.018115942028985477,,
eyeglasses,0.8911807847451412,0.9585625229189586,single,chubby,pclarc,21,0.8911807847451412,0.0,,
goatee,0.6265151515151515,0.7411616161616161,single,chubby,pclarc,21,0.6265151515151515,0.0,,
gray_hair,0.7954838709677419,0.8930465949820788,single,chubby,pclarc,21,0.7805017921146953,0.014982078853046588,,
heavy_makeup,0.5513390102431198,0.6065654695791682,single,chubby,pclarc,21,0.5444896951746266,0.006849315068493178,,
high_cheekbones,0.45726600985221677,0.41225369458128086,single,chubby,pclarc,21,0.4745073891625616,-0.017241379310344807,,
male,0.981283422459893,0.9776021080368906,single,chubby,pclarc,21,0.981283422459893,0.0,,
mouth_slightly_open,0.5161526717557252,0.49636641221374045,single,chubby,pclarc,21,0.4988702290076336,0.017282442748091598,,
mustache,0.7322980297685624,0.8361868708595027,single,chubby,pclarc,21,0.735696463907769,-0.0033984341392065964,,
narrow_eyes,0.6131467910282034,0.6173662003109038,single,chubby,pclarc,21,0.608927381745503,0.00421940928270037,,
no_beard,0.5362220935469343,0.5718329794762915,single,chubby,pclarc,21,0.5362220935469343,0.0,,
oval_face,0.5127784783522489,0.5029003783102144,single,chubby,pclarc,21,0.5045817570407735,0.008196721311475419,,
pale_skin,0.6195121951219512,0.7947154471544715,single,chubby,pclarc,21,0.6195121951219512,0.0,,
pointy_nose,0.4997474747474747,0.4638888888888889,single,chubby,pclarc,21,0.5202020202020202,-0.020454545454545503,,
receding_hairline,0.4961328289197142,0.5372005044136192,single,chubby,pclarc,21,0.49663724253888186,-0.0005044136191676429,,
rosy_cheeks,0.6608103830326053,0.7663817663817665,single,chubby,pclarc,21,0.6566951566951567,0.004115226337448652,,
sideburns,0.5562958027981346,0.6133688652009771,single,chubby,pclarc,21,0.5889407061958695,-0.03264490339773485,,
smiling,0.8261904761904761,0.9304029304029304,single,chubby,pclarc,21,0.83003663003663,-0.0038461538461538325,,
straight_hair,0.4624183006535948,0.5042016806722689,single,chubby,pclarc,21,0.4561157796451914,0.0063025210084033945,,
wavy_hair,0.6142795883361921,0.5822255574614066,single,chubby,pclarc,21,0.6076329331046312,0.006646655231560938,,
wearing_earrings,0.6989838118870377,0.7723029658513529,single,chubby,pclarc,21,0.7058962542833511,-0.00691244239631339,,
wearing_hat,0.8706687730384413,0.9045813586097946,single,chubby,pclarc,21,0.8706687730384413,0.0,,
wearing_lipstick,0.4873360470375396,0.47797376752600634,single,chubby,pclarc,21,0.45585707824513794,0.03147896879240164,,
wearing_necklace,0.5843971631205673,0.6690982776089159,single,chubby,pclarc,21,0.6082066869300912,-0.023809523809523836,,
wearing_necktie,0.6201602136181575,0.6204939919893191,single,chubby,pclarc,21,0.6297285269247885,-0.009568313306630993,,
young,0.7649071358748778,0.8732282502443793,single,chubby,pclarc,21,0.8528836754643205,-0.08797653958944274,,
5_o_clock_shadow,0.5553030303030303,0.5808080808080809,single,chubby,pclarc,22,0.543939393939394,0.011363636363636354,,
arched_eyebrows,0.5739590756388069,0.5840374630968136,single,chubby,pclarc,22,0.5739590756388069,0.0,,
attractive,0.5138293400588483,0.4631357713324926,single,chubby,pclarc,22,0.5056326187473729,0.008196721311475419,,
bags_under_eyes,0.49886363636363634,0.42485795454545455,single,chubby,pclarc,22,0.49261363636363636,0.006249999999999978,,
bald,0.6678204214598391,0.7801079100071262,single,chubby,pclarc,22,0.6784587193321796,-0.010638297872340496,,
bangs,0.7882106817622446,0.8801378291902535,single,chubby,pclarc,22,0.7819345311346295,0.006276150627615107,,
big_lips,0.4987515102698349,0.5036649214659686,single,chubby,pclarc,22,0.5038260169150222,-0.005074506645187271,,
big_nose,0.572167487684729,0.6198891625615763,single,chubby,pclarc,22,0.5979064039408867,-0.02573891625615765,,
black_hair,0.7473958333333333,0.8731282552083333,single,chubby,pclarc,22,0.7421875,0.005208333333333259,,
blond_hair,0.8931823775535319,0.9409303470342112,single,chubby,pclarc,22,0.8910903273443269,0.0020920502092049986,,
blurry,0.605191256830601,0.6253415300546448,single,chubby,pclarc,22,0.6174863387978142,-0.012295081967213184,,
brown_hair,0.6659663865546218,0.8202614379084967,single,chubby,pclarc,22,0.6596638655462185,0.006302521008403339,,
bushy_eyebrows,0.4821144674085851,0.4903285638579757,single,chubby,pclarc,22,0.5298092209856916,-0.04769475357710651,,
chubby,0.625,0.69610595703125,single,chubby,pclarc,22,0.65625,-0.03125,,
double_chin,0.5661231884057971,0.6326237922705313,single,chubby,pclarc,22,0.6105072463768115,-0.04438405797101441,,
eyeglasses,0.8936560322698937,0.9584708470847085,single,chubby,pclarc,22,0.8911807847451412,0.0024752475247524774,,
goatee,0.6287878787878788,0.7412878787878788,single,chubby,pclarc,22,0.6265151515151515,0.002272727272727315,,
gray_hair,0.8021505376344086,0.8906093189964158,single,chubby,pclarc,22,0.7805017921146953,0.021648745519713297,,
heavy_makeup,0.560471430334444,0.629519930889794,single,chubby,pclarc,22,0.5444896951746266,0.01598173515981738,,
high_cheekbones,0.46157635467980296,0.41705665024630534,single,chubby,pclarc,22,0.4745073891625616,-0.012931034482758619,,
male,0.981283422459893,0.9774471053243432,single,chubby,pclarc,22,0.981283422459893,0.0,,
mouth_slightly_open,0.5092519083969466,0.49636641221374045,single,chubby,pclarc,22,0.4988702290076336,0.010381679389312948,,
mustache,0.735696463907769,0.8360578163985202,single,chubby,pclarc,22,0.735696463907769,0.0,,
narrow_eyes,0.584721296913169,0.6124805685098823,single,chubby,pclarc,22,0.608927381745503,-0.024206084832333996,,
no_beard,0.5311715884964293,0.5696454995818052,single,chubby,pclarc,22,0.5362220935469343,-0.005050505050504972,,
oval_face,0.5020176544766709,0.5016393442622951,single,chubby,pclarc,22,0.5045817570407735,-0.002564102564102555,,
pale_skin,0.6235772357723577,0.8012195121951219,single,chubby,pclarc,22,0.6195121951219512,0.004065040650406471,,
pointy_nose,0.5042929292929292,0.46237373737373744,single,chubby,pclarc,22,0.5202020202020202,-0.015909090909090984,,
receding_hairline,0.5063892391761244,0.5270281630937369,single,chubby,pclarc,22,0.49663724253888186,0.009751996637242577,,
rosy_cheeks,0.6972143083254194,0.7657486546375435,single,chubby,pclarc,22,0.6566951566951567,0.04051915163026276,,
sideburns,0.584721296913169,0.6131467910282034,single,chubby,pclarc,22,0.5889407061958695,-0.0042194092827004814,,
smiling,0.8338827838827838,0.9356532356532357,single,chubby,pclarc,22,0.83003663003663,0.0038461538461538325,,
straight_hair,0.4624183006535948,0.5004668534080299,single,chubby,pclarc,22,0.4561157796451914,0.0063025210084033945,,
wavy_hair,0.6142795883361921,0.5769725557461407,single,chubby,pclarc,22,0.6076329331046312,0.006646655231560938,,
wearing_earrings,0.7012879593524755,0.7719484816259009,single,chubby,pclarc,22,0.7058962542833511,-0.004608294930875667,,
wearing_hat,0.8706687730384413,0.8951026856240127,single,chubby,pclarc,22,0.8706687730384413,0.0,,
wearing_lipstick,0.5014020805065581,0.49118046132971505,single,chubby,pclarc,22,0.45585707824513794,0.045545002261420164,,
wearing_necklace,0.5780141843971631,0.6656534954407295,single,chubby,pclarc,22,0.6082066869300912,-0.030192502532928045,,
wearing_necktie,0.5986871384067646,0.5971295060080106,single,chubby,pclarc,22,0.6297285269247885,-0.03104138851802396,,
young,0.7568426197458455,0.8380376344086021,single,chubby,pclarc,22,0.8528836754643205,-0.09604105571847499,,
5_o_clock_shadow,0.601010101010101,0.5905303030303031,single,chubby,pclarc,23,0.543939393939394,0.05707070707070705,,
arched_eyebrows,0.5465743662832129,0.5366995826122366,single,chubby,pclarc,23,0.5739590756388069,-0.027384709355594006,,
attractive,0.5138293400588483,0.42488440521227405,single,chubby,pclarc,23,0.5056326187473729,0.008196721311475419,,
bags_under_eyes,0.48011363636363635,0.4265625,single,chubby,pclarc,23,0.49261363636363636,-0.012500000000000011,,
bald,0.6678204214598391,0.781431334622824,single,chubby,pclarc,23,0.6784587193321796,-0.010638297872340496,,
bangs,0.7777504307162195,0.8793994585281811,single,chubby,pclarc,23,0.7819345311346295,-0.004184100418409997,,
big_lips,0.4812323801852598,0.48779701973419254,single,chubby,pclarc,23,0.5038260169150222,-0.022593636729762334,,
big_nose,0.55935960591133,0.6003694581280788,single,chubby,pclarc,23,0.5979064039408867,-0.03854679802955663,,
black_hair,0.7552083333333333,0.8776041666666667,single,chubby,pclarc,23,0.7421875,0.01302083333333326,,
blond_hair,0.8952744277627369,0.9399458528181147,single,chubby,pclarc,23,0.8910903273443269,0.004184100418409997,,
blurry,0.6092896174863388,0.6246584699453552,single,chubby,pclarc,23,0.6174863387978142,-0.008196721311475419,,
brown_hair,0.6596638655462185,0.8335667600373483,single,chubby,pclarc,23,0.6596638655462185,0.0,,
bushy_eyebrows,0.45031796502384736,0.47164811870694223,single,chubby,pclarc,23,0.5298092209856916,-0.07949125596184425,,
chubby,0.58984375,0.56927490234375,single,chubby,pclarc,23,0.65625,-0.06640625,,
double_chin,0.5341183574879227,0.5237771739130435,single,chubby,pclarc,23,0.6105072463768115,-0.07638888888888884,,
eyeglasses,0.902915291529153,0.9603960396039604,single,chubby,pclarc,23,0.8911807847451412,0.011734506784011778,,
goatee,0.6032828282828283,0.7258838383838384,single,chubby,pclarc,23,0.6265151515151515,-0.02323232323232316,,
gray_hair,0.7681720430107527,0.7939784946236559,single,chubby,pclarc,23,0.7805017921146953,-0.012329749103942578,,
heavy_makeup,0.555905220288782,0.6458101937553992,single,chubby,pclarc,23,0.5444896951746266,0.011415525114155334,,
high_cheekbones,0.47155172413793106,0.41354679802955663,single,chubby,pclarc,23,0.4745073891625616,-0.002955665024630516,,
male,0.9598930481283423,0.978687127024723,single,chubby,pclarc,23,0.981283422459893,-0.021390374331550666,,
mouth_slightly_open,0.5099847328244275,0.5023511450381679,single,chubby,pclarc,23,0.4988702290076336,0.011114503816793853,,
mustache,0.7128108061601997,0.8167426654048008,single,chubby,pclarc,23,0.735696463907769,-0.022885657747569343,,
narrow_eyes,0.608927381745503,0.6109260493004663,single,chubby,pclarc,23,0.608927381745503,0.0,,
no_beard,0.5394068069227305,0.579553496750949,single,chubby,pclarc,23,0.5362220935469343,0.0031847133757961776,,
oval_face,0.4994535519125683,0.5002942412778478,single,chubby,pclarc,23,0.5045817570407735,-0.0051282051282051655,,
pale_skin,0.6195121951219512,0.7902439024390244,single,chubby,pclarc,23,0.6195121951219512,0.0,,
pointy_nose,0.49747474747474746,0.44457070707070706,single,chubby,pclarc,23,0.5202020202020202,-0.022727272727272763,,
receding_hairline,0.4766708701134931,0.509037410676755,single,chubby,pclarc,23,0.49663724253888186,-0.01996637242538879,,
rosy_cheeks,0.6566951566951567,0.7600506489395379,single,chubby,pclarc,23,0.6566951566951567,0.0,,
sideburns,0.5626249167221852,0.6098156784365977,single,chubby,pclarc,23,0.5889407061958695,-0.026315789473684292,,
smiling,0.8031135531135531,0.924908424908425,single,chubby,pclarc,23,0.83003663003663,-0.026923076923076827,,
straight_hair,0.4556489262371615,0.5070028011204482,single,chubby,pclarc,23,0.4561157796451914,-0.00046685340802987696,,
wavy_hair,0.6299313893653516,0.5739708404802744,single,chubby,pclarc,23,0.6076329331046312,0.022298456260720467,,
wearing_earrings,0.6966796644215999,0.7610776320453739,single,chubby,pclarc,23,0.7058962542833511,-0.009216589861751223,,
wearing_hat,0.8659294365455503,0.8618220115850448,single,chubby,pclarc,23,0.8706687730384413,-0.004739336492890933,,
wearing_lipstick,0.5179556761646313,0.5330619629127091,single,chubby,pclarc,23,0.45585707824513794,0.0620985979194934,,
wearing_necklace,0.5890577507598784,0.6482269503546099,single,chubby,pclarc,23,0.6082066869300912,-0.019148936170212738,,
wearing_necktie,0.6033600356030262,0.584334668446818,single,chubby,pclarc,23,0.6297285269247885,-0.026368491321762333,,
young,0.6174242424242424,0.7036290322580645,single,chubby,pclarc,23,0.8528836754643205,-0.2354594330400781,,
5_o_clock_shadow,0.5916666666666667,0.5768939393939394,sequential,chubby,diff_means,-1,0.543939393939394,0.04772727272727273,,
arched_eyebrows,0.5207675862771047,0.5187824493535579,sequential,chubby,diff_means,-1,0.5739590756388069,-0.05319148936170215,,
attractive,0.5030685161832703,0.40647330811265237,sequential,chubby,diff_means,-1,0.5056326187473729,-0.002564102564102555,,
bags_under_eyes,0.45454545454545453,0.4055397727272727,sequential,chubby,diff_means,-1,0.49261363636363636,-0.038068181818181834,,
bald,0.6678204214598391,0.780922325155248,sequential,chubby,diff_means,-1,0.6784587193321796,-0.010638297872340496,,
bangs,0.7610140290425793,0.8720157519074576,sequential,chubby,diff_means,-1,0.7819345311346295,-0.02092050209205021,,
big_lips,0.46814337494965763,0.4649214659685864,sequential,chubby,diff_means,-1,0.5038260169150222,-0.035682641965364525,,
big_nose,0.5571428571428572,0.5928571428571429,sequential,chubby,diff_means,-1,0.5979064039408867,-0.040763546798029515,,
black_hair,0.7786458333333333,0.8779296875000001,sequential,chubby,diff_means,-1,0.7421875,0.03645833333333326,,
blond_hair,0.9246861924686193,0.936500123061777,sequential,chubby,diff_means,-1,0.8910903273443269,0.03359586512429236,,
blurry,0.5758196721311475,0.6444672131147542,sequential,chubby,diff_means,-1,0.6174863387978142,-0.04166666666666674,,
brown_hair,0.688608776844071,0.8293650793650793,sequential,chubby,diff_means,-1,0.6596638655462185,0.028944911297852483,,
bushy_eyebrows,0.45164281928987815,0.45336512983571803,sequential,chubby,diff_means,-1,0.5298092209856916,-0.07816640169581346,,
chubby,0.58203125,0.56231689453125,sequential,chubby,diff_means,-1,0.65625,-0.07421875,,
double_chin,0.5208333333333333,0.5170591787439615,sequential,chubby,diff_means,-1,0.6105072463768115,-0.08967391304347827,,
eyeglasses,0.906032269893656,0.9610377704437111,sequential,chubby,diff_means,-1,0.8911807847451412,0.014851485148514865,,
goatee,0.601010101010101,0.7141414141414141,sequential,chubby,diff_means,-1,0.6265151515151515,-0.025505050505050475,,
gray_hair,0.7437275985663083,0.8219354838709678,sequential,chubby,diff_means,-1,0.7805017921146953,-0.03677419354838696,,
heavy_makeup,0.5085153646797482,0.6098975688016784,sequential,chubby,diff_means,-1,0.5444896951746266,-0.035974330494878415,,
high_cheekbones,0.46379310344827585,0.3948891625615763,sequential,chubby,diff_means,-1,0.4745073891625616,-0.010714285714285732,,
male,0.9705882352941176,0.9813221731380299,sequential,chubby,diff_means,-1,0.981283422459893,-0.010695187165775333,,
mouth_slightly_open,0.5077862595419848,0.5200610687022901,sequential,chubby,diff_means,-1,0.4988702290076336,0.008916030534351138,,
mustache,0.6899251484126301,0.8078809257506667,sequential,chubby,diff_means,-1,0.735696463907769,-0.04577131549513891,,
narrow_eyes,0.5762824783477681,0.5920497446147014,sequential,chubby,diff_means,-1,0.608927381745503,-0.03264490339773485,,
no_beard,0.543910441999614,0.5841858071157433,sequential,chubby,diff_means,-1,0.5362220935469343,0.0076883484526797385,,
oval_face,0.49739386296763344,0.4939890710382514,sequential,chubby,diff_means,-1,0.5045817570407735,-0.007187894073140022,,
pale_skin,0.6174796747967479,0.7747967479674797,sequential,chubby,diff_means,-1,0.6195121951219512,-0.002032520325203291,,
pointy_nose,0.4373737373737374,0.42348484848484846,sequential,chubby,diff_means,-1,0.5202020202020202,-0.0828282828282828,,
receding_hairline,0.49150903741067675,0.5165195460277427,sequential,chubby,diff_means,-1,0.49663724253888186,-0.00512820512820511,,
rosy_cheeks,0.6848686293130737,0.8110161443494777,sequential,chubby,diff_means,-1,0.6566951566951567,0.028173472617917028,,
sideburns,0.5827226293582057,0.5991561181434599,sequential,chubby,diff_means,-1,0.5889407061958695,-0.006218076837663733,,
smiling,0.7915750915750915,0.9272893772893773,sequential,chubby,diff_means,-1,0.83003663003663,-0.038461538461538436,,
straight_hair,0.5184407096171801,0.5147058823529411,sequential,chubby,diff_means,-1,0.4561157796451914,0.06232492997198874,,
wavy_hair,0.6123499142367067,0.5633576329331046,sequential,chubby,diff_means,-1,0.6076329331046312,0.004716981132075526,,
wearing_earrings,0.6592224979321754,0.7441805506321636,sequential,chubby,diff_means,-1,0.7058962542833511,-0.046673756351175766,,
wearing_hat,0.8595576619273302,0.8753027909426013,sequential,chubby,diff_means,-1,0.8706687730384413,-0.011111111111111072,,
wearing_lipstick,0.5270465852555405,0.5423790140208051,sequential,chubby,diff_means,-1,0.45585707824513794,0.07118950701040255,,
wearing_necklace,0.6031408308004053,0.6784194528875379,sequential,chubby,diff_means,-1,0.6082066869300912,-0.005065856129685908,,
wearing_necktie,0.5623052959501558,0.5646417445482865,sequential,chubby,diff_means,-1,0.6297285269247885,-0.06742323097463276,,
young,0.6430840664711632,0.70588954056696,sequential,chubby,diff_means,-1,0.8528836754643205,-0.2097996089931573,,
5_o_clock_shadow,0.5462121212121211,0.5708333333333333,sequential,chubby,lr,-1,0.543939393939394,0.002272727272727204,,
arched_eyebrows,0.58006718924972,0.5858698971800875,sequential,chubby,lr,-1,0.5739590756388069,0.006108113610913124,,
attractive,0.5056326187473729,0.4914670029424128,sequential,chubby,lr,-1,0.5056326187473729,0.0,,
bags_under_eyes,0.4869318181818182,0.41328125000000004,sequential,chubby,lr,-1,0.49261363636363636,-0.005681818181818177,,
bald,0.6784587193321796,0.7922223353354372,sequential,chubby,lr,-1,0.6784587193321796,0.0,,
bangs,0.7735663302978095,0.8813684469603741,sequential,chubby,lr,-1,0.7819345311346295,-0.008368200836819994,,
big_lips,0.4855014095851792,0.477648006443818,sequential,chubby,lr,-1,0.5038260169150222,-0.01832460732984298,,
big_nose,0.5979064039408867,0.6473522167487684,sequential,chubby,lr,-1,0.5979064039408867,0.0,,
black_hair,0.7526041666666667,0.8712565104166666,sequential,chubby,lr,-1,0.7421875,0.01041666666666674,,
blond_hair,0.8952744277627369,0.9372384937238494,sequential,chubby,lr,-1,0.8910903273443269,0.004184100418409997,,
blurry,0.6236338797814207,0.6673497267759563,sequential,chubby,lr,-1,0.6174863387978142,0.006147540983606481,,
brown_hair,0.6680672268907564,0.8295985060690942,sequential,chubby,lr,-1,0.6596638655462185,0.008403361344537896,,
bushy_eyebrows,0.489136195018548,0.4972178060413354,sequential,chubby,lr,-1,0.5298092209856916,-0.04067302596714362,,
chubby,0.6171875,0.6817626953125,sequential,chubby,lr,-1,0.65625,-0.0390625,,
double_chin,0.5434782608695652,0.6319444444444445,sequential,chubby,lr,-1,0.6105072463768115,-0.06702898550724634,,
eyeglasses,0.8936560322698937,0.9590209020902091,sequential,chubby,lr,-1,0.8911807847451412,0.0024752475247524774,,
goatee,0.6080808080808081,0.7039141414141414,sequential,chubby,lr,-1,0.6265151515151515,-0.01843434343434336,,
gray_hair,0.787168458781362,0.8950537634408602,sequential,chubby,lr,-1,0.7805017921146953,0.00666666666666671,,
heavy_makeup,0.5422065901517956,0.610391213130939,sequential,chubby,lr,-1,0.5444896951746266,-0.0022831050228310223,,
high_cheekbones,0.483128078817734,0.411884236453202,sequential,chubby,lr,-1,0.4745073891625616,0.008620689655172431,,
male,0.981283422459893,0.9772146012555221,sequential,chubby,lr,-1,0.981283422459893,0.0,,
mouth_slightly_open,0.5066870229007634,0.48512977099236637,sequential,chubby,lr,-1,0.4988702290076336,0.007816793893129781,,
mustache,0.7077346640282198,0.8096016518971005,sequential,chubby,lr,-1,0.735696463907769,-0.027961799879549165,,
narrow_eyes,0.6131467910282034,0.6071507883633134,sequential,chubby,lr,-1,0.608927381745503,0.00421940928270037,,
no_beard,0.5298526667953419,0.5478993759248536,sequential,chubby,lr,-1,0.5362220935469343,-0.006369426751592355,,
oval_face,0.5045817570407735,0.49928541403951243,sequential,chubby,lr,-1,0.5045817570407735,0.0,,
pale_skin,0.5715447154471545,0.7731707317073171,sequential,chubby,lr,-1,0.6195121951219512,-0.047967479674796754,,
pointy_nose,0.4994949494949495,0.45681818181818185,sequential,chubby,lr,-1,0.5202020202020202,-0.02070707070707073,,
receding_hairline,0.5120218579234972,0.5626733921815888,sequential,chubby,lr,-1,0.49663724253888186,0.01538461538461533,,
rosy_cheeks,0.6889838556505223,0.7774612219056664,sequential,chubby,lr,-1,0.6566951566951567,0.03228869895536568,,
sideburns,0.5626249167221852,0.6047079724628026,sequential,chubby,lr,-1,0.5889407061958695,-0.026315789473684292,,
smiling,0.8145299145299145,0.9175824175824177,sequential,chubby,lr,-1,0.83003663003663,-0.015506715506715452,,
straight_hair,0.47549019607843135,0.4871615312791784,sequential,chubby,lr,-1,0.4561157796451914,0.01937441643323995,,
wavy_hair,0.6099914236706689,0.5778301886792453,sequential,chubby,lr,-1,0.6076329331046312,0.002358490566037763,,
wearing_earrings,0.6989838118870377,0.7737209027531609,sequential,chubby,lr,-1,0.7058962542833511,-0.00691244239631339,,
wearing_hat,0.8595576619273302,0.8984728804634019,sequential,chubby,lr,-1,0.8706687730384413,-0.011111111111111072,,
wearing_lipstick,0.46743554952510175,0.4706467661691542,sequential,chubby,lr,-1,0.45585707824513794,0.011578471279963809,,
wearing_necklace,0.6103343465045592,0.6782168186423506,sequential,chubby,lr,-1,0.6082066869300912,0.0021276595744680327,,
wearing_necktie,0.5965732087227414,0.5929016466399644,sequential,chubby,lr,-1,0.6297285269247885,-0.03315531820204709,,
young,0.7862903225806452,0.8801930596285434,sequential,chubby,lr,-1,0.8528836754643205,-0.0665933528836753,,
5_o_clock_shadow,0.5780303030303031,0.571590909090909,sequential,chubby,pclarc,-1,0.543939393939394,0.03409090909090917,,
arched_eyebrows,0.5478977908989107,0.5379212053344192,sequential,chubby,pclarc,-1,0.5739590756388069,-0.026061284739896218,,
attractive,0.5138293400588483,0.41067675493905,sequential,chubby,pclarc,-1,0.5056326187473729,0.008196721311475419,,
bags_under_eyes,0.4897727272727273,0.41711647727272727,sequential,chubby,pclarc,-1,0.49261363636363636,-0.0028409090909090606,,
bald,0.6678204214598391,0.7880484577013133,sequential,chubby,pclarc,-1,0.6784587193321796,-0.010638297872340496,,
bangs,0.7672901796701944,0.8742308638936747,sequential,chubby,pclarc,-1,0.7819345311346295,-0.014644351464435101,,
big_lips,0.5069271043093033,0.498348771647201,sequential,chubby,pclarc,-1,0.5038260169150222,0.0031010873942811656,,
big_nose,0.5514778325123153,0.5961822660098522,sequential,chubby,pclarc,-1,0.5979064039408867,-0.046428571428571375,,
black_hair,0.7630208333333333,0.8769531249999999,sequential,chubby,pclarc,-1,0.7421875,0.02083333333333326,,
blond_hair,0.8973664779719419,0.9384691114939699,sequential,chubby,pclarc,-1,0.8910903273443269,0.006276150627614996,,
blurry,0.5635245901639344,0.6390027322404372,sequential,chubby,pclarc,-1,0.6174863387978142,-0.053961748633879814,,
brown_hair,0.6764705882352942,0.8345004668534081,sequential,chubby,pclarc,-1,0.6596638655462185,0.01680672268907568,,
bushy_eyebrows,0.4650238473767886,0.4538950715421303,sequential,chubby,pclarc,-1,0.5298092209856916,-0.06478537360890302,,
chubby,0.59765625,0.5660400390625,sequential,chubby,pclarc,-1,0.65625,-0.05859375,,
double_chin,0.518719806763285,0.5188707729468599,sequential,chubby,pclarc,-1,0.6105072463768115,-0.09178743961352653,,
eyeglasses,0.902915291529153,0.9635130179684636,sequential,chubby,pclarc,-1,0.8911807847451412,0.011734506784011778,,
goatee,0.5757575757575758,0.7085858585858587,sequential,chubby,pclarc,-1,0.6265151515151515,-0.05075757575757567,,
gray_hair,0.7637275985663083,0.8345519713261648,sequential,chubby,pclarc,-1,0.7805017921146953,-0.01677419354838694,,
heavy_makeup,0.5673207454029372,0.6127360236949277,sequential,chubby,pclarc,-1,0.5444896951746266,0.022831050228310557,,
high_cheekbones,0.4815270935960591,0.40560344827586203,sequential,chubby,pclarc,-1,0.4745073891625616,0.007019704433497531,,
male,0.9572192513368984,0.979539641943734,sequential,chubby,pclarc,-1,0.981283422459893,-0.024064171122994527,,
mouth_slightly_open,0.517618320610687,0.5248854961832061,sequential,chubby,pclarc,-1,0.4988702290076336,0.018748091603053407,,
mustache,0.7009377957498064,0.8120106685021079,sequential,chubby,pclarc,-1,0.735696463907769,-0.03475866815796258,,
narrow_eyes,0.5826115922718188,0.5942704863424384,sequential,chubby,pclarc,-1,0.608927381745503,-0.02631578947368418,,
no_beard,0.5311715884964293,0.58238435308499,sequential,chubby,pclarc,-1,0.5362220935469343,-0.005050505050504972,,
oval_face,0.5102143757881463,0.5130727196300967,sequential,chubby,pclarc,-1,0.5045817570407735,0.005632618747372864,,
pale_skin,0.6235772357723577,0.775609756097561,sequential,chubby,pclarc,-1,0.6195121951219512,0.004065040650406471,,
pointy_nose,0.4674242424242424,0.43926767676767675,sequential,chubby,pclarc,-1,0.5202020202020202,-0.05277777777777781,,
receding_hairline,0.49768810424548127,0.5228247162673393,sequential,chubby,pclarc,-1,0.49663724253888186,0.0010508617065994041,,
rosy_cheeks,0.6930990819879709,0.7692307692307693,sequential,chubby,pclarc,-1,0.6566951566951567,0.03640392529281422,,
sideburns,0.5584055074394848,0.6047079724628026,sequential,chubby,pclarc,-1,0.5889407061958695,-0.030535198756384663,,
smiling,0.7954212454212454,0.9322344322344323,sequential,chubby,pclarc,-1,0.83003663003663,-0.0346153846153846,,
straight_hair,0.511204481792717,0.5233426704014938,sequential,chubby,pclarc,-1,0.4561157796451914,0.05508870214752565,,
wavy_hair,0.6256432246998285,0.5621783876500859,sequential,chubby,pclarc,-1,0.6076329331046312,0.018010291595197292,,
wearing_earrings,0.7095001772421128,0.7684036393713812,sequential,chubby,pclarc,-1,0.7058962542833511,0.003603922958761663,,
wearing_hat,0.8682991047919958,0.8731964191679832,sequential,chubby,pclarc,-1,0.8706687730384413,-0.0023696682464454666,,
wearing_lipstick,0.5270465852555405,0.5397557666214382,sequential,chubby,pclarc,-1,0.45585707824513794,0.07118950701040255,,
wearing_necklace,0.5822695035460993,0.6747720364741641,sequential,chubby,pclarc,-1,0.6082066869300912,-0.02593718338399187,,
wearing_necktie,0.6150422785936804,0.5775478415665332,sequential,chubby,pclarc,-1,0.6297285269247885,-0.014686248331108098,,
young,0.6421065493646139,0.7121823069403715,sequential,chubby,pclarc,-1,0.8528836754643205,-0.21077712609970667,,
5_o_clock_shadow,0.5113636363636364,0.5534090909090909,iterative,chubby,lr,12,0.543939393939394,-0.03257575757575759,5.0,
arched_eyebrows,0.59284332688588,0.606026672096101,iterative,chubby,lr,12,0.5739590756388069,0.01888425124707316,5.0,
attractive,0.5056326187473729,0.5899117276166457,iterative,chubby,lr,12,0.5056326187473729,0.0,5.0,
bags_under_eyes,0.475,0.43274147727272727,iterative,chubby,lr,12,0.49261363636363636,-0.017613636363636387,5.0,
bald,0.6760663748345719,0.7942583732057416,iterative,chubby,lr,12,0.6784587193321796,-0.0023923444976077235,5.0,
bangs,0.7819345311346295,0.8978587250799902,iterative,chubby,lr,12,0.7819345311346295,0.0,5.0,
big_lips,0.496294804671768,0.46250503423278294,iterative,chubby,lr,12,0.5038260169150222,-0.007531212243254148,5.0,
big_nose,0.6029556650246305,0.6538177339901478,iterative,chubby,lr,12,0.5979064039408867,0.005049261083743817,5.0,
black_hair,0.7734375,0.8846028645833333,iterative,chubby,lr,12,0.7421875,0.03125,5.0,
blond_hair,0.8931823775535319,0.932316022643367,iterative,chubby,lr,12,0.8910903273443269,0.0020920502092049986,5.0,
blurry,0.6236338797814207,0.6502732240437159,iterative,chubby,lr,12,0.6174863387978142,0.006147540983606481,5.0,
brown_hair,0.6596638655462185,0.6862745098039216,iterative,chubby,lr,12,0.6596638655462185,0.0,5.0,
bushy_eyebrows,0.5196078431372549,0.5131160572337042,iterative,chubby,lr,12,0.5298092209856916,-0.010201377848436666,5.0,
chubby,0.6484375,0.77374267578125,iterative,chubby,lr,12,0.65625,-0.0078125,5.0,
double_chin,0.5984299516908212,0.7127868357487923,iterative,chubby,lr,12,0.6105072463768115,-0.01207729468599028,5.0,
eyeglasses,0.8454345434543454,0.9435276861019436,iterative,chubby,lr,12,0.8911807847451412,-0.04574624129079574,5.0,
goatee,0.5987373737373737,0.7343434343434343,iterative,chubby,lr,12,0.6265151515151515,-0.02777777777777779,5.0,
gray_hair,0.7738351254480287,0.9030824372759856,iterative,chubby,lr,12,0.7805017921146953,-0.006666666666666599,5.0,
heavy_makeup,0.5151795631247686,0.6040972479328643,iterative,chubby,lr,12,0.5444896951746266,-0.029310132049857995,5.0,
high_cheekbones,0.47807881773399014,0.4130541871921182,iterative,chubby,lr,12,0.4745073891625616,0.0035714285714285587,5.0,
male,0.981283422459893,0.9786096256684493,iterative,chubby,lr,12,0.981283422459893,0.0,5.0,
mouth_slightly_open,0.49960305343511446,0.48256488549618315,iterative,chubby,lr,12,0.4988702290076336,0.0007328244274808493,5.0,
mustache,0.7111330981674266,0.8119246321947861,iterative,chubby,lr,12,0.735696463907769,-0.024563365740342347,5.0,
narrow_eyes,0.5520763935154341,0.5918276704419275,iterative,chubby,lr,12,0.608927381745503,-0.056850988230068844,5.0,
no_beard,0.5197516566943319,0.5763366145531751,iterative,chubby,lr,12,0.5362220935469343,-0.01647043685260241,5.0,
oval_face,0.4907524169819252,0.498192517864649,iterative,chubby,lr,12,0.5045817570407735,-0.013829340058848283,5.0,
pale_skin,0.5796747967479675,0.8264227642276423,iterative,chubby,lr,12,0.6195121951219512,-0.0398373983739837,5.0,
pointy_nose,0.5133838383838384,0.46994949494949495,iterative,chubby,lr,12,0.5202020202020202,-0.006818181818181834,5.0,
receding_hairline,0.5120218579234972,0.558974358974359,iterative,chubby,lr,12,0.49663724253888186,0.01538461538461533,5.0,
rosy_cheeks,0.6848686293130737,0.8059512503956948,iterative,chubby,lr,12,0.6566951566951567,0.028173472617917028,5.0,
sideburns,0.5520763935154341,0.6200310903841882,iterative,chubby,lr,12,0.5889407061958695,-0.03686431268043533,5.0,
smiling,0.8414529914529915,0.9401709401709402,iterative,chubby,lr,12,0.83003663003663,0.011416361416361487,5.0,
straight_hair,0.4178338001867414,0.43860877684407096,iterative,chubby,lr,12,0.4561157796451914,-0.03828197945845002,5.0,
wavy_hair,0.559819897084048,0.5940180102915953,iterative,chubby,lr,12,0.6076329331046312,-0.04781303602058318,5.0,
wearing_earrings,0.6756469337114499,0.7574146283823703,iterative,chubby,lr,12,0.7058962542833511,-0.030249320571901217,5.0,
wearing_hat,0.8548183254344391,0.9313322801474462,iterative,chubby,lr,12,0.8706687730384413,-0.015850447604002116,5.0,
wearing_lipstick,0.4533695160560832,0.4546359113523292,iterative,chubby,lr,12,0.45585707824513794,-0.002487562189054715,5.0,
wearing_necklace,0.5822695035460993,0.6715298885511651,iterative,chubby,lr,12,0.6082066869300912,-0.02593718338399187,5.0,
wearing_necktie,0.6299510458388963,0.6666666666666667,iterative,chubby,lr,12,0.6297285269247885,0.00022251891410773883,5.0,
young,0.8486070381231672,0.9297409579667644,iterative,chubby,lr,12,0.8528836754643205,-0.004276637341153355,5.0,
5_o_clock_shadow,0.5045454545454545,0.5487373737373736,iterative,chubby,pclarc,12,0.543939393939394,-0.039393939393939426,5.0,
arched_eyebrows,0.6082663137534359,0.6181410974244121,iterative,chubby,pclarc,12,0.5739590756388069,0.03430723811462899,5.0,
attractive,0.5056326187473729,0.5788986969314839,iterative,chubby,pclarc,12,0.5056326187473729,0.0,5.0,
bags_under_eyes,0.4534090909090909,0.4295454545454546,iterative,chubby,pclarc,12,0.49261363636363636,-0.03920454545454549,5.0,
bald,0.6867046727069124,0.7931385523770741,iterative,chubby,pclarc,12,0.6784587193321796,0.008245953374732773,5.0,
bangs,0.7819345311346295,0.8971203544179178,iterative,chubby,pclarc,12,0.7819345311346295,0.0,5.0,
big_lips,0.4910592025775272,0.4641159887233186,iterative,chubby,pclarc,12,0.5038260169150222,-0.012766814337494936,5.0,
big_nose,0.6022167487684729,0.6496921182266009,iterative,chubby,pclarc,12,0.5979064039408867,0.004310344827586188,5.0,
black_hair,0.7604166666666667,0.8842773437500001,iterative,chubby,pclarc,12,0.7421875,0.01822916666666674,5.0,
blond_hair,0.8994585281811469,0.9291164164410534,iterative,chubby,pclarc,12,0.8910903273443269,0.008368200836819994,5.0,
blurry,0.619535519125683,0.6335382513661203,iterative,chubby,pclarc,12,0.6174863387978142,0.002049180327868827,5.0,
brown_hair,0.6617647058823529,0.6967787114845938,iterative,chubby,pclarc,12,0.6596638655462185,0.0021008403361344463,5.0,
bushy_eyebrows,0.5151033386327504,0.5141759406465289,iterative,chubby,pclarc,12,0.5298092209856916,-0.014705882352941235,5.0,
chubby,0.6484375,0.771484375,iterative,chubby,pclarc,12,0.65625,-0.0078125,5.0,
double_chin,0.6123188405797102,0.7121829710144928,iterative,chubby,pclarc,12,0.6105072463768115,0.0018115942028986698,5.0,
eyeglasses,0.8497433076640998,0.9472863953061973,iterative,chubby,pclarc,12,0.8911807847451412,-0.041437477081041396,5.0,
goatee,0.601010101010101,0.7380050505050505,iterative,chubby,pclarc,12,0.6265151515151515,-0.025505050505050475,5.0,
gray_hair,0.7760573476702508,0.9029390681003584,iterative,chubby,pclarc,12,0.7805017921146953,-0.004444444444444473,5.0,
heavy_makeup,0.5151795631247686,0.5964457608293225,iterative,chubby,pclarc,12,0.5444896951746266,-0.029310132049857995,5.0,
high_cheekbones,0.4773399014778325,0.4151477832512315,iterative,chubby,pclarc,12,0.4745073891625616,0.0028325123152709297,5.0,
male,0.981283422459893,0.978687127024723,iterative,chubby,pclarc,12,0.981283422459893,0.0,5.0,
mouth_slightly_open,0.4956030534351145,0.4893435114503817,iterative,chubby,pclarc,12,0.4988702290076336,-0.0032671755725190987,5.0,
mustache,0.7136711692334166,0.8148498666437235,iterative,chubby,pclarc,12,0.735696463907769,-0.022025294674352436,5.0,
narrow_eyes,0.5647346213635354,0.5909393737508328,iterative,chubby,pclarc,12,0.608927381745503,-0.04419276038196762,5.0,
no_beard,0.522936370070128,0.5754358875377984,iterative,chubby,pclarc,12,0.5362220935469343,-0.013285723476806233,5.0,
oval_face,0.4933165195460278,0.4977301387137452,iterative,chubby,pclarc,12,0.5045817570407735,-0.011265237494745672,5.0,
pale_skin,0.5317073170731708,0.8231707317073171,iterative,chubby,pclarc,12,0.6195121951219512,-0.08780487804878045,5.0,
pointy_nose,0.5340909090909092,0.4743686868686869,iterative,chubby,pclarc,12,0.5202020202020202,0.01388888888888895,5.0,
receding_hairline,0.5068936527952921,0.5614123581336696,iterative,chubby,pclarc,12,0.49663724253888186,0.01025641025641022,5.0,
rosy_cheeks,0.686926242481798,0.7932890155112378,iterative,chubby,pclarc,12,0.6566951566951567,0.030231085786641354,5.0,
sideburns,0.5584055074394848,0.6211414612480568,iterative,chubby,pclarc,12,0.5889407061958695,-0.030535198756384663,5.0,
smiling,0.8414529914529915,0.9404761904761905,iterative,chubby,pclarc,12,0.83003663003663,0.011416361416361487,5.0,
straight_hair,0.41363211951447243,0.44887955182072836,iterative,chubby,pclarc,12,0.4561157796451914,-0.04248366013071897,5.0,
wavy_hair,0.5621783876500858,0.5902658662092624,iterative,chubby,pclarc,12,0.6076329331046312,-0.045454545454545414,5.0,
wearing_earrings,0.6825593761077632,0.7733664185277088,iterative,chubby,pclarc,12,0.7058962542833511,-0.02333687817558794,5.0,
wearing_hat,0.8548183254344391,0.9318588730911006,iterative,chubby,pclarc,12,0.8706687730384413,-0.015850447604002116,5.0,
wearing_lipstick,0.466576209859792,0.454726368159204,iterative,chubby,pclarc,12,0.45585707824513794,0.010719131614654043,5.0,
wearing_necklace,0.601823708206687,0.6814589665653494,iterative,chubby,pclarc,12,0.6082066869300912,-0.006382978723404209,5.0,
wearing_necktie,0.6206052514463729,0.6589897641299511,iterative,chubby,pclarc,12,0.6297285269247885,-0.009123275478415627,5.0,
young,0.8483626588465298,0.9285801564027371,iterative,chubby,pclarc,12,0.8528836754643205,-0.004521016617790696,5.0,
5_o_clock_shadow,0.543939393939394,0.5612373737373738,fixed_multi,chubby,diff_means,6,0.543939393939394,0.0,,6.0
arched_eyebrows,0.5763514201364146,0.5986460348162476,fixed_multi,chubby,diff_means,6,0.5739590756388069,0.0023923444976077235,,6.0
attractive,0.5056326187473729,0.5479613282891971,fixed_multi,chubby,diff_means,6,0.5056326187473729,0.0,,6.0
bags_under_eyes,0.48863636363636365,0.43437499999999996,fixed_multi,chubby,diff_means,6,0.49261363636363636,-0.003977272727272718,,6.0
bald,0.6784587193321796,0.7899826936781024,fixed_multi,chubby,diff_means,6,0.6784587193321796,0.0,,6.0
bangs,0.7819345311346295,0.8823529411764706,fixed_multi,chubby,diff_means,6,0.7819345311346295,0.0,,6.0
big_lips,0.4882803060813532,0.49085783326621024,fixed_multi,chubby,diff_means,6,0.5038260169150222,-0.015545710833668958,,6.0
big_nose,0.5943349753694581,0.6511699507389163,fixed_multi,chubby,diff_means,6,0.5979064039408867,-0.0035714285714285587,,6.0
black_hair,0.7421875,0.87451171875,fixed_multi,chubby,diff_means,6,0.7421875,0.0,,6.0
blond_hair,0.8889982771351218,0.9365001230617771,fixed_multi,chubby,diff_means,6,0.8910903273443269,-0.0020920502092051096,,6.0
blurry,0.6530054644808744,0.6144125683060109,fixed_multi,chubby,diff_means,6,0.6174863387978142,0.03551912568306015,,6.0
brown_hair,0.6743697478991597,0.8172268907563025,fixed_multi,chubby,diff_means,6,0.6596638655462185,0.014705882352941235,,6.0
bushy_eyebrows,0.5422628510863805,0.5147058823529411,fixed_multi,chubby,diff_means,6,0.5298092209856916,0.012453630100688895,,6.0
chubby,0.6640625,0.7703857421875,fixed_multi,chubby,diff_means,6,0.65625,0.0078125,,6.0
double_chin,0.606280193236715,0.7050120772946861,fixed_multi,chubby,diff_means,6,0.6105072463768115,-0.004227053140096526,,6.0
eyeglasses,0.8986065273193986,0.9598459845984598,fixed_multi,chubby,diff_means,6,0.8911807847451412,0.007425742574257432,,6.0
goatee,0.6287878787878788,0.7448232323232322,fixed_multi,chubby,diff_means,6,0.6265151515151515,0.002272727272727315,,6.0
gray_hair,0.7805017921146953,0.8953405017921147,fixed_multi,chubby,diff_means,6,0.7805017921146953,0.0,,6.0
heavy_makeup,0.5399234851289646,0.6124892015302975,fixed_multi,chubby,diff_means,6,0.5444896951746266,-0.004566210045662045,,6.0
high_cheekbones,0.4745073891625616,0.4024630541871921,fixed_multi,chubby,diff_means,6,0.4745073891625616,0.0,,6.0
male,0.981283422459893,0.9775246066806169,fixed_multi,chubby,diff_means,6,0.981283422459893,0.0,,6.0
mouth_slightly_open,0.5025038167938931,0.47529770992366416,fixed_multi,chubby,diff_means,6,0.4988702290076336,0.0036335877862594956,,6.0
mustache,0.7297599587025725,0.8284436032005507,fixed_multi,chubby,diff_means,6,0.735696463907769,-0.005936505205196507,,6.0
narrow_eyes,0.6025982678214523,0.6160337552742616,fixed_multi,chubby,diff_means,6,0.608927381745503,-0.006329113924050667,,6.0
no_beard,0.5425915202985266,0.5668146432477642,fixed_multi,chubby,diff_means,6,0.5362220935469343,0.006369426751592355,,6.0
oval_face,0.5045817570407735,0.49239176124422024,fixed_multi,chubby,diff_means,6,0.5045817570407735,0.0,,6.0
pale_skin,0.6195121951219512,0.8020325203252032,fixed_multi,chubby,diff_means,6,0.6195121951219512,0.0,,6.0
pointy_nose,0.5292929292929293,0.49204545454545456,fixed_multi,chubby,diff_means,6,0.5202020202020202,0.009090909090909038,,6.0
receding_hairline,0.4940731399747793,0.5395544346364018,fixed_multi,chubby,diff_means,6,0.49663724253888186,-0.002564102564102555,,6.0
rosy_cheeks,0.6608103830326053,0.7670148781259892,fixed_multi,chubby,diff_means,6,0.6566951566951567,0.004115226337448652,,6.0
sideburns,0.571063735287586,0.6133688652009771,fixed_multi,chubby,diff_means,6,0.5889407061958695,-0.01787697090828344,,6.0
smiling,0.8454212454212454,0.9398046398046398,fixed_multi,chubby,diff_means,6,0.83003663003663,0.015384615384615441,,6.0
straight_hair,0.46031746031746035,0.4859943977591036,fixed_multi,chubby,diff_means,6,0.4561157796451914,0.004201680672268948,,6.0
wavy_hair,0.6076329331046312,0.5823327615780446,fixed_multi,chubby,diff_means,6,0.6076329331046312,0.0,,6.0
wearing_earrings,0.6812596006144394,0.7663948954271534,fixed_multi,chubby,diff_means,6,0.7058962542833511,-0.024636653668911768,,6.0
wearing_hat,0.8706687730384413,0.9141653501843076,fixed_multi,chubby,diff_means,6,0.8706687730384413,0.0,,6.0
wearing_lipstick,0.46992311171415646,0.4581637268204432,fixed_multi,chubby,diff_means,6,0.45585707824513794,0.014066033469018524,,6.0
wearing_necklace,0.5627152988855116,0.6595744680851063,fixed_multi,chubby,diff_means,6,0.6082066869300912,-0.04549138804457953,,6.0
wearing_necktie,0.6318424566088117,0.6420783266577659,fixed_multi,chubby,diff_means,6,0.6297285269247885,0.0021139296840231303,,6.0
young,0.8561827956989247,0.924364613880743,fixed_multi,chubby,diff_means,6,0.8528836754643205,0.0032991202346042137,,6.0
5_o_clock_shadow,0.543939393939394,0.5584595959595959,fixed_multi,chubby,lr,6,0.543939393939394,0.0,,6.0
arched_eyebrows,0.5739590756388069,0.5987987376565205,fixed_multi,chubby,lr,6,0.5739590756388069,0.0,,6.0
attractive,0.5056326187473729,0.5488860865910046,fixed_multi,chubby,lr,6,0.5056326187473729,0.0,,6.0
bags_under_eyes,0.48636363636363633,0.4356534090909091,fixed_multi,chubby,lr,6,0.49261363636363636,-0.006250000000000033,,6.0
bald,0.6784587193321796,0.7895754861040415,fixed_multi,chubby,lr,6,0.6784587193321796,0.0,,6.0
bangs,0.7819345311346295,0.8821068176224465,fixed_multi,chubby,lr,6,0.7819345311346295,0.0,,6.0
big_lips,0.5038260169150222,0.4881997583568264,fixed_multi,chubby,lr,6,0.5038260169150222,0.0,,6.0
big_nose,0.5979064039408867,0.6476600985221675,fixed_multi,chubby,lr,6,0.5979064039408867,0.0,,6.0
black_hair,0.7421875,0.8746744791666666,fixed_multi,chubby,lr,6,0.7421875,0.0,,6.0
blond_hair,0.8910903273443269,0.9367462466158012,fixed_multi,chubby,lr,6,0.8910903273443269,0.0,,6.0
blurry,0.6591530054644809,0.6372950819672132,fixed_multi,chubby,lr,6,0.6174863387978142,0.04166666666666663,,6.0
brown_hair,0.6638655462184874,0.8209617180205415,fixed_multi,chubby,lr,6,0.6596638655462185,0.004201680672268893,,6.0
bushy_eyebrows,0.5298092209856916,0.5131160572337043,fixed_multi,chubby,lr,6,0.5298092209856916,0.0,,6.0
chubby,0.6640625,0.7685546875,fixed_multi,chubby,lr,6,0.65625,0.0078125,,6.0
double_chin,0.6105072463768115,0.7025211352657005,fixed_multi,chubby,lr,6,0.6105072463768115,0.0,,6.0
eyeglasses,0.8936560322698937,0.9587458745874587,fixed_multi,chubby,lr,6,0.8911807847451412,0.0024752475247524774,,6.0
goatee,0.6242424242424243,0.741540404040404,fixed_multi,chubby,lr,6,0.6265151515151515,-0.002272727272727204,,6.0
gray_hair,0.7782795698924732,0.896774193548387,fixed_multi,chubby,lr,6,0.7805017921146953,-0.0022222222222221255,,6.0
heavy_makeup,0.5467728001974577,0.6087868690608417,fixed_multi,chubby,lr,6,0.5444896951746266,0.0022831050228310223,,6.0
high_cheekbones,0.4745073891625616,0.4026477832512315,fixed_multi,chubby,lr,6,0.4745073891625616,0.0,,6.0
male,0.981283422459893,0.9770595985429744,fixed_multi,chubby,lr,6,0.981283422459893,0.0,,6.0
mouth_slightly_open,0.49505343511450384,0.4730381679389313,fixed_multi,chubby,lr,6,0.4988702290076336,-0.0038167938931297773,,6.0
mustache,0.735696463907769,0.8295620751957328,fixed_multi,chubby,lr,6,0.735696463907769,0.0,,6.0
narrow_eyes,0.6068176771041528,0.6133688652009771,fixed_multi,chubby,lr,6,0.608927381745503,-0.002109704641350185,,6.0
no_beard,0.5394068069227305,0.5673936820433636,fixed_multi,chubby,lr,6,0.5362220935469343,0.0031847133757961776,,6.0
oval_face,0.507145859604876,0.4931483816729718,fixed_multi,chubby,lr,6,0.5045817570407735,0.002564102564102555,,6.0
pale_skin,0.6195121951219512,0.7971544715447154,fixed_multi,chubby,lr,6,0.6195121951219512,0.0,,6.0
pointy_nose,0.5202020202020202,0.4914141414141414,fixed_multi,chubby,lr,6,0.5202020202020202,0.0,,6.0
receding_hairline,0.49663724253888186,0.5403110550651535,fixed_multi,chubby,lr,6,0.49663724253888186,0.0,,6.0
rosy_cheeks,0.6566951566951567,0.7553023108578664,fixed_multi,chubby,lr,6,0.6566951566951567,0.0,,6.0
sideburns,0.560515212080835,0.6140350877192983,fixed_multi,chubby,lr,6,0.5889407061958695,-0.028425494115034478,,6.0
smiling,0.83003663003663,0.9382173382173382,fixed_multi,chubby,lr,6,0.83003663003663,0.0,,6.0
straight_hair,0.4561157796451914,0.4827264239028945,fixed_multi,chubby,lr,6,0.4561157796451914,0.0,,6.0
wavy_hair,0.6076329331046312,0.5858704974271012,fixed_multi,chubby,lr,6,0.6076329331046312,0.0,,6.0
wearing_earrings,0.6907715939974004,0.7747843554295167,fixed_multi,chubby,lr,6,0.7058962542833511,-0.01512466028595072,,6.0
wearing_hat,0.8706687730384413,0.9139547130068457,fixed_multi,chubby,lr,6,0.8706687730384413,0.0,,6.0
wearing_lipstick,0.45585707824513794,0.45454545454545453,fixed_multi,chubby,lr,6,0.45585707824513794,0.0,,6.0
wearing_necklace,0.6060790273556231,0.66403242147923,fixed_multi,chubby,lr,6,0.6082066869300912,-0.0021276595744680327,,6.0
wearing_necktie,0.6297285269247885,0.6374054294615042,fixed_multi,chubby,lr,6,0.6297285269247885,0.0,,6.0
young,0.8528836754643205,0.9224095796676443,fixed_multi,chubby,lr,6,0.8528836754643205,0.0,,6.0
5_o_clock_shadow,0.5255050505050505,0.560479797979798,fixed_multi,chubby,pclarc,6,0.543939393939394,-0.01843434343434347,,6.0
arched_eyebrows,0.5763514201364146,0.6021582001425226,fixed_multi,chubby,pclarc,6,0.5739590756388069,0.0023923444976077235,,6.0
attractive,0.5056326187473729,0.553509878100042,fixed_multi,chubby,pclarc,6,0.5056326187473729,0.0,,6.0
bags_under_eyes,0.5051136363636364,0.43444602272727273,fixed_multi,chubby,pclarc,6,0.49261363636363636,0.012500000000000011,,6.0
bald,0.6678204214598391,0.7905935050391937,fixed_multi,chubby,pclarc,6,0.6784587193321796,-0.010638297872340496,,6.0
bangs,0.7819345311346295,0.8840758060546394,fixed_multi,chubby,pclarc,6,0.7819345311346295,0.0,,6.0
big_lips,0.5141361256544503,0.48723318566250506,fixed_multi,chubby,pclarc,6,0.5038260169150222,0.01031010873942817,,6.0
big_nose,0.5935960591133005,0.6408866995073891,fixed_multi,chubby,pclarc,6,0.5979064039408867,-0.004310344827586188,,6.0
black_hair,0.7395833333333333,0.8736165364583334,fixed_multi,chubby,pclarc,6,0.7421875,-0.0026041666666667407,,6.0
blond_hair,0.8952744277627369,0.9392074821560423,fixed_multi,chubby,pclarc,6,0.8910903273443269,0.004184100418409997,,6.0
blurry,0.5860655737704918,0.6198770491803278,fixed_multi,chubby,pclarc,6,0.6174863387978142,-0.031420765027322384,,6.0
brown_hair,0.657563025210084,0.8183940242763772,fixed_multi,chubby,pclarc,6,0.6596638655462185,-0.0021008403361344463,,6.0
bushy_eyebrows,0.5320614732379438,0.5151033386327504,fixed_multi,chubby,pclarc,6,0.5298092209856916,0.0022522522522522292,,6.0
chubby,0.66015625,0.77044677734375,fixed_multi,chubby,pclarc,6,0.65625,0.00390625,,6.0
double_chin,0.5969202898550725,0.6995772946859904,fixed_multi,chubby,pclarc,6,0.6105072463768115,-0.013586956521739024,,6.0
eyeglasses,0.8862302896956362,0.9585625229189586,fixed_multi,chubby,pclarc,6,0.8911807847451412,-0.004950495049504955,,6.0
goatee,0.621969696969697,0.7422979797979797,fixed_multi,chubby,pclarc,6,0.6265151515151515,-0.004545454545454519,,6.0
gray_hair,0.7782795698924732,0.8953405017921148,fixed_multi,chubby,pclarc,6,0.7805017921146953,-0.0022222222222221255,,6.0
heavy_makeup,0.555905220288782,0.6037270146859187,fixed_multi,chubby,pclarc,6,0.5444896951746266,0.011415525114155334,,6.0
high_cheekbones,0.4701970443349754,0.40277093596059116,fixed_multi,chubby,pclarc,6,0.4745073891625616,-0.004310344827586188,,6.0
male,0.981283422459893,0.977214601255522,fixed_multi,chubby,pclarc,6,0.981283422459893,0.0,,6.0
mouth_slightly_open,0.49505343511450384,0.47658015267175574,fixed_multi,chubby,pclarc,6,0.4988702290076336,-0.0038167938931297773,,6.0
mustache,0.7272218876365826,0.8287017121225156,fixed_multi,chubby,pclarc,6,0.735696463907769,-0.008474576271186418,,6.0
narrow_eyes,0.6068176771041528,0.6140350877192982,fixed_multi,chubby,pclarc,6,0.608927381745503,-0.002109704641350185,,6.0
no_beard,0.5311715884964293,0.56758669497523,fixed_multi,chubby,pclarc,6,0.5362220935469343,-0.005050505050504972,,6.0
oval_face,0.507145859604876,0.49457755359394706,fixed_multi,chubby,pclarc,6,0.5045817570407735,0.002564102564102555,,6.0
pale_skin,0.6215447154471545,0.790650406504065,fixed_multi,chubby,pclarc,6,0.6195121951219512,0.002032520325203291,,6.0
pointy_nose,0.5156565656565657,0.48750000000000004,fixed_multi,chubby,pclarc,6,0.5202020202020202,-0.004545454545454519,,6.0
receding_hairline,0.4884405212274065,0.5414039512400168,fixed_multi,chubby,pclarc,6,0.49663724253888186,-0.008196721311475363,,6.0
rosy_cheeks,0.6566951566951567,0.7581513137068694,fixed_multi,chubby,pclarc,6,0.6566951566951567,0.0,,6.0
sideburns,0.5805018876304686,0.6155896069287142,fixed_multi,chubby,pclarc,6,0.5889407061958695,-0.008438818565400852,,6.0
smiling,0.8261904761904761,0.9388888888888889,fixed_multi,chubby,pclarc,6,0.83003663003663,-0.0038461538461538325,,6.0
straight_hair,0.47128851540616246,0.4799253034547152,fixed_multi,chubby,pclarc,6,0.4561157796451914,0.015172735760971057,,6.0
wavy_hair,0.6076329331046312,0.5847984562607204,fixed_multi,chubby,pclarc,6,0.6076329331046312,0.0,,6.0
wearing_earrings,0.6943755169561621,0.7746661940210328,fixed_multi,chubby,pclarc,6,0.7058962542833511,-0.011520737327189057,,6.0
wearing_hat,0.8682991047919958,0.9140600315955767,fixed_multi,chubby,pclarc,6,0.8706687730384413,-0.0023696682464454666,,6.0
wearing_lipstick,0.4633197648123021,0.45237449118046136,fixed_multi,chubby,pclarc,6,0.45585707824513794,0.007462686567164145,,6.0
wearing_necklace,0.6060790273556231,0.6609929078014184,fixed_multi,chubby,pclarc,6,0.6082066869300912,-0.0021276595744680327,,6.0
wearing_necktie,0.6299510458388963,0.6347352024922118,fixed_multi,chubby,pclarc,6,0.6297285269247885,0.00022251891410773883,,6.0
young,0.8450635386119256,0.9214320625610948,fixed_multi,chubby,pclarc,6,0.8528836754643205,-0.00782013685239491,,6.0
5_o_clock_shadow,0.579040404040404,0.5595959595959596,iterative_all_layers,chubby,lr,0,0.543939393939394,0.03510101010101008,2.0,
arched_eyebrows,0.5811361091316298,0.6064338796701618,iterative_all_layers,chubby,lr,0,0.5739590756388069,0.0071770334928229484,2.0,
attractive,0.5056326187473729,0.5417402269861287,iterative_all_layers,chubby,lr,0,0.5056326187473729,0.0,2.0,
bags_under_eyes,0.47784090909090915,0.4379971590909091,iterative_all_layers,chubby,lr,0,0.49261363636363636,-0.014772727272727215,2.0,
bald,0.68909701720452,0.7963962129695612,iterative_all_layers,chubby,lr,0,0.6784587193321796,0.010638297872340385,2.0,
bangs,0.7840265813438345,0.8867831651489048,iterative_all_layers,chubby,lr,0,0.7819345311346295,0.0020920502092049986,2.0,
big_lips,0.48304470398711236,0.4704792589609344,iterative_all_layers,chubby,lr,0,0.5038260169150222,-0.0207813129279098,2.0,
big_nose,0.5891625615763547,0.6461206896551724,iterative_all_layers,chubby,lr,0,0.5979064039408867,-0.008743842364531962,2.0,
black_hair,0.7552083333333333,0.8740234375,iterative_all_layers,chubby,lr,0,0.7421875,0.01302083333333326,2.0,
blond_hair,0.9142259414225942,0.9369923701698253,iterative_all_layers,chubby,lr,0,0.8910903273443269,0.023135614078267253,2.0,
blurry,0.6673497267759563,0.674863387978142,iterative_all_layers,chubby,lr,0,0.6174863387978142,0.04986338797814205,2.0,
brown_hair,0.6470588235294118,0.7915499533146592,iterative_all_layers,chubby,lr,0,0.6596638655462185,-0.012605042016806678,2.0,
bushy_eyebrows,0.5151033386327504,0.5047694753577107,iterative_all_layers,chubby,lr,0,0.5298092209856916,-0.014705882352941235,2.0,
chubby,0.65234375,0.77020263671875,iterative_all_layers,chubby,lr,0,0.65625,-0.00390625,2.0,
double_chin,0.5969202898550725,0.7023701690821257,iterative_all_layers,chubby,lr,0,0.6105072463768115,-0.013586956521739024,2.0,
eyeglasses,0.8763292995966263,0.9571873854052072,iterative_all_layers,chubby,lr,0,0.8911807847451412,-0.014851485148514865,2.0,
goatee,0.6196969696969697,0.7217171717171716,iterative_all_layers,chubby,lr,0,0.6265151515151515,-0.006818181818181723,2.0,
gray_hair,0.7516129032258064,0.886021505376344,iterative_all_layers,chubby,lr,0,0.7805017921146953,-0.028888888888888853,2.0,
heavy_makeup,0.5560903369122547,0.6047143033444404,iterative_all_layers,chubby,lr,0,0.5444896951746266,0.011600641737628092,2.0,
high_cheekbones,0.47376847290640395,0.40979064039408863,iterative_all_layers,chubby,lr,0,0.4745073891625616,-0.000738916256157629,2.0,
male,0.981283422459893,0.9782996202433544,iterative_all_layers,chubby,lr,0,0.981283422459893,0.0,2.0,
mouth_slightly_open,0.5105038167938931,0.47352671755725184,iterative_all_layers,chubby,lr,0,0.4988702290076336,0.011633587786259503,2.0,
mustache,0.7450314032521724,0.8209584444635636,iterative_all_layers,chubby,lr,0,0.735696463907769,0.009334939344403437,2.0,
narrow_eyes,0.6152564956695536,0.6164779036198089,iterative_all_layers,chubby,lr,0,0.608927381745503,0.006329113924050667,2.0,
no_beard,0.5431383902721483,0.556970983722576,iterative_all_layers,chubby,lr,0,0.5362220935469343,0.006916296725213988,2.0,
oval_face,0.5097099621689786,0.48339638503572924,iterative_all_layers,chubby,lr,0,0.5045817570407735,0.00512820512820511,2.0,
pale_skin,0.5796747967479675,0.7861788617886178,iterative_all_layers,chubby,lr,0,0.6195121951219512,-0.0398373983739837,2.0,
pointy_nose,0.5088383838383839,0.48270202020202024,iterative_all_layers,chubby,lr,0,0.5202020202020202,-0.011363636363636354,2.0,
receding_hairline,0.5073980664144598,0.5417402269861286,iterative_all_layers,chubby,lr,0,0.49663724253888186,0.010760823875577974,2.0,
rosy_cheeks,0.6930990819879709,0.7458056346945235,iterative_all_layers,chubby,lr,0,0.6566951566951567,0.03640392529281422,2.0,
sideburns,0.5615145458583167,0.6138130135465245,iterative_all_layers,chubby,lr,0,0.5889407061958695,-0.02742616033755274,2.0,
smiling,0.8415750915750915,0.9391330891330891,iterative_all_layers,chubby,lr,0,0.83003663003663,0.011538461538461497,2.0,
straight_hair,0.4733893557422969,0.4920634920634921,iterative_all_layers,chubby,lr,0,0.4561157796451914,0.017273576097105503,2.0,
wavy_hair,0.5849056603773585,0.5793310463121785,iterative_all_layers,chubby,lr,0,0.6076329331046312,-0.022727272727272707,2.0,
wearing_earrings,0.640789318208673,0.7473709086612312,iterative_all_layers,chubby,lr,0,0.7058962542833511,-0.0651069360746781,2.0,
wearing_hat,0.879410215903107,0.913638757240653,iterative_all_layers,chubby,lr,0,0.8706687730384413,0.008741442864665716,2.0,
wearing_lipstick,0.45748530076888283,0.4502035278154681,iterative_all_layers,chubby,lr,0,0.45585707824513794,0.0016282225237448933,2.0,
wearing_necklace,0.5848024316109423,0.651063829787234,iterative_all_layers,chubby,lr,0,0.6082066869300912,-0.023404255319148914,2.0,
wearing_necktie,0.6233867378727191,0.6752336448598131,iterative_all_layers,chubby,lr,0,0.6297285269247885,-0.006341789052069391,2.0,
young,0.8417644183773216,0.9180718475073314,iterative_all_layers,chubby,lr,0,0.8528836754643205,-0.011119257086998902,2.0,
5_o_clock_shadow,0.543939393939394,0.5627525252525253,iterative_all_layers,chubby,lr,1,0.543939393939394,0.0,2.0,
arched_eyebrows,0.5739590756388069,0.6006311717397943,iterative_all_layers,chubby,lr,1,0.5739590756388069,0.0,2.0,
attractive,0.5056326187473729,0.5480453972257251,iterative_all_layers,chubby,lr,1,0.5056326187473729,0.0,2.0,
bags_under_eyes,0.49261363636363636,0.4352272727272728,iterative_all_layers,chubby,lr,1,0.49261363636363636,0.0,2.0,
bald,0.6784587193321796,0.7908989107197394,iterative_all_layers,chubby,lr,1,0.6784587193321796,0.0,2.0,
bangs,0.7819345311346295,0.883337435392567,iterative_all_layers,chubby,lr,1,0.7819345311346295,0.0,2.0,
big_lips,0.5038260169150222,0.4843334675795409,iterative_all_layers,chubby,lr,1,0.5038260169150222,0.0,2.0,
big_nose,0.6022167487684729,0.6460591133004925,iterative_all_layers,chubby,lr,1,0.5979064039408867,0.004310344827586188,2.0,
black_hair,0.75,0.8741048177083334,iterative_all_layers,chubby,lr,1,0.7421875,0.0078125,2.0,
blond_hair,0.8889982771351218,0.9369923701698253,iterative_all_layers,chubby,lr,1,0.8910903273443269,-0.0020920502092051096,2.0,
blurry,0.6612021857923497,0.6297814207650273,iterative_all_layers,chubby,lr,1,0.6174863387978142,0.04371584699453546,2.0,
brown_hair,0.6638655462184874,0.8183940242763772,iterative_all_layers,chubby,lr,1,0.6596638655462185,0.004201680672268893,2.0,
bushy_eyebrows,0.5298092209856916,0.5104663487016428,iterative_all_layers,chubby,lr,1,0.5298092209856916,0.0,2.0,
chubby,0.66015625,0.7684326171875,iterative_all_layers,chubby,lr,1,0.65625,0.00390625,2.0,
double_chin,0.6089975845410628,0.703653381642512,iterative_all_layers,chubby,lr,1,0.6105072463768115,-0.0015096618357487435,2.0,
eyeglasses,0.8911807847451412,0.9578291162449578,iterative_all_layers,chubby,lr,1,0.8911807847451412,0.0,2.0,
goatee,0.6449494949494949,0.7440656565656566,iterative_all_layers,chubby,lr,1,0.6265151515151515,0.01843434343434347,2.0,
gray_hair,0.7760573476702508,0.8962007168458781,iterative_all_layers,chubby,lr,1,0.7805017921146953,-0.004444444444444473,2.0,
heavy_makeup,0.5467728001974577,0.607059113908429,iterative_all_layers,chubby,lr,1,0.5444896951746266,0.0022831050228310223,2.0,
high_cheekbones,0.46662561576354683,0.4036330049261084,iterative_all_layers,chubby,lr,1,0.4745073891625616,-0.007881773399014746,2.0,
male,0.981283422459893,0.9774471053243432,iterative_all_layers,chubby,lr,1,0.981283422459893,0.0,2.0,
mouth_slightly_open,0.4948702290076336,0.4749923664122137,iterative_all_layers,chubby,lr,1,0.4988702290076336,-0.0040000000000000036,2.0,
mustache,0.7272218876365826,0.8279273853566205,iterative_all_layers,chubby,lr,1,0.735696463907769,-0.008474576271186418,2.0,
narrow_eyes,0.6068176771041528,0.6140350877192983,iterative_all_layers,chubby,lr,1,0.608927381745503,-0.002109704641350185,2.0,
no_beard,0.5311715884964293,0.5664929550279869,iterative_all_layers,chubby,lr,1,0.5362220935469343,-0.005050505050504972,2.0,
oval_face,0.507145859604876,0.4892812105926859,iterative_all_layers,chubby,lr,1,0.5045817570407735,0.002564102564102555,2.0,
pale_skin,0.6195121951219512,0.7995934959349594,iterative_all_layers,chubby,lr,1,0.6195121951219512,0.0,2.0,
pointy_nose,0.5133838383838384,0.48813131313131314,iterative_all_layers,chubby,lr,1,0.5202020202020202,-0.006818181818181834,2.0,
receding_hairline,0.48587641866330394,0.5388818831441782,iterative_all_layers,chubby,lr,1,0.49663724253888186,-0.010760823875577918,2.0,
rosy_cheeks,0.6566951566951567,0.7606837606837608,iterative_all_layers,chubby,lr,1,0.6566951566951567,0.0,2.0,
sideburns,0.5868310015545193,0.6171441261381301,iterative_all_layers,chubby,lr,1,0.5889407061958695,-0.002109704641350185,2.0,
smiling,0.83003663003663,0.9374236874236874,iterative_all_layers,chubby,lr,1,0.83003663003663,0.0,2.0,
straight_hair,0.48389355742296913,0.4838935574229692,iterative_all_layers,chubby,lr,1,0.4561157796451914,0.027777777777777735,2.0,
wavy_hair,0.6052744425385935,0.5847984562607205,iterative_all_layers,chubby,lr,1,0.6076329331046312,-0.002358490566037652,2.0,
wearing_earrings,0.6953798889282761,0.7727756114852888,iterative_all_layers,chubby,lr,1,0.7058962542833511,-0.010516365355075052,2.0,
wearing_hat,0.8706687730384413,0.9177461822011584,iterative_all_layers,chubby,lr,1,0.8706687730384413,0.0,2.0,
wearing_lipstick,0.45834464043419265,0.45300768882858433,iterative_all_layers,chubby,lr,1,0.45585707824513794,0.002487562189054715,2.0,
wearing_necklace,0.5822695035460993,0.6611955420466058,iterative_all_layers,chubby,lr,1,0.6082066869300912,-0.02593718338399187,2.0,
wearing_necktie,0.6273920783266578,0.6411882510013351,iterative_all_layers,chubby,lr,1,0.6297285269247885,-0.002336448598130758,2.0,
young,0.8488514173998045,0.9231427174975563,iterative_all_layers,chubby,lr,1,0.8528836754643205,-0.004032258064516014,2.0,
5_o_clock_shadow,0.5161616161616162,0.5560606060606061,iterative_all_layers,chubby,lr,2,0.543939393939394,-0.02777777777777779,2.0,
arched_eyebrows,0.5763514201364146,0.6025654077165836,iterative_all_layers,chubby,lr,2,0.5739590756388069,0.0023923444976077235,2.0,
attractive,0.5056326187473729,0.5446826397646071,iterative_all_layers,chubby,lr,2,0.5056326187473729,0.0,2.0,
bags_under_eyes,0.49261363636363636,0.44083806818181814,iterative_all_layers,chubby,lr,2,0.49261363636363636,0.0,2.0,
bald,0.6784587193321796,0.7882520614883437,iterative_all_layers,chubby,lr,2,0.6784587193321796,0.0,2.0,
bangs,0.7819345311346295,0.883337435392567,iterative_all_layers,chubby,lr,2,0.7819345311346295,0.0,2.0,
big_lips,0.4961337092227145,0.48779701973419254,iterative_all_layers,chubby,lr,2,0.5038260169150222,-0.007692307692307665,2.0,
big_nose,0.5979064039408867,0.6492610837438424,iterative_all_layers,chubby,lr,2,0.5979064039408867,0.0,2.0,
black_hair,0.7552083333333333,0.8742675781250001,iterative_all_layers,chubby,lr,2,0.7421875,0.01302083333333326,2.0,
blond_hair,0.8889982771351218,0.9369923701698253,iterative_all_layers,chubby,lr,2,0.8910903273443269,-0.0020920502092051096,2.0,
blurry,0.6612021857923497,0.6239754098360656,iterative_all_layers,chubby,lr,2,0.6174863387978142,0.04371584699453546,2.0,
brown_hair,0.6638655462184874,0.823062558356676,iterative_all_layers,chubby,lr,2,0.6596638655462185,0.004201680672268893,2.0,
bushy_eyebrows,0.5298092209856916,0.5115262321144673,iterative_all_layers,chubby,lr,2,0.5298092209856916,0.0,2.0,
chubby,0.65625,0.76739501953125,iterative_all_layers,chubby,lr,2,0.65625,0.0,2.0,
double_chin,0.6089975845410628,0.7047101449275363,iterative_all_layers,chubby,lr,2,0.6105072463768115,-0.0015096618357487435,2.0,
eyeglasses,0.8911807847451412,0.9584708470847084,iterative_all_layers,chubby,lr,2,0.8911807847451412,0.0,2.0,
goatee,0.6287878787878788,0.7426767676767677,iterative_all_layers,chubby,lr,2,0.6265151515151515,0.002272727272727315,2.0,
gray_hair,0.7782795698924732,0.894910394265233,iterative_all_layers,chubby,lr,2,0.7805017921146953,-0.0022222222222221255,2.0,
heavy_makeup,0.5490559052202888,0.6124892015302974,iterative_all_layers,chubby,lr,2,0.5444896951746266,0.004566210045662156,2.0,
high_cheekbones,0.4701970443349754,0.40332512315270935,iterative_all_layers,chubby,lr,2,0.4745073891625616,-0.004310344827586188,2.0,
male,0.981283422459893,0.977214601255522,iterative_all_layers,chubby,lr,2,0.981283422459893,0.0,2.0,
mouth_slightly_open,0.4988702290076336,0.4741984732824427,iterative_all_layers,chubby,lr,2,0.4988702290076336,0.0,2.0,
mustache,0.7246838165705928,0.8281854942785855,iterative_all_layers,chubby,lr,2,0.735696463907769,-0.011012647337176218,2.0,
narrow_eyes,0.6131467910282034,0.6160337552742616,iterative_all_layers,chubby,lr,2,0.608927381745503,0.00421940928270037,2.0,
no_beard,0.5343563018722255,0.569452486649939,iterative_all_layers,chubby,lr,2,0.5362220935469343,-0.0018657916747087944,2.0,
oval_face,0.507145859604876,0.4870954182429592,iterative_all_layers,chubby,lr,2,0.5045817570407735,0.002564102564102555,2.0,
pale_skin,0.6215447154471545,0.7934959349593496,iterative_all_layers,chubby,lr,2,0.6195121951219512,0.002032520325203291,2.0,
pointy_nose,0.5133838383838384,0.4876262626262626,iterative_all_layers,chubby,lr,2,0.5202020202020202,-0.006818181818181834,2.0,
receding_hairline,0.4992013451029844,0.5384615384615385,iterative_all_layers,chubby,lr,2,0.49663724253888186,0.002564102564102555,2.0,
rosy_cheeks,0.6525799303577082,0.7651155428933207,iterative_all_layers,chubby,lr,2,0.6566951566951567,-0.00411522633744843,2.0,
sideburns,0.560515212080835,0.6173662003109038,iterative_all_layers,chubby,lr,2,0.5889407061958695,-0.028425494115034478,2.0,
smiling,0.83003663003663,0.9363858363858364,iterative_all_layers,chubby,lr,2,0.83003663003663,0.0,2.0,
straight_hair,0.47969187675070024,0.48692810457516345,iterative_all_layers,chubby,lr,2,0.4561157796451914,0.023576097105508842,2.0,
wavy_hair,0.6052744425385935,0.5868353344768439,iterative_all_layers,chubby,lr,2,0.6076329331046312,-0.002358490566037652,2.0,
wearing_earrings,0.6989838118870377,0.7724211272598369,iterative_all_layers,chubby,lr,2,0.7058962542833511,-0.00691244239631339,2.0,
wearing_hat,0.879410215903107,0.9170089520800422,iterative_all_layers,chubby,lr,2,0.8706687730384413,0.008741442864665716,2.0,
wearing_lipstick,0.45834464043419265,0.45608322026232473,iterative_all_layers,chubby,lr,2,0.45585707824513794,0.002487562189054715,2.0,
wearing_necklace,0.6060790273556231,0.6676798378926039,iterative_all_layers,chubby,lr,2,0.6082066869300912,-0.0021276595744680327,2.0,
wearing_necktie,0.6416332888295505,0.6460836671117045,iterative_all_layers,chubby,lr,2,0.6297285269247885,0.011904761904761973,2.0,
young,0.8488514173998045,0.9236925708699902,iterative_all_layers,chubby,lr,2,0.8528836754643205,-0.004032258064516014,2.0,
5_o_clock_shadow,0.5161616161616162,0.5547979797979797,iterative_all_layers,chubby,lr,3,0.543939393939394,-0.02777777777777779,2.0,
arched_eyebrows,0.5739590756388069,0.6007329736333096,iterative_all_layers,chubby,lr,3,0.5739590756388069,0.0,2.0,
attractive,0.5056326187473729,0.5453551912568306,iterative_all_layers,chubby,lr,3,0.5056326187473729,0.0,2.0,
bags_under_eyes,0.5017045454545455,0.44140625,iterative_all_layers,chubby,lr,3,0.49261363636363636,0.009090909090909094,2.0,
bald,0.6784587193321796,0.7889646747429502,iterative_all_layers,chubby,lr,3,0.6784587193321796,0.0,2.0,
bangs,0.7798424809254245,0.8811223234063499,iterative_all_layers,chubby,lr,3,0.7819345311346295,-0.0020920502092049986,2.0,
big_lips,0.4961337092227145,0.4881192106322996,iterative_all_layers,chubby,lr,3,0.5038260169150222,-0.007692307692307665,2.0,
big_nose,0.5979064039408867,0.6489532019704433,iterative_all_layers,chubby,lr,3,0.5979064039408867,0.0,2.0,
black_hair,0.7526041666666667,0.8753255208333334,iterative_all_layers,chubby,lr,3,0.7421875,0.01041666666666674,2.0,
blond_hair,0.8869062269259168,0.9372384937238494,iterative_all_layers,chubby,lr,3,0.8910903273443269,-0.004184100418410108,2.0,
blurry,0.6215846994535519,0.6236338797814207,iterative_all_layers,chubby,lr,3,0.6174863387978142,0.004098360655737654,2.0,
brown_hair,0.6638655462184874,0.8223622782446312,iterative_all_layers,chubby,lr,3,0.6596638655462185,0.004201680672268893,2.0,
bushy_eyebrows,0.5151033386327504,0.5125861155272919,iterative_all_layers,chubby,lr,3,0.5298092209856916,-0.014705882352941235,2.0,
chubby,0.66015625,0.767822265625,iterative_all_layers,chubby,lr,3,0.65625,0.00390625,2.0,
double_chin,0.606280193236715,0.7035024154589372,iterative_all_layers,chubby,lr,3,0.6105072463768115,-0.004227053140096526,2.0,
eyeglasses,0.8961312797946461,0.9591125779244591,iterative_all_layers,chubby,lr,3,0.8911807847451412,0.004950495049504955,2.0,
goatee,0.6265151515151515,0.7426767676767676,iterative_all_layers,chubby,lr,3,0.6265151515151515,0.0,2.0,
gray_hair,0.7805017921146953,0.8951971326164874,iterative_all_layers,chubby,lr,3,0.7805017921146953,0.0,2.0,
heavy_makeup,0.5467728001974577,0.6133530791065038,iterative_all_layers,chubby,lr,3,0.5444896951746266,0.0022831050228310223,2.0,
high_cheekbones,0.4701970443349754,0.40480295566502467,iterative_all_layers,chubby,lr,3,0.4745073891625616,-0.004310344827586188,2.0,
male,0.981283422459893,0.9771370998992482,iterative_all_layers,chubby,lr,3,0.981283422459893,0.0,2.0,
mouth_slightly_open,0.5066870229007634,0.4763358778625954,iterative_all_layers,chubby,lr,3,0.4988702290076336,0.007816793893129781,2.0,
mustache,0.7272218876365826,0.8275832401273338,iterative_all_layers,chubby,lr,3,0.735696463907769,-0.008474576271186418,2.0,
narrow_eyes,0.6152564956695536,0.6151454585831667,iterative_all_layers,chubby,lr,3,0.608927381745503,0.006329113924050667,2.0,
no_beard,0.5394068069227305,0.5685517596345622,iterative_all_layers,chubby,lr,3,0.5362220935469343,0.0031847133757961776,2.0,
oval_face,0.5097099621689786,0.4885245901639344,iterative_all_layers,chubby,lr,3,0.5045817570407735,0.00512820512820511,2.0,
pale_skin,0.6215447154471545,0.7955284552845527,iterative_all_layers,chubby,lr,3,0.6195121951219512,0.002032520325203291,2.0,
pointy_nose,0.4949494949494949,0.48636363636363633,iterative_all_layers,chubby,lr,3,0.5202020202020202,-0.025252525252525304,2.0,
receding_hairline,0.4940731399747793,0.5397225725094578,iterative_all_layers,chubby,lr,3,0.49663724253888186,-0.002564102564102555,2.0,
rosy_cheeks,0.6525799303577082,0.7647989870212093,iterative_all_layers,chubby,lr,3,0.6566951566951567,-0.00411522633744843,2.0,
sideburns,0.5626249167221852,0.617366200310904,iterative_all_layers,chubby,lr,3,0.5889407061958695,-0.026315789473684292,2.0,
smiling,0.8223443223443223,0.9362026862026862,iterative_all_layers,chubby,lr,3,0.83003663003663,-0.007692307692307665,2.0,
straight_hair,0.4817927170868347,0.4841269841269842,iterative_all_layers,chubby,lr,3,0.4561157796451914,0.02567693744164329,2.0,
wavy_hair,0.6052744425385935,0.5850128644939966,iterative_all_layers,chubby,lr,3,0.6076329331046312,-0.002358490566037652,2.0,
wearing_earrings,0.6989838118870377,0.7726574500768049,iterative_all_layers,chubby,lr,3,0.7058962542833511,-0.00691244239631339,2.0,
wearing_hat,0.879410215903107,0.9153238546603476,iterative_all_layers,chubby,lr,3,0.8706687730384413,0.008741442864665716,2.0,
wearing_lipstick,0.4633197648123021,0.45517865219357756,iterative_all_layers,chubby,lr,3,0.45585707824513794,0.007462686567164145,2.0,
wearing_necklace,0.6060790273556231,0.6695035460992907,iterative_all_layers,chubby,lr,3,0.6082066869300912,-0.0021276595744680327,2.0,
wearing_necktie,0.6416332888295505,0.6437472185135737,iterative_all_layers,chubby,lr,3,0.6297285269247885,0.011904761904761973,2.0,
young,0.8448191593352883,0.9230816226783969,iterative_all_layers,chubby,lr,3,0.8528836754643205,-0.008064516129032251,2.0,
5_o_clock_shadow,0.5484848484848486,0.5558080808080808,iterative_all_layers,chubby,lr,4,0.543939393939394,0.00454545454545463,2.0,
arched_eyebrows,0.5739590756388069,0.6021582001425226,iterative_all_layers,chubby,lr,4,0.5739590756388069,0.0,2.0,
attractive,0.5056326187473729,0.5517444304329551,iterative_all_layers,chubby,lr,4,0.5056326187473729,0.0,2.0,
bags_under_eyes,0.4954545454545455,0.44609374999999996,iterative_all_layers,chubby,lr,4,0.49261363636363636,0.002840909090909116,2.0,
bald,0.6784587193321796,0.7896772879975567,iterative_all_layers,chubby,lr,4,0.6784587193321796,0.0,2.0,
bangs,0.7819345311346295,0.8825990647304948,iterative_all_layers,chubby,lr,4,0.7819345311346295,0.0,2.0,
big_lips,0.49351590817559404,0.4887635924285139,iterative_all_layers,chubby,lr,4,0.5038260169150222,-0.010310108739428114,2.0,
big_nose,0.6022167487684729,0.6471674876847291,iterative_all_layers,chubby,lr,4,0.5979064039408867,0.004310344827586188,2.0,
black_hair,0.75,0.8766276041666666,iterative_all_layers,chubby,lr,4,0.7421875,0.0078125,2.0,
blond_hair,0.8848141767167118,0.9379768643859218,iterative_all_layers,chubby,lr,4,0.8910903273443269,-0.006276150627615107,2.0,
blurry,0.6215846994535519,0.5987021857923498,iterative_all_layers,chubby,lr,4,0.6174863387978142,0.004098360655737654,2.0,
brown_hair,0.6617647058823529,0.8235294117647058,iterative_all_layers,chubby,lr,4,0.6596638655462185,0.0021008403361344463,2.0,
bushy_eyebrows,0.5151033386327504,0.5125861155272919,iterative_all_layers,chubby,lr,4,0.5298092209856916,-0.014705882352941235,2.0,
chubby,0.66015625,0.7686767578125,iterative_all_layers,chubby,lr,4,0.65625,0.00390625,2.0,
double_chin,0.6117149758454106,0.7032759661835748,iterative_all_layers,chubby,lr,4,0.6105072463768115,0.0012077294685990392,2.0,
eyeglasses,0.9053905390539054,0.9586541987532088,iterative_all_layers,chubby,lr,4,0.8911807847451412,0.014209754308764255,2.0,
goatee,0.6126262626262626,0.7443181818181819,iterative_all_layers,chubby,lr,4,0.6265151515151515,-0.01388888888888884,2.0,
gray_hair,0.7805017921146953,0.8977777777777778,iterative_all_layers,chubby,lr,4,0.7805017921146953,0.0,2.0,
heavy_makeup,0.5467728001974577,0.6138467234357645,iterative_all_layers,chubby,lr,4,0.5444896951746266,0.0022831050228310223,2.0,
high_cheekbones,0.4701970443349754,0.40597290640394085,iterative_all_layers,chubby,lr,4,0.4745073891625616,-0.004310344827586188,2.0,
male,0.981283422459893,0.9774471053243433,iterative_all_layers,chubby,lr,4,0.981283422459893,0.0,2.0,
mouth_slightly_open,0.5148702290076336,0.48036641221374043,iterative_all_layers,chubby,lr,4,0.4988702290076336,0.01599999999999996,2.0,
mustache,0.7297599587025725,0.8265508044394735,iterative_all_layers,chubby,lr,4,0.735696463907769,-0.005936505205196507,2.0,
narrow_eyes,0.6131467910282034,0.6115922718187875,iterative_all_layers,chubby,lr,4,0.608927381745503,0.00421940928270037,2.0,
no_beard,0.5343563018722255,0.5693881490059833,iterative_all_layers,chubby,lr,4,0.5362220935469343,-0.0018657916747087944,2.0,
oval_face,0.5097099621689786,0.4872635561160151,iterative_all_layers,chubby,lr,4,0.5045817570407735,0.00512820512820511,2.0,
pale_skin,0.6195121951219512,0.7951219512195122,iterative_all_layers,chubby,lr,4,0.6195121951219512,0.0,2.0,
pointy_nose,0.48787878787878786,0.49046717171717175,iterative_all_layers,chubby,lr,4,0.5202020202020202,-0.032323232323232365,2.0,
receding_hairline,0.48587641866330394,0.5435056746532156,iterative_all_layers,chubby,lr,4,0.49663724253888186,-0.010760823875577918,2.0,
rosy_cheeks,0.6546375435264324,0.7635327635327636,iterative_all_layers,chubby,lr,4,0.6566951566951567,-0.002057613168724215,2.0,
sideburns,0.5647346213635354,0.6184765711747724,iterative_all_layers,chubby,lr,4,0.5889407061958695,-0.024206084832334107,2.0,
smiling,0.8183760683760684,0.9373015873015873,iterative_all_layers,chubby,lr,4,0.83003663003663,-0.01166056166056162,2.0,
straight_hair,0.47969187675070024,0.48692810457516345,iterative_all_layers,chubby,lr,4,0.4561157796451914,0.023576097105508842,2.0,
wavy_hair,0.5915523156089193,0.5851200686106347,iterative_all_layers,chubby,lr,4,0.6076329331046312,-0.01608061749571188,2.0,
wearing_earrings,0.6884674465319627,0.7704123833156091,iterative_all_layers,chubby,lr,4,0.7058962542833511,-0.017428807751388442,2.0,
wearing_hat,0.8770405476566614,0.9159557661927331,iterative_all_layers,chubby,lr,4,0.8706687730384413,0.0063717746182201385,2.0,
wearing_lipstick,0.48150158299412027,0.45599276345545003,iterative_all_layers,chubby,lr,4,0.45585707824513794,0.025644504748982333,2.0,
wearing_necklace,0.5843971631205673,0.6737588652482269,iterative_all_layers,chubby,lr,4,0.6082066869300912,-0.023809523809523836,2.0,
wearing_necktie,0.6392968402314196,0.6433021806853583,iterative_all_layers,chubby,lr,4,0.6297285269247885,0.009568313306631104,2.0,
young,0.8564271749755621,0.9233260019550342,iterative_all_layers,chubby,lr,4,0.8528836754643205,0.0035434995112415546,2.0,
5_o_clock_shadow,0.5161616161616162,0.5571969696969696,iterative_all_layers,chubby,lr,5,0.543939393939394,-0.02777777777777779,2.0,
arched_eyebrows,0.5976280158810954,0.604194238012827,iterative_all_layers,chubby,lr,5,0.5739590756388069,0.023668940242288494,2.0,
attractive,0.5056326187473729,0.5684741488020177,iterative_all_layers,chubby,lr,5,0.5056326187473729,0.0,2.0,
bags_under_eyes,0.49886363636363634,0.4459517045454546,iterative_all_layers,chubby,lr,5,0.49261363636363636,0.006249999999999978,2.0,
bald,0.6784587193321796,0.7869286368726458,iterative_all_layers,chubby,lr,5,0.6784587193321796,0.0,2.0,
bangs,0.7882106817622446,0.8801378291902535,iterative_all_layers,chubby,lr,5,0.7819345311346295,0.006276150627615107,2.0,
big_lips,0.4858236004832863,0.4894079742247282,iterative_all_layers,chubby,lr,5,0.5038260169150222,-0.018002416431735835,2.0,
big_nose,0.5979064039408867,0.6504310344827586,iterative_all_layers,chubby,lr,5,0.5979064039408867,0.0,2.0,
black_hair,0.734375,0.8772786458333334,iterative_all_layers,chubby,lr,5,0.7421875,-0.0078125,2.0,
blond_hair,0.8889982771351218,0.9374846172778735,iterative_all_layers,chubby,lr,5,0.8910903273443269,-0.0020920502092051096,2.0,
blurry,0.5799180327868853,0.5713797814207651,iterative_all_layers,chubby,lr,5,0.6174863387978142,-0.037568306010928976,2.0,
brown_hair,0.6617647058823529,0.8188608776844071,iterative_all_layers,chubby,lr,5,0.6596638655462185,0.0021008403361344463,2.0,
bushy_eyebrows,0.5128510863804981,0.5166931637519873,iterative_all_layers,chubby,lr,5,0.5298092209856916,-0.016958134605193464,2.0,
chubby,0.66015625,0.76806640625,iterative_all_layers,chubby,lr,5,0.65625,0.00390625,2.0,
double_chin,0.618659420289855,0.704332729468599,iterative_all_layers,chubby,lr,5,0.6105072463768115,0.008152173913043459,2.0,
eyeglasses,0.8954895489548955,0.9573707370737075,iterative_all_layers,chubby,lr,5,0.8911807847451412,0.0043087642097543455,2.0,
goatee,0.6287878787878788,0.7454545454545455,iterative_all_layers,chubby,lr,5,0.6265151515151515,0.002272727272727315,2.0,
gray_hair,0.7827240143369176,0.8992114695340502,iterative_all_layers,chubby,lr,5,0.7805017921146953,0.0022222222222223476,2.0,
heavy_makeup,0.5511538936196471,0.6155744785881773,iterative_all_layers,chubby,lr,5,0.5444896951746266,0.0066641984450204195,2.0,
high_cheekbones,0.4701970443349754,0.40541871921182265,iterative_all_layers,chubby,lr,5,0.4745073891625616,-0.004310344827586188,2.0,
male,0.981283422459893,0.9776021080368906,iterative_all_layers,chubby,lr,5,0.981283422459893,0.0,2.0,
mouth_slightly_open,0.5150534351145037,0.48403053435114507,iterative_all_layers,chubby,lr,5,0.4988702290076336,0.01618320610687013,2.0,
mustache,0.7382345349737589,0.82637873182483,iterative_all_layers,chubby,lr,5,0.735696463907769,0.002538071065989911,2.0,
narrow_eyes,0.5910504108372197,0.6082611592271818,iterative_all_layers,chubby,lr,5,0.608927381745503,-0.01787697090828333,2.0,
no_beard,0.5394068069227305,0.5695811619378498,iterative_all_layers,chubby,lr,5,0.5362220935469343,0.0031847133757961776,2.0,
oval_face,0.5122740647330811,0.4922236233711644,iterative_all_layers,chubby,lr,5,0.5045817570407735,0.007692307692307665,2.0,
pale_skin,0.6134146341463415,0.7930894308943089,iterative_all_layers,chubby,lr,5,0.6195121951219512,-0.0060975609756097615,2.0,
pointy_nose,0.5133838383838384,0.49431818181818177,iterative_all_layers,chubby,lr,5,0.5202020202020202,-0.006818181818181834,2.0,
receding_hairline,0.4961328289197142,0.5441782261454393,iterative_all_layers,chubby,lr,5,0.49663724253888186,-0.0005044136191676429,2.0,
rosy_cheeks,0.6505223171889838,0.7714466603355492,iterative_all_layers,chubby,lr,5,0.6566951566951567,-0.006172839506172867,2.0,
sideburns,0.5541860981567843,0.618032422829225,iterative_all_layers,chubby,lr,5,0.5889407061958695,-0.034754608039085144,2.0,
smiling,0.8261904761904761,0.9387667887667888,iterative_all_layers,chubby,lr,5,0.83003663003663,-0.0038461538461538325,2.0,
straight_hair,0.48389355742296913,0.4841269841269842,iterative_all_layers,chubby,lr,5,0.4561157796451914,0.027777777777777735,2.0,
wavy_hair,0.5986277873070326,0.5895154373927959,iterative_all_layers,chubby,lr,5,0.6076329331046312,-0.00900514579759859,2.0,
wearing_earrings,0.6884674465319627,0.7626137303556658,iterative_all_layers,chubby,lr,5,0.7058962542833511,-0.017428807751388442,2.0,
wearing_hat,0.8770405476566614,0.9162717219589258,iterative_all_layers,chubby,lr,5,0.8706687730384413,0.0063717746182201385,2.0,
wearing_lipstick,0.48150158299412027,0.45300768882858433,iterative_all_layers,chubby,lr,5,0.45585707824513794,0.025644504748982333,2.0,
wearing_necklace,0.5542046605876393,0.675177304964539,iterative_all_layers,chubby,lr,5,0.6082066869300912,-0.05400202634245188,2.0,
wearing_necktie,0.6465287049399199,0.6520916777926125,iterative_all_layers,chubby,lr,5,0.6297285269247885,0.01680017801513134,2.0,
young,0.864247311827957,0.9237536656891496,iterative_all_layers,chubby,lr,5,0.8528836754643205,0.011363636363636465,2.0,
5_o_clock_shadow,0.5252525252525253,0.5597222222222222,iterative_all_layers,chubby,lr,6,0.543939393939394,-0.01868686868686864,2.0,
arched_eyebrows,0.586989718008755,0.6122365876005295,iterative_all_layers,chubby,lr,6,0.5739590756388069,0.013030642369948109,2.0,
attractive,0.5056326187473729,0.5736023539302229,iterative_all_layers,chubby,lr,6,0.5056326187473729,0.0,2.0,
bags_under_eyes,0.5022727272727273,0.4431107954545455,iterative_all_layers,chubby,lr,6,0.49261363636363636,0.00965909090909095,2.0,
bald,0.68909701720452,0.7848925990023414,iterative_all_layers,chubby,lr,6,0.6784587193321796,0.010638297872340385,2.0,
bangs,0.7861186315530396,0.8803839527442776,iterative_all_layers,chubby,lr,6,0.7819345311346295,0.004184100418410108,2.0,
big_lips,0.4858236004832863,0.48932742650020133,iterative_all_layers,chubby,lr,6,0.5038260169150222,-0.018002416431735835,2.0,
big_nose,0.5986453201970443,0.651539408866995,iterative_all_layers,chubby,lr,6,0.5979064039408867,0.000738916256157629,2.0,
black_hair,0.75,0.8776041666666666,iterative_all_layers,chubby,lr,6,0.7421875,0.0078125,2.0,
blond_hair,0.8910903273443269,0.9369923701698253,iterative_all_layers,chubby,lr,6,0.8910903273443269,0.0,2.0,
blurry,0.5799180327868853,0.582308743169399,iterative_all_layers,chubby,lr,6,0.6174863387978142,-0.037568306010928976,2.0,
brown_hair,0.657563025210084,0.8074229691876751,iterative_all_layers,chubby,lr,6,0.6596638655462185,-0.0021008403361344463,2.0,
bushy_eyebrows,0.5105988341282459,0.516163222045575,iterative_all_layers,chubby,lr,6,0.5298092209856916,-0.019210386857445694,2.0,
chubby,0.6640625,0.76873779296875,iterative_all_layers,chubby,lr,6,0.65625,0.0078125,2.0,
double_chin,0.6105072463768115,0.7076539855072463,iterative_all_layers,chubby,lr,6,0.6105072463768115,0.0,2.0,
eyeglasses,0.8954895489548955,0.9559039237257059,iterative_all_layers,chubby,lr,6,0.8911807847451412,0.0043087642097543455,2.0,
goatee,0.6381313131313131,0.7454545454545456,iterative_all_layers,chubby,lr,6,0.6265151515151515,0.011616161616161635,2.0,
gray_hair,0.787168458781362,0.8999283154121863,iterative_all_layers,chubby,lr,6,0.7805017921146953,0.00666666666666671,2.0,
heavy_makeup,0.5534369986424781,0.6161915339997531,iterative_all_layers,chubby,lr,6,0.5444896951746266,0.008947303467851442,2.0,
high_cheekbones,0.47376847290640395,0.4054802955665025,iterative_all_layers,chubby,lr,6,0.4745073891625616,-0.000738916256157629,2.0,
male,0.981283422459893,0.9779896148182594,iterative_all_layers,chubby,lr,6,0.981283422459893,0.0,2.0,
mouth_slightly_open,0.5108702290076336,0.48928244274809163,iterative_all_layers,chubby,lr,6,0.4988702290076336,0.011999999999999955,2.0,
mustache,0.7382345349737589,0.8266368407467951,iterative_all_layers,chubby,lr,6,0.735696463907769,0.002538071065989911,2.0,
narrow_eyes,0.6110370863868532,0.6100377526093715,iterative_all_layers,chubby,lr,6,0.608927381745503,0.002109704641350185,2.0,
no_beard,0.5380878852216432,0.5729267194235348,iterative_all_layers,chubby,lr,6,0.5362220935469343,0.0018657916747089054,2.0,
oval_face,0.5122740647330811,0.49121479613282887,iterative_all_layers,chubby,lr,6,0.5045817570407735,0.007692307692307665,2.0,
pale_skin,0.6154471544715447,0.8008130081300814,iterative_all_layers,chubby,lr,6,0.6195121951219512,-0.004065040650406471,2.0,
pointy_nose,0.5111111111111111,0.49835858585858583,iterative_all_layers,chubby,lr,6,0.5202020202020202,-0.00909090909090915,2.0,
receding_hairline,0.5012610340479193,0.5442622950819673,iterative_all_layers,chubby,lr,6,0.49663724253888186,0.004623791509037467,2.0,
rosy_cheeks,0.6505223171889838,0.7701804368471035,iterative_all_layers,chubby,lr,6,0.6566951566951567,-0.006172839506172867,2.0,
sideburns,0.5541860981567843,0.6173662003109038,iterative_all_layers,chubby,lr,6,0.5889407061958695,-0.034754608039085144,2.0,
smiling,0.83003663003663,0.9390720390720391,iterative_all_layers,chubby,lr,6,0.83003663003663,0.0,2.0,
straight_hair,0.44981325863678806,0.4831932773109244,iterative_all_layers,chubby,lr,6,0.4561157796451914,-0.006302521008403339,2.0,
wavy_hair,0.5986277873070326,0.5928387650085762,iterative_all_layers,chubby,lr,6,0.6076329331046312,-0.00900514579759859,2.0,
wearing_earrings,0.6907715939974004,0.7635590216235378,iterative_all_layers,chubby,lr,6,0.7058962542833511,-0.01512466028595072,2.0,
wearing_hat,0.8746708794102159,0.9152185360716166,iterative_all_layers,chubby,lr,6,0.8706687730384413,0.004002106371774672,2.0,
wearing_lipstick,0.4905924920850294,0.44748982360922657,iterative_all_layers,chubby,lr,6,0.45585707824513794,0.03473541383989148,2.0,
wearing_necklace,0.5801418439716312,0.6757852077001014,iterative_all_layers,chubby,lr,6,0.6082066869300912,-0.028064842958460012,2.0,
wearing_necktie,0.644192256341789,0.6593235425011126,iterative_all_layers,chubby,lr,6,0.6297285269247885,0.01446372941700047,2.0,
young,0.8599706744868035,0.9238147605083089,iterative_all_layers,chubby,lr,6,0.8528836754643205,0.007086999022482998,2.0,
5_o_clock_shadow,0.5368686868686869,0.5613636363636364,iterative_all_layers,chubby,lr,7,0.543939393939394,-0.007070707070707005,2.0,
arched_eyebrows,0.586989718008755,0.6146798330448947,iterative_all_layers,chubby,lr,7,0.5739590756388069,0.013030642369948109,2.0,
attractive,0.5056326187473729,0.5691467002942413,iterative_all_layers,chubby,lr,7,0.5056326187473729,0.0,2.0,
bags_under_eyes,0.49318181818181817,0.4370738636363637,iterative_all_layers,chubby,lr,7,0.49261363636363636,0.000568181818181801,2.0,
bald,0.6784587193321796,0.7871322406596764,iterative_all_layers,chubby,lr,7,0.6784587193321796,0.0,2.0,
bangs,0.7819345311346295,0.879153334974157,iterative_all_layers,chubby,lr,7,0.7819345311346295,0.0,2.0,
big_lips,0.4728956906967378,0.4932742650020137,iterative_all_layers,chubby,lr,7,0.5038260169150222,-0.030930326218284343,2.0,
big_nose,0.6072660098522168,0.6521551724137931,iterative_all_layers,chubby,lr,7,0.5979064039408867,0.009359605911330116,2.0,
black_hair,0.7421875,0.8768717447916666,iterative_all_layers,chubby,lr,7,0.7421875,0.0,2.0,
blond_hair,0.8931823775535319,0.9320698990893428,iterative_all_layers,chubby,lr,7,0.8910903273443269,0.0020920502092049986,2.0,
blurry,0.5860655737704918,0.569672131147541,iterative_all_layers,chubby,lr,7,0.6174863387978142,-0.031420765027322384,2.0,
brown_hair,0.6638655462184874,0.7999533146591971,iterative_all_layers,chubby,lr,7,0.6596638655462185,0.004201680672268893,2.0,
bushy_eyebrows,0.5173555908850027,0.5151033386327504,iterative_all_layers,chubby,lr,7,0.5298092209856916,-0.012453630100688895,2.0,
chubby,0.66796875,0.77001953125,iterative_all_layers,chubby,lr,7,0.65625,0.01171875,2.0,
double_chin,0.6256038647342995,0.7078049516908211,iterative_all_layers,chubby,lr,7,0.6105072463768115,0.01509661835748799,2.0,
eyeglasses,0.893014301430143,0.9583791712504584,iterative_all_layers,chubby,lr,7,0.8911807847451412,0.001833516685001868,2.0,
goatee,0.6404040404040403,0.7440656565656565,iterative_all_layers,chubby,lr,7,0.6265151515151515,0.01388888888888884,2.0,
gray_hair,0.787168458781362,0.897347670250896,iterative_all_layers,chubby,lr,7,0.7805017921146953,0.00666666666666671,2.0,
heavy_makeup,0.5534369986424781,0.6194002221399482,iterative_all_layers,chubby,lr,7,0.5444896951746266,0.008947303467851442,2.0,
high_cheekbones,0.47376847290640395,0.4080665024630542,iterative_all_layers,chubby,lr,7,0.4745073891625616,-0.000738916256157629,2.0,
male,0.981283422459893,0.9782996202433544,iterative_all_layers,chubby,lr,7,0.981283422459893,0.0,2.0,
mouth_slightly_open,0.5110534351145037,0.49025954198473287,iterative_all_layers,chubby,lr,7,0.4988702290076336,0.012183206106870126,2.0,
mustache,0.7492471823109352,0.8213886260001722,iterative_all_layers,chubby,lr,7,0.735696463907769,0.01355071840316624,2.0,
narrow_eyes,0.5826115922718188,0.6060404174994448,iterative_all_layers,chubby,lr,7,0.608927381745503,-0.02631578947368418,2.0,
no_beard,0.5444573119732355,0.5747281734542881,iterative_all_layers,chubby,lr,7,0.5362220935469343,0.00823521842630126,2.0,
oval_face,0.5015132408575032,0.49356872635561155,iterative_all_layers,chubby,lr,7,0.5045817570407735,-0.003068516183270309,2.0,
pale_skin,0.6134146341463415,0.7886178861788619,iterative_all_layers,chubby,lr,7,0.6195121951219512,-0.0060975609756097615,2.0,
pointy_nose,0.5063131313131314,0.49002525252525253,iterative_all_layers,chubby,lr,7,0.5202020202020202,-0.01388888888888884,2.0,
receding_hairline,0.5012610340479193,0.550147120638924,iterative_all_layers,chubby,lr,7,0.49663724253888186,0.004623791509037467,2.0,
rosy_cheeks,0.644349477682811,0.7701804368471035,iterative_all_layers,chubby,lr,7,0.6566951566951567,-0.012345679012345623,2.0,
sideburns,0.5236508994003998,0.6084832333999556,iterative_all_layers,chubby,lr,7,0.5889407061958695,-0.0652898067954697,2.0,
smiling,0.834004884004884,0.9394993894993895,iterative_all_layers,chubby,lr,7,0.83003663003663,0.003968253968254065,2.0,
straight_hair,0.45401493930905695,0.480859010270775,iterative_all_layers,chubby,lr,7,0.4561157796451914,-0.0021008403361344463,2.0,
wavy_hair,0.5806174957118353,0.5978773584905661,iterative_all_layers,chubby,lr,7,0.6076329331046312,-0.027015437392795882,2.0,
wearing_earrings,0.6930757414628382,0.7675765095119933,iterative_all_layers,chubby,lr,7,0.7058962542833511,-0.012820512820512886,2.0,
wearing_hat,0.879410215903107,0.9160610847814639,iterative_all_layers,chubby,lr,7,0.8706687730384413,0.008741442864665716,2.0,
wearing_lipstick,0.48150158299412027,0.4465852555404795,iterative_all_layers,chubby,lr,7,0.45585707824513794,0.025644504748982333,2.0,
wearing_necklace,0.5907801418439715,0.6774062816616009,iterative_all_layers,chubby,lr,7,0.6082066869300912,-0.017426545086119627,2.0,
wearing_necktie,0.634623943035158,0.6629951045838897,iterative_all_layers,chubby,lr,7,0.6297285269247885,0.004895416110369477,2.0,
young,0.8597262952101662,0.9262585532746823,iterative_all_layers,chubby,lr,7,0.8528836754643205,0.006842619745845657,2.0,
5_o_clock_shadow,0.5323232323232323,0.5484848484848485,iterative_all_layers,chubby,lr,8,0.543939393939394,-0.011616161616161635,2.0,
arched_eyebrows,0.5917744070039702,0.6062302758831315,iterative_all_layers,chubby,lr,8,0.5739590756388069,0.017815331365163334,2.0,
attractive,0.5138293400588483,0.5799075241698192,iterative_all_layers,chubby,lr,8,0.5056326187473729,0.008196721311475419,2.0,
bags_under_eyes,0.49886363636363634,0.4329545454545454,iterative_all_layers,chubby,lr,8,0.49261363636363636,0.006249999999999978,2.0,
bald,0.68909701720452,0.7867250330856154,iterative_all_layers,chubby,lr,8,0.6784587193321796,0.010638297872340385,2.0,
bangs,0.7819345311346295,0.8781688407580606,iterative_all_layers,chubby,lr,8,0.7819345311346295,0.0,2.0,
big_lips,0.47551349174385826,0.4829641562625856,iterative_all_layers,chubby,lr,8,0.5038260169150222,-0.028312525171163894,2.0,
big_nose,0.6136699507389163,0.6467980295566502,iterative_all_layers,chubby,lr,8,0.5979064039408867,0.015763546798029604,2.0,
black_hair,0.7395833333333333,0.8732910156249999,iterative_all_layers,chubby,lr,8,0.7421875,-0.0026041666666667407,2.0,
blond_hair,0.8910903273443269,0.9320698990893428,iterative_all_layers,chubby,lr,8,0.8910903273443269,0.0,2.0,
blurry,0.584016393442623,0.5870901639344263,iterative_all_layers,chubby,lr,8,0.6174863387978142,-0.03346994535519121,2.0,
brown_hair,0.6638655462184874,0.7894491129785247,iterative_all_layers,chubby,lr,8,0.6596638655462185,0.004201680672268893,2.0,
bushy_eyebrows,0.5173555908850027,0.5189454160042396,iterative_all_layers,chubby,lr,8,0.5298092209856916,-0.012453630100688895,2.0,
chubby,0.6640625,0.773223876953125,iterative_all_layers,chubby,lr,8,0.65625,0.0078125,2.0,
double_chin,0.6201690821256038,0.7123339371980677,iterative_all_layers,chubby,lr,8,0.6105072463768115,0.009661835748792313,2.0,
eyeglasses,0.8763292995966263,0.9581041437477081,iterative_all_layers,chubby,lr,8,0.8911807847451412,-0.014851485148514865,2.0,
goatee,0.61489898989899,0.7431818181818183,iterative_all_layers,chubby,lr,8,0.6265151515151515,-0.011616161616161524,2.0,
gray_hair,0.7849462365591398,0.8960573476702508,iterative_all_layers,chubby,lr,8,0.7805017921146953,0.004444444444444473,2.0,
heavy_makeup,0.521843761569789,0.616685178329014,iterative_all_layers,chubby,lr,8,0.5444896951746266,-0.022645933604837687,2.0,
high_cheekbones,0.4565270935960591,0.4093288177339901,iterative_all_layers,chubby,lr,8,0.4745073891625616,-0.01798029556650249,2.0,
male,0.981283422459893,0.9785321243121755,iterative_all_layers,chubby,lr,8,0.981283422459893,0.0,2.0,
mouth_slightly_open,0.4994198473282443,0.48708396946564886,iterative_all_layers,chubby,lr,8,0.4988702290076336,0.0005496183206106786,2.0,
mustache,0.7246838165705928,0.8213886260001719,iterative_all_layers,chubby,lr,8,0.735696463907769,-0.011012647337176218,2.0,
narrow_eyes,0.5910504108372197,0.5971574505884966,iterative_all_layers,chubby,lr,8,0.608927381745503,-0.01787697090828333,2.0,
no_beard,0.5293057968217204,0.5729267194235348,iterative_all_layers,chubby,lr,8,0.5362220935469343,-0.006916296725213877,2.0,
oval_face,0.5040773434216057,0.4944934846574191,iterative_all_layers,chubby,lr,8,0.5045817570407735,-0.000504413619167754,2.0,
pale_skin,0.6174796747967479,0.7813008130081301,iterative_all_layers,chubby,lr,8,0.6195121951219512,-0.002032520325203291,2.0,
pointy_nose,0.5063131313131314,0.48901515151515157,iterative_all_layers,chubby,lr,8,0.5202020202020202,-0.01388888888888884,2.0,
receding_hairline,0.4986969314838168,0.5477091214796131,iterative_all_layers,chubby,lr,8,0.49663724253888186,0.002059688944934912,2.0,
rosy_cheeks,0.6484647040202596,0.7654320987654321,iterative_all_layers,chubby,lr,8,0.6566951566951567,-0.008230452674897082,2.0,
sideburns,0.5236508994003998,0.6115922718187875,iterative_all_layers,chubby,lr,8,0.5889407061958695,-0.0652898067954697,2.0,
smiling,0.8377289377289376,0.9412087912087912,iterative_all_layers,chubby,lr,8,0.83003663003663,0.007692307692307665,2.0,
straight_hair,0.4817927170868347,0.48319327731092443,iterative_all_layers,chubby,lr,8,0.4561157796451914,0.02567693744164329,2.0,
wavy_hair,0.5919811320754718,0.5964837049742711,iterative_all_layers,chubby,lr,8,0.6076329331046312,-0.015651801029159418,2.0,
wearing_earrings,0.7269289849935011,0.7693489306392531,iterative_all_layers,chubby,lr,8,0.7058962542833511,0.021032730710149994,2.0,
wearing_hat,0.8635597682991047,0.911321748288573,iterative_all_layers,chubby,lr,8,0.8706687730384413,-0.007109004739336511,2.0,
wearing_lipstick,0.48561736770691993,0.4445047489823609,iterative_all_layers,chubby,lr,8,0.45585707824513794,0.029760289461781997,2.0,
wearing_necklace,0.5886524822695035,0.6938196555217832,iterative_all_layers,chubby,lr,8,0.6082066869300912,-0.01955420466058766,2.0,
wearing_necktie,0.6416332888295505,0.6718958611481975,iterative_all_layers,chubby,lr,8,0.6297285269247885,0.011904761904761973,2.0,
young,0.8640029325513197,0.9279081133919843,iterative_all_layers,chubby,lr,8,0.8528836754643205,0.011119257086999124,2.0,
5_o_clock_shadow,0.5300505050505051,0.547979797979798,iterative_all_layers,chubby,lr,9,0.543939393939394,-0.01388888888888884,2.0,
arched_eyebrows,0.6000203603787031,0.6012419831008857,iterative_all_layers,chubby,lr,9,0.5739590756388069,0.026061284739896218,2.0,
attractive,0.5138293400588483,0.5687263556116015,iterative_all_layers,chubby,lr,9,0.5056326187473729,0.008196721311475419,2.0,
bags_under_eyes,0.4715909090909091,0.4345170454545455,iterative_all_layers,chubby,lr,9,0.49261363636363636,-0.02102272727272725,2.0,
bald,0.68909701720452,0.7840781838542197,iterative_all_layers,chubby,lr,9,0.6784587193321796,0.010638297872340385,2.0,
bangs,0.7777504307162195,0.8835835589465911,iterative_all_layers,chubby,lr,9,0.7819345311346295,-0.004184100418409997,2.0,
big_lips,0.4807490938380991,0.47394281111558595,iterative_all_layers,chubby,lr,9,0.5038260169150222,-0.02307692307692305,2.0,
big_nose,0.6014778325123153,0.6440270935960591,iterative_all_layers,chubby,lr,9,0.5979064039408867,0.0035714285714286698,2.0,
black_hair,0.7447916666666667,0.8724772135416666,iterative_all_layers,chubby,lr,9,0.7421875,0.0026041666666667407,2.0,
blond_hair,0.8952744277627369,0.9310854048732464,iterative_all_layers,chubby,lr,9,0.8910903273443269,0.004184100418409997,2.0,
blurry,0.5819672131147541,0.6045081967213115,iterative_all_layers,chubby,lr,9,0.6174863387978142,-0.03551912568306015,2.0,
brown_hair,0.6659663865546218,0.7815126050420168,iterative_all_layers,chubby,lr,9,0.6596638655462185,0.006302521008403339,2.0,
bushy_eyebrows,0.5003974562798092,0.519872813990461,iterative_all_layers,chubby,lr,9,0.5298092209856916,-0.02941176470588236,2.0,
chubby,0.66015625,0.77685546875,iterative_all_layers,chubby,lr,9,0.65625,0.00390625,2.0,
double_chin,0.605072463768116,0.7079559178743962,iterative_all_layers,chubby,lr,9,0.6105072463768115,-0.005434782608695565,2.0,
eyeglasses,0.872020535386872,0.9523285661899523,iterative_all_layers,chubby,lr,9,0.8911807847451412,-0.01916024935826921,2.0,
goatee,0.6032828282828283,0.7420454545454546,iterative_all_layers,chubby,lr,9,0.6265151515151515,-0.02323232323232316,2.0,
gray_hair,0.787168458781362,0.8953405017921147,iterative_all_layers,chubby,lr,9,0.7805017921146953,0.00666666666666671,2.0,
heavy_makeup,0.5264099716154511,0.6106380352955696,iterative_all_layers,chubby,lr,9,0.5444896951746266,-0.01807972355917553,2.0,
high_cheekbones,0.45578817733990146,0.40849753694581276,iterative_all_layers,chubby,lr,9,0.4745073891625616,-0.01871921182266012,2.0,
male,0.981283422459893,0.9792296365186391,iterative_all_layers,chubby,lr,9,0.981283422459893,0.0,2.0,
mouth_slightly_open,0.511236641221374,0.4861068702290076,iterative_all_layers,chubby,lr,9,0.4988702290076336,0.012366412213740408,2.0,
mustache,0.7178869482921792,0.8179471737073045,iterative_all_layers,chubby,lr,9,0.735696463907769,-0.017809515615589744,2.0,
narrow_eyes,0.5931601154785698,0.594492560515212,iterative_all_layers,chubby,lr,9,0.608927381745503,-0.015767266266933144,2.0,
no_beard,0.5274400051470115,0.5706105642411374,iterative_all_layers,chubby,lr,9,0.5362220935469343,-0.008782088399922783,2.0,
oval_face,0.5040773434216057,0.5023959646910466,iterative_all_layers,chubby,lr,9,0.5045817570407735,-0.000504413619167754,2.0,
pale_skin,0.5735772357723578,0.7703252032520326,iterative_all_layers,chubby,lr,9,0.6195121951219512,-0.04593495934959346,2.0,
pointy_nose,0.5386363636363636,0.4803030303030303,iterative_all_layers,chubby,lr,9,0.5202020202020202,0.01843434343434336,2.0,
receding_hairline,0.5068936527952921,0.5462799495586381,iterative_all_layers,chubby,lr,9,0.49663724253888186,0.01025641025641022,2.0,
rosy_cheeks,0.644349477682811,0.7796771130104463,iterative_all_layers,chubby,lr,9,0.6566951566951567,-0.012345679012345623,2.0,
sideburns,0.5541860981567843,0.6213635354208306,iterative_all_layers,chubby,lr,9,0.5889407061958695,-0.034754608039085144,2.0,
smiling,0.8222222222222222,0.9427350427350427,iterative_all_layers,chubby,lr,9,0.83003663003663,-0.007814407814407787,2.0,
straight_hair,0.42203548085901027,0.4722222222222222,iterative_all_layers,chubby,lr,9,0.4561157796451914,-0.03408029878618113,2.0,
wavy_hair,0.5692538593481989,0.6008790737564322,iterative_all_layers,chubby,lr,9,0.6076329331046312,-0.038379073756432236,2.0,
wearing_earrings,0.7141084721729883,0.7782110362755524,iterative_all_layers,chubby,lr,9,0.7058962542833511,0.008212217889637219,2.0,
wearing_hat,0.8548183254344391,0.9155344918378093,iterative_all_layers,chubby,lr,9,0.8706687730384413,-0.015850447604002116,2.0,
wearing_lipstick,0.4790140208050656,0.4472184531886024,iterative_all_layers,chubby,lr,9,0.45585707824513794,0.023156942559927673,2.0,
wearing_necklace,0.6298885511651469,0.7043566362715299,iterative_all_layers,chubby,lr,9,0.6082066869300912,0.021681864235055692,2.0,
wearing_necktie,0.634623943035158,0.6697819314641745,iterative_all_layers,chubby,lr,9,0.6297285269247885,0.004895416110369477,2.0,
young,0.8566715542521994,0.927480449657869,iterative_all_layers,chubby,lr,9,0.8528836754643205,0.0037878787878788955,2.0,
5_o_clock_shadow,0.5184343434343435,0.5434343434343435,iterative_all_layers,chubby,lr,10,0.543939393939394,-0.025505050505050475,2.0,
arched_eyebrows,0.6024127048763107,0.590247378601242,iterative_all_layers,chubby,lr,10,0.5739590756388069,0.02845362923750383,2.0,
attractive,0.5138293400588483,0.583942833123161,iterative_all_layers,chubby,lr,10,0.5056326187473729,0.008196721311475419,2.0,
bags_under_eyes,0.4738636363636364,0.4257102272727273,iterative_all_layers,chubby,lr,10,0.49261363636363636,-0.01874999999999999,2.0,
bald,0.6867046727069124,0.7873358444467067,iterative_all_layers,chubby,lr,10,0.6784587193321796,0.008245953374732773,2.0,
bangs,0.7777504307162195,0.8850603002707359,iterative_all_layers,chubby,lr,10,0.7819345311346295,-0.004184100418409997,2.0,
big_lips,0.4807490938380991,0.47289569069673776,iterative_all_layers,chubby,lr,10,0.5038260169150222,-0.02307692307692305,2.0,
big_nose,0.5993842364532019,0.6391625615763546,iterative_all_layers,chubby,lr,10,0.5979064039408867,0.001477832512315258,2.0,
black_hair,0.7604166666666667,0.8756510416666666,iterative_all_layers,chubby,lr,10,0.7421875,0.01822916666666674,2.0,
blond_hair,0.8952744277627369,0.932562146197391,iterative_all_layers,chubby,lr,10,0.8910903273443269,0.004184100418409997,2.0,
blurry,0.584016393442623,0.6349043715846994,iterative_all_layers,chubby,lr,10,0.6174863387978142,-0.03346994535519121,2.0,
brown_hair,0.6659663865546218,0.7336601307189543,iterative_all_layers,chubby,lr,10,0.6596638655462185,0.006302521008403339,2.0,
bushy_eyebrows,0.5128510863804981,0.5119236883942766,iterative_all_layers,chubby,lr,10,0.5298092209856916,-0.016958134605193464,2.0,
chubby,0.65234375,0.775634765625,iterative_all_layers,chubby,lr,10,0.65625,-0.00390625,2.0,
double_chin,0.6038647342995169,0.7118055555555556,iterative_all_layers,chubby,lr,10,0.6105072463768115,-0.0066425120772946045,2.0,
eyeglasses,0.872020535386872,0.9493949394939495,iterative_all_layers,chubby,lr,10,0.8911807847451412,-0.01916024935826921,2.0,
goatee,0.601010101010101,0.7404040404040404,iterative_all_layers,chubby,lr,10,0.6265151515151515,-0.025505050505050475,2.0,
gray_hair,0.7893906810035842,0.8956272401433691,iterative_all_layers,chubby,lr,10,0.7805017921146953,0.008888888888888946,2.0,
heavy_makeup,0.52412686659262,0.5960755275823769,iterative_all_layers,chubby,lr,10,0.5444896951746266,-0.020362828582006665,2.0,
high_cheekbones,0.4522167487684729,0.41169950738916256,iterative_all_layers,chubby,lr,10,0.4745073891625616,-0.02229064039408868,2.0,
male,0.981283422459893,0.9793846392311866,iterative_all_layers,chubby,lr,10,0.981283422459893,0.0,2.0,
mouth_slightly_open,0.5076030534351145,0.48122137404580156,iterative_all_layers,chubby,lr,10,0.4988702290076336,0.008732824427480856,2.0,
mustache,0.7187473113653962,0.8203561903123118,iterative_all_layers,chubby,lr,10,0.735696463907769,-0.016949152542372836,2.0,
narrow_eyes,0.5910504108372197,0.5849433710859427,iterative_all_layers,chubby,lr,10,0.608927381745503,-0.01787697090828333,2.0,
no_beard,0.5343563018722255,0.5711252653927813,iterative_all_layers,chubby,lr,10,0.5362220935469343,-0.0018657916747087944,2.0,
oval_face,0.4933165195460278,0.5041614123581337,iterative_all_layers,chubby,lr,10,0.5045817570407735,-0.011265237494745672,2.0,
pale_skin,0.525609756097561,0.7646341463414634,iterative_all_layers,chubby,lr,10,0.6195121951219512,-0.09390243902439022,2.0,
pointy_nose,0.5363636363636364,0.47916666666666674,iterative_all_layers,chubby,lr,10,0.5202020202020202,0.016161616161616155,2.0,
receding_hairline,0.5068936527952921,0.5541824295922658,iterative_all_layers,chubby,lr,10,0.49663724253888186,0.01025641025641022,2.0,
rosy_cheeks,0.6828110161443495,0.7822095599873378,iterative_all_layers,chubby,lr,10,0.6566951566951567,0.026115859449192813,2.0,
sideburns,0.5584055074394848,0.629358205640684,iterative_all_layers,chubby,lr,10,0.5889407061958695,-0.030535198756384663,2.0,
smiling,0.8337606837606837,0.9407814407814408,iterative_all_layers,chubby,lr,10,0.83003663003663,0.003724053724053711,2.0,
straight_hair,0.43253968253968256,0.4647525676937441,iterative_all_layers,chubby,lr,10,0.4561157796451914,-0.023576097105508842,2.0,
wavy_hair,0.5943396226415094,0.595197255574614,iterative_all_layers,chubby,lr,10,0.6076329331046312,-0.013293310463121766,2.0,
wearing_earrings,0.7035921068179133,0.7817558785300721,iterative_all_layers,chubby,lr,10,0.7058962542833511,-0.0023041474654378336,2.0,
wearing_hat,0.8524486571879937,0.917219589257504,iterative_all_layers,chubby,lr,10,0.8706687730384413,-0.018220115850447582,2.0,
wearing_lipstick,0.4599728629579376,0.4449570330167345,iterative_all_layers,chubby,lr,10,0.45585707824513794,0.004115784712799664,2.0,
wearing_necklace,0.6145896656534955,0.7092198581560284,iterative_all_layers,chubby,lr,10,0.6082066869300912,0.00638297872340432,2.0,
wearing_necktie,0.648642634623943,0.6438584779706276,iterative_all_layers,chubby,lr,10,0.6297285269247885,0.01891410769915447,2.0,
young,0.8644916911045943,0.9287023460410557,iterative_all_layers,chubby,lr,10,0.8528836754643205,0.011608015640273806,2.0,
5_o_clock_shadow,0.5,0.5327020202020202,iterative_all_layers,chubby,lr,11,0.543939393939394,-0.043939393939393945,2.0,
arched_eyebrows,0.6082663137534359,0.6025654077165836,iterative_all_layers,chubby,lr,11,0.5739590756388069,0.03430723811462899,2.0,
attractive,0.5138293400588483,0.5825136612021858,iterative_all_layers,chubby,lr,11,0.5056326187473729,0.008196721311475419,2.0,
bags_under_eyes,0.4630681818181818,0.42883522727272727,iterative_all_layers,chubby,lr,11,0.49261363636363636,-0.02954545454545454,2.0,
bald,0.6760663748345719,0.7903899012521632,iterative_all_layers,chubby,lr,11,0.6784587193321796,-0.0023923444976077235,2.0,
bangs,0.8092542456313069,0.8983509721880384,iterative_all_layers,chubby,lr,11,0.7819345311346295,0.02731971449667736,2.0,
big_lips,0.49907370116794203,0.468385018123238,iterative_all_layers,chubby,lr,11,0.5038260169150222,-0.004752315747080127,2.0,
big_nose,0.5986453201970443,0.6473522167487684,iterative_all_layers,chubby,lr,11,0.5979064039408867,0.000738916256157629,2.0,
black_hair,0.7604166666666667,0.8809407552083334,iterative_all_layers,chubby,lr,11,0.7421875,0.01822916666666674,2.0,
blond_hair,0.8973664779719419,0.9276396751169086,iterative_all_layers,chubby,lr,11,0.8910903273443269,0.006276150627614996,2.0,
blurry,0.5860655737704918,0.6618852459016393,iterative_all_layers,chubby,lr,11,0.6174863387978142,-0.031420765027322384,2.0,
brown_hair,0.6596638655462185,0.7159197012138189,iterative_all_layers,chubby,lr,11,0.6596638655462185,0.0,2.0,
bushy_eyebrows,0.5128510863804981,0.5132485426603074,iterative_all_layers,chubby,lr,11,0.5298092209856916,-0.016958134605193464,2.0,
chubby,0.65234375,0.771728515625,iterative_all_layers,chubby,lr,11,0.65625,-0.00390625,2.0,
double_chin,0.6123188405797102,0.7158816425120773,iterative_all_layers,chubby,lr,11,0.6105072463768115,0.0018115942028986698,2.0,
eyeglasses,0.8689035570223689,0.9513201320132013,iterative_all_layers,chubby,lr,11,0.8911807847451412,-0.022277227722772297,2.0,
goatee,0.5941919191919192,0.739520202020202,iterative_all_layers,chubby,lr,11,0.6265151515151515,-0.03232323232323231,2.0,
gray_hair,0.787168458781362,0.9000716845878136,iterative_all_layers,chubby,lr,11,0.7805017921146953,0.00666666666666671,2.0,
heavy_makeup,0.48586943107491054,0.5894113291373565,iterative_all_layers,chubby,lr,11,0.5444896951746266,-0.0586202640997161,2.0,
high_cheekbones,0.4651477832512315,0.41169950738916256,iterative_all_layers,chubby,lr,11,0.4745073891625616,-0.00935960591133006,2.0,
male,0.981283422459893,0.9786871270247229,iterative_all_layers,chubby,lr,11,0.981283422459893,0.0,2.0,
mouth_slightly_open,0.4959694656488549,0.47700763358778625,iterative_all_layers,chubby,lr,11,0.4988702290076336,-0.002900763358778702,2.0,
mustache,0.7187473113653962,0.821990880151424,iterative_all_layers,chubby,lr,11,0.735696463907769,-0.016949152542372836,2.0,
narrow_eyes,0.5689540306462358,0.5964912280701754,iterative_all_layers,chubby,lr,11,0.608927381745503,-0.03997335109926714,2.0,
no_beard,0.5197516566943319,0.573377082931223,iterative_all_layers,chubby,lr,11,0.5362220935469343,-0.01647043685260241,2.0,
oval_face,0.5015132408575032,0.5008827238335435,iterative_all_layers,chubby,lr,11,0.5045817570407735,-0.003068516183270309,2.0,
pale_skin,0.533739837398374,0.8134146341463415,iterative_all_layers,chubby,lr,11,0.6195121951219512,-0.08577235772357716,2.0,
pointy_nose,0.5179292929292929,0.47411616161616166,iterative_all_layers,chubby,lr,11,0.5202020202020202,-0.002272727272727315,2.0,
receding_hairline,0.5068936527952921,0.5572089113072721,iterative_all_layers,chubby,lr,11,0.49663724253888186,0.01025641025641022,2.0,
rosy_cheeks,0.6828110161443495,0.7879075656853435,iterative_all_layers,chubby,lr,11,0.6566951566951567,0.026115859449192813,2.0,
sideburns,0.5584055074394848,0.619586942038641,iterative_all_layers,chubby,lr,11,0.5889407061958695,-0.030535198756384663,2.0,
smiling,0.8299145299145299,0.9415750915750916,iterative_all_layers,chubby,lr,11,0.83003663003663,-0.00012210012210012167,2.0,
straight_hair,0.4073295985060691,0.454014939309057,iterative_all_layers,chubby,lr,11,0.4561157796451914,-0.04878618113912231,2.0,
wavy_hair,0.5668953687821612,0.5905874785591767,iterative_all_layers,chubby,lr,11,0.6076329331046312,-0.04073756432247,2.0,
wearing_earrings,0.7058962542833511,0.782819331206428,iterative_all_layers,chubby,lr,11,0.7058962542833511,0.0,2.0,
wearing_hat,0.8548183254344391,0.923117430226435,iterative_all_layers,chubby,lr,11,0.8706687730384413,-0.015850447604002116,2.0,
wearing_lipstick,0.4806422433288105,0.44984170058796924,iterative_all_layers,chubby,lr,11,0.45585707824513794,0.024785165083672567,2.0,
wearing_necklace,0.5975683890577508,0.6836879432624114,iterative_all_layers,chubby,lr,11,0.6082066869300912,-0.010638297872340385,2.0,
wearing_necktie,0.6535380507343125,0.6552069425901201,iterative_all_layers,chubby,lr,11,0.6297285269247885,0.023809523809523947,2.0,
young,0.8564271749755621,0.9297409579667645,iterative_all_layers,chubby,lr,11,0.8528836754643205,0.0035434995112415546,2.0,
5_o_clock_shadow,0.5136363636363637,0.5483585858585858,iterative_all_layers,chubby,lr,12,0.543939393939394,-0.030303030303030276,2.0,
arched_eyebrows,0.5952356713834878,0.6166140690216838,iterative_all_layers,chubby,lr,12,0.5739590756388069,0.021276595744680882,2.0,
attractive,0.5056326187473729,0.5804960067255149,iterative_all_layers,chubby,lr,12,0.5056326187473729,0.0,2.0,
bags_under_eyes,0.46818181818181814,0.43053977272727273,iterative_all_layers,chubby,lr,12,0.49261363636363636,-0.02443181818181822,2.0,
bald,0.6843123282093047,0.7934439580576198,iterative_all_layers,chubby,lr,12,0.6784587193321796,0.005853608877125049,2.0,
bangs,0.7840265813438345,0.8971203544179178,iterative_all_layers,chubby,lr,12,0.7819345311346295,0.0020920502092049986,2.0,
big_lips,0.4987515102698349,0.46476037051953284,iterative_all_layers,chubby,lr,12,0.5038260169150222,-0.005074506645187271,2.0,
big_nose,0.5979064039408867,0.6487684729064038,iterative_all_layers,chubby,lr,12,0.5979064039408867,0.0,2.0,
black_hair,0.7578125,0.8846028645833335,iterative_all_layers,chubby,lr,12,0.7421875,0.015625,2.0,
blond_hair,0.8973664779719419,0.930347034211174,iterative_all_layers,chubby,lr,12,0.8910903273443269,0.006276150627614996,2.0,
blurry,0.6236338797814207,0.6420765027322405,iterative_all_layers,chubby,lr,12,0.6174863387978142,0.006147540983606481,2.0,
brown_hair,0.6617647058823529,0.6956115779645191,iterative_all_layers,chubby,lr,12,0.6596638655462185,0.0021008403361344463,2.0,
bushy_eyebrows,0.5151033386327504,0.5149708532061473,iterative_all_layers,chubby,lr,12,0.5298092209856916,-0.014705882352941235,2.0,
chubby,0.6484375,0.77197265625,iterative_all_layers,chubby,lr,12,0.65625,-0.0078125,2.0,
double_chin,0.6080917874396135,0.7133152173913044,iterative_all_layers,chubby,lr,12,0.6105072463768115,-0.0024154589371980784,2.0,
eyeglasses,0.8546938027136047,0.9459112577924459,iterative_all_layers,chubby,lr,12,0.8911807847451412,-0.03648698203153644,2.0,
goatee,0.601010101010101,0.7417929292929293,iterative_all_layers,chubby,lr,12,0.6265151515151515,-0.025505050505050475,2.0,
gray_hair,0.7782795698924732,0.9023655913978494,iterative_all_layers,chubby,lr,12,0.7805017921146953,-0.0022222222222221255,2.0,
heavy_makeup,0.5151795631247686,0.5947180056769098,iterative_all_layers,chubby,lr,12,0.5444896951746266,-0.029310132049857995,2.0,
high_cheekbones,0.4773399014778325,0.4152093596059114,iterative_all_layers,chubby,lr,12,0.4745073891625616,0.0028325123152709297,2.0,
male,0.981283422459893,0.9790746338060917,iterative_all_layers,chubby,lr,12,0.981283422459893,0.0,2.0,
mouth_slightly_open,0.5037862595419847,0.48629007633587784,iterative_all_layers,chubby,lr,12,0.4988702290076336,0.004916030534351135,2.0,
mustache,0.7136711692334166,0.8162264475608705,iterative_all_layers,chubby,lr,12,0.735696463907769,-0.022025294674352436,2.0,
narrow_eyes,0.560515212080835,0.5889407061958695,iterative_all_layers,chubby,lr,12,0.608927381745503,-0.04841216966466799,2.0,
no_beard,0.522936370070128,0.5772373415685518,iterative_all_layers,chubby,lr,12,0.5362220935469343,-0.013285723476806233,2.0,
oval_face,0.4933165195460278,0.4951660361496427,iterative_all_layers,chubby,lr,12,0.5045817570407735,-0.011265237494745672,2.0,
pale_skin,0.5296747967479675,0.8264227642276423,iterative_all_layers,chubby,lr,12,0.6195121951219512,-0.08983739837398375,2.0,
pointy_nose,0.5318181818181817,0.4771464646464646,iterative_all_layers,chubby,lr,12,0.5202020202020202,0.011616161616161524,2.0,
receding_hairline,0.5120218579234972,0.5634300126103404,iterative_all_layers,chubby,lr,12,0.49663724253888186,0.01538461538461533,2.0,
rosy_cheeks,0.686926242481798,0.7958214624881291,iterative_all_layers,chubby,lr,12,0.6566951566951567,0.030231085786641354,2.0,
sideburns,0.5626249167221852,0.6255829447035309,iterative_all_layers,chubby,lr,12,0.5889407061958695,-0.026315789473684292,2.0,
smiling,0.8376068376068375,0.9413919413919415,iterative_all_layers,chubby,lr,12,0.83003663003663,0.007570207570207543,2.0,
straight_hair,0.4178338001867414,0.4491129785247432,iterative_all_layers,chubby,lr,12,0.4561157796451914,-0.03828197945845002,2.0,
wavy_hair,0.5735420240137221,0.5932675814751287,iterative_all_layers,chubby,lr,12,0.6076329331046312,-0.03409090909090906,2.0,
wearing_earrings,0.684863523573201,0.7714758359919649,iterative_all_layers,chubby,lr,12,0.7058962542833511,-0.021032730710150105,2.0,
wearing_hat,0.8548183254344391,0.9315429173249079,iterative_all_layers,chubby,lr,12,0.8706687730384413,-0.015850447604002116,2.0,
wearing_lipstick,0.4781546811397558,0.4514699231117142,iterative_all_layers,chubby,lr,12,0.45585707824513794,0.02229760289461785,2.0,
wearing_necklace,0.5843971631205673,0.6796352583586626,iterative_all_layers,chubby,lr,12,0.6082066869300912,-0.023809523809523836,2.0,
wearing_necktie,0.6252781486426346,0.6585447263017357,iterative_all_layers,chubby,lr,12,0.6297285269247885,-0.004450378282153888,2.0,
young,0.8483626588465298,0.9282746823069403,iterative_all_layers,chubby,lr,12,0.8528836754643205,-0.004521016617790696,2.0,
5_o_clock_shadow,0.5113636363636364,0.5452020202020201,iterative_all_layers,chubby,lr,13,0.543939393939394,-0.03257575757575759,2.0,
arched_eyebrows,0.59284332688588,0.6187519087855035,iterative_all_layers,chubby,lr,13,0.5739590756388069,0.01888425124707316,2.0,
attractive,0.5056326187473729,0.5727616645649433,iterative_all_layers,chubby,lr,13,0.5056326187473729,0.0,2.0,
bags_under_eyes,0.4744318181818182,0.4345880681818182,iterative_all_layers,chubby,lr,13,0.49261363636363636,-0.018181818181818188,2.0,
bald,0.6736740303369643,0.7940547694187112,iterative_all_layers,chubby,lr,13,0.6784587193321796,-0.004784688995215336,2.0,
bangs,0.7798424809254245,0.8963819837558454,iterative_all_layers,chubby,lr,13,0.7819345311346295,-0.0020920502092049986,2.0,
big_lips,0.4728956906967378,0.45767217076117594,iterative_all_layers,chubby,lr,13,0.5038260169150222,-0.030930326218284343,2.0,
big_nose,0.5943349753694581,0.6476600985221674,iterative_all_layers,chubby,lr,13,0.5979064039408867,-0.0035714285714285587,2.0,
black_hair,0.7578125,0.8841959635416666,iterative_all_layers,chubby,lr,13,0.7421875,0.015625,2.0,
blond_hair,0.8973664779719419,0.9296086635491017,iterative_all_layers,chubby,lr,13,0.8910903273443269,0.006276150627614996,2.0,
blurry,0.6215846994535519,0.6390027322404372,iterative_all_layers,chubby,lr,13,0.6174863387978142,0.004098360655737654,2.0,
brown_hair,0.6491596638655462,0.7061157796451913,iterative_all_layers,chubby,lr,13,0.6596638655462185,-0.010504201680672232,2.0,
bushy_eyebrows,0.5173555908850027,0.5145733969263381,iterative_all_layers,chubby,lr,13,0.5298092209856916,-0.012453630100688895,2.0,
chubby,0.6484375,0.77197265625,iterative_all_layers,chubby,lr,13,0.65625,-0.0078125,2.0,
double_chin,0.6053743961352657,0.709465579710145,iterative_all_layers,chubby,lr,13,0.6105072463768115,-0.005132850241545861,2.0,
eyeglasses,0.8614778144481114,0.9488448844884488,iterative_all_layers,chubby,lr,13,0.8911807847451412,-0.02970297029702973,2.0,
goatee,0.601010101010101,0.7388888888888888,iterative_all_layers,chubby,lr,13,0.6265151515151515,-0.025505050505050475,2.0,
gray_hair,0.7782795698924732,0.9025089605734766,iterative_all_layers,chubby,lr,13,0.7805017921146953,-0.0022222222222221255,2.0,
heavy_makeup,0.5128964581019375,0.5966925829939528,iterative_all_layers,chubby,lr,13,0.5444896951746266,-0.03159323707268913,2.0,
high_cheekbones,0.4773399014778325,0.41379310344827586,iterative_all_layers,chubby,lr,13,0.4745073891625616,0.0028325123152709297,2.0,
male,0.981283422459893,0.9790746338060915,iterative_all_layers,chubby,lr,13,0.981283422459893,0.0,2.0,
mouth_slightly_open,0.5039694656488549,0.4875725190839695,iterative_all_layers,chubby,lr,13,0.4988702290076336,0.005099236641221305,2.0,
mustache,0.7136711692334166,0.8200980813903467,iterative_all_layers,chubby,lr,13,0.735696463907769,-0.022025294674352436,2.0,
narrow_eyes,0.5689540306462358,0.5907172995780591,iterative_all_layers,chubby,lr,13,0.608927381745503,-0.03997335109926714,2.0,
no_beard,0.5197516566943319,0.5767226404169079,iterative_all_layers,chubby,lr,13,0.5362220935469343,-0.01647043685260241,2.0,
oval_face,0.5040773434216057,0.5030685161832702,iterative_all_layers,chubby,lr,13,0.5045817570407735,-0.000504413619167754,2.0,
pale_skin,0.5317073170731708,0.8215447154471545,iterative_all_layers,chubby,lr,13,0.6195121951219512,-0.08780487804878045,2.0,
pointy_nose,0.5272727272727273,0.4724747474747475,iterative_all_layers,chubby,lr,13,0.5202020202020202,0.007070707070707116,2.0,
receding_hairline,0.5176544766708702,0.5619167717528374,iterative_all_layers,chubby,lr,13,0.49663724253888186,0.021017234131988305,2.0,
rosy_cheeks,0.7315606204495093,0.7920227920227921,iterative_all_layers,chubby,lr,13,0.6566951566951567,0.07486546375435266,2.0,
sideburns,0.5562958027981346,0.6238063513213413,iterative_all_layers,chubby,lr,13,0.5889407061958695,-0.03264490339773485,2.0,
smiling,0.8337606837606837,0.942979242979243,iterative_all_layers,chubby,lr,13,0.83003663003663,0.003724053724053711,2.0,
straight_hair,0.4178338001867414,0.43977591036414565,iterative_all_layers,chubby,lr,13,0.4561157796451914,-0.03828197945845002,2.0,
wavy_hair,0.5711835334476844,0.5912307032590051,iterative_all_layers,chubby,lr,13,0.6076329331046312,-0.036449399656946824,2.0,
wearing_earrings,0.6907715939974004,0.7705305447240931,iterative_all_layers,chubby,lr,13,0.7058962542833511,-0.01512466028595072,2.0,
wearing_hat,0.8548183254344391,0.9307003686150607,iterative_all_layers,chubby,lr,13,0.8706687730384413,-0.015850447604002116,2.0,
wearing_lipstick,0.466576209859792,0.4530981456354591,iterative_all_layers,chubby,lr,13,0.45585707824513794,0.010719131614654043,2.0,
wearing_necklace,0.6277608915906788,0.6938196555217832,iterative_all_layers,chubby,lr,13,0.6082066869300912,0.01955420466058766,2.0,
wearing_necktie,0.6206052514463729,0.6549844236760125,iterative_all_layers,chubby,lr,13,0.6297285269247885,-0.009123275478415627,2.0,
young,0.8526392961876833,0.9291911045943304,iterative_all_layers,chubby,lr,13,0.8528836754643205,-0.0002443792766372299,2.0,
5_o_clock_shadow,0.5113636363636364,0.547979797979798,iterative_all_layers,chubby,lr,14,0.543939393939394,-0.03257575757575759,2.0,
arched_eyebrows,0.59284332688588,0.618548304998473,iterative_all_layers,chubby,lr,14,0.5739590756388069,0.01888425124707316,2.0,
attractive,0.5056326187473729,0.5747793190416141,iterative_all_layers,chubby,lr,14,0.5056326187473729,0.0,2.0,
bags_under_eyes,0.4960227272727273,0.437784090909091,iterative_all_layers,chubby,lr,14,0.49261363636363636,0.003409090909090917,2.0,
bald,0.6760663748345719,0.795378194034409,iterative_all_layers,chubby,lr,14,0.6784587193321796,-0.0023923444976077235,2.0,
bangs,0.7819345311346295,0.8978587250799902,iterative_all_layers,chubby,lr,14,0.7819345311346295,0.0,2.0,
big_lips,0.47535239629480464,0.4580749093838099,iterative_all_layers,chubby,lr,14,0.5038260169150222,-0.02847362062021752,2.0,
big_nose,0.5943349753694581,0.6475985221674877,iterative_all_layers,chubby,lr,14,0.5979064039408867,-0.0035714285714285587,2.0,
black_hair,0.765625,0.8833821614583334,iterative_all_layers,chubby,lr,14,0.7421875,0.0234375,2.0,
blond_hair,0.8931823775535319,0.9305931577651981,iterative_all_layers,chubby,lr,14,0.8910903273443269,0.0020920502092049986,2.0,
blurry,0.6632513661202186,0.6803278688524591,iterative_all_layers,chubby,lr,14,0.6174863387978142,0.045765027322404395,2.0,
brown_hair,0.6276844070961718,0.7096171802054155,iterative_all_layers,chubby,lr,14,0.6596638655462185,-0.03197945845004668,2.0,
bushy_eyebrows,0.5218600953895072,0.5153683094859566,iterative_all_layers,chubby,lr,14,0.5298092209856916,-0.007949125596184436,2.0,
chubby,0.6484375,0.77545166015625,iterative_all_layers,chubby,lr,14,0.65625,-0.0078125,2.0,
double_chin,0.5972222222222222,0.7112771739130436,iterative_all_layers,chubby,lr,14,0.6105072463768115,-0.01328502415458932,2.0,
eyeglasses,0.859002566923359,0.9490282361569491,iterative_all_layers,chubby,lr,14,0.8911807847451412,-0.03217821782178221,2.0,
goatee,0.591919191919192,0.7392676767676768,iterative_all_layers,chubby,lr,14,0.6265151515151515,-0.03459595959595951,2.0,
gray_hair,0.7716129032258064,0.9006451612903225,iterative_all_layers,chubby,lr,14,0.7805017921146953,-0.008888888888888835,2.0,
heavy_makeup,0.5286930766382821,0.6034801925212885,iterative_all_layers,chubby,lr,14,0.5444896951746266,-0.01579661853634451,2.0,
high_cheekbones,0.4816502463054187,0.4166256157635468,iterative_all_layers,chubby,lr,14,0.4745073891625616,0.0071428571428571175,2.0,
male,0.981283422459893,0.9782996202433544,iterative_all_layers,chubby,lr,14,0.981283422459893,0.0,2.0,
mouth_slightly_open,0.4919694656488549,0.48714503816793897,iterative_all_layers,chubby,lr,14,0.4988702290076336,-0.006900763358778705,2.0,
mustache,0.7111330981674266,0.8217327712294588,iterative_all_layers,chubby,lr,14,0.735696463907769,-0.024563365740342347,2.0,
narrow_eyes,0.5668443260048857,0.5911614479236065,iterative_all_layers,chubby,lr,14,0.608927381745503,-0.042083055740617326,2.0,
no_beard,0.5311715884964293,0.5751785369619764,iterative_all_layers,chubby,lr,14,0.5362220935469343,-0.005050505050504972,2.0,
oval_face,0.5122740647330811,0.5040773434216057,iterative_all_layers,chubby,lr,14,0.5045817570407735,0.007692307692307665,2.0,
pale_skin,0.5776422764227642,0.8260162601626017,iterative_all_layers,chubby,lr,14,0.6195121951219512,-0.04186991869918699,2.0,
pointy_nose,0.5272727272727273,0.4765151515151515,iterative_all_layers,chubby,lr,14,0.5202020202020202,0.007070707070707116,2.0,
receding_hairline,0.5309794031105506,0.5630937368642286,iterative_all_layers,chubby,lr,14,0.49663724253888186,0.03434216057166872,2.0,
rosy_cheeks,0.7336182336182336,0.7958214624881292,iterative_all_layers,chubby,lr,14,0.6566951566951567,0.07692307692307698,2.0,
sideburns,0.5584055074394848,0.6262491672218521,iterative_all_layers,chubby,lr,14,0.5889407061958695,-0.030535198756384663,2.0,
smiling,0.8377289377289376,0.9421245421245421,iterative_all_layers,chubby,lr,14,0.83003663003663,0.007692307692307665,2.0,
straight_hair,0.41363211951447243,0.4362745098039216,iterative_all_layers,chubby,lr,14,0.4561157796451914,-0.04248366013071897,2.0,
wavy_hair,0.5621783876500858,0.5876929674099485,iterative_all_layers,chubby,lr,14,0.6076329331046312,-0.045454545454545414,2.0,
wearing_earrings,0.6884674465319627,0.7692307692307692,iterative_all_layers,chubby,lr,14,0.7058962542833511,-0.017428807751388442,2.0,
wearing_hat,0.8548183254344391,0.9335439705107952,iterative_all_layers,chubby,lr,14,0.8706687730384413,-0.015850447604002116,2.0,
wearing_lipstick,0.46906377204884664,0.4533695160560832,iterative_all_layers,chubby,lr,14,0.45585707824513794,0.013206693803708702,2.0,
wearing_necklace,0.603951367781155,0.6887537993920972,iterative_all_layers,chubby,lr,14,0.6082066869300912,-0.004255319148936176,2.0,
wearing_necktie,0.630173564753004,0.6529817534490432,iterative_all_layers,chubby,lr,14,0.6297285269247885,0.00044503782821547766,2.0,
young,0.8526392961876833,0.9298020527859238,iterative_all_layers,chubby,lr,14,0.8528836754643205,-0.0002443792766372299,2.0,
5_o_clock_shadow,0.509090909090909,0.5414141414141413,iterative_all_layers,chubby,lr,15,0.543939393939394,-0.034848484848484906,2.0,
arched_eyebrows,0.5774203400183243,0.6161050595541078,iterative_all_layers,chubby,lr,15,0.5739590756388069,0.003461264379517437,2.0,
attractive,0.5081967213114754,0.5569567044976881,iterative_all_layers,chubby,lr,15,0.5056326187473729,0.002564102564102555,2.0,
bags_under_eyes,0.4625,0.42862215909090906,iterative_all_layers,chubby,lr,15,0.49261363636363636,-0.030113636363636342,2.0,
bald,0.6867046727069124,0.7970070243306525,iterative_all_layers,chubby,lr,15,0.6784587193321796,0.008245953374732773,2.0,
bangs,0.7923947821806547,0.8983509721880384,iterative_all_layers,chubby,lr,15,0.7819345311346295,0.010460251046025215,2.0,
big_lips,0.44196536447845347,0.4596858638743455,iterative_all_layers,chubby,lr,15,0.5038260169150222,-0.061860652436568686,2.0,
big_nose,0.6014778325123153,0.6530172413793105,iterative_all_layers,chubby,lr,15,0.5979064039408867,0.0035714285714286698,2.0,
black_hair,0.7682291666666667,0.8824055989583334,iterative_all_layers,chubby,lr,15,0.7421875,0.02604166666666674,2.0,
blond_hair,0.8931823775535319,0.9355156288456805,iterative_all_layers,chubby,lr,15,0.8910903273443269,0.0020920502092049986,2.0,
blurry,0.6297814207650273,0.6793032786885247,iterative_all_layers,chubby,lr,15,0.6174863387978142,0.012295081967213073,2.0,
brown_hair,0.6234827264239029,0.7222222222222222,iterative_all_layers,chubby,lr,15,0.6596638655462185,-0.036181139122315575,2.0,
bushy_eyebrows,0.5116587175410705,0.5041070482246952,iterative_all_layers,chubby,lr,15,0.5298092209856916,-0.018150503444621102,2.0,
chubby,0.640625,0.77984619140625,iterative_all_layers,chubby,lr,15,0.65625,-0.015625,2.0,
double_chin,0.58756038647343,0.6998037439613527,iterative_all_layers,chubby,lr,15,0.6105072463768115,-0.022946859903381522,2.0,
eyeglasses,0.8738540520718738,0.9511367803447011,iterative_all_layers,chubby,lr,15,0.8911807847451412,-0.017326732673267342,2.0,
goatee,0.591919191919192,0.7347222222222223,iterative_all_layers,chubby,lr,15,0.6265151515151515,-0.03459595959595951,2.0,
gray_hair,0.7716129032258064,0.8972043010752688,iterative_all_layers,chubby,lr,15,0.7805017921146953,-0.008888888888888835,2.0,
heavy_makeup,0.5197457731704307,0.5850919412563249,iterative_all_layers,chubby,lr,15,0.5444896951746266,-0.02474392200419595,2.0,
high_cheekbones,0.4816502463054187,0.41539408866995076,iterative_all_layers,chubby,lr,15,0.4745073891625616,0.0071428571428571175,2.0,
male,0.981283422459893,0.9801596527939239,iterative_all_layers,chubby,lr,15,0.981283422459893,0.0,2.0,
mouth_slightly_open,0.5159694656488549,0.48549618320610677,iterative_all_layers,chubby,lr,15,0.4988702290076336,0.017099236641221316,2.0,
mustache,0.7051965929622301,0.8197539361610598,iterative_all_layers,chubby,lr,15,0.735696463907769,-0.030499870945538854,2.0,
narrow_eyes,0.5868310015545193,0.5867199644681325,iterative_all_layers,chubby,lr,15,0.608927381745503,-0.0220963801909837,2.0,
no_beard,0.5330373801711381,0.5789101203113942,iterative_all_layers,chubby,lr,15,0.5362220935469343,-0.0031847133757961776,2.0,
oval_face,0.5040773434216057,0.494577553593947,iterative_all_layers,chubby,lr,15,0.5045817570407735,-0.000504413619167754,2.0,
pale_skin,0.5857723577235773,0.8284552845528456,iterative_all_layers,chubby,lr,15,0.6195121951219512,-0.03373983739837394,2.0,
pointy_nose,0.5204545454545455,0.46111111111111114,iterative_all_layers,chubby,lr,15,0.5202020202020202,0.0002525252525252819,2.0,
receding_hairline,0.5120218579234972,0.557040773434216,iterative_all_layers,chubby,lr,15,0.49663724253888186,0.01538461538461533,2.0,
rosy_cheeks,0.6910414688192466,0.7752453308008864,iterative_all_layers,chubby,lr,15,0.6566951566951567,0.034346312124089895,2.0,
sideburns,0.5415278703086831,0.6211414612480569,iterative_all_layers,chubby,lr,15,0.5889407061958695,-0.047412835887186366,2.0,
smiling,0.834126984126984,0.9408424908424907,iterative_all_layers,chubby,lr,15,0.83003663003663,0.004090354090354076,2.0,
straight_hair,0.44561157796451917,0.43860877684407096,iterative_all_layers,chubby,lr,15,0.4561157796451914,-0.010504201680672232,2.0,
wavy_hair,0.5688250428816466,0.5865137221269298,iterative_all_layers,chubby,lr,15,0.6076329331046312,-0.03880789022298459,2.0,
wearing_earrings,0.6687344913151365,0.7596596951435661,iterative_all_layers,chubby,lr,15,0.7058962542833511,-0.03716176296821461,2.0,
wearing_hat,0.8659294365455503,0.9344918378093735,iterative_all_layers,chubby,lr,15,0.8706687730384413,-0.004739336492890933,2.0,
wearing_lipstick,0.4971958389868838,0.46440524649479875,iterative_all_layers,chubby,lr,15,0.45585707824513794,0.04133876074174586,2.0,
wearing_necklace,0.5954407294832826,0.6950354609929078,iterative_all_layers,chubby,lr,15,0.6082066869300912,-0.012765957446808529,2.0,
wearing_necktie,0.6467512238540276,0.6573208722741433,iterative_all_layers,chubby,lr,15,0.6297285269247885,0.01702269692923908,2.0,
young,0.8410312805474096,0.9309628543499511,iterative_all_layers,chubby,lr,15,0.8528836754643205,-0.011852394916910924,2.0,
5_o_clock_shadow,0.5343434343434343,0.5497474747474749,iterative_all_layers,chubby,lr,16,0.543939393939394,-0.009595959595959602,2.0,
arched_eyebrows,0.586989718008755,0.6162068614476228,iterative_all_layers,chubby,lr,16,0.5739590756388069,0.013030642369948109,2.0,
attractive,0.5081967213114754,0.5568726355611602,iterative_all_layers,chubby,lr,16,0.5056326187473729,0.002564102564102555,2.0,
bags_under_eyes,0.4840909090909091,0.43558238636363644,iterative_all_layers,chubby,lr,16,0.49261363636363636,-0.008522727272727237,2.0,
bald,0.6760663748345719,0.7983304489463504,iterative_all_layers,chubby,lr,16,0.6784587193321796,-0.0023923444976077235,2.0,
bangs,0.7882106817622446,0.8926901304454836,iterative_all_layers,chubby,lr,16,0.7819345311346295,0.006276150627615107,2.0,
big_lips,0.44442207007652035,0.4556584776480065,iterative_all_layers,chubby,lr,16,0.5038260169150222,-0.05940394683850181,2.0,
big_nose,0.5821428571428572,0.6442733990147783,iterative_all_layers,chubby,lr,16,0.5979064039408867,-0.015763546798029493,2.0,
black_hair,0.7395833333333333,0.8800455729166667,iterative_all_layers,chubby,lr,16,0.7421875,-0.0026041666666667407,2.0,
blond_hair,0.8931823775535319,0.9372384937238494,iterative_all_layers,chubby,lr,16,0.8910903273443269,0.0020920502092049986,2.0,
blurry,0.5901639344262295,0.701844262295082,iterative_all_layers,chubby,lr,16,0.6174863387978142,-0.02732240437158473,2.0,
brown_hair,0.657563025210084,0.7497665732959851,iterative_all_layers,chubby,lr,16,0.6596638655462185,-0.0021008403361344463,2.0,
bushy_eyebrows,0.49470058293587704,0.5003974562798092,iterative_all_layers,chubby,lr,16,0.5298092209856916,-0.03510863804981457,2.0,
chubby,0.6484375,0.781982421875,iterative_all_layers,chubby,lr,16,0.65625,-0.0078125,2.0,
double_chin,0.5929951690821256,0.6967089371980677,iterative_all_layers,chubby,lr,16,0.6105072463768115,-0.017512077294685957,2.0,
eyeglasses,0.8837550421708837,0.952970297029703,iterative_all_layers,chubby,lr,16,0.8911807847451412,-0.007425742574257432,2.0,
goatee,0.5825757575757575,0.7345959595959597,iterative_all_layers,chubby,lr,16,0.6265151515151515,-0.043939393939393945,2.0,
gray_hair,0.7760573476702508,0.8930465949820788,iterative_all_layers,chubby,lr,16,0.7805017921146953,-0.004444444444444473,2.0,
heavy_makeup,0.5128964581019375,0.5834875971862273,iterative_all_layers,chubby,lr,16,0.5444896951746266,-0.03159323707268913,2.0,
high_cheekbones,0.4938423645320197,0.4183497536945813,iterative_all_layers,chubby,lr,16,0.4745073891625616,0.019334975369458107,2.0,
male,0.981283422459893,0.977757110749438,iterative_all_layers,chubby,lr,16,0.981283422459893,0.0,2.0,
mouth_slightly_open,0.5001526717557252,0.4843358778625954,iterative_all_layers,chubby,lr,16,0.4988702290076336,0.0012824427480915834,2.0,
mustache,0.6967220166910437,0.8182052826292696,iterative_all_layers,chubby,lr,16,0.735696463907769,-0.03897444721672527,2.0,
narrow_eyes,0.5520763935154341,0.5742838107928047,iterative_all_layers,chubby,lr,16,0.608927381745503,-0.056850988230068844,2.0,
no_beard,0.5266679534195458,0.5749211863861545,iterative_all_layers,chubby,lr,16,0.5362220935469343,-0.009554140127388533,2.0,
oval_face,0.5040773434216057,0.49197141656158044,iterative_all_layers,chubby,lr,16,0.5045817570407735,-0.000504413619167754,2.0,
pale_skin,0.5357723577235772,0.8422764227642277,iterative_all_layers,chubby,lr,16,0.6195121951219512,-0.08373983739837398,2.0,
pointy_nose,0.4904040404040404,0.4467171717171717,iterative_all_layers,chubby,lr,16,0.5202020202020202,-0.029797979797979823,2.0,
receding_hairline,0.5258511979823455,0.5630096679277008,iterative_all_layers,chubby,lr,16,0.49663724253888186,0.029213955443463613,2.0,
rosy_cheeks,0.6930990819879709,0.7619499841722065,iterative_all_layers,chubby,lr,16,0.6566951566951567,0.03640392529281422,2.0,
sideburns,0.5278703086831001,0.6184765711747724,iterative_all_layers,chubby,lr,16,0.5889407061958695,-0.061070397512769325,2.0,
smiling,0.8418192918192918,0.9439560439560439,iterative_all_layers,chubby,lr,16,0.83003663003663,0.011782661782661852,2.0,
straight_hair,0.43300653594771243,0.4297385620915033,iterative_all_layers,chubby,lr,16,0.4561157796451914,-0.023109243697478965,2.0,
wavy_hair,0.5806174957118353,0.5881217838765008,iterative_all_layers,chubby,lr,16,0.6076329331046312,-0.027015437392795882,2.0,
wearing_earrings,0.6733427862460121,0.7630863759896018,iterative_all_layers,chubby,lr,16,0.7058962542833511,-0.03255346803733905,2.0,
wearing_hat,0.8659294365455503,0.9389152185360716,iterative_all_layers,chubby,lr,16,0.8706687730384413,-0.004739336492890933,2.0,
wearing_lipstick,0.48150158299412027,0.46395296246042517,iterative_all_layers,chubby,lr,16,0.45585707824513794,0.025644504748982333,2.0,
wearing_necklace,0.6060790273556231,0.6938196555217833,iterative_all_layers,chubby,lr,16,0.6082066869300912,-0.0021276595744680327,2.0,
wearing_necktie,0.6159323542501113,0.6310636404094347,iterative_all_layers,chubby,lr,16,0.6297285269247885,-0.013796172674677254,2.0,
young,0.8410312805474096,0.9315738025415445,iterative_all_layers,chubby,lr,16,0.8528836754643205,-0.011852394916910924,2.0,
5_o_clock_shadow,0.545959595959596,0.5445707070707071,iterative_all_layers,chubby,lr,17,0.543939393939394,0.002020202020202033,2.0,
arched_eyebrows,0.6082663137534359,0.6276086735213274,iterative_all_layers,chubby,lr,17,0.5739590756388069,0.03430723811462899,2.0,
attractive,0.5081967213114754,0.5457755359394704,iterative_all_layers,chubby,lr,17,0.5056326187473729,0.002564102564102555,2.0,
bags_under_eyes,0.49204545454545456,0.4327414772727272,iterative_all_layers,chubby,lr,17,0.49261363636363636,-0.000568181818181801,2.0,
bald,0.6760663748345719,0.7950727883538634,iterative_all_layers,chubby,lr,17,0.6784587193321796,-0.0023923444976077235,2.0,
bangs,0.7840265813438345,0.8926901304454836,iterative_all_layers,chubby,lr,17,0.7819345311346295,0.0020920502092049986,2.0,
big_lips,0.48042690293999196,0.47047925896093434,iterative_all_layers,chubby,lr,17,0.5038260169150222,-0.023399113975030195,2.0,
big_nose,0.5671182266009852,0.6385467980295566,iterative_all_layers,chubby,lr,17,0.5979064039408867,-0.030788177339901468,2.0,
black_hair,0.7526041666666667,0.8809407552083333,iterative_all_layers,chubby,lr,17,0.7421875,0.01041666666666674,2.0,
blond_hair,0.8994585281811469,0.9360078759537288,iterative_all_layers,chubby,lr,17,0.8910903273443269,0.008368200836819994,2.0,
blurry,0.546448087431694,0.6649590163934426,iterative_all_layers,chubby,lr,17,0.6174863387978142,-0.07103825136612019,2.0,
brown_hair,0.6659663865546218,0.757703081232493,iterative_all_layers,chubby,lr,17,0.6596638655462185,0.006302521008403339,2.0,
bushy_eyebrows,0.4472708002119767,0.4988076311605723,iterative_all_layers,chubby,lr,17,0.5298092209856916,-0.08253842077371493,2.0,
chubby,0.65234375,0.78045654296875,iterative_all_layers,chubby,lr,17,0.65625,-0.00390625,2.0,
double_chin,0.5957125603864735,0.6881038647342995,iterative_all_layers,chubby,lr,17,0.6105072463768115,-0.014794685990338063,2.0,
eyeglasses,0.8936560322698937,0.9537953795379538,iterative_all_layers,chubby,lr,17,0.8911807847451412,0.0024752475247524774,2.0,
goatee,0.5848484848484848,0.7481060606060607,iterative_all_layers,chubby,lr,17,0.6265151515151515,-0.04166666666666663,2.0,
gray_hair,0.7693906810035842,0.8918996415770609,iterative_all_layers,chubby,lr,17,0.7805017921146953,-0.011111111111111072,2.0,
heavy_makeup,0.48358632605207946,0.5537455263482661,iterative_all_layers,chubby,lr,17,0.5444896951746266,-0.06090336912254718,2.0,
high_cheekbones,0.49310344827586206,0.42499999999999993,iterative_all_layers,chubby,lr,17,0.4745073891625616,0.018596059113300478,2.0,
male,0.981283422459893,0.975742075486321,iterative_all_layers,chubby,lr,17,0.981283422459893,0.0,2.0,
mouth_slightly_open,0.49651908396946565,0.47694656488549614,iterative_all_layers,chubby,lr,17,0.4988702290076336,-0.0023511450381679677,2.0,
mustache,0.7136711692334166,0.83197109180074,iterative_all_layers,chubby,lr,17,0.735696463907769,-0.022025294674352436,2.0,
narrow_eyes,0.5394181656673329,0.5731734399289362,iterative_all_layers,chubby,lr,17,0.608927381745503,-0.06950921607817007,2.0,
no_beard,0.5362220935469343,0.5863089493662741,iterative_all_layers,chubby,lr,17,0.5362220935469343,0.0,2.0,
oval_face,0.5040773434216057,0.5027322404371584,iterative_all_layers,chubby,lr,17,0.5045817570407735,-0.000504413619167754,2.0,
pale_skin,0.5378048780487805,0.8410569105691057,iterative_all_layers,chubby,lr,17,0.6195121951219512,-0.0817073170731707,2.0,
pointy_nose,0.47904040404040404,0.4295454545454545,iterative_all_layers,chubby,lr,17,0.5202020202020202,-0.04116161616161618,2.0,
receding_hairline,0.5232870954182429,0.569735182849937,iterative_all_layers,chubby,lr,17,0.49663724253888186,0.026649852879361058,2.0,
rosy_cheeks,0.686926242481798,0.7568850902184237,iterative_all_layers,chubby,lr,17,0.6566951566951567,0.030231085786641354,2.0,
sideburns,0.5478569842327337,0.624028425494115,iterative_all_layers,chubby,lr,17,0.5889407061958695,-0.04108372196313581,2.0,
smiling,0.8302808302808302,0.93998778998779,iterative_all_layers,chubby,lr,17,0.83003663003663,0.00024420024420024333,2.0,
straight_hair,0.43300653594771243,0.4250700280112045,iterative_all_layers,chubby,lr,17,0.4561157796451914,-0.023109243697478965,2.0,
wavy_hair,0.5896226415094339,0.5918739279588336,iterative_all_layers,chubby,lr,17,0.6076329331046312,-0.018010291595197292,2.0,
wearing_earrings,0.6687344913151365,0.7777383906416164,iterative_all_layers,chubby,lr,17,0.7058962542833511,-0.03716176296821461,2.0,
wearing_hat,0.8659294365455503,0.9412322274881517,iterative_all_layers,chubby,lr,17,0.8706687730384413,-0.004739336492890933,2.0,
wearing_lipstick,0.4624604251469923,0.4485753052917232,iterative_all_layers,chubby,lr,17,0.45585707824513794,0.006603346901854379,2.0,
wearing_necklace,0.632016210739615,0.6909827760891591,iterative_all_layers,chubby,lr,17,0.6082066869300912,0.023809523809523836,2.0,
wearing_necktie,0.6063640409434802,0.6270582999554962,iterative_all_layers,chubby,lr,17,0.6297285269247885,-0.02336448598130836,2.0,
young,0.833455522971652,0.9319403714565004,iterative_all_layers,chubby,lr,17,0.8528836754643205,-0.019428152492668493,2.0,
5_o_clock_shadow,0.5345959595959596,0.548611111111111,iterative_all_layers,chubby,lr,18,0.543939393939394,-0.00934343434343432,2.0,
arched_eyebrows,0.6178356917438664,0.6346330041738776,iterative_all_layers,chubby,lr,18,0.5739590756388069,0.04387661610505955,2.0,
attractive,0.5081967213114754,0.5298024379991593,iterative_all_layers,chubby,lr,18,0.5056326187473729,0.002564102564102555,2.0,
bags_under_eyes,0.4772727272727273,0.4227982954545454,iterative_all_layers,chubby,lr,18,0.49261363636363636,-0.015340909090909072,2.0,
bald,0.6760663748345719,0.8019953171128982,iterative_all_layers,chubby,lr,18,0.6784587193321796,-0.0023923444976077235,2.0,
bangs,0.813438346049717,0.8754614816637952,iterative_all_layers,chubby,lr,18,0.7819345311346295,0.03150381491508747,2.0,
big_lips,0.4833668948852195,0.4805477245267821,iterative_all_layers,chubby,lr,18,0.5038260169150222,-0.020459122029802657,2.0,
big_nose,0.5535714285714286,0.6288793103448277,iterative_all_layers,chubby,lr,18,0.5979064039408867,-0.044334975369458074,2.0,
black_hair,0.75,0.8768717447916666,iterative_all_layers,chubby,lr,18,0.7421875,0.0078125,2.0,
blond_hair,0.907826729017967,0.9335466404134876,iterative_all_layers,chubby,lr,18,0.8910903273443269,0.0167364016736401,2.0,
blurry,0.6338797814207651,0.6810109289617486,iterative_all_layers,chubby,lr,18,0.6174863387978142,0.016393442622950838,2.0,
brown_hair,0.6596638655462185,0.738795518207283,iterative_all_layers,chubby,lr,18,0.6596638655462185,0.0,2.0,
bushy_eyebrows,0.4642289348171701,0.5039745627980923,iterative_all_layers,chubby,lr,18,0.5298092209856916,-0.06558028616852152,2.0,
chubby,0.65625,0.7813720703125,iterative_all_layers,chubby,lr,18,0.65625,0.0,2.0,
double_chin,0.5957125603864735,0.6877264492753624,iterative_all_layers,chubby,lr,18,0.6105072463768115,-0.014794685990338063,2.0,
eyeglasses,0.8911807847451412,0.9603960396039605,iterative_all_layers,chubby,lr,18,0.8911807847451412,0.0,2.0,
goatee,0.6217171717171717,0.7517676767676769,iterative_all_layers,chubby,lr,18,0.6265151515151515,-0.004797979797979801,2.0,
gray_hair,0.7716129032258064,0.889032258064516,iterative_all_layers,chubby,lr,18,0.7805017921146953,-0.008888888888888835,2.0,
heavy_makeup,0.4856843144514378,0.5420214735283229,iterative_all_layers,chubby,lr,18,0.5444896951746266,-0.05880538072318886,2.0,
high_cheekbones,0.4694581280788177,0.42881773399014783,iterative_all_layers,chubby,lr,18,0.4745073891625616,-0.005049261083743872,2.0,
male,0.981283422459893,0.9751995659924049,iterative_all_layers,chubby,lr,18,0.981283422459893,0.0,2.0,
mouth_slightly_open,0.5003358778625954,0.468824427480916,iterative_all_layers,chubby,lr,18,0.4988702290076336,0.0014656488549617541,2.0,
mustache,0.7297599587025725,0.8369611976253979,iterative_all_layers,chubby,lr,18,0.735696463907769,-0.005936505205196507,2.0,
narrow_eyes,0.5004441483455474,0.551410170997113,iterative_all_layers,chubby,lr,18,0.608927381745503,-0.10848323339995558,2.0,
no_beard,0.5375410152480217,0.5810332625619249,iterative_all_layers,chubby,lr,18,0.5362220935469343,0.0013189217010873833,2.0,
oval_face,0.5015132408575032,0.5043295502311895,iterative_all_layers,chubby,lr,18,0.5045817570407735,-0.003068516183270309,2.0,
pale_skin,0.5398373983739837,0.825609756097561,iterative_all_layers,chubby,lr,18,0.6195121951219512,-0.07967479674796751,2.0,
pointy_nose,0.45353535353535357,0.42992424242424243,iterative_all_layers,chubby,lr,18,0.5202020202020202,-0.06666666666666665,2.0,
receding_hairline,0.5253467843631778,0.5635981504833965,iterative_all_layers,chubby,lr,18,0.49663724253888186,0.02870954182429597,2.0,
rosy_cheeks,0.7556188667299779,0.7856916745805635,iterative_all_layers,chubby,lr,18,0.6566951566951567,0.09892371003482126,2.0,
sideburns,0.5478569842327337,0.6326893182322896,iterative_all_layers,chubby,lr,18,0.5889407061958695,-0.04108372196313581,2.0,
smiling,0.8304029304029303,0.9407203907203907,iterative_all_layers,chubby,lr,18,0.83003663003663,0.000366300366300365,2.0,
straight_hair,0.4607843137254902,0.4372082166199813,iterative_all_layers,chubby,lr,18,0.4561157796451914,0.004668534080298825,2.0,
wavy_hair,0.5872641509433962,0.5938036020583191,iterative_all_layers,chubby,lr,18,0.6076329331046312,-0.020368782161234944,2.0,
wearing_earrings,0.6559139784946236,0.7799834574028123,iterative_all_layers,chubby,lr,18,0.7058962542833511,-0.04998227578872749,2.0,
wearing_hat,0.8682991047919958,0.9439705107951554,iterative_all_layers,chubby,lr,18,0.8706687730384413,-0.0023696682464454666,2.0,
wearing_lipstick,0.4831298055178652,0.4549072817729535,iterative_all_layers,chubby,lr,18,0.45585707824513794,0.027272727272727282,2.0,
wearing_necklace,0.6664640324214792,0.709017223910841,iterative_all_layers,chubby,lr,18,0.6082066869300912,0.05825734549138806,2.0,
wearing_necktie,0.6135959056519804,0.6026924788607032,iterative_all_layers,chubby,lr,18,0.6297285269247885,-0.016132621272808123,2.0,
young,0.8450635386119256,0.9337121212121212,iterative_all_layers,chubby,lr,18,0.8528836754643205,-0.00782013685239491,2.0,
5_o_clock_shadow,0.5323232323232323,0.5407828282828283,iterative_all_layers,chubby,lr,19,0.543939393939394,-0.011616161616161635,2.0,
arched_eyebrows,0.5965590959991856,0.6400285045301843,iterative_all_layers,chubby,lr,19,0.5739590756388069,0.02260002036037867,2.0,
attractive,0.5,0.49936948297604034,iterative_all_layers,chubby,lr,19,0.5056326187473729,-0.005632618747372864,2.0,
bags_under_eyes,0.4971590909090909,0.42357954545454546,iterative_all_layers,chubby,lr,19,0.49261363636363636,0.004545454545454519,2.0,
bald,0.6808510638297872,0.8026061284739896,iterative_all_layers,chubby,lr,19,0.6784587193321796,0.0023923444976076125,2.0,
bangs,0.7756583805070145,0.8471572729510214,iterative_all_layers,chubby,lr,19,0.7819345311346295,-0.006276150627614996,2.0,
big_lips,0.49842931937172774,0.48836085380588,iterative_all_layers,chubby,lr,19,0.5038260169150222,-0.005396697543294415,2.0,
big_nose,0.5770935960591133,0.6262931034482759,iterative_all_layers,chubby,lr,19,0.5979064039408867,-0.02081280788177342,2.0,
black_hair,0.7291666666666667,0.8687337239583334,iterative_all_layers,chubby,lr,19,0.7421875,-0.01302083333333326,2.0,
blond_hair,0.905734678808762,0.9318237755353188,iterative_all_layers,chubby,lr,19,0.8910903273443269,0.014644351464435101,2.0,
blurry,0.5983606557377049,0.7086748633879781,iterative_all_layers,chubby,lr,19,0.6174863387978142,-0.01912568306010931,2.0,
brown_hair,0.6276844070961718,0.7273576097105509,iterative_all_layers,chubby,lr,19,0.6596638655462185,-0.03197945845004668,2.0,
bushy_eyebrows,0.48118706942236356,0.5278219395866455,iterative_all_layers,chubby,lr,19,0.5298092209856916,-0.04862215156332805,2.0,
chubby,0.66015625,0.78082275390625,iterative_all_layers,chubby,lr,19,0.65625,0.00390625,2.0,
double_chin,0.5600845410628019,0.6674969806763286,iterative_all_layers,chubby,lr,19,0.6105072463768115,-0.05042270531400961,2.0,
eyeglasses,0.8837550421708837,0.957095709570957,iterative_all_layers,chubby,lr,19,0.8911807847451412,-0.007425742574257432,2.0,
goatee,0.654040404040404,0.7583333333333333,iterative_all_layers,chubby,lr,19,0.6265151515151515,0.027525252525252508,2.0,
gray_hair,0.7716129032258064,0.8724014336917563,iterative_all_layers,chubby,lr,19,0.7805017921146953,-0.008888888888888835,2.0,
heavy_makeup,0.4586572874244107,0.5048747377514502,iterative_all_layers,chubby,lr,19,0.5444896951746266,-0.08583240775021594,2.0,
high_cheekbones,0.4745073891625616,0.4403940886699508,iterative_all_layers,chubby,lr,19,0.4745073891625616,0.0,2.0,
male,0.981283422459893,0.975432070061226,iterative_all_layers,chubby,lr,19,0.981283422459893,0.0,2.0,
mouth_slightly_open,0.49270229007633587,0.46564885496183206,iterative_all_layers,chubby,lr,19,0.4988702290076336,-0.006167938931297745,2.0,
mustache,0.7382345349737589,0.8453067194356018,iterative_all_layers,chubby,lr,19,0.735696463907769,0.002538071065989911,2.0,
narrow_eyes,0.49622473906284703,0.5562958027981346,iterative_all_layers,chubby,lr,19,0.608927381745503,-0.11270264268265595,2.0,
no_beard,0.5311715884964293,0.5823200154410345,iterative_all_layers,chubby,lr,19,0.5362220935469343,-0.005050505050504972,2.0,
oval_face,0.4907524169819252,0.4869272803699033,iterative_all_layers,chubby,lr,19,0.5045817570407735,-0.013829340058848283,2.0,
pale_skin,0.5878048780487805,0.8040650406504065,iterative_all_layers,chubby,lr,19,0.6195121951219512,-0.03170731707317076,2.0,
pointy_nose,0.44646464646464645,0.41755050505050506,iterative_all_layers,chubby,lr,19,0.5202020202020202,-0.07373737373737377,2.0,
receding_hairline,0.5002101723413199,0.5572929802437999,iterative_all_layers,chubby,lr,19,0.49663724253888186,0.003572929802438063,2.0,
rosy_cheeks,0.7700221589110479,0.7812598923710035,iterative_all_layers,chubby,lr,19,0.6566951566951567,0.1133270022158912,2.0,
sideburns,0.5783921829891183,0.63690872751499,iterative_all_layers,chubby,lr,19,0.5889407061958695,-0.010548523206751148,2.0,
smiling,0.806959706959707,0.9227716727716728,iterative_all_layers,chubby,lr,19,0.83003663003663,-0.023076923076922995,2.0,
straight_hair,0.430905695611578,0.45004668534080294,iterative_all_layers,chubby,lr,19,0.4561157796451914,-0.02521008403361341,2.0,
wavy_hair,0.5692538593481989,0.5740780445969125,iterative_all_layers,chubby,lr,19,0.6076329331046312,-0.038379073756432236,2.0,
wearing_earrings,0.6815550041356493,0.7617866004962779,iterative_all_layers,chubby,lr,19,0.7058962542833511,-0.02434125014770183,2.0,
wearing_hat,0.8595576619273302,0.9531332280147445,iterative_all_layers,chubby,lr,19,0.8706687730384413,-0.011111111111111072,2.0,
wearing_lipstick,0.4500226142017187,0.45671641791044776,iterative_all_layers,chubby,lr,19,0.45585707824513794,-0.005834464043419252,2.0,
wearing_necklace,0.6473150962512665,0.6946301925025329,iterative_all_layers,chubby,lr,19,0.6082066869300912,0.03910840932117532,2.0,
wearing_necktie,0.5706497552291945,0.5971295060080106,iterative_all_layers,chubby,lr,19,0.6297285269247885,-0.05907877169559406,2.0,
young,0.8195259042033236,0.9280913978494624,iterative_all_layers,chubby,lr,19,0.8528836754643205,-0.03335777126099693,2.0,
5_o_clock_shadow,0.5345959595959596,0.5441919191919192,iterative_all_layers,chubby,lr,20,0.543939393939394,-0.00934343434343432,2.0,
arched_eyebrows,0.5776748447521124,0.6349384098544233,iterative_all_layers,chubby,lr,20,0.5739590756388069,0.0037157691133055115,2.0,
attractive,0.5,0.49247583018074825,iterative_all_layers,chubby,lr,20,0.5056326187473729,-0.005632618747372864,2.0,
bags_under_eyes,0.48238636363636367,0.4112926136363636,iterative_all_layers,chubby,lr,20,0.49261363636363636,-0.010227272727272696,2.0,
bald,0.6678204214598391,0.80515117581187,iterative_all_layers,chubby,lr,20,0.6784587193321796,-0.010638297872340496,2.0,
bangs,0.7651981294609894,0.8552793502338173,iterative_all_layers,chubby,lr,20,0.7819345311346295,-0.0167364016736401,2.0,
big_lips,0.5216673378977044,0.5040676600886025,iterative_all_layers,chubby,lr,20,0.5038260169150222,0.017841320982682207,2.0,
big_nose,0.5584975369458128,0.6173645320197044,iterative_all_layers,chubby,lr,20,0.5979064039408867,-0.039408866995073843,2.0,
black_hair,0.7395833333333333,0.86865234375,iterative_all_layers,chubby,lr,20,0.7421875,-0.0026041666666667407,2.0,
blond_hair,0.9120108294363771,0.9301009106571498,iterative_all_layers,chubby,lr,20,0.8910903273443269,0.02092050209205021,2.0,
blurry,0.5942622950819672,0.6670081967213114,iterative_all_layers,chubby,lr,20,0.6174863387978142,-0.023224043715847076,2.0,
brown_hair,0.6470588235294118,0.7107843137254902,iterative_all_layers,chubby,lr,20,0.6596638655462185,-0.012605042016806678,2.0,
bushy_eyebrows,0.48012718600953896,0.521727609962904,iterative_all_layers,chubby,lr,20,0.5298092209856916,-0.049682034976152645,2.0,
chubby,0.671875,0.78875732421875,iterative_all_layers,chubby,lr,20,0.65625,0.015625,2.0,
double_chin,0.5661231884057971,0.661911231884058,iterative_all_layers,chubby,lr,20,0.6105072463768115,-0.04438405797101441,2.0,
eyeglasses,0.8695452878621195,0.9555372203887056,iterative_all_layers,chubby,lr,20,0.8911807847451412,-0.021635496883021688,2.0,
goatee,0.6517676767676768,0.7575757575757576,iterative_all_layers,chubby,lr,20,0.6265151515151515,0.025252525252525304,2.0,
gray_hair,0.7738351254480287,0.8779928315412187,iterative_all_layers,chubby,lr,20,0.7805017921146953,-0.006666666666666599,2.0,
heavy_makeup,0.4630383808466,0.4927804516845613,iterative_all_layers,chubby,lr,20,0.5444896951746266,-0.08145131432802666,2.0,
high_cheekbones,0.4724137931034483,0.44057881773399016,iterative_all_layers,chubby,lr,20,0.4745073891625616,-0.0020935960591133007,2.0,
male,0.981283422459893,0.9736495388669302,iterative_all_layers,chubby,lr,20,0.981283422459893,0.0,2.0,
mouth_slightly_open,0.4923358778625954,0.48806106870229005,iterative_all_layers,chubby,lr,20,0.4988702290076336,-0.0065343511450381975,2.0,
mustache,0.7238234534973759,0.8548567495483094,iterative_all_layers,chubby,lr,20,0.735696463907769,-0.011873010410393126,2.0,
narrow_eyes,0.5488563180102154,0.5567399511436819,iterative_all_layers,chubby,lr,20,0.608927381745503,-0.06007106373528759,2.0,
no_beard,0.5362220935469343,0.5875313646014283,iterative_all_layers,chubby,lr,20,0.5362220935469343,0.0,2.0,
oval_face,0.5122740647330811,0.49945355191256835,iterative_all_layers,chubby,lr,20,0.5045817570407735,0.007692307692307665,2.0,
pale_skin,0.583739837398374,0.7882113821138211,iterative_all_layers,chubby,lr,20,0.6195121951219512,-0.03577235772357723,2.0,
pointy_nose,0.4623737373737373,0.43636363636363634,iterative_all_layers,chubby,lr,20,0.5202020202020202,-0.057828282828282895,2.0,
receding_hairline,0.5232870954182429,0.5655317360235392,iterative_all_layers,chubby,lr,20,0.49663724253888186,0.026649852879361058,2.0,
rosy_cheeks,0.7617917062361507,0.8015194681861348,iterative_all_layers,chubby,lr,20,0.6566951566951567,0.10509654954099401,2.0,
sideburns,0.584721296913169,0.6351321341328003,iterative_all_layers,chubby,lr,20,0.5889407061958695,-0.0042194092827004814,2.0,
smiling,0.8031135531135531,0.9222222222222223,iterative_all_layers,chubby,lr,20,0.83003663003663,-0.026923076923076827,2.0,
straight_hair,0.45238095238095233,0.4673202614379085,iterative_all_layers,chubby,lr,20,0.4561157796451914,-0.003734827264239071,2.0,
wavy_hair,0.5602487135506004,0.5712907375643225,iterative_all_layers,chubby,lr,20,0.6076329331046312,-0.047384219554030826,2.0,
wearing_earrings,0.6605222734254992,0.7582417582417582,iterative_all_layers,chubby,lr,20,0.7058962542833511,-0.04537398085785194,2.0,
wearing_hat,0.8571879936808846,0.9463928383359662,iterative_all_layers,chubby,lr,20,0.8706687730384413,-0.01348077935755665,2.0,
wearing_lipstick,0.45413839891451835,0.4443238353686115,iterative_all_layers,chubby,lr,20,0.45585707824513794,-0.001718679330619588,2.0,
wearing_necklace,0.6405268490374874,0.7015197568389058,iterative_all_layers,chubby,lr,20,0.6082066869300912,0.03232016210739619,2.0,
wearing_necktie,0.5372719181130396,0.5542946150422785,iterative_all_layers,chubby,lr,20,0.6297285269247885,-0.09245660881174889,2.0,
young,0.815982404692082,0.9295576735092864,iterative_all_layers,chubby,lr,20,0.8528836754643205,-0.03690127077223848,2.0,
5_o_clock_shadow,0.5297979797979798,0.5361111111111111,iterative_all_layers,chubby,lr,21,0.543939393939394,-0.014141414141414121,2.0,
arched_eyebrows,0.5718212358749872,0.6259798432250839,iterative_all_layers,chubby,lr,21,0.5739590756388069,-0.002137839763819649,2.0,
attractive,0.5081967213114754,0.4664144598570828,iterative_all_layers,chubby,lr,21,0.5056326187473729,0.002564102564102555,2.0,
bags_under_eyes,0.49318181818181817,0.4147727272727272,iterative_all_layers,chubby,lr,21,0.49261363636363636,0.000568181818181801,2.0,
bald,0.6678204214598391,0.813397129186603,iterative_all_layers,chubby,lr,21,0.6784587193321796,-0.010638297872340496,2.0,
bangs,0.7631060792517843,0.8643859217327098,iterative_all_layers,chubby,lr,21,0.7819345311346295,-0.01882845188284521,2.0,
big_lips,0.4882803060813532,0.5171163914619412,iterative_all_layers,chubby,lr,21,0.5038260169150222,-0.015545710833668958,2.0,
big_nose,0.5369458128078818,0.5616379310344828,iterative_all_layers,chubby,lr,21,0.5979064039408867,-0.06096059113300489,2.0,
black_hair,0.734375,0.8665364583333333,iterative_all_layers,chubby,lr,21,0.7421875,-0.0078125,2.0,
blond_hair,0.9351464435146444,0.9396997292640906,iterative_all_layers,chubby,lr,21,0.8910903273443269,0.04405611617031746,2.0,
blurry,0.5922131147540983,0.6786202185792349,iterative_all_layers,chubby,lr,21,0.6174863387978142,-0.025273224043715903,2.0,
brown_hair,0.5401493930905695,0.6820728291316527,iterative_all_layers,chubby,lr,21,0.6596638655462185,-0.11951447245564895,2.0,
bushy_eyebrows,0.49364069952305245,0.5158982511923689,iterative_all_layers,chubby,lr,21,0.5298092209856916,-0.03616852146263916,2.0,
chubby,0.67578125,0.79913330078125,iterative_all_layers,chubby,lr,21,0.65625,0.01953125,2.0,
double_chin,0.5344202898550725,0.6373792270531402,iterative_all_layers,chubby,lr,21,0.6105072463768115,-0.07608695652173902,2.0,
eyeglasses,0.8682618261826183,0.949028236156949,iterative_all_layers,chubby,lr,21,0.8911807847451412,-0.022918958562522906,2.0,
goatee,0.6792929292929293,0.7606060606060606,iterative_all_layers,chubby,lr,21,0.6265151515151515,0.05277777777777781,2.0,
gray_hair,0.714336917562724,0.8196415770609319,iterative_all_layers,chubby,lr,21,0.7805017921146953,-0.06616487455197129,2.0,
heavy_makeup,0.4677897075157349,0.4911761076144638,iterative_all_layers,chubby,lr,21,0.5444896951746266,-0.07669998765889174,2.0,
high_cheekbones,0.48386699507389164,0.44802955665024624,iterative_all_layers,chubby,lr,21,0.4745073891625616,0.00935960591133006,2.0,
male,0.981283422459893,0.9727970239479191,iterative_all_layers,chubby,lr,21,0.981283422459893,0.0,2.0,
mouth_slightly_open,0.5090687022900764,0.4693129770992367,iterative_all_layers,chubby,lr,21,0.4988702290076336,0.010198473282442777,2.0,
mustache,0.7831454873956809,0.8731824830078293,iterative_all_layers,chubby,lr,21,0.735696463907769,0.04744902348791191,2.0,
narrow_eyes,0.5562958027981346,0.5858316677770375,iterative_all_layers,chubby,lr,21,0.608927381745503,-0.05263157894736836,2.0,
no_beard,0.5585150871775075,0.588303416328894,iterative_all_layers,chubby,lr,21,0.5362220935469343,0.022292993630573243,2.0,
oval_face,0.5092055485498108,0.5045817570407733,iterative_all_layers,chubby,lr,21,0.5045817570407735,0.004623791509037356,2.0,
pale_skin,0.583739837398374,0.7959349593495935,iterative_all_layers,chubby,lr,21,0.6195121951219512,-0.03577235772357723,2.0,
pointy_nose,0.4484848484848485,0.3747474747474747,iterative_all_layers,chubby,lr,21,0.5202020202020202,-0.07171717171717173,2.0,
receding_hairline,0.5335435056746533,0.5688944934846574,iterative_all_layers,chubby,lr,21,0.49663724253888186,0.03690626313577139,2.0,
rosy_cheeks,0.7597340930674263,0.7901234567901235,iterative_all_layers,chubby,lr,21,0.6566951566951567,0.10303893637226968,2.0,
sideburns,0.6047079724628026,0.6304685765045526,iterative_all_layers,chubby,lr,21,0.5889407061958695,0.015767266266933144,2.0,
smiling,0.7054945054945054,0.7998168498168499,iterative_all_layers,chubby,lr,21,0.83003663003663,-0.12454212454212454,2.0,
straight_hair,0.4843604108309991,0.5023342670401494,iterative_all_layers,chubby,lr,21,0.4561157796451914,0.028244631185807723,2.0,
wavy_hair,0.5418096054888508,0.5635720411663807,iterative_all_layers,chubby,lr,21,0.6076329331046312,-0.06582332761578036,2.0,
wearing_earrings,0.6595179014533853,0.7372090275316081,iterative_all_layers,chubby,lr,21,0.7058962542833511,-0.04637835282996583,2.0,
wearing_hat,0.8571879936808846,0.9348077935755661,iterative_all_layers,chubby,lr,21,0.8706687730384413,-0.01348077935755665,2.0,
wearing_lipstick,0.4598824061510629,0.4427860696517413,iterative_all_layers,chubby,lr,21,0.45585707824513794,0.004025327905924969,2.0,
wearing_necklace,0.6128672745694022,0.6871327254305977,iterative_all_layers,chubby,lr,21,0.6082066869300912,0.004660587639310987,2.0,
wearing_necktie,0.5729862038273253,0.5769915442812639,iterative_all_layers,chubby,lr,21,0.6297285269247885,-0.05674232309746319,2.0,
young,0.7766373411534702,0.8849584555229717,iterative_all_layers,chubby,lr,21,0.8528836754643205,-0.07624633431085037,2.0,
5_o_clock_shadow,0.5484848484848486,0.554419191919192,iterative_all_layers,chubby,lr,22,0.543939393939394,0.00454545454545463,2.0,
arched_eyebrows,0.5481522956326987,0.6103023516237402,iterative_all_layers,chubby,lr,22,0.5739590756388069,-0.025806780006108143,2.0,
attractive,0.5,0.44817150063051703,iterative_all_layers,chubby,lr,22,0.5056326187473729,-0.005632618747372864,2.0,
bags_under_eyes,0.49318181818181817,0.4212357954545455,iterative_all_layers,chubby,lr,22,0.49261363636363636,0.000568181818181801,2.0,
bald,0.6287284943499949,0.7643286165122671,iterative_all_layers,chubby,lr,22,0.6784587193321796,-0.04973022498218471,2.0,
bangs,0.7715973418656166,0.8651242923947822,iterative_all_layers,chubby,lr,22,0.7819345311346295,-0.010337189269012947,2.0,
big_lips,0.554893274265002,0.5898509867096254,iterative_all_layers,chubby,lr,22,0.5038260169150222,0.051067257349979855,2.0,
big_nose,0.5169950738916256,0.5359605911330049,iterative_all_layers,chubby,lr,22,0.5979064039408867,-0.0809113300492611,2.0,
black_hair,0.6744791666666667,0.8424479166666666,iterative_all_layers,chubby,lr,22,0.7421875,-0.06770833333333326,2.0,
blond_hair,0.9205020920502092,0.9601279842480925,iterative_all_layers,chubby,lr,22,0.8910903273443269,0.02941176470588225,2.0,
blurry,0.5382513661202186,0.6734972677595629,iterative_all_layers,chubby,lr,22,0.6174863387978142,-0.0792349726775956,2.0,
brown_hair,0.5422502334267041,0.6444911297852475,iterative_all_layers,chubby,lr,22,0.6596638655462185,-0.11741363211951439,2.0,
bushy_eyebrows,0.5320614732379438,0.5260996290408055,iterative_all_layers,chubby,lr,22,0.5298092209856916,0.0022522522522522292,2.0,
chubby,0.6796875,0.77655029296875,iterative_all_layers,chubby,lr,22,0.65625,0.0234375,2.0,
double_chin,0.5564613526570048,0.6214522946859903,iterative_all_layers,chubby,lr,22,0.6105072463768115,-0.054045893719806726,2.0,
eyeglasses,0.8324165749908324,0.928034470113678,iterative_all_layers,chubby,lr,22,0.8911807847451412,-0.05876420975430874,2.0,
goatee,0.6446969696969697,0.7310606060606061,iterative_all_layers,chubby,lr,22,0.6265151515151515,0.018181818181818188,2.0,
gray_hair,0.6542652329749103,0.7327598566308244,iterative_all_layers,chubby,lr,22,0.7805017921146953,-0.12623655913978493,2.0,
heavy_makeup,0.48815253609774156,0.5053683820807109,iterative_all_layers,chubby,lr,22,0.5444896951746266,-0.05633715907688508,2.0,
high_cheekbones,0.49248768472906407,0.46637931034482755,iterative_all_layers,chubby,lr,22,0.4745073891625616,0.01798029556650249,2.0,
male,0.9328063241106719,0.9616368286445014,iterative_all_layers,chubby,lr,22,0.981283422459893,-0.04847709834922109,2.0,
mouth_slightly_open,0.517618320610687,0.5215267175572519,iterative_all_layers,chubby,lr,22,0.4988702290076336,0.018748091603053407,2.0,
mustache,0.749290200464596,0.8391121053084402,iterative_all_layers,chubby,lr,22,0.735696463907769,0.013593736556827052,2.0,
narrow_eyes,0.5574061736620031,0.590051077059738,iterative_all_layers,chubby,lr,22,0.608927381745503,-0.051521208083499914,2.0,
no_beard,0.569935018979605,0.5851508717750756,iterative_all_layers,chubby,lr,22,0.5362220935469343,0.03371292543267068,2.0,
oval_face,0.5061370323665405,0.5238335435056747,iterative_all_layers,chubby,lr,22,0.5045817570407735,0.001555275325767047,2.0,
pale_skin,0.6398373983739837,0.7987804878048781,iterative_all_layers,chubby,lr,22,0.6195121951219512,0.020325203252032464,2.0,
pointy_nose,0.4047979797979798,0.3984848484848485,iterative_all_layers,chubby,lr,22,0.5202020202020202,-0.1154040404040404,2.0,
receding_hairline,0.5299705758722152,0.5658680117696512,iterative_all_layers,chubby,lr,22,0.49663724253888186,0.033333333333333326,2.0,
rosy_cheeks,0.6484647040202596,0.8024691358024691,iterative_all_layers,chubby,lr,22,0.6566951566951567,-0.008230452674897082,2.0,
sideburns,0.5709526982011992,0.6002664890073284,iterative_all_layers,chubby,lr,22,0.5889407061958695,-0.017988007994670263,2.0,
smiling,0.6942002442002442,0.8006715506715507,iterative_all_layers,chubby,lr,22,0.83003663003663,-0.1358363858363858,2.0,
straight_hair,0.46708683473389356,0.5289449112978525,iterative_all_layers,chubby,lr,22,0.4561157796451914,0.010971055088702164,2.0,
wavy_hair,0.5664665523156089,0.6039879931389366,iterative_all_layers,chubby,lr,22,0.6076329331046312,-0.04116638078902224,2.0,
wearing_earrings,0.6677301193430225,0.6698570246957344,iterative_all_layers,chubby,lr,22,0.7058962542833511,-0.03816613494032861,2.0,
wearing_hat,0.8477093206951027,0.929015271195366,iterative_all_layers,chubby,lr,22,0.8706687730384413,-0.022959452343338516,2.0,
wearing_lipstick,0.5103120759837178,0.48186341022161927,iterative_all_layers,chubby,lr,22,0.45585707824513794,0.05445499773857981,2.0,
wearing_necklace,0.583080040526849,0.6842958459979737,iterative_all_layers,chubby,lr,22,0.6082066869300912,-0.025126646403242137,2.0,
wearing_necktie,0.5704272363150867,0.5425011125945706,iterative_all_layers,chubby,lr,22,0.6297285269247885,-0.059301290609701796,2.0,
young,0.6903714565004888,0.7793255131964809,iterative_all_layers,chubby,lr,22,0.8528836754643205,-0.16251221896383172,2.0,
5_o_clock_shadow,0.48156565656565653,0.45328282828282834,iterative_all_layers,chubby,lr,23,0.543939393939394,-0.062373737373737415,2.0,
arched_eyebrows,0.5266211951542299,0.5779293494859004,iterative_all_layers,chubby,lr,23,0.5739590756388069,-0.04733788048457699,2.0,
attractive,0.4948717948717949,0.45960487599831856,iterative_all_layers,chubby,lr,23,0.5056326187473729,-0.010760823875577974,2.0,
bags_under_eyes,0.46818181818181814,0.4904829545454546,iterative_all_layers,chubby,lr,23,0.49261363636363636,-0.02443181818181822,2.0,
bald,0.48299908378295836,0.47093555940140486,iterative_all_layers,chubby,lr,23,0.6784587193321796,-0.19545963554922124,2.0,
bangs,0.5299040118139307,0.40216588727541225,iterative_all_layers,chubby,lr,23,0.7819345311346295,-0.25203051932069886,2.0,
big_lips,0.49597261377366086,0.4608135320177205,iterative_all_layers,chubby,lr,23,0.5038260169150222,-0.007853403141361293,2.0,
big_nose,0.48041871921182266,0.44981527093596063,iterative_all_layers,chubby,lr,23,0.5979064039408867,-0.11748768472906401,2.0,
black_hair,0.5182291666666667,0.47420247395833326,iterative_all_layers,chubby,lr,23,0.7421875,-0.22395833333333326,2.0,
blond_hair,0.5466404134875708,0.6583805070145212,iterative_all_layers,chubby,lr,23,0.8910903273443269,-0.34444991385675616,2.0,
blurry,0.5280054644808744,0.5987021857923498,iterative_all_layers,chubby,lr,23,0.6174863387978142,-0.08948087431693985,2.0,
brown_hair,0.5359477124183006,0.4969654528478058,iterative_all_layers,chubby,lr,23,0.6596638655462185,-0.12371615312791784,2.0,
bushy_eyebrows,0.4913884472708002,0.4686009538950715,iterative_all_layers,chubby,lr,23,0.5298092209856916,-0.03842077371489139,2.0,
chubby,0.515625,0.5128173828125,iterative_all_layers,chubby,lr,23,0.65625,-0.140625,2.0,
double_chin,0.5229468599033816,0.48037439613526567,iterative_all_layers,chubby,lr,23,0.6105072463768115,-0.0875603864734299,2.0,
eyeglasses,0.5156765676567656,0.4806563989732307,iterative_all_layers,chubby,lr,23,0.8911807847451412,-0.37550421708837556,2.0,
goatee,0.5573232323232323,0.5112373737373738,iterative_all_layers,chubby,lr,23,0.6265151515151515,-0.06919191919191914,2.0,
gray_hair,0.4340501792114695,0.4194982078853046,iterative_all_layers,chubby,lr,23,0.7805017921146953,-0.3464516129032258,2.0,
heavy_makeup,0.5039491546340862,0.5110452918672097,iterative_all_layers,chubby,lr,23,0.5444896951746266,-0.04054054054054046,2.0,
high_cheekbones,0.5375615763546798,0.5564039408866994,iterative_all_layers,chubby,lr,23,0.4745073891625616,0.06305418719211825,2.0,
male,0.46543439510191426,0.5015112764473378,iterative_all_layers,chubby,lr,23,0.981283422459893,-0.5158490273579788,2.0,
mouth_slightly_open,0.5221374045801527,0.5109618320610687,iterative_all_layers,chubby,lr,23,0.4988702290076336,0.02326717557251906,2.0,
mustache,0.5705067538501247,0.6276778800653875,iterative_all_layers,chubby,lr,23,0.735696463907769,-0.16518971005764427,2.0,
narrow_eyes,0.549966688874084,0.5600710637352876,iterative_all_layers,chubby,lr,23,0.608927381745503,-0.05896069287141903,2.0,
no_beard,0.49691179309013706,0.501962298140642,iterative_all_layers,chubby,lr,23,0.5362220935469343,-0.03931030045679723,2.0,
oval_face,0.528667507356032,0.5435897435897435,iterative_all_layers,chubby,lr,23,0.5045817570407735,0.024085750315258503,2.0,
pale_skin,0.4654471544715447,0.6040650406504064,iterative_all_layers,chubby,lr,23,0.6195121951219512,-0.1540650406504065,2.0,
pointy_nose,0.4671717171717171,0.4746212121212121,iterative_all_layers,chubby,lr,23,0.5202020202020202,-0.053030303030303094,2.0,
receding_hairline,0.5309794031105506,0.47557797393862966,iterative_all_layers,chubby,lr,23,0.49663724253888186,0.03434216057166872,2.0,
rosy_cheeks,0.41358024691358025,0.47420069642291873,iterative_all_layers,chubby,lr,23,0.6566951566951567,-0.2431149097815764,2.0,
sideburns,0.4973351099267155,0.4814568065733955,iterative_all_layers,chubby,lr,23,0.5889407061958695,-0.09160559626915399,2.0,
smiling,0.576007326007326,0.57991452991453,iterative_all_layers,chubby,lr,23,0.83003663003663,-0.254029304029304,2.0,
straight_hair,0.5373482726423903,0.572829131652661,iterative_all_layers,chubby,lr,23,0.4561157796451914,0.08123249299719887,2.0,
wavy_hair,0.48649228130360206,0.4649442538593482,iterative_all_layers,chubby,lr,23,0.6076329331046312,-0.12114065180102912,2.0,
wearing_earrings,0.5500413564929694,0.5105754460593169,iterative_all_layers,chubby,lr,23,0.7058962542833511,-0.15585489779038175,2.0,
wearing_hat,0.5360189573459716,0.5604002106371775,iterative_all_layers,chubby,lr,23,0.8706687730384413,-0.33464981569246965,2.0,
wearing_lipstick,0.4790140208050656,0.5181365897783807,iterative_all_layers,chubby,lr,23,0.45585707824513794,0.023156942559927673,2.0,
wearing_necklace,0.5303951367781155,0.5187436676798379,iterative_all_layers,chubby,lr,23,0.6082066869300912,-0.07781155015197572,2.0,
wearing_necktie,0.475634178905207,0.49299065420560756,iterative_all_layers,chubby,lr,23,0.6297285269247885,-0.15409434801958155,2.0,
young,0.4810606060606061,0.4506353861192571,iterative_all_layers,chubby,lr,23,0.8528836754643205,-0.37182306940371446,2.0,
5_o_clock_shadow,0.5300505050505051,0.5587121212121212,iterative_all_layers,chubby,pclarc,0,0.543939393939394,-0.01388888888888884,2.0,
arched_eyebrows,0.5739590756388069,0.6025654077165835,iterative_all_layers,chubby,pclarc,0,0.5739590756388069,0.0,2.0,
attractive,0.5056326187473729,0.5487179487179488,iterative_all_layers,chubby,pclarc,0,0.5056326187473729,0.0,2.0,
bags_under_eyes,0.49261363636363636,0.43458806818181817,iterative_all_layers,chubby,pclarc,0,0.49261363636363636,0.0,2.0,
bald,0.6784587193321796,0.7905935050391937,iterative_all_layers,chubby,pclarc,0,0.6784587193321796,0.0,2.0,
bangs,0.7819345311346295,0.88530642382476,iterative_all_layers,chubby,pclarc,0,0.7819345311346295,0.0,2.0,
big_lips,0.5012082158679018,0.4842529198550142,iterative_all_layers,chubby,pclarc,0,0.5038260169150222,-0.002617801047120394,2.0,
big_nose,0.5979064039408867,0.6458743842364532,iterative_all_layers,chubby,pclarc,0,0.5979064039408867,0.0,2.0,
black_hair,0.7395833333333333,0.8741861979166666,iterative_all_layers,chubby,pclarc,0,0.7421875,-0.0026041666666667407,2.0,
blond_hair,0.8910903273443269,0.9377307408318976,iterative_all_layers,chubby,pclarc,0,0.8910903273443269,0.0,2.0,
blurry,0.657103825136612,0.6314890710382514,iterative_all_layers,chubby,pclarc,0,0.6174863387978142,0.0396174863387978,2.0,
brown_hair,0.6659663865546218,0.8209617180205415,iterative_all_layers,chubby,pclarc,0,0.6596638655462185,0.006302521008403339,2.0,
bushy_eyebrows,0.5298092209856916,0.5113937466878643,iterative_all_layers,chubby,pclarc,0,0.5298092209856916,0.0,2.0,
chubby,0.66015625,0.76837158203125,iterative_all_layers,chubby,pclarc,0,0.65625,0.00390625,2.0,
double_chin,0.6117149758454106,0.7040307971014493,iterative_all_layers,chubby,pclarc,0,0.6105072463768115,0.0012077294685990392,2.0,
eyeglasses,0.8911807847451412,0.9582874954162083,iterative_all_layers,chubby,pclarc,0,0.8911807847451412,0.0,2.0,
goatee,0.6287878787878788,0.741919191919192,iterative_all_layers,chubby,pclarc,0,0.6265151515151515,0.002272727272727315,2.0,
gray_hair,0.7805017921146953,0.897347670250896,iterative_all_layers,chubby,pclarc,0,0.7805017921146953,0.0,2.0,
heavy_makeup,0.5467728001974577,0.6074293471553746,iterative_all_layers,chubby,pclarc,0,0.5444896951746266,0.0022831050228310223,2.0,
high_cheekbones,0.470935960591133,0.40332512315270935,iterative_all_layers,chubby,pclarc,0,0.4745073891625616,-0.0035714285714285587,2.0,
male,0.981283422459893,0.9768270944741533,iterative_all_layers,chubby,pclarc,0,0.981283422459893,0.0,2.0,
mouth_slightly_open,0.4948702290076336,0.47425954198473286,iterative_all_layers,chubby,pclarc,0,0.4988702290076336,-0.0040000000000000036,2.0,
mustache,0.7272218876365826,0.8280134216639421,iterative_all_layers,chubby,pclarc,0,0.735696463907769,-0.008474576271186418,2.0,
narrow_eyes,0.6047079724628026,0.608927381745503,iterative_all_layers,chubby,pclarc,0,0.608927381745503,-0.00421940928270037,2.0,
no_beard,0.5362220935469343,0.5660425915202986,iterative_all_layers,chubby,pclarc,0,0.5362220935469343,0.0,2.0,
oval_face,0.5045817570407735,0.49113072719630096,iterative_all_layers,chubby,pclarc,0,0.5045817570407735,0.0,2.0,
pale_skin,0.6195121951219512,0.7975609756097561,iterative_all_layers,chubby,pclarc,0,0.6195121951219512,0.0,2.0,
pointy_nose,0.5017676767676768,0.488510101010101,iterative_all_layers,chubby,pclarc,0,0.5202020202020202,-0.01843434343434347,2.0,
receding_hairline,0.501765447667087,0.5406473308112653,iterative_all_layers,chubby,pclarc,0,0.49663724253888186,0.00512820512820511,2.0,
rosy_cheeks,0.6566951566951567,0.7581513137068692,iterative_all_layers,chubby,pclarc,0,0.6566951566951567,0.0,2.0,
sideburns,0.5826115922718188,0.6149233844103931,iterative_all_layers,chubby,pclarc,0,0.5889407061958695,-0.006329113924050667,2.0,
smiling,0.8261904761904761,0.9377289377289377,iterative_all_layers,chubby,pclarc,0,0.83003663003663,-0.0038461538461538325,2.0,
straight_hair,0.4859943977591036,0.4850606909430438,iterative_all_layers,chubby,pclarc,0,0.4561157796451914,0.02987861811391218,2.0,
wavy_hair,0.6076329331046312,0.5882289879931389,iterative_all_layers,chubby,pclarc,0,0.6076329331046312,0.0,2.0,
wearing_earrings,0.6930757414628382,0.7731300957107408,iterative_all_layers,chubby,pclarc,0,0.7058962542833511,-0.012820512820512886,2.0,
wearing_hat,0.8706687730384413,0.9155344918378093,iterative_all_layers,chubby,pclarc,0,0.8706687730384413,0.0,2.0,
wearing_lipstick,0.4533695160560832,0.4536408864767074,iterative_all_layers,chubby,pclarc,0,0.45585707824513794,-0.002487562189054715,2.0,
wearing_necklace,0.6060790273556231,0.6642350557244174,iterative_all_layers,chubby,pclarc,0,0.6082066869300912,-0.0021276595744680327,2.0,
wearing_necktie,0.6273920783266578,0.634623943035158,iterative_all_layers,chubby,pclarc,0,0.6297285269247885,-0.002336448598130758,2.0,
young,0.8490957966764419,0.9229594330400782,iterative_all_layers,chubby,pclarc,0,0.8528836754643205,-0.0037878787878786735,2.0,
5_o_clock_shadow,0.543939393939394,0.5622474747474748,iterative_all_layers,chubby,pclarc,1,0.543939393939394,0.0,2.0,
arched_eyebrows,0.5739590756388069,0.601852794461977,iterative_all_layers,chubby,pclarc,1,0.5739590756388069,0.0,2.0,
attractive,0.5056326187473729,0.5469525010508618,iterative_all_layers,chubby,pclarc,1,0.5056326187473729,0.0,2.0,
bags_under_eyes,0.49261363636363636,0.43615056818181813,iterative_all_layers,chubby,pclarc,1,0.49261363636363636,0.0,2.0,
bald,0.6784587193321796,0.7910007126132546,iterative_all_layers,chubby,pclarc,1,0.6784587193321796,0.0,2.0,
bangs,0.7819345311346295,0.8825990647304948,iterative_all_layers,chubby,pclarc,1,0.7819345311346295,0.0,2.0,
big_lips,0.5012082158679018,0.48441401530406764,iterative_all_layers,chubby,pclarc,1,0.5038260169150222,-0.002617801047120394,2.0,
big_nose,0.6057881773399014,0.6451970443349753,iterative_all_layers,chubby,pclarc,1,0.5979064039408867,0.007881773399014746,2.0,
black_hair,0.765625,0.8740234375000001,iterative_all_layers,chubby,pclarc,1,0.7421875,0.0234375,2.0,
blond_hair,0.8889982771351218,0.9389613586020182,iterative_all_layers,chubby,pclarc,1,0.8910903273443269,-0.0020920502092051096,2.0,
blurry,0.6612021857923497,0.632172131147541,iterative_all_layers,chubby,pclarc,1,0.6174863387978142,0.04371584699453546,2.0,
brown_hair,0.6638655462184874,0.8197945845004668,iterative_all_layers,chubby,pclarc,1,0.6596638655462185,0.004201680672268893,2.0,
bushy_eyebrows,0.5320614732379438,0.5109962904080552,iterative_all_layers,chubby,pclarc,1,0.5298092209856916,0.0022522522522522292,2.0,
chubby,0.66015625,0.7679443359375,iterative_all_layers,chubby,pclarc,1,0.65625,0.00390625,2.0,
double_chin,0.606280193236715,0.7038043478260869,iterative_all_layers,chubby,pclarc,1,0.6105072463768115,-0.004227053140096526,2.0,
eyeglasses,0.8887055372203887,0.9580124679134581,iterative_all_layers,chubby,pclarc,1,0.8911807847451412,-0.0024752475247524774,2.0,
goatee,0.6310606060606061,0.7436868686868686,iterative_all_layers,chubby,pclarc,1,0.6265151515151515,0.00454545454545463,2.0,
gray_hair,0.7805017921146953,0.8957706093189964,iterative_all_layers,chubby,pclarc,1,0.7805017921146953,0.0,2.0,
heavy_makeup,0.5467728001974577,0.6087868690608417,iterative_all_layers,chubby,pclarc,1,0.5444896951746266,0.0022831050228310223,2.0,
high_cheekbones,0.470935960591133,0.404679802955665,iterative_all_layers,chubby,pclarc,1,0.4745073891625616,-0.0035714285714285587,2.0,
male,0.981283422459893,0.9776021080368907,iterative_all_layers,chubby,pclarc,1,0.981283422459893,0.0,2.0,
mouth_slightly_open,0.5028702290076336,0.47468702290076337,iterative_all_layers,chubby,pclarc,1,0.4988702290076336,0.003999999999999948,2.0,
mustache,0.7272218876365826,0.8273251312053687,iterative_all_layers,chubby,pclarc,1,0.735696463907769,-0.008474576271186418,2.0,
narrow_eyes,0.6068176771041528,0.6138130135465245,iterative_all_layers,chubby,pclarc,1,0.608927381745503,-0.002109704641350185,2.0,
no_beard,0.5311715884964293,0.5664286173840314,iterative_all_layers,chubby,pclarc,1,0.5362220935469343,-0.005050505050504972,2.0,
oval_face,0.5045817570407735,0.4897856242118537,iterative_all_layers,chubby,pclarc,1,0.5045817570407735,0.0,2.0,
pale_skin,0.6174796747967479,0.7999999999999999,iterative_all_layers,chubby,pclarc,1,0.6195121951219512,-0.002032520325203291,2.0,
pointy_nose,0.5111111111111111,0.4878787878787879,iterative_all_layers,chubby,pclarc,1,0.5202020202020202,-0.00909090909090915,2.0,
receding_hairline,0.4884405212274065,0.5383774695250105,iterative_all_layers,chubby,pclarc,1,0.49663724253888186,-0.008196721311475363,2.0,
rosy_cheeks,0.6566951566951567,0.7600506489395379,iterative_all_layers,chubby,pclarc,1,0.6566951566951567,0.0,2.0,
sideburns,0.5868310015545193,0.6175882744836776,iterative_all_layers,chubby,pclarc,1,0.5889407061958695,-0.002109704641350185,2.0,
smiling,0.83003663003663,0.9377899877899878,iterative_all_layers,chubby,pclarc,1,0.83003663003663,0.0,2.0,
straight_hair,0.4817927170868347,0.48389355742296924,iterative_all_layers,chubby,pclarc,1,0.4561157796451914,0.02567693744164329,2.0,
wavy_hair,0.6052744425385935,0.5839408233276158,iterative_all_layers,chubby,pclarc,1,0.6076329331046312,-0.002358490566037652,2.0,
wearing_earrings,0.6930757414628382,0.7731300957107409,iterative_all_layers,chubby,pclarc,1,0.7058962542833511,-0.012820512820512886,2.0,
wearing_hat,0.8706687730384413,0.9171142706687729,iterative_all_layers,chubby,pclarc,1,0.8706687730384413,0.0,2.0,
wearing_lipstick,0.4533695160560832,0.4513794663048395,iterative_all_layers,chubby,pclarc,1,0.45585707824513794,-0.002487562189054715,2.0,
wearing_necklace,0.5843971631205673,0.6613981762917933,iterative_all_layers,chubby,pclarc,1,0.6082066869300912,-0.023809523809523836,2.0,
wearing_necktie,0.6250556297285269,0.6391855807743658,iterative_all_layers,chubby,pclarc,1,0.6297285269247885,-0.004672897196261627,2.0,
young,0.8566715542521994,0.9229594330400782,iterative_all_layers,chubby,pclarc,1,0.8528836754643205,0.0037878787878788955,2.0,
5_o_clock_shadow,0.5161616161616162,0.5569444444444445,iterative_all_layers,chubby,pclarc,2,0.543939393939394,-0.02777777777777779,2.0,
arched_eyebrows,0.5763514201364146,0.6035834266517357,iterative_all_layers,chubby,pclarc,2,0.5739590756388069,0.0023923444976077235,2.0,
attractive,0.5056326187473729,0.5440941572089113,iterative_all_layers,chubby,pclarc,2,0.5056326187473729,0.0,2.0,
bags_under_eyes,0.49261363636363636,0.4416903409090909,iterative_all_layers,chubby,pclarc,2,0.49261363636363636,0.0,2.0,
bald,0.6784587193321796,0.7887610709559197,iterative_all_layers,chubby,pclarc,2,0.6784587193321796,0.0,2.0,
bangs,0.7819345311346295,0.8828451882845189,iterative_all_layers,chubby,pclarc,2,0.7819345311346295,0.0,2.0,
big_lips,0.49351590817559404,0.4873137333870319,iterative_all_layers,chubby,pclarc,2,0.5038260169150222,-0.010310108739428114,2.0,
big_nose,0.6022167487684729,0.6490147783251231,iterative_all_layers,chubby,pclarc,2,0.5979064039408867,0.004310344827586188,2.0,
black_hair,0.7552083333333333,0.8745930989583334,iterative_all_layers,chubby,pclarc,2,0.7421875,0.01302083333333326,2.0,
blond_hair,0.8869062269259168,0.9374846172778735,iterative_all_layers,chubby,pclarc,2,0.8910903273443269,-0.004184100418410108,2.0,
blurry,0.6591530054644809,0.6243169398907105,iterative_all_layers,chubby,pclarc,2,0.6174863387978142,0.04166666666666663,2.0,
brown_hair,0.6638655462184874,0.8200280112044818,iterative_all_layers,chubby,pclarc,2,0.6596638655462185,0.004201680672268893,2.0,
bushy_eyebrows,0.5151033386327504,0.5128510863804981,iterative_all_layers,chubby,pclarc,2,0.5298092209856916,-0.014705882352941235,2.0,
chubby,0.66015625,0.76715087890625,iterative_all_layers,chubby,pclarc,2,0.65625,0.00390625,2.0,
double_chin,0.6089975845410628,0.7039553140096617,iterative_all_layers,chubby,pclarc,2,0.6105072463768115,-0.0015096618357487435,2.0,
eyeglasses,0.8911807847451412,0.9586541987532087,iterative_all_layers,chubby,pclarc,2,0.8911807847451412,0.0,2.0,
goatee,0.6287878787878788,0.7424242424242424,iterative_all_layers,chubby,pclarc,2,0.6265151515151515,0.002272727272727315,2.0,
gray_hair,0.7805017921146953,0.8944802867383512,iterative_all_layers,chubby,pclarc,2,0.7805017921146953,0.0,2.0,
heavy_makeup,0.5490559052202888,0.6124892015302974,iterative_all_layers,chubby,pclarc,2,0.5444896951746266,0.004566210045662156,2.0,
high_cheekbones,0.4701970443349754,0.404987684729064,iterative_all_layers,chubby,pclarc,2,0.4745073891625616,-0.004310344827586188,2.0,
male,0.981283422459893,0.9774471053243432,iterative_all_layers,chubby,pclarc,2,0.981283422459893,0.0,2.0,
mouth_slightly_open,0.49905343511450384,0.4741374045801527,iterative_all_layers,chubby,pclarc,2,0.4988702290076336,0.0001832061068702262,2.0,
mustache,0.7331583928417792,0.8285296395078723,iterative_all_layers,chubby,pclarc,2,0.735696463907769,-0.0025380710659898,2.0,
narrow_eyes,0.6131467910282034,0.6151454585831668,iterative_all_layers,chubby,pclarc,2,0.608927381745503,0.00421940928270037,2.0,
no_beard,0.5394068069227305,0.5691307984301616,iterative_all_layers,chubby,pclarc,2,0.5362220935469343,0.0031847133757961776,2.0,
oval_face,0.507145859604876,0.4866750735603194,iterative_all_layers,chubby,pclarc,2,0.5045817570407735,0.002564102564102555,2.0,
pale_skin,0.6215447154471545,0.7971544715447155,iterative_all_layers,chubby,pclarc,2,0.6195121951219512,0.002032520325203291,2.0,
pointy_nose,0.5111111111111111,0.4848484848484848,iterative_all_layers,chubby,pclarc,2,0.5202020202020202,-0.00909090909090915,2.0,
receding_hairline,0.49663724253888186,0.5385456073980665,iterative_all_layers,chubby,pclarc,2,0.49663724253888186,0.0,2.0,
rosy_cheeks,0.6525799303577082,0.7666983222538778,iterative_all_layers,chubby,pclarc,2,0.6566951566951567,-0.00411522633744843,2.0,
sideburns,0.560515212080835,0.6193648678658672,iterative_all_layers,chubby,pclarc,2,0.5889407061958695,-0.028425494115034478,2.0,
smiling,0.8223443223443223,0.9366300366300366,iterative_all_layers,chubby,pclarc,2,0.83003663003663,-0.007692307692307665,2.0,
straight_hair,0.48389355742296913,0.4852941176470589,iterative_all_layers,chubby,pclarc,2,0.4561157796451914,0.027777777777777735,2.0,
wavy_hair,0.5939108061749572,0.586835334476844,iterative_all_layers,chubby,pclarc,2,0.6076329331046312,-0.013722126929674006,2.0,
wearing_earrings,0.686163299066525,0.7730119343022568,iterative_all_layers,chubby,pclarc,2,0.7058962542833511,-0.019732955216826165,2.0,
wearing_hat,0.879410215903107,0.9172195892575039,iterative_all_layers,chubby,pclarc,2,0.8706687730384413,0.008741442864665716,2.0,
wearing_lipstick,0.4633197648123021,0.45581184984170064,iterative_all_layers,chubby,pclarc,2,0.45585707824513794,0.007462686567164145,2.0,
wearing_necklace,0.603951367781155,0.6684903748733536,iterative_all_layers,chubby,pclarc,2,0.6082066869300912,-0.004255319148936176,2.0,
wearing_necktie,0.6392968402314196,0.6440809968847352,iterative_all_layers,chubby,pclarc,2,0.6297285269247885,0.009568313306631104,2.0,
young,0.8526392961876833,0.9241202346041055,iterative_all_layers,chubby,pclarc,2,0.8528836754643205,-0.0002443792766372299,2.0,
5_o_clock_shadow,0.5300505050505051,0.5553030303030303,iterative_all_layers,chubby,pclarc,3,0.543939393939394,-0.01388888888888884,2.0,
arched_eyebrows,0.5739590756388069,0.6024636058230683,iterative_all_layers,chubby,pclarc,3,0.5739590756388069,0.0,2.0,
attractive,0.5056326187473729,0.5439260193358554,iterative_all_layers,chubby,pclarc,3,0.5056326187473729,0.0,2.0,
bags_under_eyes,0.49261363636363636,0.441903409090909,iterative_all_layers,chubby,pclarc,3,0.49261363636363636,0.0,2.0,
bald,0.68909701720452,0.7890664766364655,iterative_all_layers,chubby,pclarc,3,0.6784587193321796,0.010638297872340385,2.0,
bangs,0.7819345311346295,0.8823529411764706,iterative_all_layers,chubby,pclarc,3,0.7819345311346295,0.0,2.0,
big_lips,0.49351590817559404,0.48892468787756743,iterative_all_layers,chubby,pclarc,3,0.5038260169150222,-0.010310108739428114,2.0,
big_nose,0.6022167487684729,0.6485221674876848,iterative_all_layers,chubby,pclarc,3,0.5979064039408867,0.004310344827586188,2.0,
black_hair,0.7473958333333333,0.8754882812499999,iterative_all_layers,chubby,pclarc,3,0.7421875,0.005208333333333259,2.0,
blond_hair,0.8848141767167118,0.936500123061777,iterative_all_layers,chubby,pclarc,3,0.8910903273443269,-0.006276150627615107,2.0,
blurry,0.6215846994535519,0.6191939890710383,iterative_all_layers,chubby,pclarc,3,0.6174863387978142,0.004098360655737654,2.0,
brown_hair,0.6617647058823529,0.8207282913165266,iterative_all_layers,chubby,pclarc,3,0.6596638655462185,0.0021008403361344463,2.0,
bushy_eyebrows,0.5151033386327504,0.5133810280869104,iterative_all_layers,chubby,pclarc,3,0.5298092209856916,-0.014705882352941235,2.0,
chubby,0.65625,0.76812744140625,iterative_all_layers,chubby,pclarc,3,0.65625,0.0,2.0,
double_chin,0.606280193236715,0.7034269323671497,iterative_all_layers,chubby,pclarc,3,0.6105072463768115,-0.004227053140096526,2.0,
eyeglasses,0.8961312797946461,0.9586541987532087,iterative_all_layers,chubby,pclarc,3,0.8911807847451412,0.004950495049504955,2.0,
goatee,0.6242424242424243,0.7426767676767677,iterative_all_layers,chubby,pclarc,3,0.6265151515151515,-0.002272727272727204,2.0,
gray_hair,0.7805017921146953,0.8956272401433691,iterative_all_layers,chubby,pclarc,3,0.7805017921146953,0.0,2.0,
heavy_makeup,0.5467728001974577,0.6148340120942861,iterative_all_layers,chubby,pclarc,3,0.5444896951746266,0.0022831050228310223,2.0,
high_cheekbones,0.4701970443349754,0.40535714285714286,iterative_all_layers,chubby,pclarc,3,0.4745073891625616,-0.004310344827586188,2.0,
male,0.981283422459893,0.977214601255522,iterative_all_layers,chubby,pclarc,3,0.981283422459893,0.0,2.0,
mouth_slightly_open,0.5068702290076336,0.47621374045801523,iterative_all_layers,chubby,pclarc,3,0.4988702290076336,0.007999999999999952,2.0,
mustache,0.7246838165705928,0.8286156758151939,iterative_all_layers,chubby,pclarc,3,0.735696463907769,-0.011012647337176218,2.0,
narrow_eyes,0.6131467910282034,0.6140350877192982,iterative_all_layers,chubby,pclarc,3,0.608927381745503,0.00421940928270037,2.0,
no_beard,0.5394068069227305,0.568809110210384,iterative_all_layers,chubby,pclarc,3,0.5362220935469343,0.0031847133757961776,2.0,
oval_face,0.507145859604876,0.4889449348465742,iterative_all_layers,chubby,pclarc,3,0.5045817570407735,0.002564102564102555,2.0,
pale_skin,0.6215447154471545,0.797560975609756,iterative_all_layers,chubby,pclarc,3,0.6195121951219512,0.002032520325203291,2.0,
pointy_nose,0.5111111111111111,0.4848484848484849,iterative_all_layers,chubby,pclarc,3,0.5202020202020202,-0.00909090909090915,2.0,
receding_hairline,0.49663724253888186,0.5402269861286255,iterative_all_layers,chubby,pclarc,3,0.49663724253888186,0.0,2.0,
rosy_cheeks,0.6525799303577082,0.7654320987654321,iterative_all_layers,chubby,pclarc,3,0.6566951566951567,-0.00411522633744843,2.0,
sideburns,0.5626249167221852,0.6178103486564513,iterative_all_layers,chubby,pclarc,3,0.5889407061958695,-0.026315789473684292,2.0,
smiling,0.8223443223443223,0.9362637362637363,iterative_all_layers,chubby,pclarc,3,0.83003663003663,-0.007692307692307665,2.0,
straight_hair,0.4817927170868347,0.48506069094304394,iterative_all_layers,chubby,pclarc,3,0.4561157796451914,0.02567693744164329,2.0,
wavy_hair,0.5939108061749572,0.5846912521440825,iterative_all_layers,chubby,pclarc,3,0.6076329331046312,-0.013722126929674006,2.0,
wearing_earrings,0.6989838118870377,0.7737209027531609,iterative_all_layers,chubby,pclarc,3,0.7058962542833511,-0.00691244239631339,2.0,
wearing_hat,0.879410215903107,0.9155344918378093,iterative_all_layers,chubby,pclarc,3,0.8706687730384413,0.008741442864665716,2.0,
wearing_lipstick,0.4633197648123021,0.45563093622795114,iterative_all_layers,chubby,pclarc,3,0.45585707824513794,0.007462686567164145,2.0,
wearing_necklace,0.603951367781155,0.6699088145896657,iterative_all_layers,chubby,pclarc,3,0.6082066869300912,-0.004255319148936176,2.0,
wearing_necktie,0.6392968402314196,0.6450823319982197,iterative_all_layers,chubby,pclarc,3,0.6297285269247885,0.009568313306631104,2.0,
young,0.8526392961876833,0.9231427174975562,iterative_all_layers,chubby,pclarc,3,0.8528836754643205,-0.0002443792766372299,2.0,
5_o_clock_shadow,0.5462121212121211,0.5541666666666666,iterative_all_layers,chubby,pclarc,4,0.543939393939394,0.002272727272727204,2.0,
arched_eyebrows,0.5739590756388069,0.6044996436933726,iterative_all_layers,chubby,pclarc,4,0.5739590756388069,0.0,2.0,
attractive,0.5056326187473729,0.5504833963850357,iterative_all_layers,chubby,pclarc,4,0.5056326187473729,0.0,2.0,
bags_under_eyes,0.5017045454545455,0.4455255681818182,iterative_all_layers,chubby,pclarc,4,0.49261363636363636,0.009090909090909094,2.0,
bald,0.68909701720452,0.7892700804234958,iterative_all_layers,chubby,pclarc,4,0.6784587193321796,0.010638297872340385,2.0,
bangs,0.7798424809254245,0.8816145705143982,iterative_all_layers,chubby,pclarc,4,0.7819345311346295,-0.0020920502092049986,2.0,
big_lips,0.4961337092227145,0.48932742650020133,iterative_all_layers,chubby,pclarc,4,0.5038260169150222,-0.007692307692307665,2.0,
big_nose,0.606527093596059,0.6476600985221675,iterative_all_layers,chubby,pclarc,4,0.5979064039408867,0.008620689655172376,2.0,
black_hair,0.7421875,0.8760579427083334,iterative_all_layers,chubby,pclarc,4,0.7421875,0.0,2.0,
blond_hair,0.8848141767167118,0.9372384937238494,iterative_all_layers,chubby,pclarc,4,0.8910903273443269,-0.006276150627615107,2.0,
blurry,0.6215846994535519,0.5963114754098361,iterative_all_layers,chubby,pclarc,4,0.6174863387978142,0.004098360655737654,2.0,
brown_hair,0.6617647058823529,0.8256302521008403,iterative_all_layers,chubby,pclarc,4,0.6596638655462185,0.0021008403361344463,2.0,
bushy_eyebrows,0.5151033386327504,0.5137784843667196,iterative_all_layers,chubby,pclarc,4,0.5298092209856916,-0.014705882352941235,2.0,
chubby,0.65625,0.76849365234375,iterative_all_layers,chubby,pclarc,4,0.65625,0.0,2.0,
double_chin,0.606280193236715,0.7025211352657005,iterative_all_layers,chubby,pclarc,4,0.6105072463768115,-0.004227053140096526,2.0,
eyeglasses,0.902915291529153,0.9589292262559589,iterative_all_layers,chubby,pclarc,4,0.8911807847451412,0.011734506784011778,2.0,
goatee,0.6126262626262626,0.743560606060606,iterative_all_layers,chubby,pclarc,4,0.6265151515151515,-0.01388888888888884,2.0,
gray_hair,0.7805017921146953,0.897921146953405,iterative_all_layers,chubby,pclarc,4,0.7805017921146953,0.0,2.0,
heavy_makeup,0.5490559052202888,0.6150808342589165,iterative_all_layers,chubby,pclarc,4,0.5444896951746266,0.004566210045662156,2.0,
high_cheekbones,0.4701970443349754,0.4068965517241379,iterative_all_layers,chubby,pclarc,4,0.4745073891625616,-0.004310344827586188,2.0,
male,0.981283422459893,0.977524606680617,iterative_all_layers,chubby,pclarc,4,0.981283422459893,0.0,2.0,
mouth_slightly_open,0.5108702290076336,0.48018320610687026,iterative_all_layers,chubby,pclarc,4,0.4988702290076336,0.011999999999999955,2.0,
mustache,0.7297599587025725,0.8264647681321518,iterative_all_layers,chubby,pclarc,4,0.735696463907769,-0.005936505205196507,2.0,
narrow_eyes,0.608927381745503,0.6091494559182767,iterative_all_layers,chubby,pclarc,4,0.608927381745503,0.0,2.0,
no_beard,0.5343563018722255,0.569066460786206,iterative_all_layers,chubby,pclarc,4,0.5362220935469343,-0.0018657916747087944,2.0,
oval_face,0.5097099621689786,0.4877679697351829,iterative_all_layers,chubby,pclarc,4,0.5045817570407735,0.00512820512820511,2.0,
pale_skin,0.6174796747967479,0.7939024390243903,iterative_all_layers,chubby,pclarc,4,0.6195121951219512,-0.002032520325203291,2.0,
pointy_nose,0.4856060606060606,0.4890151515151515,iterative_all_layers,chubby,pclarc,4,0.5202020202020202,-0.034595959595959624,2.0,
receding_hairline,0.48331231609920133,0.5427490542244641,iterative_all_layers,chubby,pclarc,4,0.49663724253888186,-0.013324926439680529,2.0,
rosy_cheeks,0.6566951566951567,0.7660652105096549,iterative_all_layers,chubby,pclarc,4,0.6566951566951567,0.0,2.0,
sideburns,0.5647346213635354,0.6204752387297358,iterative_all_layers,chubby,pclarc,4,0.5889407061958695,-0.024206084832334107,2.0,
smiling,0.8261904761904761,0.9376678876678877,iterative_all_layers,chubby,pclarc,4,0.83003663003663,-0.0038461538461538325,2.0,
straight_hair,0.47969187675070024,0.4873949579831933,iterative_all_layers,chubby,pclarc,4,0.4561157796451914,0.023576097105508842,2.0,
wavy_hair,0.5939108061749572,0.5849056603773586,iterative_all_layers,chubby,pclarc,4,0.6076329331046312,-0.013722126929674006,2.0,
wearing_earrings,0.6884674465319627,0.7700578990901572,iterative_all_layers,chubby,pclarc,4,0.7058962542833511,-0.017428807751388442,2.0,
wearing_hat,0.879410215903107,0.915850447604002,iterative_all_layers,chubby,pclarc,4,0.8706687730384413,0.008741442864665716,2.0,
wearing_lipstick,0.4790140208050656,0.45662596110357306,iterative_all_layers,chubby,pclarc,4,0.45585707824513794,0.023156942559927673,2.0,
wearing_necklace,0.5822695035460993,0.673353596757852,iterative_all_layers,chubby,pclarc,4,0.6082066869300912,-0.02593718338399187,2.0,
wearing_necktie,0.6392968402314196,0.6445260347129506,iterative_all_layers,chubby,pclarc,4,0.6297285269247885,0.009568313306631104,2.0,
young,0.8564271749755621,0.9230205278592375,iterative_all_layers,chubby,pclarc,4,0.8528836754643205,0.0035434995112415546,2.0,
5_o_clock_shadow,0.5300505050505051,0.5574494949494949,iterative_all_layers,chubby,pclarc,5,0.543939393939394,-0.01388888888888884,2.0,
arched_eyebrows,0.5952356713834878,0.6052122569479792,iterative_all_layers,chubby,pclarc,5,0.5739590756388069,0.021276595744680882,2.0,
attractive,0.5056326187473729,0.5676334594367382,iterative_all_layers,chubby,pclarc,5,0.5056326187473729,0.0,2.0,
bags_under_eyes,0.5079545454545454,0.4449573863636364,iterative_all_layers,chubby,pclarc,5,0.49261363636363636,0.015340909090909072,2.0,
bald,0.68909701720452,0.7876412501272524,iterative_all_layers,chubby,pclarc,5,0.6784587193321796,0.010638297872340385,2.0,
bangs,0.7861186315530396,0.8816145705143982,iterative_all_layers,chubby,pclarc,5,0.7819345311346295,0.004184100418410108,2.0,
big_lips,0.48320579943616593,0.4894079742247282,iterative_all_layers,chubby,pclarc,5,0.5038260169150222,-0.02062021747885623,2.0,
big_nose,0.5979064039408867,0.6493226600985222,iterative_all_layers,chubby,pclarc,5,0.5979064039408867,0.0,2.0,
black_hair,0.734375,0.8774414062500001,iterative_all_layers,chubby,pclarc,5,0.7421875,-0.0078125,2.0,
blond_hair,0.8889982771351218,0.9372384937238494,iterative_all_layers,chubby,pclarc,5,0.8910903273443269,-0.0020920502092051096,2.0,
blurry,0.5799180327868853,0.5771857923497268,iterative_all_layers,chubby,pclarc,5,0.6174863387978142,-0.037568306010928976,2.0,
brown_hair,0.6617647058823529,0.8186274509803921,iterative_all_layers,chubby,pclarc,5,0.6596638655462185,0.0021008403361344463,2.0,
bushy_eyebrows,0.5173555908850027,0.5156332803391627,iterative_all_layers,chubby,pclarc,5,0.5298092209856916,-0.012453630100688895,2.0,
chubby,0.65625,0.7679443359375,iterative_all_layers,chubby,pclarc,5,0.65625,0.0,2.0,
double_chin,0.6089975845410628,0.704483695652174,iterative_all_layers,chubby,pclarc,5,0.6105072463768115,-0.0015096618357487435,2.0,
eyeglasses,0.8954895489548955,0.9579207920792078,iterative_all_layers,chubby,pclarc,5,0.8911807847451412,0.0043087642097543455,2.0,
goatee,0.6287878787878788,0.7454545454545455,iterative_all_layers,chubby,pclarc,5,0.6265151515151515,0.002272727272727315,2.0,
gray_hair,0.7827240143369176,0.9006451612903226,iterative_all_layers,chubby,pclarc,5,0.7805017921146953,0.0022222222222223476,2.0,
heavy_makeup,0.5534369986424781,0.612859434777243,iterative_all_layers,chubby,pclarc,5,0.5444896951746266,0.008947303467851442,2.0,
high_cheekbones,0.4701970443349754,0.4056650246305418,iterative_all_layers,chubby,pclarc,5,0.4745073891625616,-0.004310344827586188,2.0,
male,0.981283422459893,0.9776796093931645,iterative_all_layers,chubby,pclarc,5,0.981283422459893,0.0,2.0,
mouth_slightly_open,0.5150534351145037,0.48390839694656496,iterative_all_layers,chubby,pclarc,5,0.4988702290076336,0.01618320610687013,2.0,
mustache,0.7382345349737589,0.8260345865955434,iterative_all_layers,chubby,pclarc,5,0.735696463907769,0.002538071065989911,2.0,
narrow_eyes,0.59526982011992,0.608927381745503,iterative_all_layers,chubby,pclarc,5,0.608927381745503,-0.013657561625582959,2.0,
no_beard,0.5394068069227305,0.5696454995818052,iterative_all_layers,chubby,pclarc,5,0.5362220935469343,0.0031847133757961776,2.0,
oval_face,0.5122740647330811,0.49298024379991595,iterative_all_layers,chubby,pclarc,5,0.5045817570407735,0.007692307692307665,2.0,
pale_skin,0.6154471544715447,0.7951219512195122,iterative_all_layers,chubby,pclarc,5,0.6195121951219512,-0.004065040650406471,2.0,
pointy_nose,0.5133838383838384,0.4950757575757576,iterative_all_layers,chubby,pclarc,5,0.5202020202020202,-0.006818181818181834,2.0,
receding_hairline,0.4961328289197142,0.5442622950819672,iterative_all_layers,chubby,pclarc,5,0.49663724253888186,-0.0005044136191676429,2.0,
rosy_cheeks,0.6484647040202596,0.7723963279518835,iterative_all_layers,chubby,pclarc,5,0.6566951566951567,-0.008230452674897082,2.0,
sideburns,0.5520763935154341,0.6182544970019986,iterative_all_layers,chubby,pclarc,5,0.5889407061958695,-0.03686431268043533,2.0,
smiling,0.834004884004884,0.9388278388278388,iterative_all_layers,chubby,pclarc,5,0.83003663003663,0.003968253968254065,2.0,
straight_hair,0.48389355742296913,0.4843604108309991,iterative_all_layers,chubby,pclarc,5,0.4561157796451914,0.027777777777777735,2.0,
wavy_hair,0.5986277873070326,0.5879073756432247,iterative_all_layers,chubby,pclarc,5,0.6076329331046312,-0.00900514579759859,2.0,
wearing_earrings,0.6907715939974004,0.7641498286659577,iterative_all_layers,chubby,pclarc,5,0.7058962542833511,-0.01512466028595072,2.0,
wearing_hat,0.8770405476566614,0.9162717219589258,iterative_all_layers,chubby,pclarc,5,0.8706687730384413,0.0063717746182201385,2.0,
wearing_lipstick,0.48150158299412027,0.4519222071460877,iterative_all_layers,chubby,pclarc,5,0.45585707824513794,0.025644504748982333,2.0,
wearing_necklace,0.5584599797365755,0.6782168186423506,iterative_all_layers,chubby,pclarc,5,0.6082066869300912,-0.049746707193515705,2.0,
wearing_necktie,0.6465287049399199,0.651646639964397,iterative_all_layers,chubby,pclarc,5,0.6297285269247885,0.01680017801513134,2.0,
young,0.864247311827957,0.9240591397849462,iterative_all_layers,chubby,pclarc,5,0.8528836754643205,0.011363636363636465,2.0,
5_o_clock_shadow,0.5207070707070707,0.5587121212121212,iterative_all_layers,chubby,pclarc,6,0.543939393939394,-0.02323232323232327,2.0,
arched_eyebrows,0.586989718008755,0.611625776239438,iterative_all_layers,chubby,pclarc,6,0.5739590756388069,0.013030642369948109,2.0,
attractive,0.5056326187473729,0.5723413198823035,iterative_all_layers,chubby,pclarc,6,0.5056326187473729,0.0,2.0,
bags_under_eyes,0.4960227272727273,0.44375000000000003,iterative_all_layers,chubby,pclarc,6,0.49261363636363636,0.003409090909090917,2.0,
bald,0.68909701720452,0.7857070141504632,iterative_all_layers,chubby,pclarc,6,0.6784587193321796,0.010638297872340385,2.0,
bangs,0.7861186315530396,0.8818606940684223,iterative_all_layers,chubby,pclarc,6,0.7819345311346295,0.004184100418410108,2.0,
big_lips,0.4833668948852195,0.4886024969794604,iterative_all_layers,chubby,pclarc,6,0.5038260169150222,-0.020459122029802657,2.0,
big_nose,0.5986453201970443,0.6496305418719213,iterative_all_layers,chubby,pclarc,6,0.5979064039408867,0.000738916256157629,2.0,
black_hair,0.734375,0.8783365885416667,iterative_all_layers,chubby,pclarc,6,0.7421875,-0.0078125,2.0,
blond_hair,0.8910903273443269,0.9374846172778735,iterative_all_layers,chubby,pclarc,6,0.8910903273443269,0.0,2.0,
blurry,0.5819672131147541,0.5881147540983607,iterative_all_layers,chubby,pclarc,6,0.6174863387978142,-0.03551912568306015,2.0,
brown_hair,0.6596638655462185,0.8092903828197946,iterative_all_layers,chubby,pclarc,6,0.6596638655462185,0.0,2.0,
bushy_eyebrows,0.5105988341282459,0.5153683094859566,iterative_all_layers,chubby,pclarc,6,0.5298092209856916,-0.019210386857445694,2.0,
chubby,0.66796875,0.76885986328125,iterative_all_layers,chubby,pclarc,6,0.65625,0.01171875,2.0,
double_chin,0.6105072463768115,0.7070501207729469,iterative_all_layers,chubby,pclarc,6,0.6105072463768115,0.0,2.0,
eyeglasses,0.8954895489548955,0.9569123579024569,iterative_all_layers,chubby,pclarc,6,0.8911807847451412,0.0043087642097543455,2.0,
goatee,0.6381313131313131,0.7458333333333333,iterative_all_layers,chubby,pclarc,6,0.6265151515151515,0.011616161616161635,2.0,
gray_hair,0.7849462365591398,0.9007885304659499,iterative_all_layers,chubby,pclarc,6,0.7805017921146953,0.004444444444444473,2.0,
heavy_makeup,0.5511538936196471,0.6160681229174381,iterative_all_layers,chubby,pclarc,6,0.5444896951746266,0.0066641984450204195,2.0,
high_cheekbones,0.47376847290640395,0.4041871921182266,iterative_all_layers,chubby,pclarc,6,0.4745073891625616,-0.000738916256157629,2.0,
male,0.981283422459893,0.978067116174533,iterative_all_layers,chubby,pclarc,6,0.981283422459893,0.0,2.0,
mouth_slightly_open,0.5226870229007633,0.4875725190839695,iterative_all_layers,chubby,pclarc,6,0.4988702290076336,0.023816793893129684,2.0,
mustache,0.7382345349737589,0.8274111675126904,iterative_all_layers,chubby,pclarc,6,0.735696463907769,0.002538071065989911,2.0,
narrow_eyes,0.6131467910282034,0.6101487896957584,iterative_all_layers,chubby,pclarc,6,0.608927381745503,0.00421940928270037,2.0,
no_beard,0.5394068069227305,0.573505758219134,iterative_all_layers,chubby,pclarc,6,0.5362220935469343,0.0031847133757961776,2.0,
oval_face,0.5122740647330811,0.49197141656158055,iterative_all_layers,chubby,pclarc,6,0.5045817570407735,0.007692307692307665,2.0,
pale_skin,0.6215447154471545,0.7999999999999999,iterative_all_layers,chubby,pclarc,6,0.6195121951219512,0.002032520325203291,2.0,
pointy_nose,0.5156565656565657,0.49684343434343436,iterative_all_layers,chubby,pclarc,6,0.5202020202020202,-0.004545454545454519,2.0,
receding_hairline,0.4986969314838168,0.5440941572089113,iterative_all_layers,chubby,pclarc,6,0.49663724253888186,0.002059688944934912,2.0,
rosy_cheeks,0.6464070908515354,0.7720797720797721,iterative_all_layers,chubby,pclarc,6,0.6566951566951567,-0.010288065843621297,2.0,
sideburns,0.549966688874084,0.618698645347546,iterative_all_layers,chubby,pclarc,6,0.5889407061958695,-0.038974017321785515,2.0,
smiling,0.83003663003663,0.9390720390720391,iterative_all_layers,chubby,pclarc,6,0.83003663003663,0.0,2.0,
straight_hair,0.4519140989729225,0.48482726423902894,iterative_all_layers,chubby,pclarc,6,0.4561157796451914,-0.004201680672268893,2.0,
wavy_hair,0.5872641509433962,0.5926243567753001,iterative_all_layers,chubby,pclarc,6,0.6076329331046312,-0.020368782161234944,2.0,
wearing_earrings,0.6907715939974004,0.7667493796526055,iterative_all_layers,chubby,pclarc,6,0.7058962542833511,-0.01512466028595072,2.0,
wearing_hat,0.8659294365455503,0.9157451290152712,iterative_all_layers,chubby,pclarc,6,0.8706687730384413,-0.004739336492890933,2.0,
wearing_lipstick,0.48810492989597465,0.44893713251922207,iterative_all_layers,chubby,pclarc,6,0.45585707824513794,0.03224785165083671,2.0,
wearing_necklace,0.5801418439716312,0.6776089159067882,iterative_all_layers,chubby,pclarc,6,0.6082066869300912,-0.028064842958460012,2.0,
wearing_necktie,0.644192256341789,0.6596573208722741,iterative_all_layers,chubby,pclarc,6,0.6297285269247885,0.01446372941700047,2.0,
young,0.8640029325513197,0.923998044965787,iterative_all_layers,chubby,pclarc,6,0.8528836754643205,0.011119257086999124,2.0,
5_o_clock_shadow,0.5323232323232323,0.5627525252525252,iterative_all_layers,chubby,pclarc,7,0.543939393939394,-0.011616161616161635,2.0,
arched_eyebrows,0.586989718008755,0.6142726254708338,iterative_all_layers,chubby,pclarc,7,0.5739590756388069,0.013030642369948109,2.0,
attractive,0.5056326187473729,0.5688944934846574,iterative_all_layers,chubby,pclarc,7,0.5056326187473729,0.0,2.0,
bags_under_eyes,0.4960227272727273,0.44026988636363634,iterative_all_layers,chubby,pclarc,7,0.49261363636363636,0.003409090909090917,2.0,
bald,0.68909701720452,0.7873358444467067,iterative_all_layers,chubby,pclarc,7,0.6784587193321796,0.010638297872340385,2.0,
bangs,0.7819345311346295,0.879153334974157,iterative_all_layers,chubby,pclarc,7,0.7819345311346295,0.0,2.0,
big_lips,0.4728956906967378,0.4938380990737012,iterative_all_layers,chubby,pclarc,7,0.5038260169150222,-0.030930326218284343,2.0,
big_nose,0.6022167487684729,0.648460591133005,iterative_all_layers,chubby,pclarc,7,0.5979064039408867,0.004310344827586188,2.0,
black_hair,0.7369791666666667,0.8775227864583333,iterative_all_layers,chubby,pclarc,7,0.7421875,-0.005208333333333259,2.0,
blond_hair,0.8910903273443269,0.9340388875215359,iterative_all_layers,chubby,pclarc,7,0.8910903273443269,0.0,2.0,
blurry,0.5860655737704918,0.5669398907103824,iterative_all_layers,chubby,pclarc,7,0.6174863387978142,-0.031420765027322384,2.0,
brown_hair,0.6638655462184874,0.8032212885154062,iterative_all_layers,chubby,pclarc,7,0.6596638655462185,0.004201680672268893,2.0,
bushy_eyebrows,0.5173555908850027,0.5156332803391627,iterative_all_layers,chubby,pclarc,7,0.5298092209856916,-0.012453630100688895,2.0,
chubby,0.6640625,0.770751953125,iterative_all_layers,chubby,pclarc,7,0.65625,0.0078125,2.0,
double_chin,0.6174516908212561,0.7089371980676329,iterative_all_layers,chubby,pclarc,7,0.6105072463768115,0.006944444444444531,2.0,
eyeglasses,0.897964796479648,0.9588375504217088,iterative_all_layers,chubby,pclarc,7,0.8911807847451412,0.006784011734506823,2.0,
goatee,0.6265151515151515,0.7454545454545454,iterative_all_layers,chubby,pclarc,7,0.6265151515151515,0.0,2.0,
gray_hair,0.7827240143369176,0.8993548387096775,iterative_all_layers,chubby,pclarc,7,0.7805017921146953,0.0022222222222223476,2.0,
heavy_makeup,0.5534369986424781,0.6181661113167962,iterative_all_layers,chubby,pclarc,7,0.5444896951746266,0.008947303467851442,2.0,
high_cheekbones,0.4694581280788177,0.40769704433497533,iterative_all_layers,chubby,pclarc,7,0.4745073891625616,-0.005049261083743872,2.0,
male,0.981283422459893,0.9779896148182593,iterative_all_layers,chubby,pclarc,7,0.981283422459893,0.0,2.0,
mouth_slightly_open,0.507236641221374,0.4885496183206107,iterative_all_layers,chubby,pclarc,7,0.4988702290076336,0.008366412213740404,2.0,
mustache,0.7467091112449453,0.8243138604491095,iterative_all_layers,chubby,pclarc,7,0.735696463907769,0.011012647337176329,2.0,
narrow_eyes,0.5826115922718188,0.6018210082167444,iterative_all_layers,chubby,pclarc,7,0.608927381745503,-0.02631578947368418,2.0,
no_beard,0.5394068069227305,0.5771086662806407,iterative_all_layers,chubby,pclarc,7,0.5362220935469343,0.0031847133757961776,2.0,
oval_face,0.5015132408575032,0.49449348465741905,iterative_all_layers,chubby,pclarc,7,0.5045817570407735,-0.003068516183270309,2.0,
pale_skin,0.6134146341463415,0.7873983739837399,iterative_all_layers,chubby,pclarc,7,0.6195121951219512,-0.0060975609756097615,2.0,
pointy_nose,0.5156565656565657,0.49002525252525253,iterative_all_layers,chubby,pclarc,7,0.5202020202020202,-0.004545454545454519,2.0,
receding_hairline,0.5012610340479193,0.5484657419083648,iterative_all_layers,chubby,pclarc,7,0.49663724253888186,0.004623791509037467,2.0,
rosy_cheeks,0.6505223171889838,0.763849319404875,iterative_all_layers,chubby,pclarc,7,0.6566951566951567,-0.006172839506172867,2.0,
sideburns,0.5236508994003998,0.6109260493004663,iterative_all_layers,chubby,pclarc,7,0.5889407061958695,-0.0652898067954697,2.0,
smiling,0.8301587301587301,0.9392551892551892,iterative_all_layers,chubby,pclarc,7,0.83003663003663,0.00012210012210012167,2.0,
straight_hair,0.44981325863678806,0.48085901027077493,iterative_all_layers,chubby,pclarc,7,0.4561157796451914,-0.006302521008403339,2.0,
wavy_hair,0.5782590051457975,0.5996998284734134,iterative_all_layers,chubby,pclarc,7,0.6076329331046312,-0.029373927958833645,2.0,
wearing_earrings,0.7058962542833511,0.7699397376816731,iterative_all_layers,chubby,pclarc,7,0.7058962542833511,0.0,2.0,
wearing_hat,0.879410215903107,0.914797261716693,iterative_all_layers,chubby,pclarc,7,0.8706687730384413,0.008741442864665716,2.0,
wearing_lipstick,0.47652645861601084,0.4457711442786069,iterative_all_layers,chubby,pclarc,7,0.45585707824513794,0.020669380370872903,2.0,
wearing_necklace,0.5950354609929078,0.6804457953394123,iterative_all_layers,chubby,pclarc,7,0.6082066869300912,-0.01317122593718334,2.0,
wearing_necktie,0.6418558077436582,0.6616599910992433,iterative_all_layers,chubby,pclarc,7,0.6297285269247885,0.012127280818869712,2.0,
young,0.8561827956989247,0.9252199413489736,iterative_all_layers,chubby,pclarc,7,0.8528836754643205,0.0032991202346042137,2.0,
5_o_clock_shadow,0.5277777777777778,0.5507575757575759,iterative_all_layers,chubby,pclarc,8,0.543939393939394,-0.016161616161616155,2.0,
arched_eyebrows,0.5941667515015779,0.6021582001425226,iterative_all_layers,chubby,pclarc,8,0.5739590756388069,0.020207675862771057,2.0,
attractive,0.5138293400588483,0.5755359394703657,iterative_all_layers,chubby,pclarc,8,0.5056326187473729,0.008196721311475419,2.0,
bags_under_eyes,0.49375,0.43515625,iterative_all_layers,chubby,pclarc,8,0.49261363636363636,0.0011363636363636576,2.0,
bald,0.68909701720452,0.7889646747429503,iterative_all_layers,chubby,pclarc,8,0.6784587193321796,0.010638297872340385,2.0,
bangs,0.7819345311346295,0.8803839527442776,iterative_all_layers,chubby,pclarc,8,0.7819345311346295,0.0,2.0,
big_lips,0.48320579943616593,0.4809504631494161,iterative_all_layers,chubby,pclarc,8,0.5038260169150222,-0.02062021747885623,2.0,
big_nose,0.6136699507389163,0.642487684729064,iterative_all_layers,chubby,pclarc,8,0.5979064039408867,0.015763546798029604,2.0,
black_hair,0.7395833333333333,0.8750000000000001,iterative_all_layers,chubby,pclarc,8,0.7421875,-0.0026041666666667407,2.0,
blond_hair,0.8931823775535319,0.932562146197391,iterative_all_layers,chubby,pclarc,8,0.8910903273443269,0.0020920502092049986,2.0,
blurry,0.5881147540983607,0.582308743169399,iterative_all_layers,chubby,pclarc,8,0.6174863387978142,-0.029371584699453557,2.0,
brown_hair,0.6638655462184874,0.7901493930905695,iterative_all_layers,chubby,pclarc,8,0.6596638655462185,0.004201680672268893,2.0,
bushy_eyebrows,0.5128510863804981,0.5174880763116058,iterative_all_layers,chubby,pclarc,8,0.5298092209856916,-0.016958134605193464,2.0,
chubby,0.6640625,0.77392578125,iterative_all_layers,chubby,pclarc,8,0.65625,0.0078125,2.0,
double_chin,0.6201690821256038,0.7103713768115942,iterative_all_layers,chubby,pclarc,8,0.6105072463768115,0.009661835748792313,2.0,
eyeglasses,0.8880638063806381,0.9581958195819583,iterative_all_layers,chubby,pclarc,8,0.8911807847451412,-0.003116978364503087,2.0,
goatee,0.6265151515151515,0.741919191919192,iterative_all_layers,chubby,pclarc,8,0.6265151515151515,0.0,2.0,
gray_hair,0.7849462365591398,0.8983512544802866,iterative_all_layers,chubby,pclarc,8,0.7805017921146953,0.004444444444444473,2.0,
heavy_makeup,0.5465876835739849,0.6152042453412317,iterative_all_layers,chubby,pclarc,8,0.5444896951746266,0.0020979883993582638,2.0,
high_cheekbones,0.4565270935960591,0.4107142857142857,iterative_all_layers,chubby,pclarc,8,0.4745073891625616,-0.01798029556650249,2.0,
male,0.981283422459893,0.9782996202433544,iterative_all_layers,chubby,pclarc,8,0.981283422459893,0.0,2.0,
mouth_slightly_open,0.4994198473282443,0.4843969465648855,iterative_all_layers,chubby,pclarc,8,0.4988702290076336,0.0005496183206106786,2.0,
mustache,0.7331583928417792,0.822507097995354,iterative_all_layers,chubby,pclarc,8,0.735696463907769,-0.0025380710659898,2.0,
narrow_eyes,0.5889407061958695,0.5969353764157228,iterative_all_layers,chubby,pclarc,8,0.608927381745503,-0.019986675549633515,2.0,
no_beard,0.5210705783954191,0.5730553947114456,iterative_all_layers,chubby,pclarc,8,0.5362220935469343,-0.015151515151515138,2.0,
oval_face,0.5040773434216057,0.4955023118957545,iterative_all_layers,chubby,pclarc,8,0.5045817570407735,-0.000504413619167754,2.0,
pale_skin,0.6195121951219512,0.7784552845528456,iterative_all_layers,chubby,pclarc,8,0.6195121951219512,0.0,2.0,
pointy_nose,0.5108585858585859,0.48787878787878786,iterative_all_layers,chubby,pclarc,8,0.5202020202020202,-0.00934343434343432,2.0,
receding_hairline,0.5012610340479193,0.548297604035309,iterative_all_layers,chubby,pclarc,8,0.49663724253888186,0.004623791509037467,2.0,
rosy_cheeks,0.6422918645140867,0.7613168724279835,iterative_all_layers,chubby,pclarc,8,0.6566951566951567,-0.014403292181069949,2.0,
sideburns,0.5436375749500333,0.6129247168554297,iterative_all_layers,chubby,pclarc,8,0.5889407061958695,-0.04530313124583618,2.0,
smiling,0.837973137973138,0.9410866910866911,iterative_all_layers,chubby,pclarc,8,0.83003663003663,0.00793650793650802,2.0,
straight_hair,0.47969187675070024,0.4803921568627451,iterative_all_layers,chubby,pclarc,8,0.4561157796451914,0.023576097105508842,2.0,
wavy_hair,0.5919811320754718,0.592302744425386,iterative_all_layers,chubby,pclarc,8,0.6076329331046312,-0.015651801029159418,2.0,
wearing_earrings,0.729233132458939,0.7747843554295167,iterative_all_layers,chubby,pclarc,8,0.7058962542833511,0.023336878175587827,2.0,
wearing_hat,0.8635597682991047,0.9120589784096893,iterative_all_layers,chubby,pclarc,8,0.8706687730384413,-0.007109004739336511,2.0,
wearing_lipstick,0.4831298055178652,0.447037539574853,iterative_all_layers,chubby,pclarc,8,0.45585707824513794,0.027272727272727282,2.0,
wearing_necklace,0.6103343465045592,0.6950354609929079,iterative_all_layers,chubby,pclarc,8,0.6082066869300912,0.0021276595744680327,2.0,
wearing_necktie,0.6465287049399199,0.6665554072096128,iterative_all_layers,chubby,pclarc,8,0.6297285269247885,0.01680017801513134,2.0,
young,0.8561827956989247,0.927297165200391,iterative_all_layers,chubby,pclarc,8,0.8528836754643205,0.0032991202346042137,2.0,
5_o_clock_shadow,0.5277777777777778,0.5486111111111113,iterative_all_layers,chubby,pclarc,9,0.543939393939394,-0.016161616161616155,2.0,
arched_eyebrows,0.5976280158810954,0.6000203603787031,iterative_all_layers,chubby,pclarc,9,0.5739590756388069,0.023668940242288494,2.0,
attractive,0.5138293400588483,0.5656998738965953,iterative_all_layers,chubby,pclarc,9,0.5056326187473729,0.008196721311475419,2.0,
bags_under_eyes,0.48125,0.4354403409090909,iterative_all_layers,chubby,pclarc,9,0.49261363636363636,-0.011363636363636354,2.0,
bald,0.68909701720452,0.7836709762801588,iterative_all_layers,chubby,pclarc,9,0.6784587193321796,0.010638297872340385,2.0,
bangs,0.7798424809254245,0.883091311838543,iterative_all_layers,chubby,pclarc,9,0.7819345311346295,-0.0020920502092049986,2.0,
big_lips,0.4728956906967378,0.4725734997986307,iterative_all_layers,chubby,pclarc,9,0.5038260169150222,-0.030930326218284343,2.0,
big_nose,0.6022167487684729,0.6408866995073891,iterative_all_layers,chubby,pclarc,9,0.5979064039408867,0.004310344827586188,2.0,
black_hair,0.7447916666666667,0.8726399739583334,iterative_all_layers,chubby,pclarc,9,0.7421875,0.0026041666666667407,2.0,
blond_hair,0.8931823775535319,0.9323160226433669,iterative_all_layers,chubby,pclarc,9,0.8910903273443269,0.0020920502092049986,2.0,
blurry,0.584016393442623,0.6127049180327869,iterative_all_layers,chubby,pclarc,9,0.6174863387978142,-0.03346994535519121,2.0,
brown_hair,0.6638655462184874,0.7840802987861812,iterative_all_layers,chubby,pclarc,9,0.6596638655462185,0.004201680672268893,2.0,
bushy_eyebrows,0.498145204027557,0.5170906200317965,iterative_all_layers,chubby,pclarc,9,0.5298092209856916,-0.03166401695813459,2.0,
chubby,0.66015625,0.77777099609375,iterative_all_layers,chubby,pclarc,9,0.65625,0.00390625,2.0,
double_chin,0.5942028985507246,0.7078804347826086,iterative_all_layers,chubby,pclarc,9,0.6105072463768115,-0.016304347826086918,2.0,
eyeglasses,0.8769710304363769,0.9524202420242024,iterative_all_layers,chubby,pclarc,9,0.8911807847451412,-0.014209754308764255,2.0,
goatee,0.6032828282828283,0.7458333333333333,iterative_all_layers,chubby,pclarc,9,0.6265151515151515,-0.02323232323232316,2.0,
gray_hair,0.7916129032258065,0.8972043010752688,iterative_all_layers,chubby,pclarc,9,0.7805017921146953,0.011111111111111183,2.0,
heavy_makeup,0.5264099716154511,0.6112550907071456,iterative_all_layers,chubby,pclarc,9,0.5444896951746266,-0.01807972355917553,2.0,
high_cheekbones,0.45578817733990146,0.40788177339901477,iterative_all_layers,chubby,pclarc,9,0.4745073891625616,-0.01871921182266012,2.0,
male,0.981283422459893,0.9788421297372705,iterative_all_layers,chubby,pclarc,9,0.981283422459893,0.0,2.0,
mouth_slightly_open,0.5076030534351145,0.4854351145038168,iterative_all_layers,chubby,pclarc,9,0.4988702290076336,0.008732824427480856,2.0,
mustache,0.7102727350942097,0.8184633915512347,iterative_all_layers,chubby,pclarc,9,0.735696463907769,-0.025423728813559254,2.0,
narrow_eyes,0.5889407061958695,0.5969353764157228,iterative_all_layers,chubby,pclarc,9,0.608927381745503,-0.019986675549633515,2.0,
no_beard,0.5274400051470115,0.5717043041883806,iterative_all_layers,chubby,pclarc,9,0.5362220935469343,-0.008782088399922783,2.0,
oval_face,0.5040773434216057,0.5057587221521648,iterative_all_layers,chubby,pclarc,9,0.5045817570407735,-0.000504413619167754,2.0,
pale_skin,0.5695121951219512,0.7617886178861788,iterative_all_layers,chubby,pclarc,9,0.6195121951219512,-0.050000000000000044,2.0,
pointy_nose,0.5202020202020202,0.4765151515151515,iterative_all_layers,chubby,pclarc,9,0.5202020202020202,0.0,2.0,
receding_hairline,0.5094577553593946,0.5448507776376628,iterative_all_layers,chubby,pclarc,9,0.49663724253888186,0.012820512820512775,2.0,
rosy_cheeks,0.644349477682811,0.778727445394112,iterative_all_layers,chubby,pclarc,9,0.6566951566951567,-0.012345679012345623,2.0,
sideburns,0.5520763935154341,0.6251387963579836,iterative_all_layers,chubby,pclarc,9,0.5889407061958695,-0.03686431268043533,2.0,
smiling,0.8222222222222222,0.9429181929181929,iterative_all_layers,chubby,pclarc,9,0.83003663003663,-0.007814407814407787,2.0,
straight_hair,0.4241363211951447,0.4729225023342671,iterative_all_layers,chubby,pclarc,9,0.4561157796451914,-0.03197945845004668,2.0,
wavy_hair,0.5692538593481989,0.6009862778730702,iterative_all_layers,chubby,pclarc,9,0.6076329331046312,-0.038379073756432236,2.0,
wearing_earrings,0.7420536452794517,0.7838827838827839,iterative_all_layers,chubby,pclarc,9,0.7058962542833511,0.0361573909961006,2.0,
wearing_hat,0.8548183254344391,0.9137440758293839,iterative_all_layers,chubby,pclarc,9,0.8706687730384413,-0.015850447604002116,2.0,
wearing_lipstick,0.48561736770691993,0.44667571234735415,iterative_all_layers,chubby,pclarc,9,0.45585707824513794,0.029760289461781997,2.0,
wearing_necklace,0.632016210739615,0.7017223910840932,iterative_all_layers,chubby,pclarc,9,0.6082066869300912,0.023809523809523836,2.0,
wearing_necktie,0.6465287049399199,0.6652202937249666,iterative_all_layers,chubby,pclarc,9,0.6297285269247885,0.01680017801513134,2.0,
young,0.8526392961876833,0.927480449657869,iterative_all_layers,chubby,pclarc,9,0.8528836754643205,-0.0002443792766372299,2.0,
5_o_clock_shadow,0.5138888888888888,0.5459595959595959,iterative_all_layers,chubby,pclarc,10,0.543939393939394,-0.030050505050505105,2.0,
arched_eyebrows,0.6119820828667413,0.5923852183650615,iterative_all_layers,chubby,pclarc,10,0.5739590756388069,0.03802300722793439,2.0,
attractive,0.5138293400588483,0.5764606977721732,iterative_all_layers,chubby,pclarc,10,0.5056326187473729,0.008196721311475419,2.0,
bags_under_eyes,0.4738636363636364,0.4254971590909091,iterative_all_layers,chubby,pclarc,10,0.49261363636363636,-0.01874999999999999,2.0,
bald,0.6867046727069124,0.7873358444467067,iterative_all_layers,chubby,pclarc,10,0.6784587193321796,0.008245953374732773,2.0,
bangs,0.7819345311346295,0.8865370415948808,iterative_all_layers,chubby,pclarc,10,0.7819345311346295,0.0,2.0,
big_lips,0.4807490938380991,0.46975432944019335,iterative_all_layers,chubby,pclarc,10,0.5038260169150222,-0.02307692307692305,2.0,
big_nose,0.5915024630541872,0.6391625615763548,iterative_all_layers,chubby,pclarc,10,0.5979064039408867,-0.0064039408866994885,2.0,
black_hair,0.7526041666666667,0.87548828125,iterative_all_layers,chubby,pclarc,10,0.7421875,0.01041666666666674,2.0,
blond_hair,0.8952744277627369,0.9323160226433669,iterative_all_layers,chubby,pclarc,10,0.8910903273443269,0.004184100418409997,2.0,
blurry,0.5860655737704918,0.6267076502732241,iterative_all_layers,chubby,pclarc,10,0.6174863387978142,-0.031420765027322384,2.0,
brown_hair,0.6617647058823529,0.7376283846872083,iterative_all_layers,chubby,pclarc,10,0.6596638655462185,0.0021008403361344463,2.0,
bushy_eyebrows,0.5105988341282459,0.510863804981452,iterative_all_layers,chubby,pclarc,10,0.5298092209856916,-0.019210386857445694,2.0,
chubby,0.65234375,0.7755126953125,iterative_all_layers,chubby,pclarc,10,0.65625,-0.00390625,2.0,
double_chin,0.5969202898550725,0.709842995169082,iterative_all_layers,chubby,pclarc,10,0.6105072463768115,-0.013586956521739024,2.0,
eyeglasses,0.8769710304363769,0.9503116978364505,iterative_all_layers,chubby,pclarc,10,0.8911807847451412,-0.014209754308764255,2.0,
goatee,0.5941919191919192,0.742550505050505,iterative_all_layers,chubby,pclarc,10,0.6265151515151515,-0.03232323232323231,2.0,
gray_hair,0.787168458781362,0.8966308243727599,iterative_all_layers,chubby,pclarc,10,0.7805017921146953,0.00666666666666671,2.0,
heavy_makeup,0.52412686659262,0.6012587930396149,iterative_all_layers,chubby,pclarc,10,0.5444896951746266,-0.020362828582006665,2.0,
high_cheekbones,0.4522167487684729,0.4105911330049261,iterative_all_layers,chubby,pclarc,10,0.4745073891625616,-0.02229064039408868,2.0,
male,0.981283422459893,0.9793071378749129,iterative_all_layers,chubby,pclarc,10,0.981283422459893,0.0,2.0,
mouth_slightly_open,0.511236641221374,0.4844580152671756,iterative_all_layers,chubby,pclarc,10,0.4988702290076336,0.012366412213740408,2.0,
mustache,0.7272218876365826,0.8196678998537382,iterative_all_layers,chubby,pclarc,10,0.735696463907769,-0.008474576271186418,2.0,
narrow_eyes,0.5910504108372197,0.5844992227403953,iterative_all_layers,chubby,pclarc,10,0.608927381745503,-0.01787697090828333,2.0,
no_beard,0.5293057968217204,0.5711252653927813,iterative_all_layers,chubby,pclarc,10,0.5362220935469343,-0.006916296725213877,2.0,
oval_face,0.49588062211013034,0.5081126523749474,iterative_all_layers,chubby,pclarc,10,0.5045817570407735,-0.008701134930643117,2.0,
pale_skin,0.5276422764227643,0.7638211382113822,iterative_all_layers,chubby,pclarc,10,0.6195121951219512,-0.09186991869918693,2.0,
pointy_nose,0.5247474747474747,0.4758838383838384,iterative_all_layers,chubby,pclarc,10,0.5202020202020202,0.004545454545454519,2.0,
receding_hairline,0.5068936527952921,0.5535939470365699,iterative_all_layers,chubby,pclarc,10,0.49663724253888186,0.01025641025641022,2.0,
rosy_cheeks,0.6807534029756253,0.7799936688825577,iterative_all_layers,chubby,pclarc,10,0.6566951566951567,0.024058246280468598,2.0,
sideburns,0.5584055074394848,0.6313568731956474,iterative_all_layers,chubby,pclarc,10,0.5889407061958695,-0.030535198756384663,2.0,
smiling,0.826068376068376,0.940964590964591,iterative_all_layers,chubby,pclarc,10,0.83003663003663,-0.003968253968253954,2.0,
straight_hair,0.42623716153127916,0.4647525676937442,iterative_all_layers,chubby,pclarc,10,0.4561157796451914,-0.029878618113912236,2.0,
wavy_hair,0.5943396226415094,0.5914451114922812,iterative_all_layers,chubby,pclarc,10,0.6076329331046312,-0.013293310463121766,2.0,
wearing_earrings,0.7012879593524755,0.7815195557131042,iterative_all_layers,chubby,pclarc,10,0.7058962542833511,-0.004608294930875667,2.0,
wearing_hat,0.8524486571879937,0.9172195892575039,iterative_all_layers,chubby,pclarc,10,0.8706687730384413,-0.018220115850447582,2.0,
wearing_lipstick,0.4806422433288105,0.4507462686567164,iterative_all_layers,chubby,pclarc,10,0.45585707824513794,0.024785165083672567,2.0,
wearing_necklace,0.6060790273556231,0.7102330293819655,iterative_all_layers,chubby,pclarc,10,0.6082066869300912,-0.0021276595744680327,2.0,
wearing_necktie,0.648642634623943,0.6431909212283045,iterative_all_layers,chubby,pclarc,10,0.6297285269247885,0.01891410769915447,2.0,
young,0.8607038123167156,0.9280913978494624,iterative_all_layers,chubby,pclarc,10,0.8528836754643205,0.007820136852395021,2.0,
5_o_clock_shadow,0.49772727272727274,0.5356060606060606,iterative_all_layers,chubby,pclarc,11,0.543939393939394,-0.046212121212121204,2.0,
arched_eyebrows,0.6082663137534359,0.6037870304387662,iterative_all_layers,chubby,pclarc,11,0.5739590756388069,0.03430723811462899,2.0,
attractive,0.5138293400588483,0.5790668348045397,iterative_all_layers,chubby,pclarc,11,0.5056326187473729,0.008196721311475419,2.0,
bags_under_eyes,0.4630681818181818,0.4294034090909091,iterative_all_layers,chubby,pclarc,11,0.49261363636363636,-0.02954545454545454,2.0,
bald,0.6760663748345719,0.7904917031456785,iterative_all_layers,chubby,pclarc,11,0.6784587193321796,-0.0023923444976077235,2.0,
bangs,0.7819345311346295,0.8993354664041349,iterative_all_layers,chubby,pclarc,11,0.7819345311346295,0.0,2.0,
big_lips,0.4835279903342731,0.46774063632702384,iterative_all_layers,chubby,pclarc,11,0.5038260169150222,-0.020298026580749085,2.0,
big_nose,0.6036945812807882,0.6463669950738917,iterative_all_layers,chubby,pclarc,11,0.5979064039408867,0.005788177339901557,2.0,
black_hair,0.7604166666666667,0.8802083333333333,iterative_all_layers,chubby,pclarc,11,0.7421875,0.01822916666666674,2.0,
blond_hair,0.8973664779719419,0.9273935515628845,iterative_all_layers,chubby,pclarc,11,0.8910903273443269,0.006276150627614996,2.0,
blurry,0.5819672131147541,0.6502732240437159,iterative_all_layers,chubby,pclarc,11,0.6174863387978142,-0.03551912568306015,2.0,
brown_hair,0.657563025210084,0.719187675070028,iterative_all_layers,chubby,pclarc,11,0.6596638655462185,-0.0021008403361344463,2.0,
bushy_eyebrows,0.5151033386327504,0.5113937466878643,iterative_all_layers,chubby,pclarc,11,0.5298092209856916,-0.014705882352941235,2.0,
chubby,0.65234375,0.77093505859375,iterative_all_layers,chubby,pclarc,11,0.65625,-0.00390625,2.0,
double_chin,0.6096014492753623,0.7135416666666667,iterative_all_layers,chubby,pclarc,11,0.6105072463768115,-0.0009057971014492239,2.0,
eyeglasses,0.8664283094976164,0.951961862852952,iterative_all_layers,chubby,pclarc,11,0.8911807847451412,-0.024752475247524774,2.0,
goatee,0.5941919191919192,0.7390151515151515,iterative_all_layers,chubby,pclarc,11,0.6265151515151515,-0.03232323232323231,2.0,
gray_hair,0.7805017921146953,0.9002150537634409,iterative_all_layers,chubby,pclarc,11,0.7805017921146953,0.0,2.0,
heavy_makeup,0.499382944588424,0.5889176848080958,iterative_all_layers,chubby,pclarc,11,0.5444896951746266,-0.045106750586202615,2.0,
high_cheekbones,0.46083743842364533,0.4100369458128079,iterative_all_layers,chubby,pclarc,11,0.4745073891625616,-0.013669950738916248,2.0,
male,0.981283422459893,0.9782996202433542,iterative_all_layers,chubby,pclarc,11,0.981283422459893,0.0,2.0,
mouth_slightly_open,0.4959694656488549,0.4785343511450382,iterative_all_layers,chubby,pclarc,11,0.4988702290076336,-0.002900763358778702,2.0,
mustache,0.7187473113653962,0.8220769164587456,iterative_all_layers,chubby,pclarc,11,0.735696463907769,-0.016949152542372836,2.0,
narrow_eyes,0.5668443260048857,0.5980457472795914,iterative_all_layers,chubby,pclarc,11,0.608927381745503,-0.042083055740617326,2.0,
no_beard,0.5197516566943319,0.5724763559158463,iterative_all_layers,chubby,pclarc,11,0.5362220935469343,-0.01647043685260241,2.0,
oval_face,0.4933165195460278,0.5021437578814627,iterative_all_layers,chubby,pclarc,11,0.5045817570407735,-0.011265237494745672,2.0,
pale_skin,0.5317073170731708,0.8138211382113821,iterative_all_layers,chubby,pclarc,11,0.6195121951219512,-0.08780487804878045,2.0,
pointy_nose,0.5179292929292929,0.47436868686868683,iterative_all_layers,chubby,pclarc,11,0.5202020202020202,-0.002272727272727315,2.0,
receding_hairline,0.5068936527952921,0.5543505674653216,iterative_all_layers,chubby,pclarc,11,0.49663724253888186,0.01025641025641022,2.0,
rosy_cheeks,0.6848686293130737,0.7837923393478949,iterative_all_layers,chubby,pclarc,11,0.6566951566951567,0.028173472617917028,2.0,
sideburns,0.5584055074394848,0.6189207195203198,iterative_all_layers,chubby,pclarc,11,0.5889407061958695,-0.030535198756384663,2.0,
smiling,0.826068376068376,0.9404151404151404,iterative_all_layers,chubby,pclarc,11,0.83003663003663,-0.003968253968253954,2.0,
straight_hair,0.41363211951447243,0.45354808590102713,iterative_all_layers,chubby,pclarc,11,0.4561157796451914,-0.04248366013071897,2.0,
wavy_hair,0.5692538593481989,0.5881217838765008,iterative_all_layers,chubby,pclarc,11,0.6076329331046312,-0.038379073756432236,2.0,
wearing_earrings,0.7210209145693016,0.7860096892354956,iterative_all_layers,chubby,pclarc,11,0.7058962542833511,0.015124660285950497,2.0,
wearing_hat,0.8548183254344391,0.9228014744602422,iterative_all_layers,chubby,pclarc,11,0.8706687730384413,-0.015850447604002116,2.0,
wearing_lipstick,0.4831298055178652,0.45300768882858433,iterative_all_layers,chubby,pclarc,11,0.45585707824513794,0.027272727272727282,2.0,
wearing_necklace,0.6256332320162107,0.6879432624113475,iterative_all_layers,chubby,pclarc,11,0.6082066869300912,0.017426545086119516,2.0,
wearing_necktie,0.6463061860258121,0.6495327102803738,iterative_all_layers,chubby,pclarc,11,0.6297285269247885,0.0165776591010236,2.0,
young,0.8564271749755621,0.9294354838709677,iterative_all_layers,chubby,pclarc,11,0.8528836754643205,0.0035434995112415546,2.0,
5_o_clock_shadow,0.5045454545454545,0.5489898989898989,iterative_all_layers,chubby,pclarc,12,0.543939393939394,-0.039393939393939426,2.0,
arched_eyebrows,0.6082663137534359,0.6166140690216839,iterative_all_layers,chubby,pclarc,12,0.5739590756388069,0.03430723811462899,2.0,
attractive,0.5056326187473729,0.5796553173602353,iterative_all_layers,chubby,pclarc,12,0.5056326187473729,0.0,2.0,
bags_under_eyes,0.4625,0.4291903409090909,iterative_all_layers,chubby,pclarc,12,0.49261363636363636,-0.030113636363636342,2.0,
bald,0.6843123282093047,0.7940547694187111,iterative_all_layers,chubby,pclarc,12,0.6784587193321796,0.005853608877125049,2.0,
bangs,0.7819345311346295,0.8966281073098695,iterative_all_layers,chubby,pclarc,12,0.7819345311346295,0.0,2.0,
big_lips,0.4987515102698349,0.46371325010068465,iterative_all_layers,chubby,pclarc,12,0.5038260169150222,-0.005074506645187271,2.0,
big_nose,0.5979064039408867,0.6497536945812807,iterative_all_layers,chubby,pclarc,12,0.5979064039408867,0.0,2.0,
black_hair,0.7526041666666667,0.8837890625000001,iterative_all_layers,chubby,pclarc,12,0.7421875,0.01041666666666674,2.0,
blond_hair,0.8994585281811469,0.9296086635491017,iterative_all_layers,chubby,pclarc,12,0.8910903273443269,0.008368200836819994,2.0,
blurry,0.619535519125683,0.639344262295082,iterative_all_layers,chubby,pclarc,12,0.6174863387978142,0.002049180327868827,2.0,
brown_hair,0.6617647058823529,0.6977124183006536,iterative_all_layers,chubby,pclarc,12,0.6596638655462185,0.0021008403361344463,2.0,
bushy_eyebrows,0.5151033386327504,0.5149708532061473,iterative_all_layers,chubby,pclarc,12,0.5298092209856916,-0.014705882352941235,2.0,
chubby,0.6484375,0.7711181640625,iterative_all_layers,chubby,pclarc,12,0.65625,-0.0078125,2.0,
double_chin,0.6080917874396135,0.7118055555555556,iterative_all_layers,chubby,pclarc,12,0.6105072463768115,-0.0024154589371980784,2.0,
eyeglasses,0.8497433076640998,0.9475614228089476,iterative_all_layers,chubby,pclarc,12,0.8911807847451412,-0.041437477081041396,2.0,
goatee,0.601010101010101,0.7391414141414141,iterative_all_layers,chubby,pclarc,12,0.6265151515151515,-0.025505050505050475,2.0,
gray_hair,0.7782795698924732,0.9026523297491039,iterative_all_layers,chubby,pclarc,12,0.7805017921146953,-0.0022222222222221255,2.0,
heavy_makeup,0.5128964581019375,0.595458472170801,iterative_all_layers,chubby,pclarc,12,0.5444896951746266,-0.03159323707268913,2.0,
high_cheekbones,0.4816502463054187,0.4157635467980295,iterative_all_layers,chubby,pclarc,12,0.4745073891625616,0.0071428571428571175,2.0,
male,0.981283422459893,0.9786096256684492,iterative_all_layers,chubby,pclarc,12,0.981283422459893,0.0,2.0,
mouth_slightly_open,0.49960305343511446,0.4906870229007634,iterative_all_layers,chubby,pclarc,12,0.4988702290076336,0.0007328244274808493,2.0,
mustache,0.7136711692334166,0.813903467263185,iterative_all_layers,chubby,pclarc,12,0.735696463907769,-0.022025294674352436,2.0,
narrow_eyes,0.5668443260048857,0.5889407061958694,iterative_all_layers,chubby,pclarc,12,0.608927381745503,-0.042083055740617326,2.0,
no_beard,0.522936370070128,0.5755002251817539,iterative_all_layers,chubby,pclarc,12,0.5362220935469343,-0.013285723476806233,2.0,
oval_face,0.49588062211013034,0.49743589743589745,iterative_all_layers,chubby,pclarc,12,0.5045817570407735,-0.008701134930643117,2.0,
pale_skin,0.5317073170731708,0.825609756097561,iterative_all_layers,chubby,pclarc,12,0.6195121951219512,-0.08780487804878045,2.0,
pointy_nose,0.5340909090909092,0.4733585858585858,iterative_all_layers,chubby,pclarc,12,0.5202020202020202,0.01388888888888895,2.0,
receding_hairline,0.5120218579234972,0.5611601513240858,iterative_all_layers,chubby,pclarc,12,0.49663724253888186,0.01538461538461533,2.0,
rosy_cheeks,0.686926242481798,0.7951883507439063,iterative_all_layers,chubby,pclarc,12,0.6566951566951567,0.030231085786641354,2.0,
sideburns,0.5520763935154341,0.6226959804574728,iterative_all_layers,chubby,pclarc,12,0.5889407061958695,-0.03686431268043533,2.0,
smiling,0.8414529914529915,0.9404151404151404,iterative_all_layers,chubby,pclarc,12,0.83003663003663,0.011416361416361487,2.0,
straight_hair,0.41363211951447243,0.4495798319327732,iterative_all_layers,chubby,pclarc,12,0.4561157796451914,-0.04248366013071897,2.0,
wavy_hair,0.5621783876500858,0.5921955403087478,iterative_all_layers,chubby,pclarc,12,0.6076329331046312,-0.045454545454545414,2.0,
wearing_earrings,0.6825593761077632,0.7740753869786128,iterative_all_layers,chubby,pclarc,12,0.7058962542833511,-0.02333687817558794,2.0,
wearing_hat,0.8548183254344391,0.9316482359136388,iterative_all_layers,chubby,pclarc,12,0.8706687730384413,-0.015850447604002116,2.0,
wearing_lipstick,0.4806422433288105,0.455359565807327,iterative_all_layers,chubby,pclarc,12,0.45585707824513794,0.024785165083672567,2.0,
wearing_necklace,0.603951367781155,0.6796352583586627,iterative_all_layers,chubby,pclarc,12,0.6082066869300912,-0.004255319148936176,2.0,
wearing_necktie,0.6182688028482421,0.6585447263017357,iterative_all_layers,chubby,pclarc,12,0.6297285269247885,-0.011459724076546385,2.0,
young,0.8483626588465298,0.9283357771260996,iterative_all_layers,chubby,pclarc,12,0.8528836754643205,-0.004521016617790696,2.0,
5_o_clock_shadow,0.5113636363636364,0.544949494949495,iterative_all_layers,chubby,pclarc,13,0.543939393939394,-0.03257575757575759,2.0,
arched_eyebrows,0.5952356713834878,0.6201771352947165,iterative_all_layers,chubby,pclarc,13,0.5739590756388069,0.021276595744680882,2.0,
attractive,0.5056326187473729,0.5722572509457756,iterative_all_layers,chubby,pclarc,13,0.5056326187473729,0.0,2.0,
bags_under_eyes,0.4744318181818182,0.4341619318181818,iterative_all_layers,chubby,pclarc,13,0.49261363636363636,-0.018181818181818188,2.0,
bald,0.6736740303369643,0.7940547694187112,iterative_all_layers,chubby,pclarc,13,0.6784587193321796,-0.004784688995215336,2.0,
bangs,0.7840265813438345,0.895643613093773,iterative_all_layers,chubby,pclarc,13,0.7819345311346295,0.0020920502092049986,2.0,
big_lips,0.47813129279097866,0.4564639548932743,iterative_all_layers,chubby,pclarc,13,0.5038260169150222,-0.0256947241240435,2.0,
big_nose,0.6029556650246305,0.6487068965517241,iterative_all_layers,chubby,pclarc,13,0.5979064039408867,0.005049261083743817,2.0,
black_hair,0.7578125,0.8826497395833333,iterative_all_layers,chubby,pclarc,13,0.7421875,0.015625,2.0,
blond_hair,0.8952744277627369,0.9298547871031257,iterative_all_layers,chubby,pclarc,13,0.8910903273443269,0.004184100418409997,2.0,
blurry,0.6215846994535519,0.639344262295082,iterative_all_layers,chubby,pclarc,13,0.6174863387978142,0.004098360655737654,2.0,
brown_hair,0.6234827264239029,0.7044817927170869,iterative_all_layers,chubby,pclarc,13,0.6596638655462185,-0.036181139122315575,2.0,
bushy_eyebrows,0.5196078431372549,0.5136459989401165,iterative_all_layers,chubby,pclarc,13,0.5298092209856916,-0.010201377848436666,2.0,
chubby,0.6484375,0.77203369140625,iterative_all_layers,chubby,pclarc,13,0.65625,-0.0078125,2.0,
double_chin,0.6026570048309179,0.7105978260869564,iterative_all_layers,chubby,pclarc,13,0.6105072463768115,-0.007850241545893644,2.0,
eyeglasses,0.8614778144481114,0.9500366703337002,iterative_all_layers,chubby,pclarc,13,0.8911807847451412,-0.02970297029702973,2.0,
goatee,0.5964646464646465,0.7391414141414141,iterative_all_layers,chubby,pclarc,13,0.6265151515151515,-0.030050505050504994,2.0,
gray_hair,0.7760573476702508,0.9023655913978494,iterative_all_layers,chubby,pclarc,13,0.7805017921146953,-0.004444444444444473,2.0,
heavy_makeup,0.5128964581019375,0.5965691719116377,iterative_all_layers,chubby,pclarc,13,0.5444896951746266,-0.03159323707268913,2.0,
high_cheekbones,0.4816502463054187,0.4136083743842364,iterative_all_layers,chubby,pclarc,13,0.4745073891625616,0.0071428571428571175,2.0,
male,0.981283422459893,0.9786871270247229,iterative_all_layers,chubby,pclarc,13,0.981283422459893,0.0,2.0,
mouth_slightly_open,0.5077862595419848,0.48952671755725186,iterative_all_layers,chubby,pclarc,13,0.4988702290076336,0.008916030534351138,2.0,
mustache,0.722145745504603,0.8176030284780177,iterative_all_layers,chubby,pclarc,13,0.735696463907769,-0.013550718403166018,2.0,
narrow_eyes,0.571063735287586,0.5927159671330224,iterative_all_layers,chubby,pclarc,13,0.608927381745503,-0.037863646457916955,2.0,
no_beard,0.5197516566943319,0.5757575757575758,iterative_all_layers,chubby,pclarc,13,0.5362220935469343,-0.01647043685260241,2.0,
oval_face,0.49588062211013034,0.5020596889449347,iterative_all_layers,chubby,pclarc,13,0.5045817570407735,-0.008701134930643117,2.0,
pale_skin,0.5317073170731708,0.8211382113821138,iterative_all_layers,chubby,pclarc,13,0.6195121951219512,-0.08780487804878045,2.0,
pointy_nose,0.5295454545454545,0.47184343434343434,iterative_all_layers,chubby,pclarc,13,0.5202020202020202,0.00934343434343432,2.0,
receding_hairline,0.5176544766708702,0.5605716687683902,iterative_all_layers,chubby,pclarc,13,0.49663724253888186,0.021017234131988305,2.0,
rosy_cheeks,0.7295030072807851,0.7929724596391263,iterative_all_layers,chubby,pclarc,13,0.6566951566951567,0.07280785058562844,2.0,
sideburns,0.5562958027981346,0.6226959804574727,iterative_all_layers,chubby,pclarc,13,0.5889407061958695,-0.03264490339773485,2.0,
smiling,0.8337606837606837,0.9431013431013431,iterative_all_layers,chubby,pclarc,13,0.83003663003663,0.003724053724053711,2.0,
straight_hair,0.4157329598506069,0.4367413632119514,iterative_all_layers,chubby,pclarc,13,0.4561157796451914,-0.040382819794584524,2.0,
wavy_hair,0.5759005145797599,0.5873713550600344,iterative_all_layers,chubby,pclarc,13,0.6076329331046312,-0.0317324185248713,2.0,
wearing_earrings,0.6907715939974004,0.771712158808933,iterative_all_layers,chubby,pclarc,13,0.7058962542833511,-0.01512466028595072,2.0,
wearing_hat,0.8548183254344391,0.9303844128488677,iterative_all_layers,chubby,pclarc,13,0.8706687730384413,-0.015850447604002116,2.0,
wearing_lipstick,0.46906377204884664,0.4541836273179557,iterative_all_layers,chubby,pclarc,13,0.45585707824513794,0.013206693803708702,2.0,
wearing_necklace,0.634143870314083,0.6907801418439716,iterative_all_layers,chubby,pclarc,13,0.6082066869300912,0.02593718338399187,2.0,
wearing_necktie,0.6206052514463729,0.6555407209612817,iterative_all_layers,chubby,pclarc,13,0.6297285269247885,-0.009123275478415627,2.0,
young,0.8488514173998045,0.9305962854349952,iterative_all_layers,chubby,pclarc,13,0.8528836754643205,-0.004032258064516014,2.0,
5_o_clock_shadow,0.5068181818181818,0.5468434343434343,iterative_all_layers,chubby,pclarc,14,0.543939393939394,-0.03712121212121211,2.0,
arched_eyebrows,0.59284332688588,0.6189555125725339,iterative_all_layers,chubby,pclarc,14,0.5739590756388069,0.01888425124707316,2.0,
attractive,0.5056326187473729,0.5764606977721732,iterative_all_layers,chubby,pclarc,14,0.5056326187473729,0.0,2.0,
bags_under_eyes,0.5022727272727273,0.4379971590909091,iterative_all_layers,chubby,pclarc,14,0.49261363636363636,0.00965909090909095,2.0,
bald,0.6760663748345719,0.7934439580576198,iterative_all_layers,chubby,pclarc,14,0.6784587193321796,-0.0023923444976077235,2.0,
bangs,0.813438346049717,0.897612601525966,iterative_all_layers,chubby,pclarc,14,0.7819345311346295,0.03150381491508747,2.0,
big_lips,0.48320579943616593,0.4575916230366493,iterative_all_layers,chubby,pclarc,14,0.5038260169150222,-0.02062021747885623,2.0,
big_nose,0.5907635467980296,0.647783251231527,iterative_all_layers,chubby,pclarc,14,0.5979064039408867,-0.0071428571428571175,2.0,
black_hair,0.7682291666666667,0.8822428385416667,iterative_all_layers,chubby,pclarc,14,0.7421875,0.02604166666666674,2.0,
blond_hair,0.8931823775535319,0.9303470342111739,iterative_all_layers,chubby,pclarc,14,0.8910903273443269,0.0020920502092049986,2.0,
blurry,0.6612021857923497,0.6799863387978142,iterative_all_layers,chubby,pclarc,14,0.6174863387978142,0.04371584699453546,2.0,
brown_hair,0.6297852474323062,0.7056489262371616,iterative_all_layers,chubby,pclarc,14,0.6596638655462185,-0.029878618113912236,2.0,
bushy_eyebrows,0.5241123476417594,0.5141759406465289,iterative_all_layers,chubby,pclarc,14,0.5298092209856916,-0.005696873343932207,2.0,
chubby,0.65625,0.7747802734375,iterative_all_layers,chubby,pclarc,14,0.65625,0.0,2.0,
double_chin,0.59993961352657,0.7117300724637681,iterative_all_layers,chubby,pclarc,14,0.6105072463768115,-0.010567632850241537,2.0,
eyeglasses,0.8565273193986065,0.9494866153281996,iterative_all_layers,chubby,pclarc,14,0.8911807847451412,-0.034653465346534684,2.0,
goatee,0.591919191919192,0.7388888888888888,iterative_all_layers,chubby,pclarc,14,0.6265151515151515,-0.03459595959595951,2.0,
gray_hair,0.7716129032258064,0.9012186379928314,iterative_all_layers,chubby,pclarc,14,0.7805017921146953,-0.008888888888888835,2.0,
heavy_makeup,0.5264099716154511,0.603850425768234,iterative_all_layers,chubby,pclarc,14,0.5444896951746266,-0.01807972355917553,2.0,
high_cheekbones,0.4859605911330049,0.41804187192118225,iterative_all_layers,chubby,pclarc,14,0.4745073891625616,0.011453201970443305,2.0,
male,0.981283422459893,0.9784546229559018,iterative_all_layers,chubby,pclarc,14,0.981283422459893,0.0,2.0,
mouth_slightly_open,0.4957862595419847,0.488793893129771,iterative_all_layers,chubby,pclarc,14,0.4988702290076336,-0.003083969465648928,2.0,
mustache,0.7111330981674266,0.8205282629269552,iterative_all_layers,chubby,pclarc,14,0.735696463907769,-0.024563365740342347,2.0,
narrow_eyes,0.5647346213635354,0.5924938929602487,iterative_all_layers,chubby,pclarc,14,0.608927381745503,-0.04419276038196762,2.0,
no_beard,0.5311715884964293,0.5740204593707778,iterative_all_layers,chubby,pclarc,14,0.5362220935469343,-0.005050505050504972,2.0,
oval_face,0.5040773434216057,0.5050861706599412,iterative_all_layers,chubby,pclarc,14,0.5045817570407735,-0.000504413619167754,2.0,
pale_skin,0.5776422764227642,0.8252032520325203,iterative_all_layers,chubby,pclarc,14,0.6195121951219512,-0.04186991869918699,2.0,
pointy_nose,0.5272727272727273,0.47651515151515156,iterative_all_layers,chubby,pclarc,14,0.5202020202020202,0.007070707070707116,2.0,
receding_hairline,0.5258511979823455,0.5629255989911728,iterative_all_layers,chubby,pclarc,14,0.49663724253888186,0.029213955443463613,2.0,
rosy_cheeks,0.7315606204495093,0.7955049066160178,iterative_all_layers,chubby,pclarc,14,0.6566951566951567,0.07486546375435266,2.0,
sideburns,0.560515212080835,0.6260270930490783,iterative_all_layers,chubby,pclarc,14,0.5889407061958695,-0.028425494115034478,2.0,
smiling,0.8377289377289376,0.9424297924297924,iterative_all_layers,chubby,pclarc,14,0.83003663003663,0.007692307692307665,2.0,
straight_hair,0.41363211951447243,0.4332399626517274,iterative_all_layers,chubby,pclarc,14,0.4561157796451914,-0.04248366013071897,2.0,
wavy_hair,0.5621783876500858,0.5866209262435678,iterative_all_layers,chubby,pclarc,14,0.6076329331046312,-0.045454545454545414,2.0,
wearing_earrings,0.6907715939974004,0.7688762850053174,iterative_all_layers,chubby,pclarc,14,0.7058962542833511,-0.01512466028595072,2.0,
wearing_hat,0.8548183254344391,0.9330173775671405,iterative_all_layers,chubby,pclarc,14,0.8706687730384413,-0.015850447604002116,2.0,
wearing_lipstick,0.4781546811397558,0.45445499773857984,iterative_all_layers,chubby,pclarc,14,0.45585707824513794,0.02229760289461785,2.0,
wearing_necklace,0.5780141843971631,0.6885511651469098,iterative_all_layers,chubby,pclarc,14,0.6082066869300912,-0.030192502532928045,2.0,
wearing_necktie,0.6231642189586115,0.6539830885625278,iterative_all_layers,chubby,pclarc,14,0.6297285269247885,-0.006564307966177019,2.0,
young,0.8488514173998045,0.9312683284457479,iterative_all_layers,chubby,pclarc,14,0.8528836754643205,-0.004032258064516014,2.0,
5_o_clock_shadow,0.5207070707070707,0.543939393939394,iterative_all_layers,chubby,pclarc,15,0.543939393939394,-0.02323232323232327,2.0,
arched_eyebrows,0.5667820421459839,0.6153924462995011,iterative_all_layers,chubby,pclarc,15,0.5739590756388069,-0.0071770334928229484,2.0,
attractive,0.5081967213114754,0.5577133249264397,iterative_all_layers,chubby,pclarc,15,0.5056326187473729,0.002564102564102555,2.0,
bags_under_eyes,0.4630681818181818,0.42833806818181813,iterative_all_layers,chubby,pclarc,15,0.49261363636363636,-0.02954545454545454,2.0,
bald,0.6867046727069124,0.7946655807798024,iterative_all_layers,chubby,pclarc,15,0.6784587193321796,0.008245953374732773,2.0,
bangs,0.7923947821806547,0.8978587250799902,iterative_all_layers,chubby,pclarc,15,0.7819345311346295,0.010460251046025215,2.0,
big_lips,0.43165525573902536,0.46169955698751514,iterative_all_layers,chubby,pclarc,15,0.5038260169150222,-0.0721707611759968,2.0,
big_nose,0.6014778325123153,0.6520320197044335,iterative_all_layers,chubby,pclarc,15,0.5979064039408867,0.0035714285714286698,2.0,
black_hair,0.7682291666666667,0.8807779947916666,iterative_all_layers,chubby,pclarc,15,0.7421875,0.02604166666666674,2.0,
blond_hair,0.8931823775535319,0.936500123061777,iterative_all_layers,chubby,pclarc,15,0.8910903273443269,0.0020920502092049986,2.0,
blurry,0.6277322404371585,0.6615437158469946,iterative_all_layers,chubby,pclarc,15,0.6174863387978142,0.010245901639344246,2.0,
brown_hair,0.6255835667600373,0.7189542483660131,iterative_all_layers,chubby,pclarc,15,0.6596638655462185,-0.03408029878618113,2.0,
bushy_eyebrows,0.5094064652888183,0.5039745627980922,iterative_all_layers,chubby,pclarc,15,0.5298092209856916,-0.02040275569687333,2.0,
chubby,0.64453125,0.7781982421875,iterative_all_layers,chubby,pclarc,15,0.65625,-0.01171875,2.0,
double_chin,0.58756038647343,0.7010869565217391,iterative_all_layers,chubby,pclarc,15,0.6105072463768115,-0.022946859903381522,2.0,
eyeglasses,0.8812797946461313,0.9522368903557022,iterative_all_layers,chubby,pclarc,15,0.8911807847451412,-0.00990099009900991,2.0,
goatee,0.591919191919192,0.7372474747474748,iterative_all_layers,chubby,pclarc,15,0.6265151515151515,-0.03459595959595951,2.0,
gray_hair,0.7716129032258064,0.897347670250896,iterative_all_layers,chubby,pclarc,15,0.7805017921146953,-0.008888888888888835,2.0,
heavy_makeup,0.5106133530791065,0.589041095890411,iterative_all_layers,chubby,pclarc,15,0.5444896951746266,-0.03387634209552015,2.0,
high_cheekbones,0.4816502463054187,0.417795566502463,iterative_all_layers,chubby,pclarc,15,0.4745073891625616,0.0071428571428571175,2.0,
male,0.981283422459893,0.9802371541501976,iterative_all_layers,chubby,pclarc,15,0.981283422459893,0.0,2.0,
mouth_slightly_open,0.5236030534351145,0.48745038167938926,iterative_all_layers,chubby,pclarc,15,0.4988702290076336,0.02473282442748087,2.0,
mustache,0.7026585218962402,0.8189796093951648,iterative_all_layers,chubby,pclarc,15,0.735696463907769,-0.033037942011528765,2.0,
narrow_eyes,0.5868310015545193,0.5873861869864534,iterative_all_layers,chubby,pclarc,15,0.608927381745503,-0.0220963801909837,2.0,
no_beard,0.5298526667953419,0.5790387955993052,iterative_all_layers,chubby,pclarc,15,0.5362220935469343,-0.006369426751592355,2.0,
oval_face,0.5040773434216057,0.4911307271963009,iterative_all_layers,chubby,pclarc,15,0.5045817570407735,-0.000504413619167754,2.0,
pale_skin,0.5857723577235773,0.8308943089430895,iterative_all_layers,chubby,pclarc,15,0.6195121951219512,-0.03373983739837394,2.0,
pointy_nose,0.525,0.46515151515151515,iterative_all_layers,chubby,pclarc,15,0.5202020202020202,0.004797979797979801,2.0,
receding_hairline,0.5094577553593946,0.5584699453551913,iterative_all_layers,chubby,pclarc,15,0.49663724253888186,0.012820512820512775,2.0,
rosy_cheeks,0.686926242481798,0.774928774928775,iterative_all_layers,chubby,pclarc,15,0.6566951566951567,0.030231085786641354,2.0,
sideburns,0.5457472795913835,0.6211414612480568,iterative_all_layers,chubby,pclarc,15,0.5889407061958695,-0.043193426604485996,2.0,
smiling,0.834126984126984,0.9402930402930403,iterative_all_layers,chubby,pclarc,15,0.83003663003663,0.004090354090354076,2.0,
straight_hair,0.4477124183006536,0.4381419234360411,iterative_all_layers,chubby,pclarc,15,0.4561157796451914,-0.008403361344537785,2.0,
wavy_hair,0.5645368782161235,0.586942538593482,iterative_all_layers,chubby,pclarc,15,0.6076329331046312,-0.04309605488850765,2.0,
wearing_earrings,0.6756469337114499,0.761432116270826,iterative_all_layers,chubby,pclarc,15,0.7058962542833511,-0.030249320571901217,2.0,
wearing_hat,0.8659294365455503,0.9332280147446024,iterative_all_layers,chubby,pclarc,15,0.8706687730384413,-0.004739336492890933,2.0,
wearing_lipstick,0.4905924920850294,0.46576209859791945,iterative_all_layers,chubby,pclarc,15,0.45585707824513794,0.03473541383989148,2.0,
wearing_necklace,0.5695035460992908,0.6926038500506585,iterative_all_layers,chubby,pclarc,15,0.6082066869300912,-0.0387031408308004,2.0,
wearing_necktie,0.6325100133511349,0.6628838451268357,iterative_all_layers,chubby,pclarc,15,0.6297285269247885,0.002781486426346347,2.0,
young,0.8372434017595307,0.9317570869990224,iterative_all_layers,chubby,pclarc,15,0.8528836754643205,-0.01564027370478982,2.0,
5_o_clock_shadow,0.5343434343434343,0.5522727272727271,iterative_all_layers,chubby,pclarc,16,0.543939393939394,-0.009595959595959602,2.0,
arched_eyebrows,0.586989718008755,0.6162068614476229,iterative_all_layers,chubby,pclarc,16,0.5739590756388069,0.013030642369948109,2.0,
attractive,0.5081967213114754,0.5549390500210173,iterative_all_layers,chubby,pclarc,16,0.5056326187473729,0.002564102564102555,2.0,
bags_under_eyes,0.4840909090909091,0.4341619318181818,iterative_all_layers,chubby,pclarc,16,0.49261363636363636,-0.008522727272727237,2.0,
bald,0.6736740303369643,0.7968034205436221,iterative_all_layers,chubby,pclarc,16,0.6784587193321796,-0.004784688995215336,2.0,
bangs,0.7819345311346295,0.8921978833374353,iterative_all_layers,chubby,pclarc,16,0.7819345311346295,0.0,2.0,
big_lips,0.44180426902939995,0.46024969794603293,iterative_all_layers,chubby,pclarc,16,0.5038260169150222,-0.0620217478856222,2.0,
big_nose,0.577832512315271,0.6441502463054187,iterative_all_layers,chubby,pclarc,16,0.5979064039408867,-0.02007389162561568,2.0,
black_hair,0.7552083333333333,0.879638671875,iterative_all_layers,chubby,pclarc,16,0.7421875,0.01302083333333326,2.0,
blond_hair,0.8931823775535319,0.9369923701698253,iterative_all_layers,chubby,pclarc,16,0.8910903273443269,0.0020920502092049986,2.0,
blurry,0.5881147540983607,0.6922814207650274,iterative_all_layers,chubby,pclarc,16,0.6174863387978142,-0.029371584699453557,2.0,
brown_hair,0.6339869281045751,0.7457983193277311,iterative_all_layers,chubby,pclarc,16,0.6596638655462185,-0.025676937441643344,2.0,
bushy_eyebrows,0.507154213036566,0.5027821939586645,iterative_all_layers,chubby,pclarc,16,0.5298092209856916,-0.02265500794912556,2.0,
chubby,0.6484375,0.77984619140625,iterative_all_layers,chubby,pclarc,16,0.65625,-0.0078125,2.0,
double_chin,0.58756038647343,0.6967844202898551,iterative_all_layers,chubby,pclarc,16,0.6105072463768115,-0.022946859903381522,2.0,
eyeglasses,0.8812797946461313,0.9528786211954529,iterative_all_layers,chubby,pclarc,16,0.8911807847451412,-0.00990099009900991,2.0,
goatee,0.5941919191919192,0.7362373737373737,iterative_all_layers,chubby,pclarc,16,0.6265151515151515,-0.03232323232323231,2.0,
gray_hair,0.7760573476702508,0.8920430107526882,iterative_all_layers,chubby,pclarc,16,0.7805017921146953,-0.004444444444444473,2.0,
heavy_makeup,0.5083302480562755,0.5843514747624337,iterative_all_layers,chubby,pclarc,16,0.5444896951746266,-0.03615944711835117,2.0,
high_cheekbones,0.4974137931034483,0.4183497536945813,iterative_all_layers,chubby,pclarc,16,0.4745073891625616,0.02290640394088672,2.0,
male,0.981283422459893,0.9779121134619857,iterative_all_layers,chubby,pclarc,16,0.981283422459893,0.0,2.0,
mouth_slightly_open,0.4961526717557252,0.4858625954198473,iterative_all_layers,chubby,pclarc,16,0.4988702290076336,-0.00271755725190842,2.0,
mustache,0.6882474404198572,0.8207863718489202,iterative_all_layers,chubby,pclarc,16,0.735696463907769,-0.0474490234879118,2.0,
narrow_eyes,0.549966688874084,0.5762824783477681,iterative_all_layers,chubby,pclarc,16,0.608927381745503,-0.05896069287141903,2.0,
no_beard,0.5266679534195458,0.5744708228784662,iterative_all_layers,chubby,pclarc,16,0.5362220935469343,-0.009554140127388533,2.0,
oval_face,0.5040773434216057,0.4924758301807482,iterative_all_layers,chubby,pclarc,16,0.5045817570407735,-0.000504413619167754,2.0,
pale_skin,0.5878048780487805,0.8443089430894308,iterative_all_layers,chubby,pclarc,16,0.6195121951219512,-0.03170731707317076,2.0,
pointy_nose,0.49267676767676766,0.4476010101010101,iterative_all_layers,chubby,pclarc,16,0.5202020202020202,-0.027525252525252564,2.0,
receding_hairline,0.5258511979823455,0.5622530474989492,iterative_all_layers,chubby,pclarc,16,0.49663724253888186,0.029213955443463613,2.0,
rosy_cheeks,0.6889838556505223,0.7581513137068693,iterative_all_layers,chubby,pclarc,16,0.6566951566951567,0.03228869895536568,2.0,
sideburns,0.5278703086831001,0.6182544970019987,iterative_all_layers,chubby,pclarc,16,0.5889407061958695,-0.061070397512769325,2.0,
smiling,0.8495115995115995,0.9442002442002442,iterative_all_layers,chubby,pclarc,16,0.83003663003663,0.019474969474969517,2.0,
straight_hair,0.4351073762838469,0.4292717086834734,iterative_all_layers,chubby,pclarc,16,0.4561157796451914,-0.02100840336134452,2.0,
wavy_hair,0.5943396226415094,0.5881217838765009,iterative_all_layers,chubby,pclarc,16,0.6076329331046312,-0.013293310463121766,2.0,
wearing_earrings,0.6930757414628382,0.7636771830320218,iterative_all_layers,chubby,pclarc,16,0.7058962542833511,-0.012820512820512886,2.0,
wearing_hat,0.8659294365455503,0.9364928909952607,iterative_all_layers,chubby,pclarc,16,0.8706687730384413,-0.004739336492890933,2.0,
wearing_lipstick,0.48561736770691993,0.46196291270918133,iterative_all_layers,chubby,pclarc,16,0.45585707824513794,0.029760289461781997,2.0,
wearing_necklace,0.6060790273556231,0.6938196555217832,iterative_all_layers,chubby,pclarc,16,0.6082066869300912,-0.0021276595744680327,2.0,
wearing_necktie,0.6159323542501113,0.6355140186915889,iterative_all_layers,chubby,pclarc,16,0.6297285269247885,-0.013796172674677254,2.0,
young,0.8372434017595307,0.9318181818181818,iterative_all_layers,chubby,pclarc,16,0.8528836754643205,-0.01564027370478982,2.0,
5_o_clock_shadow,0.545959595959596,0.5440656565656565,iterative_all_layers,chubby,pclarc,17,0.543939393939394,0.002020202020202033,2.0,
arched_eyebrows,0.6106586582510435,0.6293393057110863,iterative_all_layers,chubby,pclarc,17,0.5739590756388069,0.0366995826122366,2.0,
attractive,0.5081967213114754,0.5493064312736444,iterative_all_layers,chubby,pclarc,17,0.5056326187473729,0.002564102564102555,2.0,
bags_under_eyes,0.49886363636363634,0.434375,iterative_all_layers,chubby,pclarc,17,0.49261363636363636,0.006249999999999978,2.0,
bald,0.6760663748345719,0.7946655807798025,iterative_all_layers,chubby,pclarc,17,0.6784587193321796,-0.0023923444976077235,2.0,
bangs,0.7798424809254245,0.8904750184592666,iterative_all_layers,chubby,pclarc,17,0.7819345311346295,-0.0020920502092049986,2.0,
big_lips,0.48042690293999196,0.4691904953685058,iterative_all_layers,chubby,pclarc,17,0.5038260169150222,-0.023399113975030195,2.0,
big_nose,0.5671182266009852,0.6413793103448275,iterative_all_layers,chubby,pclarc,17,0.5979064039408867,-0.030788177339901468,2.0,
black_hair,0.7604166666666667,0.880126953125,iterative_all_layers,chubby,pclarc,17,0.7421875,0.01822916666666674,2.0,
blond_hair,0.8994585281811469,0.9372384937238494,iterative_all_layers,chubby,pclarc,17,0.8910903273443269,0.008368200836819994,2.0,
blurry,0.5443989071038251,0.6574453551912569,iterative_all_layers,chubby,pclarc,17,0.6174863387978142,-0.07308743169398912,2.0,
brown_hair,0.6638655462184874,0.7542016806722689,iterative_all_layers,chubby,pclarc,17,0.6596638655462185,0.004201680672268893,2.0,
bushy_eyebrows,0.44952305246422897,0.4976152623211446,iterative_all_layers,chubby,pclarc,17,0.5298092209856916,-0.08028616852146264,2.0,
chubby,0.65625,0.77960205078125,iterative_all_layers,chubby,pclarc,17,0.65625,0.0,2.0,
double_chin,0.5957125603864735,0.6929347826086957,iterative_all_layers,chubby,pclarc,17,0.6105072463768115,-0.014794685990338063,2.0,
eyeglasses,0.8936560322698937,0.9536120278694536,iterative_all_layers,chubby,pclarc,17,0.8911807847451412,0.0024752475247524774,2.0,
goatee,0.5871212121212122,0.7468434343434343,iterative_all_layers,chubby,pclarc,17,0.6265151515151515,-0.039393939393939315,2.0,
gray_hair,0.7716129032258064,0.8929032258064515,iterative_all_layers,chubby,pclarc,17,0.7805017921146953,-0.008888888888888835,2.0,
heavy_makeup,0.4813032210292484,0.5631247686042207,iterative_all_layers,chubby,pclarc,17,0.5444896951746266,-0.06318647414537826,2.0,
high_cheekbones,0.49310344827586206,0.4244458128078818,iterative_all_layers,chubby,pclarc,17,0.4745073891625616,0.018596059113300478,2.0,
male,0.981283422459893,0.9760520809114159,iterative_all_layers,chubby,pclarc,17,0.981283422459893,0.0,2.0,
mouth_slightly_open,0.5045190839694657,0.4740763358778626,iterative_all_layers,chubby,pclarc,17,0.4988702290076336,0.005648854961832039,2.0,
mustache,0.7136711692334166,0.8316269465714533,iterative_all_layers,chubby,pclarc,17,0.735696463907769,-0.022025294674352436,2.0,
narrow_eyes,0.5394181656673329,0.5711747723739728,iterative_all_layers,chubby,pclarc,17,0.608927381745503,-0.06950921607817007,2.0,
no_beard,0.5362220935469343,0.5845718329794762,iterative_all_layers,chubby,pclarc,17,0.5362220935469343,0.0,2.0,
oval_face,0.5040773434216057,0.5040773434216057,iterative_all_layers,chubby,pclarc,17,0.5045817570407735,-0.000504413619167754,2.0,
pale_skin,0.5378048780487805,0.841869918699187,iterative_all_layers,chubby,pclarc,17,0.6195121951219512,-0.0817073170731707,2.0,
pointy_nose,0.4813131313131313,0.43611111111111117,iterative_all_layers,chubby,pclarc,17,0.5202020202020202,-0.03888888888888892,2.0,
receding_hairline,0.5258511979823455,0.5704077343421605,iterative_all_layers,chubby,pclarc,17,0.49663724253888186,0.029213955443463613,2.0,
rosy_cheeks,0.686926242481798,0.761633428300095,iterative_all_layers,chubby,pclarc,17,0.6566951566951567,0.030231085786641354,2.0,
sideburns,0.5584055074394848,0.6235842771485676,iterative_all_layers,chubby,pclarc,17,0.5889407061958695,-0.030535198756384663,2.0,
smiling,0.8342490842490842,0.9396214896214895,iterative_all_layers,chubby,pclarc,17,0.83003663003663,0.0042124542124541975,2.0,
straight_hair,0.4073295985060691,0.4208683473389356,iterative_all_layers,chubby,pclarc,17,0.4561157796451914,-0.04878618113912231,2.0,
wavy_hair,0.5896226415094339,0.5925171526586621,iterative_all_layers,chubby,pclarc,17,0.6076329331046312,-0.018010291595197292,2.0,
wearing_earrings,0.6664303438496987,0.7785655205010044,iterative_all_layers,chubby,pclarc,17,0.7058962542833511,-0.03946591043365244,2.0,
wearing_hat,0.8659294365455503,0.9397577672459189,iterative_all_layers,chubby,pclarc,17,0.8706687730384413,-0.004739336492890933,2.0,
wearing_lipstick,0.46906377204884664,0.44975124378109443,iterative_all_layers,chubby,pclarc,17,0.45585707824513794,0.013206693803708702,2.0,
wearing_necklace,0.632016210739615,0.6917933130699088,iterative_all_layers,chubby,pclarc,17,0.6082066869300912,0.023809523809523836,2.0,
wearing_necktie,0.6040275923453493,0.6332888295505117,iterative_all_layers,chubby,pclarc,17,0.6297285269247885,-0.025700934579439227,2.0,
young,0.833455522971652,0.9324291300097751,iterative_all_layers,chubby,pclarc,17,0.8528836754643205,-0.019428152492668493,2.0,
5_o_clock_shadow,0.5300505050505051,0.548989898989899,iterative_all_layers,chubby,pclarc,18,0.543939393939394,-0.01388888888888884,2.0,
arched_eyebrows,0.6284739896162068,0.6396212969561234,iterative_all_layers,chubby,pclarc,18,0.5739590756388069,0.05451491397739994,2.0,
attractive,0.5081967213114754,0.5372845733501471,iterative_all_layers,chubby,pclarc,18,0.5056326187473729,0.002564102564102555,2.0,
bags_under_eyes,0.48295454545454547,0.4240056818181818,iterative_all_layers,chubby,pclarc,18,0.49261363636363636,-0.009659090909090895,2.0,
bald,0.6760663748345719,0.8000610811361092,iterative_all_layers,chubby,pclarc,18,0.6784587193321796,-0.0023923444976077235,2.0,
bangs,0.813438346049717,0.8779227172040365,iterative_all_layers,chubby,pclarc,18,0.7819345311346295,0.03150381491508747,2.0,
big_lips,0.4807490938380991,0.4762786951268627,iterative_all_layers,chubby,pclarc,18,0.5038260169150222,-0.02307692307692305,2.0,
big_nose,0.5607142857142857,0.63121921182266,iterative_all_layers,chubby,pclarc,18,0.5979064039408867,-0.037192118226600956,2.0,
black_hair,0.75,0.8774414062499999,iterative_all_layers,chubby,pclarc,18,0.7421875,0.0078125,2.0,
blond_hair,0.907826729017967,0.9350233817376323,iterative_all_layers,chubby,pclarc,18,0.8910903273443269,0.0167364016736401,2.0,
blurry,0.6338797814207651,0.6854508196721312,iterative_all_layers,chubby,pclarc,18,0.6174863387978142,0.016393442622950838,2.0,
brown_hair,0.6596638655462185,0.7448646125116714,iterative_all_layers,chubby,pclarc,18,0.6596638655462185,0.0,2.0,
bushy_eyebrows,0.46197668256491786,0.5023847376788553,iterative_all_layers,chubby,pclarc,18,0.5298092209856916,-0.06783253842077375,2.0,
chubby,0.65625,0.78155517578125,iterative_all_layers,chubby,pclarc,18,0.65625,0.0,2.0,
double_chin,0.6038647342995169,0.6953502415458938,iterative_all_layers,chubby,pclarc,18,0.6105072463768115,-0.0066425120772946045,2.0,
eyeglasses,0.8936560322698937,0.9603960396039604,iterative_all_layers,chubby,pclarc,18,0.8911807847451412,0.0024752475247524774,2.0,
goatee,0.6217171717171717,0.7531565656565656,iterative_all_layers,chubby,pclarc,18,0.6265151515151515,-0.004797979797979801,2.0,
gray_hair,0.7693906810035842,0.8913261648745519,iterative_all_layers,chubby,pclarc,18,0.7805017921146953,-0.011111111111111072,2.0,
heavy_makeup,0.4969147229421202,0.5515241268665927,iterative_all_layers,chubby,pclarc,18,0.5444896951746266,-0.04757497223250645,2.0,
high_cheekbones,0.4859605911330049,0.42814039408866994,iterative_all_layers,chubby,pclarc,18,0.4745073891625616,0.011453201970443305,2.0,
male,0.981283422459893,0.9751995659924049,iterative_all_layers,chubby,pclarc,18,0.981283422459893,0.0,2.0,
mouth_slightly_open,0.5003358778625954,0.4694351145038168,iterative_all_layers,chubby,pclarc,18,0.4988702290076336,0.0014656488549617541,2.0,
mustache,0.7297599587025725,0.8395422868450485,iterative_all_layers,chubby,pclarc,18,0.735696463907769,-0.005936505205196507,2.0,
narrow_eyes,0.5004441483455474,0.5496335776149235,iterative_all_layers,chubby,pclarc,18,0.608927381745503,-0.10848323339995558,2.0,
no_beard,0.5311715884964293,0.5818053142893908,iterative_all_layers,chubby,pclarc,18,0.5362220935469343,-0.005050505050504972,2.0,
oval_face,0.5015132408575032,0.5031525851197982,iterative_all_layers,chubby,pclarc,18,0.5045817570407735,-0.003068516183270309,2.0,
pale_skin,0.5378048780487805,0.8308943089430895,iterative_all_layers,chubby,pclarc,18,0.6195121951219512,-0.0817073170731707,2.0,
pointy_nose,0.4626262626262626,0.4412878787878788,iterative_all_layers,chubby,pclarc,18,0.5202020202020202,-0.05757575757575761,2.0,
receding_hairline,0.5222782681799075,0.566120218579235,iterative_all_layers,chubby,pclarc,18,0.49663724253888186,0.02564102564102566,2.0,
rosy_cheeks,0.7576764798987021,0.7879075656853435,iterative_all_layers,chubby,pclarc,18,0.6566951566951567,0.10098132320354547,2.0,
sideburns,0.549966688874084,0.6329113924050632,iterative_all_layers,chubby,pclarc,18,0.5889407061958695,-0.038974017321785515,2.0,
smiling,0.8304029304029303,0.9396214896214896,iterative_all_layers,chubby,pclarc,18,0.83003663003663,0.000366300366300365,2.0,
straight_hair,0.469187675070028,0.43860877684407096,iterative_all_layers,chubby,pclarc,18,0.4561157796451914,0.01307189542483661,2.0,
wavy_hair,0.5759005145797599,0.5940180102915953,iterative_all_layers,chubby,pclarc,18,0.6076329331046312,-0.0317324185248713,2.0,
wearing_earrings,0.6453976131395487,0.7780928748670684,iterative_all_layers,chubby,pclarc,18,0.7058962542833511,-0.060498641143802434,2.0,
wearing_hat,0.8682991047919958,0.9438651922064245,iterative_all_layers,chubby,pclarc,18,0.8706687730384413,-0.0023696682464454666,2.0,
wearing_lipstick,0.48475802804161017,0.45382180009045675,iterative_all_layers,chubby,pclarc,18,0.45585707824513794,0.02890094979647223,2.0,
wearing_necklace,0.6643363728470111,0.7078014184397163,iterative_all_layers,chubby,pclarc,18,0.6082066869300912,0.056129685916919914,2.0,
wearing_necktie,0.6203827325322653,0.6113707165109035,iterative_all_layers,chubby,pclarc,18,0.6297285269247885,-0.009345794392523255,2.0,
young,0.8526392961876833,0.9360948191593353,iterative_all_layers,chubby,pclarc,18,0.8528836754643205,-0.0002443792766372299,2.0,
5_o_clock_shadow,0.5368686868686869,0.5425505050505051,iterative_all_layers,chubby,pclarc,19,0.543939393939394,-0.007070707070707005,2.0,
arched_eyebrows,0.5941667515015779,0.6458312124605518,iterative_all_layers,chubby,pclarc,19,0.5739590756388069,0.020207675862771057,2.0,
attractive,0.5081967213114754,0.5159310634720471,iterative_all_layers,chubby,pclarc,19,0.5056326187473729,0.002564102564102555,2.0,
bags_under_eyes,0.4914772727272727,0.42159090909090907,iterative_all_layers,chubby,pclarc,19,0.49261363636363636,-0.0011363636363636576,2.0,
bald,0.6808510638297872,0.8042349587702331,iterative_all_layers,chubby,pclarc,19,0.6784587193321796,0.0023923444976076125,2.0,
bangs,0.7777504307162195,0.8491262613832143,iterative_all_layers,chubby,pclarc,19,0.7819345311346295,-0.004184100418409997,2.0,
big_lips,0.5113572291582763,0.4877164720096657,iterative_all_layers,chubby,pclarc,19,0.5038260169150222,0.007531212243254148,2.0,
big_nose,0.5742610837438424,0.6345443349753694,iterative_all_layers,chubby,pclarc,19,0.5979064039408867,-0.02364532019704424,2.0,
black_hair,0.7447916666666667,0.8649088541666666,iterative_all_layers,chubby,pclarc,19,0.7421875,0.0026041666666667407,2.0,
blond_hair,0.9036426285995569,0.9320698990893429,iterative_all_layers,chubby,pclarc,19,0.8910903273443269,0.012552301255229992,2.0,
blurry,0.5963114754098361,0.7062841530054645,iterative_all_layers,chubby,pclarc,19,0.6174863387978142,-0.021174863387978138,2.0,
brown_hair,0.6255835667600373,0.7306255835667601,iterative_all_layers,chubby,pclarc,19,0.6596638655462185,-0.03408029878618113,2.0,
bushy_eyebrows,0.48794382617912035,0.5204027556968733,iterative_all_layers,chubby,pclarc,19,0.5298092209856916,-0.041865394806571254,2.0,
chubby,0.64453125,0.78131103515625,iterative_all_layers,chubby,pclarc,19,0.65625,-0.01171875,2.0,
double_chin,0.5736714975845411,0.6816878019323671,iterative_all_layers,chubby,pclarc,19,0.6105072463768115,-0.03683574879227047,2.0,
eyeglasses,0.8744957829116244,0.9557205720572057,iterative_all_layers,chubby,pclarc,19,0.8911807847451412,-0.016685001833516733,2.0,
goatee,0.6401515151515151,0.7588383838383839,iterative_all_layers,chubby,pclarc,19,0.6265151515151515,0.013636363636363669,2.0,
gray_hair,0.7716129032258064,0.8797132616487455,iterative_all_layers,chubby,pclarc,19,0.7805017921146953,-0.008888888888888835,2.0,
heavy_makeup,0.47445390596075526,0.5185733678884364,iterative_all_layers,chubby,pclarc,19,0.5444896951746266,-0.07003578921387138,2.0,
high_cheekbones,0.47302955665024626,0.44205665024630536,iterative_all_layers,chubby,pclarc,19,0.4745073891625616,-0.0014778325123153135,2.0,
male,0.981283422459893,0.9758195768425947,iterative_all_layers,chubby,pclarc,19,0.981283422459893,0.0,2.0,
mouth_slightly_open,0.5043358778625954,0.46314503816793895,iterative_all_layers,chubby,pclarc,19,0.4988702290076336,0.005465648854961758,2.0,
mustache,0.7382345349737589,0.8462531188161404,iterative_all_layers,chubby,pclarc,19,0.735696463907769,0.002538071065989911,2.0,
narrow_eyes,0.5004441483455474,0.5538529868976237,iterative_all_layers,chubby,pclarc,19,0.608927381745503,-0.10848323339995558,2.0,
no_beard,0.5279868751206331,0.5805185614102811,iterative_all_layers,chubby,pclarc,19,0.5362220935469343,-0.00823521842630115,2.0,
oval_face,0.4933165195460278,0.48978562421185373,iterative_all_layers,chubby,pclarc,19,0.5045817570407735,-0.011265237494745672,2.0,
pale_skin,0.5857723577235773,0.8016260162601626,iterative_all_layers,chubby,pclarc,19,0.6195121951219512,-0.03373983739837394,2.0,
pointy_nose,0.44873737373737377,0.430050505050505,iterative_all_layers,chubby,pclarc,19,0.5202020202020202,-0.07146464646464645,2.0,
receding_hairline,0.5181588902900378,0.5609920134510299,iterative_all_layers,chubby,pclarc,19,0.49663724253888186,0.021521647751155948,2.0,
rosy_cheeks,0.7679645457423235,0.781576448243115,iterative_all_layers,chubby,pclarc,19,0.6566951566951567,0.11126938904716688,2.0,
sideburns,0.5826115922718188,0.6393515434155007,iterative_all_layers,chubby,pclarc,19,0.5889407061958695,-0.006329113924050667,2.0,
smiling,0.8033577533577534,0.9237484737484738,iterative_all_layers,chubby,pclarc,19,0.83003663003663,-0.026678876678876584,2.0,
straight_hair,0.4372082166199813,0.44887955182072825,iterative_all_layers,chubby,pclarc,19,0.4561157796451914,-0.018907563025210072,2.0,
wavy_hair,0.5806174957118353,0.5756861063464838,iterative_all_layers,chubby,pclarc,19,0.6076329331046312,-0.027015437392795882,2.0,
wearing_earrings,0.6746425617393359,0.7598960179605341,iterative_all_layers,chubby,pclarc,19,0.7058962542833511,-0.03125369254401522,2.0,
wearing_hat,0.8595576619273302,0.9545023696682464,iterative_all_layers,chubby,pclarc,19,0.8706687730384413,-0.011111111111111072,2.0,
wearing_lipstick,0.4450474898236092,0.4504748982360922,iterative_all_layers,chubby,pclarc,19,0.45585707824513794,-0.010809588421528737,2.0,
wearing_necklace,0.6515704154002027,0.6966565349544073,iterative_all_layers,chubby,pclarc,19,0.6082066869300912,0.043363728470111496,2.0,
wearing_necktie,0.5823319982198487,0.5984646194926568,iterative_all_layers,chubby,pclarc,19,0.6297285269247885,-0.04739652870493982,2.0,
young,0.845307917888563,0.9320014662756599,iterative_all_layers,chubby,pclarc,19,0.8528836754643205,-0.007575757575757569,2.0,
5_o_clock_shadow,0.5482323232323232,0.5478535353535354,iterative_all_layers,chubby,pclarc,20,0.543939393939394,0.004292929292929237,2.0,
arched_eyebrows,0.5835284536292376,0.6397230988496386,iterative_all_layers,chubby,pclarc,20,0.5739590756388069,0.009569377990430672,2.0,
attractive,0.5,0.5104665825977301,iterative_all_layers,chubby,pclarc,20,0.5056326187473729,-0.005632618747372864,2.0,
bags_under_eyes,0.48636363636363633,0.41278409090909085,iterative_all_layers,chubby,pclarc,20,0.49261363636363636,-0.006250000000000033,2.0,
bald,0.6678204214598391,0.8091214496589636,iterative_all_layers,chubby,pclarc,20,0.6784587193321796,-0.010638297872340496,2.0,
bangs,0.7651981294609894,0.8506030027073591,iterative_all_layers,chubby,pclarc,20,0.7819345311346295,-0.0167364016736401,2.0,
big_lips,0.511840515505437,0.508336689488522,iterative_all_layers,chubby,pclarc,20,0.5038260169150222,0.00801449859041481,2.0,
big_nose,0.5800492610837439,0.6240763546798029,iterative_all_layers,chubby,pclarc,20,0.5979064039408867,-0.017857142857142794,2.0,
black_hair,0.7395833333333333,0.8694661458333334,iterative_all_layers,chubby,pclarc,20,0.7421875,-0.0026041666666667407,2.0,
blond_hair,0.909918779227172,0.9273935515628846,iterative_all_layers,chubby,pclarc,20,0.8910903273443269,0.0188284518828451,2.0,
blurry,0.5881147540983607,0.6755464480874317,iterative_all_layers,chubby,pclarc,20,0.6174863387978142,-0.029371584699453557,2.0,
brown_hair,0.6470588235294118,0.7331932773109244,iterative_all_layers,chubby,pclarc,20,0.6596638655462185,-0.012605042016806678,2.0,
bushy_eyebrows,0.4924483306836248,0.5174880763116056,iterative_all_layers,chubby,pclarc,20,0.5298092209856916,-0.037360890302066796,2.0,
chubby,0.65625,0.78936767578125,iterative_all_layers,chubby,pclarc,20,0.65625,0.0,2.0,
double_chin,0.5860507246376812,0.6776871980676329,iterative_all_layers,chubby,pclarc,20,0.6105072463768115,-0.024456521739130377,2.0,
eyeglasses,0.8578107810781077,0.951870187018702,iterative_all_layers,chubby,pclarc,20,0.8911807847451412,-0.033370003667033465,2.0,
goatee,0.6585858585858586,0.764520202020202,iterative_all_layers,chubby,pclarc,20,0.6265151515151515,0.03207070707070714,2.0,
gray_hair,0.7738351254480287,0.8878853046594982,iterative_all_layers,chubby,pclarc,20,0.7805017921146953,-0.006666666666666599,2.0,
heavy_makeup,0.4834012094286067,0.5130198691842528,iterative_all_layers,chubby,pclarc,20,0.5444896951746266,-0.06108848574601994,2.0,
high_cheekbones,0.47807881773399014,0.4416871921182266,iterative_all_layers,chubby,pclarc,20,0.4745073891625616,0.0035714285714285587,2.0,
male,0.981283422459893,0.9740370456482987,iterative_all_layers,chubby,pclarc,20,0.981283422459893,0.0,2.0,
mouth_slightly_open,0.4967022900763359,0.48879389312977095,iterative_all_layers,chubby,pclarc,20,0.4988702290076336,-0.0021679389312977415,2.0,
mustache,0.7187473113653962,0.8547707132409877,iterative_all_layers,chubby,pclarc,20,0.735696463907769,-0.016949152542372836,2.0,
narrow_eyes,0.5572951365756162,0.5463024650233177,iterative_all_layers,chubby,pclarc,20,0.608927381745503,-0.05163224516988674,2.0,
no_beard,0.5343563018722255,0.5859229235025414,iterative_all_layers,chubby,pclarc,20,0.5362220935469343,-0.0018657916747087944,2.0,
oval_face,0.5097099621689786,0.5003783102143757,iterative_all_layers,chubby,pclarc,20,0.5045817570407735,0.00512820512820511,2.0,
pale_skin,0.5817073170731707,0.7890243902439025,iterative_all_layers,chubby,pclarc,20,0.6195121951219512,-0.03780487804878052,2.0,
pointy_nose,0.47398989898989896,0.44671717171717173,iterative_all_layers,chubby,pclarc,20,0.5202020202020202,-0.04621212121212126,2.0,
receding_hairline,0.5232870954182429,0.5702395964691047,iterative_all_layers,chubby,pclarc,20,0.49663724253888186,0.026649852879361058,2.0,
rosy_cheeks,0.7741373852484963,0.8031022475466919,iterative_all_layers,chubby,pclarc,20,0.6566951566951567,0.11744222855333963,2.0,
sideburns,0.59526982011992,0.6382411725516323,iterative_all_layers,chubby,pclarc,20,0.5889407061958695,0.006329113924050556,2.0,
smiling,0.7993894993894994,0.9224053724053723,iterative_all_layers,chubby,pclarc,20,0.83003663003663,-0.030647130647130538,2.0,
straight_hair,0.46708683473389356,0.465452847805789,iterative_all_layers,chubby,pclarc,20,0.4561157796451914,0.010971055088702164,2.0,
wavy_hair,0.5806174957118353,0.5735420240137222,iterative_all_layers,chubby,pclarc,20,0.6076329331046312,-0.027015437392795882,2.0,
wearing_earrings,0.6710386387805742,0.7622592461302139,iterative_all_layers,chubby,pclarc,20,0.7058962542833511,-0.034857615502776884,2.0,
wearing_hat,0.8571879936808846,0.945550289626119,iterative_all_layers,chubby,pclarc,20,0.8706687730384413,-0.01348077935755665,2.0,
wearing_lipstick,0.4450474898236092,0.43699683401175937,iterative_all_layers,chubby,pclarc,20,0.45585707824513794,-0.010809588421528737,2.0,
wearing_necklace,0.662208713272543,0.7037487335359676,iterative_all_layers,chubby,pclarc,20,0.6082066869300912,0.05400202634245188,2.0,
wearing_necktie,0.534712950600801,0.5623052959501558,iterative_all_layers,chubby,pclarc,20,0.6297285269247885,-0.0950155763239875,2.0,
young,0.8566715542521994,0.9356060606060606,iterative_all_layers,chubby,pclarc,20,0.8528836754643205,0.0037878787878788955,2.0,
5_o_clock_shadow,0.5042929292929292,0.5353535353535354,iterative_all_layers,chubby,pclarc,21,0.543939393939394,-0.03964646464646471,2.0,
arched_eyebrows,0.5646442023821643,0.6367708439376972,iterative_all_layers,chubby,pclarc,21,0.5739590756388069,-0.009314873256642597,2.0,
attractive,0.5081967213114754,0.498108448928121,iterative_all_layers,chubby,pclarc,21,0.5056326187473729,0.002564102564102555,2.0,
bags_under_eyes,0.4892045454545455,0.40994318181818185,iterative_all_layers,chubby,pclarc,21,0.49261363636363636,-0.0034090909090908617,2.0,
bald,0.6678204214598391,0.8150259594828464,iterative_all_layers,chubby,pclarc,21,0.6784587193321796,-0.010638297872340496,2.0,
bangs,0.7672901796701944,0.8592173270982033,iterative_all_layers,chubby,pclarc,21,0.7819345311346295,-0.014644351464435101,2.0,
big_lips,0.4782923882400322,0.5240434957712444,iterative_all_layers,chubby,pclarc,21,0.5038260169150222,-0.025533628674989983,2.0,
big_nose,0.5413793103448276,0.5810344827586207,iterative_all_layers,chubby,pclarc,21,0.5979064039408867,-0.05652709359605912,2.0,
black_hair,0.7395833333333333,0.8670247395833334,iterative_all_layers,chubby,pclarc,21,0.7421875,-0.0026041666666667407,2.0,
blond_hair,0.905734678808762,0.9357617523997047,iterative_all_layers,chubby,pclarc,21,0.8910903273443269,0.014644351464435101,2.0,
blurry,0.5942622950819672,0.6728142076502732,iterative_all_layers,chubby,pclarc,21,0.6174863387978142,-0.023224043715847076,2.0,
brown_hair,0.5658263305322129,0.6939775910364145,iterative_all_layers,chubby,pclarc,21,0.6596638655462185,-0.0938375350140056,2.0,
bushy_eyebrows,0.47655007949125594,0.5111287758346582,iterative_all_layers,chubby,pclarc,21,0.5298092209856916,-0.05325914149443567,2.0,
chubby,0.66796875,0.80194091796875,iterative_all_layers,chubby,pclarc,21,0.65625,0.01171875,2.0,
double_chin,0.5942028985507246,0.6659873188405798,iterative_all_layers,chubby,pclarc,21,0.6105072463768115,-0.016304347826086918,2.0,
eyeglasses,0.8700953428676201,0.95012834616795,iterative_all_layers,chubby,pclarc,21,0.8911807847451412,-0.02108544187752104,2.0,
goatee,0.6654040404040404,0.763510101010101,iterative_all_layers,chubby,pclarc,21,0.6265151515151515,0.03888888888888897,2.0,
gray_hair,0.7410035842293907,0.8365591397849461,iterative_all_layers,chubby,pclarc,21,0.7805017921146953,-0.03949820788530456,2.0,
heavy_makeup,0.4677897075157349,0.5004319387881032,iterative_all_layers,chubby,pclarc,21,0.5444896951746266,-0.07669998765889174,2.0,
high_cheekbones,0.48669950738916257,0.44987684729064037,iterative_all_layers,chubby,pclarc,21,0.4745073891625616,0.01219211822660099,2.0,
male,0.981283422459893,0.9724095171665504,iterative_all_layers,chubby,pclarc,21,0.981283422459893,0.0,2.0,
mouth_slightly_open,0.5094351145038168,0.46998473282442743,iterative_all_layers,chubby,pclarc,21,0.4988702290076336,0.01056488549618323,2.0,
mustache,0.7806074163296911,0.8766239353006968,iterative_all_layers,chubby,pclarc,21,0.735696463907769,0.04491095242192211,2.0,
narrow_eyes,0.5626249167221852,0.5807239618032423,iterative_all_layers,chubby,pclarc,21,0.608927381745503,-0.04630246502331781,2.0,
no_beard,0.5566492955027987,0.579553496750949,iterative_all_layers,chubby,pclarc,21,0.5362220935469343,0.02042720195586445,2.0,
oval_face,0.5117696511139134,0.5019756200084069,iterative_all_layers,chubby,pclarc,21,0.5045817570407735,0.007187894073139911,2.0,
pale_skin,0.5878048780487805,0.7967479674796748,iterative_all_layers,chubby,pclarc,21,0.6195121951219512,-0.03170731707317076,2.0,
pointy_nose,0.4325757575757576,0.4013888888888889,iterative_all_layers,chubby,pclarc,21,0.5202020202020202,-0.08762626262626261,2.0,
receding_hairline,0.5412358133669609,0.5773854560739806,iterative_all_layers,chubby,pclarc,21,0.49663724253888186,0.044598570828079054,2.0,
rosy_cheeks,0.7336182336182336,0.792022792022792,iterative_all_layers,chubby,pclarc,21,0.6566951566951567,0.07692307692307698,2.0,
sideburns,0.6068176771041528,0.6266933155673995,iterative_all_layers,chubby,pclarc,21,0.5889407061958695,0.01787697090828333,2.0,
smiling,0.6942002442002442,0.8103785103785104,iterative_all_layers,chubby,pclarc,21,0.83003663003663,-0.1358363858363858,2.0,
straight_hair,0.44351073762838467,0.4892623716153127,iterative_all_layers,chubby,pclarc,21,0.4561157796451914,-0.012605042016806733,2.0,
wavy_hair,0.5347341337907375,0.5613207547169812,iterative_all_layers,chubby,pclarc,21,0.6076329331046312,-0.07289879931389365,2.0,
wearing_earrings,0.6549096065225097,0.7455984875339714,iterative_all_layers,chubby,pclarc,21,0.7058962542833511,-0.050986647760841386,2.0,
wearing_hat,0.8571879936808846,0.9357556608741442,iterative_all_layers,chubby,pclarc,21,0.8706687730384413,-0.01348077935755665,2.0,
wearing_lipstick,0.4516508367254636,0.4258706467661692,iterative_all_layers,chubby,pclarc,21,0.45585707824513794,-0.0042062415196743586,2.0,
wearing_necklace,0.634549138804458,0.6901722391084093,iterative_all_layers,chubby,pclarc,21,0.6082066869300912,0.02634245187436679,2.0,
wearing_necktie,0.5799955496217178,0.5798842901646639,iterative_all_layers,chubby,pclarc,21,0.6297285269247885,-0.04973297730307069,2.0,
young,0.8277126099706745,0.914894916911046,iterative_all_layers,chubby,pclarc,21,0.8528836754643205,-0.025171065493646005,2.0,
5_o_clock_shadow,0.5505050505050505,0.555050505050505,iterative_all_layers,chubby,pclarc,22,0.543939393939394,0.006565656565656552,2.0,
arched_eyebrows,0.559859513386949,0.6151888425124706,iterative_all_layers,chubby,pclarc,22,0.5739590756388069,-0.014099562251857933,2.0,
attractive,0.5,0.4697772173182009,iterative_all_layers,chubby,pclarc,22,0.5056326187473729,-0.005632618747372864,2.0,
bags_under_eyes,0.5017045454545455,0.42038352272727275,iterative_all_layers,chubby,pclarc,22,0.49261363636363636,0.009090909090909094,2.0,
bald,0.6500050900946758,0.7724727679934847,iterative_all_layers,chubby,pclarc,22,0.6784587193321796,-0.02845362923750383,2.0,
bangs,0.7799655427024366,0.8621708097464927,iterative_all_layers,chubby,pclarc,22,0.7819345311346295,-0.001968988432192953,2.0,
big_lips,0.5475231574708015,0.6042690293999194,iterative_all_layers,chubby,pclarc,22,0.5038260169150222,0.043697140555779335,2.0,
big_nose,0.5293103448275862,0.5747536945812808,iterative_all_layers,chubby,pclarc,22,0.5979064039408867,-0.06859605911330047,2.0,
black_hair,0.7135416666666667,0.8363444010416666,iterative_all_layers,chubby,pclarc,22,0.7421875,-0.02864583333333326,2.0,
blond_hair,0.9246861924686193,0.9579128722618754,iterative_all_layers,chubby,pclarc,22,0.8910903273443269,0.03359586512429236,2.0,
blurry,0.5717213114754098,0.6656420765027322,iterative_all_layers,chubby,pclarc,22,0.6174863387978142,-0.045765027322404395,2.0,
brown_hair,0.5422502334267041,0.6591970121381886,iterative_all_layers,chubby,pclarc,22,0.6596638655462185,-0.11741363211951439,2.0,
bushy_eyebrows,0.5194753577106519,0.528616852146264,iterative_all_layers,chubby,pclarc,22,0.5298092209856916,-0.010333863275039712,2.0,
chubby,0.66796875,0.78948974609375,iterative_all_layers,chubby,pclarc,22,0.65625,0.01171875,2.0,
double_chin,0.591183574879227,0.6539855072463767,iterative_all_layers,chubby,pclarc,22,0.6105072463768115,-0.019323671497584516,2.0,
eyeglasses,0.8373670700403374,0.9301430143014302,iterative_all_layers,chubby,pclarc,22,0.8911807847451412,-0.05381371470480378,2.0,
goatee,0.6492424242424243,0.726010101010101,iterative_all_layers,chubby,pclarc,22,0.6265151515151515,0.022727272727272818,2.0,
gray_hair,0.6964874551971325,0.7664516129032258,iterative_all_layers,chubby,pclarc,22,0.7805017921146953,-0.08401433691756277,2.0,
heavy_makeup,0.4995680612118968,0.510551647537949,iterative_all_layers,chubby,pclarc,22,0.5444896951746266,-0.04492163396272986,2.0,
high_cheekbones,0.4988916256157635,0.4653940886699507,iterative_all_layers,chubby,pclarc,22,0.4745073891625616,0.024384236453201924,2.0,
male,0.9480740912965977,0.9642718747578082,iterative_all_layers,chubby,pclarc,22,0.981283422459893,-0.033209331163295275,2.0,
mouth_slightly_open,0.5219847328244275,0.5195419847328244,iterative_all_layers,chubby,pclarc,22,0.4988702290076336,0.023114503816793863,2.0,
mustache,0.7713154951389487,0.8414350856061258,iterative_all_layers,chubby,pclarc,22,0.735696463907769,0.03561903123117971,2.0,
narrow_eyes,0.5552964690206529,0.5973795247612702,iterative_all_layers,chubby,pclarc,22,0.608927381745503,-0.0536309127248501,2.0,
no_beard,0.5566492955027987,0.5700315254455381,iterative_all_layers,chubby,pclarc,22,0.5362220935469343,0.02042720195586445,2.0,
oval_face,0.5061370323665405,0.5326607818411098,iterative_all_layers,chubby,pclarc,22,0.5045817570407735,0.001555275325767047,2.0,
pale_skin,0.5939024390243902,0.7930894308943089,iterative_all_layers,chubby,pclarc,22,0.6195121951219512,-0.025609756097561,2.0,
pointy_nose,0.4164141414141414,0.415530303030303,iterative_all_layers,chubby,pclarc,22,0.5202020202020202,-0.10378787878787882,2.0,
receding_hairline,0.5289617486338798,0.5788146279949559,iterative_all_layers,chubby,pclarc,22,0.49663724253888186,0.03232450609499793,2.0,
rosy_cheeks,0.6505223171889838,0.7856916745805635,iterative_all_layers,chubby,pclarc,22,0.6566951566951567,-0.006172839506172867,2.0,
sideburns,0.5667332889184987,0.5940484121696646,iterative_all_layers,chubby,pclarc,22,0.5889407061958695,-0.022207417277370745,2.0,
smiling,0.7057387057387057,0.8109279609279609,iterative_all_layers,chubby,pclarc,22,0.83003663003663,-0.1242979242979243,2.0,
straight_hair,0.42203548085901027,0.5294117647058822,iterative_all_layers,chubby,pclarc,22,0.4561157796451914,-0.03408029878618113,2.0,
wavy_hair,0.5683962264150944,0.6019511149228131,iterative_all_layers,chubby,pclarc,22,0.6076329331046312,-0.03923670668953683,2.0,
wearing_earrings,0.6621174524400331,0.6820276497695852,iterative_all_layers,chubby,pclarc,22,0.7058962542833511,-0.04377880184331806,2.0,
wearing_hat,0.8493417588204317,0.9363875724065298,iterative_all_layers,chubby,pclarc,22,0.8706687730384413,-0.021327014218009532,2.0,
wearing_lipstick,0.4938489371325192,0.4569877883310719,iterative_all_layers,chubby,pclarc,22,0.45585707824513794,0.03799185888738127,2.0,
wearing_necklace,0.5852077001013171,0.6855116514690982,iterative_all_layers,chubby,pclarc,22,0.6082066869300912,-0.022998986828774104,2.0,
wearing_necktie,0.5559635068980864,0.5414997774810859,iterative_all_layers,chubby,pclarc,22,0.6297285269247885,-0.07376502002670215,2.0,
young,0.7338709677419355,0.836021505376344,iterative_all_layers,chubby,pclarc,22,0.8528836754643205,-0.11901270772238504,2.0,
5_o_clock_shadow,0.44166666666666665,0.4351010101010101,iterative_all_layers,chubby,pclarc,23,0.543939393939394,-0.10227272727272729,2.0,
arched_eyebrows,0.5311513794156572,0.5876005293698462,iterative_all_layers,chubby,pclarc,23,0.5739590756388069,-0.04280769622314973,2.0,
attractive,0.49230769230769234,0.4895334174022699,iterative_all_layers,chubby,pclarc,23,0.5056326187473729,-0.013324926439680529,2.0,
bags_under_eyes,0.4710227272727273,0.4857244318181818,iterative_all_layers,chubby,pclarc,23,0.49261363636363636,-0.02159090909090905,2.0,
bald,0.48299908378295836,0.4739896162068614,iterative_all_layers,chubby,pclarc,23,0.6784587193321796,-0.19545963554922124,2.0,
bangs,0.5257199113955205,0.4085650996800394,iterative_all_layers,chubby,pclarc,23,0.7819345311346295,-0.256214619739109,2.0,
big_lips,0.5121627064035441,0.47917841320982685,iterative_all_layers,chubby,pclarc,23,0.5038260169150222,0.008336689488521953,2.0,
big_nose,0.5084975369458128,0.49993842364532015,iterative_all_layers,chubby,pclarc,23,0.5979064039408867,-0.08940886699507389,2.0,
black_hair,0.5130208333333333,0.470947265625,iterative_all_layers,chubby,pclarc,23,0.7421875,-0.22916666666666674,2.0,
blond_hair,0.5487324636967758,0.6502584297317253,iterative_all_layers,chubby,pclarc,23,0.8910903273443269,-0.34235786364755116,2.0,
blurry,0.5239071038251366,0.5925546448087432,iterative_all_layers,chubby,pclarc,23,0.6174863387978142,-0.09357923497267762,2.0,
brown_hair,0.5401493930905695,0.4995331465919701,iterative_all_layers,chubby,pclarc,23,0.6596638655462185,-0.11951447245564895,2.0,
bushy_eyebrows,0.5011923688394276,0.4599894011658718,iterative_all_layers,chubby,pclarc,23,0.5298092209856916,-0.02861685214626397,2.0,
chubby,0.59765625,0.61456298828125,iterative_all_layers,chubby,pclarc,23,0.65625,-0.05859375,2.0,
double_chin,0.5024154589371981,0.5427989130434783,iterative_all_layers,chubby,pclarc,23,0.6105072463768115,-0.10809178743961345,2.0,
eyeglasses,0.5224605793912724,0.47955628896222957,iterative_all_layers,chubby,pclarc,23,0.8911807847451412,-0.36872020535386874,2.0,
goatee,0.5709595959595959,0.5132575757575757,iterative_all_layers,chubby,pclarc,23,0.6265151515151515,-0.05555555555555558,2.0,
gray_hair,0.41727598566308244,0.43340501792114694,iterative_all_layers,chubby,pclarc,23,0.7805017921146953,-0.36322580645161284,2.0,
heavy_makeup,0.49500185116623474,0.5054917931630261,iterative_all_layers,chubby,pclarc,23,0.5444896951746266,-0.0494878440083919,2.0,
high_cheekbones,0.5346059113300492,0.5406403940886699,iterative_all_layers,chubby,pclarc,23,0.4745073891625616,0.06009852216748762,2.0,
male,0.5035650623885918,0.5290242579245137,iterative_all_layers,chubby,pclarc,23,0.981283422459893,-0.4777183600713012,2.0,
mouth_slightly_open,0.525618320610687,0.485618320610687,iterative_all_layers,chubby,pclarc,23,0.4988702290076336,0.026748091603053414,2.0,
mustache,0.5586337434397316,0.6215262840918868,iterative_all_layers,chubby,pclarc,23,0.735696463907769,-0.1770627204680374,2.0,
narrow_eyes,0.5541860981567843,0.5609593604263824,iterative_all_layers,chubby,pclarc,23,0.608927381745503,-0.05474128358871866,2.0,
no_beard,0.5064659332175256,0.4867786141671492,iterative_all_layers,chubby,pclarc,23,0.5362220935469343,-0.029756160329408643,2.0,
oval_face,0.5317360235393022,0.5461118116855821,iterative_all_layers,chubby,pclarc,23,0.5045817570407735,0.0271542664985287,2.0,
pale_skin,0.4634146341463415,0.5983739837398374,iterative_all_layers,chubby,pclarc,23,0.6195121951219512,-0.15609756097560973,2.0,
pointy_nose,0.4813131313131313,0.4957070707070707,iterative_all_layers,chubby,pclarc,23,0.5202020202020202,-0.03888888888888892,2.0,
receding_hairline,0.5033207229928541,0.4883564522908785,iterative_all_layers,chubby,pclarc,23,0.49663724253888186,0.006683480453972268,2.0,
rosy_cheeks,0.4156378600823045,0.4723013611902501,iterative_all_layers,chubby,pclarc,23,0.6566951566951567,-0.24105729661285213,2.0,
sideburns,0.512103042416167,0.4707972462802576,iterative_all_layers,chubby,pclarc,23,0.5889407061958695,-0.07683766377970247,2.0,
smiling,0.5531746031746032,0.5735042735042735,iterative_all_layers,chubby,pclarc,23,0.83003663003663,-0.27686202686202677,2.0,
straight_hair,0.5452847805788982,0.5721288515406162,iterative_all_layers,chubby,pclarc,23,0.4561157796451914,0.08916900093370678,2.0,
wavy_hair,0.49271012006861065,0.466016295025729,iterative_all_layers,chubby,pclarc,23,0.6076329331046312,-0.11492281303602053,2.0,
wearing_earrings,0.5408247666312183,0.501004371972114,iterative_all_layers,chubby,pclarc,23,0.7058962542833511,-0.16507148765213286,2.0,
wearing_hat,0.5289099526066351,0.5630331753554503,iterative_all_layers,chubby,pclarc,23,0.8706687730384413,-0.34175882043180617,2.0,
wearing_lipstick,0.5063772048846675,0.4949796472184532,iterative_all_layers,chubby,pclarc,23,0.45585707824513794,0.050520126639529594,2.0,
wearing_necklace,0.5371833839918947,0.5116514690982776,iterative_all_layers,chubby,pclarc,23,0.6082066869300912,-0.07102330293819648,2.0,
wearing_necktie,0.5036715620827771,0.49666221628838453,iterative_all_layers,chubby,pclarc,23,0.6297285269247885,-0.12605696484201145,2.0,
young,0.4652981427174976,0.4985948191593353,iterative_all_layers,chubby,pclarc,23,0.8528836754643205,-0.38758553274682295,2.0,
