target_attribute,bal_acc,auc,regime,debiased_concept,method,debias_layer,ba_raw,delta_ba,n_iterations,n_layers
5_o_clock_shadow,0.5936671966083731,0.6583200847906729,raw,none,none,-1,,,,
arched_eyebrows,0.5336538461538461,0.5447716346153846,raw,none,none,-1,,,,
attractive,0.49868107829891267,0.6117223187286882,raw,none,none,-1,,,,
bags_under_eyes,0.5104755570335883,0.48686398403724646,raw,none,none,-1,,,,
bald,0.743421052631579,0.7973057644110276,raw,none,none,-1,,,,
bangs,0.780952380952381,0.8492401215805471,raw,none,none,-1,,,,
big_lips,0.4759967780910189,0.48586387434554973,raw,none,none,-1,,,,
big_nose,0.6067608861726509,0.6735421441303795,raw,none,none,-1,,,,
black_hair,0.7118353344768439,0.8447684391080619,raw,none,none,-1,,,,
blond_hair,0.8527583527583528,0.9257964257964257,raw,none,none,-1,,,,
blurry,0.581829692940804,0.6100031655587211,raw,none,none,-1,,,,
brown_hair,0.6441053408811224,0.8114693576175239,raw,none,none,-1,,,,
bushy_eyebrows,0.5256637168141592,0.51976401179941,raw,none,none,-1,,,,
chubby,0.6801029159519726,0.7496783876500859,raw,none,none,-1,,,,
double_chin,0.6389380530973452,0.7452802359882006,raw,none,none,-1,,,,
eyeglasses,0.8670415466121386,0.95259782507668,raw,none,none,-1,,,,
goatee,0.6323864499468328,0.6852498860701808,raw,none,none,-1,,,,
gray_hair,0.8884297520661157,0.9663518299881936,raw,none,none,-1,,,,
heavy_makeup,0.5651138716356108,0.6082815734989648,raw,none,none,-1,,,,
high_cheekbones,0.5223214285714286,0.4744543650793651,raw,none,none,-1,,,,
male,0.9778481012658228,0.9779772668561094,raw,none,none,-1,,,,
mouth_slightly_open,0.5481199779181746,0.5662148070907195,raw,none,none,-1,,,,
mustache,0.7328377504848094,0.8120232708468003,raw,none,none,-1,,,,
narrow_eyes,0.6289424860853432,0.649721706864564,raw,none,none,-1,,,,
no_beard,0.5490595723378388,0.5048272902810556,raw,none,none,-1,,,,
oval_face,0.4896611768120148,0.4651382137415657,raw,none,none,-1,,,,
pale_skin,0.6291547958214625,0.7755618866729977,raw,none,none,-1,,,,
pointy_nose,0.4879931389365352,0.4997855917667239,raw,none,none,-1,,,,
receding_hairline,0.5275237917521927,0.5793991416309012,raw,none,none,-1,,,,
rosy_cheeks,0.6000590318772137,0.7564935064935066,raw,none,none,-1,,,,
sideburns,0.6473098330241187,0.7554730983302412,raw,none,none,-1,,,,
smiling,0.863709032773781,0.9390026440386152,raw,none,none,-1,,,,
straight_hair,0.661991341991342,0.6604329004329004,raw,none,none,-1,,,,
wavy_hair,0.574134730865815,0.6198274920842887,raw,none,none,-1,,,,
wearing_earrings,0.6529063309885228,0.7357768727631742,raw,none,none,-1,,,,
wearing_hat,0.875,0.9365234375,raw,none,none,-1,,,,
wearing_lipstick,0.49092615769712145,0.4818523153942428,raw,none,none,-1,,,,
wearing_necklace,0.5979933110367892,0.6989966555183947,raw,none,none,-1,,,,
wearing_necktie,0.5761714412613813,0.6000444148345547,raw,none,none,-1,,,,
young,0.8176058931860037,0.8853775322283609,raw,none,none,-1,,,,
5_o_clock_shadow,0.5936671966083731,0.6583200847906729,single,wearing_hat,diff_means,0,0.5936671966083731,0.0,,
arched_eyebrows,0.530448717948718,0.5443709935897436,single,wearing_hat,diff_means,0,0.5336538461538461,-0.0032051282051281937,,
attractive,0.5018657916747089,0.6116579810847327,single,wearing_hat,diff_means,0,0.49868107829891267,0.003184713375796233,,
bags_under_eyes,0.5159627535749917,0.48944130362487526,single,wearing_hat,diff_means,0,0.5104755570335883,0.005487196541403394,,
bald,0.743421052631579,0.7982456140350878,single,wearing_hat,diff_means,0,0.743421052631579,0.0,,
bangs,0.7788247213779129,0.8474164133738601,single,wearing_hat,diff_means,0,0.780952380952381,-0.0021276595744680327,,
big_lips,0.4759967780910189,0.4814337494965768,single,wearing_hat,diff_means,0,0.4759967780910189,0.0,,
big_nose,0.6035141329258976,0.6738604532722179,single,wearing_hat,diff_means,0,0.6067608861726509,-0.0032467532467532756,,
black_hair,0.7165523156089193,0.8406946826758147,single,wearing_hat,diff_means,0,0.7118353344768439,0.004716981132075415,,
blond_hair,0.8527583527583528,0.9281274281274281,single,wearing_hat,diff_means,0,0.8527583527583528,0.0,,
blurry,0.5880025324469769,0.6112693890471669,single,wearing_hat,diff_means,0,0.581829692940804,0.006172839506172867,,
brown_hair,0.6441053408811224,0.8139305931577653,single,wearing_hat,diff_means,0,0.6441053408811224,0.0,,
bushy_eyebrows,0.5089970501474926,0.5182890855457227,single,wearing_hat,diff_means,0,0.5256637168141592,-0.016666666666666607,,
chubby,0.6801029159519726,0.7503216123499142,single,wearing_hat,diff_means,0,0.6801029159519726,0.0,,
double_chin,0.6389380530973452,0.743952802359882,single,wearing_hat,diff_means,0,0.6389380530973452,0.0,,
eyeglasses,0.8715494005019053,0.9518542615484711,single,wearing_hat,diff_means,0,0.8670415466121386,0.004507853889766711,,
goatee,0.6386146133981467,0.682819383259912,single,wearing_hat,diff_means,0,0.6323864499468328,0.0062281634513139394,,
gray_hair,0.8884297520661157,0.9654663518299882,single,wearing_hat,diff_means,0,0.8884297520661157,0.0,,
heavy_makeup,0.5770186335403726,0.6082815734989648,single,wearing_hat,diff_means,0,0.5651138716356108,0.011904761904761862,,
high_cheekbones,0.5168650793650793,0.4782366071428572,single,wearing_hat,diff_means,0,0.5223214285714286,-0.005456349206349298,,
male,0.9778481012658228,0.9779772668561096,single,wearing_hat,diff_means,0,0.9778481012658228,0.0,,
mouth_slightly_open,0.5481199779181746,0.5654787462430229,single,wearing_hat,diff_means,0,0.5481199779181746,0.0,,
mustache,0.7448610213316096,0.8094376212023271,single,wearing_hat,diff_means,0,0.7328377504848094,0.012023270846800216,,
narrow_eyes,0.6330241187384045,0.6333951762523191,single,wearing_hat,diff_means,0,0.6289424860853432,0.004081632653061273,,
no_beard,0.5490595723378388,0.5019666738182078,single,wearing_hat,diff_means,0,0.5490595723378388,0.0,,
oval_face,0.4896611768120148,0.4637597039831677,single,wearing_hat,diff_means,0,0.4896611768120148,0.0,,
pale_skin,0.6312124089901867,0.7679645457423236,single,wearing_hat,diff_means,0,0.6291547958214625,0.002057613168724215,,
pointy_nose,0.5017152658662093,0.5012864493996569,single,wearing_hat,diff_means,0,0.4879931389365352,0.013722126929674117,,
receding_hairline,0.5318156372457548,0.5766001119611868,single,wearing_hat,diff_means,0,0.5275237917521927,0.0042918454935620964,,
rosy_cheeks,0.602125147579693,0.7526564344746163,single,wearing_hat,diff_means,0,0.6000590318772137,0.0020661157024793875,,
sideburns,0.6391465677179963,0.7543599257884972,single,wearing_hat,diff_means,0,0.6473098330241187,-0.008163265306122436,,
smiling,0.863709032773781,0.9393715796593495,single,wearing_hat,diff_means,0,0.863709032773781,0.0,,
straight_hair,0.661991341991342,0.6611255411255411,single,wearing_hat,diff_means,0,0.661991341991342,0.0,,
wavy_hair,0.5764821487061906,0.6140408341522,single,wearing_hat,diff_means,0,0.574134730865815,0.0023474178403756207,,
wearing_earrings,0.6483401209428606,0.7307170183882512,single,wearing_hat,diff_means,0,0.6529063309885228,-0.004566210045662156,,
wearing_hat,0.875,0.93756103515625,single,wearing_hat,diff_means,0,0.875,0.0,,
wearing_lipstick,0.48028785982478095,0.48341677096370467,single,wearing_hat,diff_means,0,0.49092615769712145,-0.010638297872340496,,
wearing_necklace,0.5722408026755853,0.7010033444816054,single,wearing_hat,diff_means,0,0.5979933110367892,-0.025752508361203907,,
wearing_necktie,0.5571840994892294,0.6198090162114146,single,wearing_hat,diff_means,0,0.5761714412613813,-0.01898734177215189,,
young,0.8176058931860037,0.8861141804788213,single,wearing_hat,diff_means,0,0.8176058931860037,0.0,,
5_o_clock_shadow,0.5914149443561209,0.6605723370429253,single,wearing_hat,diff_means,1,0.5936671966083731,-0.0022522522522522292,,
arched_eyebrows,0.530448717948718,0.5424679487179487,single,wearing_hat,diff_means,1,0.5336538461538461,-0.0032051282051281937,,
attractive,0.5018657916747089,0.6115293057968217,single,wearing_hat,diff_means,1,0.49868107829891267,0.003184713375796233,,
bags_under_eyes,0.5078982374459594,0.48441137346192215,single,wearing_hat,diff_means,1,0.5104755570335883,-0.002577319587628857,,
bald,0.743421052631579,0.799342105263158,single,wearing_hat,diff_means,1,0.743421052631579,0.0,,
bangs,0.7745694022289766,0.8480243161094224,single,wearing_hat,diff_means,1,0.780952380952381,-0.00638297872340432,,
big_lips,0.47076117599677814,0.48215867901731785,single,wearing_hat,diff_means,1,0.4759967780910189,-0.005235602094240788,,
big_nose,0.6067608861726509,0.6740514387573211,single,wearing_hat,diff_means,1,0.6067608861726509,0.0,,
black_hair,0.725557461406518,0.8417667238421955,single,wearing_hat,diff_means,1,0.7118353344768439,0.013722126929674117,,
blond_hair,0.8527583527583528,0.9271561771561772,single,wearing_hat,diff_means,1,0.8527583527583528,0.0,,
blurry,0.5515986071541628,0.6125356125356125,single,wearing_hat,diff_means,1,0.581829692940804,-0.030231085786641243,,
brown_hair,0.6420132906719173,0.8119616047255721,single,wearing_hat,diff_means,1,0.6441053408811224,-0.0020920502092051096,,
bushy_eyebrows,0.5234513274336283,0.515929203539823,single,wearing_hat,diff_means,1,0.5256637168141592,-0.0022123893805309214,,
chubby,0.6801029159519726,0.7491423670668953,single,wearing_hat,diff_means,1,0.6801029159519726,0.0,,
double_chin,0.6389380530973452,0.7452802359882006,single,wearing_hat,diff_means,1,0.6389380530973452,0.0,,
eyeglasses,0.8740124546890975,0.9535272794869412,single,wearing_hat,diff_means,1,0.8670415466121386,0.006970908076958882,,
goatee,0.6474251860853714,0.6811484125778521,single,wearing_hat,diff_means,1,0.6323864499468328,0.015038736138538567,,
gray_hair,0.8946280991735538,0.9645808736717827,single,wearing_hat,diff_means,1,0.8884297520661157,0.006198347107438051,,
heavy_makeup,0.5746376811594203,0.610248447204969,single,wearing_hat,diff_means,1,0.5651138716356108,0.00952380952380949,,
high_cheekbones,0.5178571428571429,0.47736855158730157,single,wearing_hat,diff_means,1,0.5223214285714286,-0.004464285714285698,,
male,0.9778481012658228,0.9779126840609663,single,wearing_hat,diff_means,1,0.9778481012658228,0.0,,
mouth_slightly_open,0.5433662516101331,0.5652333926271238,single,wearing_hat,diff_means,1,0.5481199779181746,-0.004753726308041495,,
mustache,0.7283128636069812,0.8071105365223012,single,wearing_hat,diff_means,1,0.7328377504848094,-0.004524886877828149,,
narrow_eyes,0.6432282003710575,0.6352504638218923,single,wearing_hat,diff_means,1,0.6289424860853432,0.014285714285714346,,
no_beard,0.5490595723378388,0.5016806121719231,single,wearing_hat,diff_means,1,0.5490595723378388,0.0,,
oval_face,0.4896611768120148,0.46368715083798884,single,wearing_hat,diff_means,1,0.4896611768120148,0.0,,
pale_skin,0.6312124089901867,0.7660652105096549,single,wearing_hat,diff_means,1,0.6291547958214625,0.002057613168724215,,
pointy_nose,0.4903516295025729,0.5,single,wearing_hat,diff_means,1,0.4879931389365352,0.0023584905660377076,,
receding_hairline,0.5318156372457548,0.5745474902033961,single,wearing_hat,diff_means,1,0.5275237917521927,0.0042918454935620964,,
rosy_cheeks,0.5979929161747344,0.7541322314049588,single,wearing_hat,diff_means,1,0.6000590318772137,-0.0020661157024792765,,
sideburns,0.6391465677179963,0.7521335807050092,single,wearing_hat,diff_means,1,0.6473098330241187,-0.008163265306122436,,
smiling,0.863709032773781,0.9402324294410624,single,wearing_hat,diff_means,1,0.863709032773781,0.0,,
straight_hair,0.6576623376623376,0.6632034632034632,single,wearing_hat,diff_means,1,0.661991341991342,-0.0043290043290044045,,
wavy_hair,0.5764821487061906,0.6141500163773337,single,wearing_hat,diff_means,1,0.574134730865815,0.0023474178403756207,,
wearing_earrings,0.6529063309885228,0.7320745402937184,single,wearing_hat,diff_means,1,0.6529063309885228,0.0,,
wearing_hat,0.875,0.93768310546875,single,wearing_hat,diff_means,1,0.875,0.0,,
wearing_lipstick,0.4856070087609512,0.48545056320400504,single,wearing_hat,diff_means,1,0.49092615769712145,-0.005319148936170248,,
wearing_necklace,0.5892976588628762,0.6998327759197324,single,wearing_hat,diff_means,1,0.5979933110367892,-0.008695652173912993,,
wearing_necktie,0.5550743948478792,0.6160337552742616,single,wearing_hat,diff_means,1,0.5761714412613813,-0.021097046413502074,,
young,0.8176058931860037,0.8860405156537754,single,wearing_hat,diff_means,1,0.8176058931860037,0.0,,
5_o_clock_shadow,0.6016163222045575,0.6587175410704822,single,wearing_hat,diff_means,2,0.5936671966083731,0.007949125596184436,,
arched_eyebrows,0.5504807692307692,0.546474358974359,single,wearing_hat,diff_means,2,0.5336538461538461,0.016826923076923017,,
attractive,0.5069162967252139,0.6128803963198868,single,wearing_hat,diff_means,2,0.49868107829891267,0.008235218426301205,,
bags_under_eyes,0.497588959095444,0.48179248420352516,single,wearing_hat,diff_means,2,0.5104755570335883,-0.012886597938144284,,
bald,0.743421052631579,0.8023182957393483,single,wearing_hat,diff_means,2,0.743421052631579,0.0,,
bangs,0.780952380952381,0.8482269503546098,single,wearing_hat,diff_means,2,0.780952380952381,0.0,,
big_lips,0.46552557390253724,0.4806282722513089,single,wearing_hat,diff_means,2,0.4759967780910189,-0.010471204188481686,,
big_nose,0.6035141329258976,0.6730965113318055,single,wearing_hat,diff_means,2,0.6067608861726509,-0.0032467532467532756,,
black_hair,0.7322041166380789,0.8390866209262435,single,wearing_hat,diff_means,2,0.7118353344768439,0.020368782161235055,,
blond_hair,0.8527583527583528,0.9283216783216783,single,wearing_hat,diff_means,2,0.8527583527583528,0.0,,
blurry,0.5900601456157012,0.6362773029439697,single,wearing_hat,diff_means,2,0.581829692940804,0.008230452674897193,,
brown_hair,0.6461973910903274,0.8107309869554516,single,wearing_hat,diff_means,2,0.6441053408811224,0.0020920502092049986,,
bushy_eyebrows,0.5278761061946903,0.5163716814159292,single,wearing_hat,diff_means,2,0.5256637168141592,0.0022123893805310324,,
chubby,0.6824614065180102,0.7463550600343053,single,wearing_hat,diff_means,2,0.6801029159519726,0.002358490566037652,,
double_chin,0.6345132743362832,0.7466076696165193,single,wearing_hat,diff_means,2,0.6389380530973452,-0.004424778761061954,,
eyeglasses,0.8571893298633702,0.9496235709638442,single,wearing_hat,diff_means,2,0.8670415466121386,-0.009852216748768461,,
goatee,0.6624639222239102,0.6846422603676136,single,wearing_hat,diff_means,2,0.6323864499468328,0.030077472277077355,,
gray_hair,0.8884297520661157,0.9660566706021252,single,wearing_hat,diff_means,2,0.8884297520661157,0.0,,
heavy_makeup,0.5651138716356108,0.6157349896480331,single,wearing_hat,diff_means,2,0.5651138716356108,0.0,,
high_cheekbones,0.5257936507936508,0.4794766865079365,single,wearing_hat,diff_means,2,0.5223214285714286,0.00347222222222221,,
male,0.9778481012658228,0.9781710152415398,single,wearing_hat,diff_means,2,0.9778481012658228,0.0,,
mouth_slightly_open,0.5433662516101331,0.5672575599582899,single,wearing_hat,diff_means,2,0.5481199779181746,-0.004753726308041495,,
mustache,0.7403361344537815,0.8108597285067873,single,wearing_hat,diff_means,2,0.7328377504848094,0.007498383968972178,,
narrow_eyes,0.6493506493506493,0.624860853432282,single,wearing_hat,diff_means,2,0.6289424860853432,0.020408163265306145,,
no_beard,0.5462347135807767,0.5006078809983552,single,wearing_hat,diff_means,2,0.5490595723378388,-0.0028248587570620654,,
oval_face,0.49245447290140026,0.4649205543060292,single,wearing_hat,diff_means,2,0.4896611768120148,0.002793296089385444,,
pale_skin,0.6291547958214625,0.7723963279518835,single,wearing_hat,diff_means,2,0.6291547958214625,0.0,,
pointy_nose,0.5083619210977701,0.49764150943396224,single,wearing_hat,diff_means,2,0.4879931389365352,0.020368782161234944,,
receding_hairline,0.5232319462586303,0.5771599178951297,single,wearing_hat,diff_means,2,0.5275237917521927,-0.0042918454935623185,,
rosy_cheeks,0.6000590318772137,0.7570838252656434,single,wearing_hat,diff_means,2,0.6000590318772137,0.0,,
sideburns,0.6330241187384045,0.7569573283858998,single,wearing_hat,diff_means,2,0.6473098330241187,-0.014285714285714235,,
smiling,0.863709032773781,0.9408473221422861,single,wearing_hat,diff_means,2,0.863709032773781,0.0,,
straight_hair,0.6576623376623376,0.6618181818181819,single,wearing_hat,diff_means,2,0.661991341991342,-0.0043290043290044045,,
wavy_hair,0.5601594060486953,0.6030134294136914,single,wearing_hat,diff_means,2,0.574134730865815,-0.013975324817119716,,
wearing_earrings,0.6506232259656917,0.7340491176107614,single,wearing_hat,diff_means,2,0.6529063309885228,-0.0022831050228311334,,
wearing_hat,0.8828125,0.93768310546875,single,wearing_hat,diff_means,2,0.875,0.0078125,,
wearing_lipstick,0.5003128911138923,0.49405506883604505,single,wearing_hat,diff_means,2,0.49092615769712145,0.009386733416770876,,
wearing_necklace,0.6107023411371237,0.7006688963210702,single,wearing_hat,diff_means,2,0.5979933110367892,0.012709030100334529,,
wearing_necktie,0.5708416611148124,0.6206973129025094,single,wearing_hat,diff_means,2,0.5761714412613813,-0.00532978014656893,,
young,0.8203683241252302,0.8843462246777164,single,wearing_hat,diff_means,2,0.8176058931860037,0.0027624309392264568,,
5_o_clock_shadow,0.5891626921038686,0.658320084790673,single,wearing_hat,diff_means,3,0.5936671966083731,-0.0045045045045044585,,
arched_eyebrows,0.5400641025641025,0.5424679487179488,single,wearing_hat,diff_means,3,0.5336538461538461,0.0064102564102563875,,
attractive,0.5069162967252139,0.6115293057968216,single,wearing_hat,diff_means,3,0.49868107829891267,0.008235218426301205,,
bags_under_eyes,0.49501163950781507,0.4707349517791819,single,wearing_hat,diff_means,3,0.5104755570335883,-0.015463917525773196,,
bald,0.743421052631579,0.8035714285714287,single,wearing_hat,diff_means,3,0.743421052631579,0.0,,
bangs,0.7788247213779129,0.8484295845997973,single,wearing_hat,diff_means,3,0.780952380952381,-0.0021276595744680327,,
big_lips,0.4656866693515908,0.4790173177607732,single,wearing_hat,diff_means,3,0.4759967780910189,-0.010310108739428114,,
big_nose,0.6035141329258976,0.6736694677871149,single,wearing_hat,diff_means,3,0.6067608861726509,-0.0032467532467532756,,
black_hair,0.7322041166380789,0.8393010291595198,single,wearing_hat,diff_means,3,0.7118353344768439,0.020368782161235055,,
blond_hair,0.8776223776223776,0.9281274281274281,single,wearing_hat,diff_means,3,0.8527583527583528,0.024864024864024836,,
blurry,0.5838873061095283,0.6445077556188668,single,wearing_hat,diff_means,3,0.581829692940804,0.002057613168724326,,
brown_hair,0.6482894412995324,0.8149150873738616,single,wearing_hat,diff_means,3,0.6441053408811224,0.004184100418409997,,
bushy_eyebrows,0.5089970501474926,0.5157817109144542,single,wearing_hat,diff_means,3,0.5256637168141592,-0.016666666666666607,,
chubby,0.6824614065180102,0.7449614065180103,single,wearing_hat,diff_means,3,0.6801029159519726,0.002358490566037652,,
double_chin,0.6411504424778761,0.7479351032448378,single,wearing_hat,diff_means,3,0.6389380530973452,0.0022123893805309214,,
eyeglasses,0.8596523840505623,0.94637048052793,single,wearing_hat,diff_means,3,0.8670415466121386,-0.00738916256157629,,
goatee,0.6474251860853714,0.6879842017317332,single,wearing_hat,diff_means,3,0.6323864499468328,0.015038736138538567,,
gray_hair,0.884297520661157,0.9642857142857143,single,wearing_hat,diff_means,3,0.8884297520661157,-0.004132231404958775,,
heavy_makeup,0.5627329192546584,0.6132505175983437,single,wearing_hat,diff_means,3,0.5651138716356108,-0.0023809523809523725,,
high_cheekbones,0.5178571428571429,0.4801587301587301,single,wearing_hat,diff_means,3,0.5223214285714286,-0.004464285714285698,,
male,0.9778481012658228,0.9789460087832602,single,wearing_hat,diff_means,3,0.9778481012658228,0.0,,
mouth_slightly_open,0.5349628902655953,0.5673188983622646,single,wearing_hat,diff_means,3,0.5481199779181746,-0.01315708765257928,,
mustache,0.7425985778926956,0.8098254686489981,single,wearing_hat,diff_means,3,0.7328377504848094,0.009760827407886197,,
narrow_eyes,0.5998144712430427,0.6144712430426716,single,wearing_hat,diff_means,3,0.6289424860853432,-0.029128014842300542,,
no_beard,0.5462347135807767,0.49839090323964813,single,wearing_hat,diff_means,3,0.5490595723378388,-0.0028248587570620654,,
oval_face,0.49245447290140026,0.4646303417253138,single,wearing_hat,diff_means,3,0.4896611768120148,0.002793296089385444,,
pale_skin,0.6291547958214625,0.7711301044634378,single,wearing_hat,diff_means,3,0.6291547958214625,0.0,,
pointy_nose,0.5083619210977701,0.4946397941680961,single,wearing_hat,diff_means,3,0.4879931389365352,0.020368782161234944,,
receding_hairline,0.5275237917521927,0.5779063258070535,single,wearing_hat,diff_means,3,0.5275237917521927,0.0,,
rosy_cheeks,0.602125147579693,0.7632821723730814,single,wearing_hat,diff_means,3,0.6000590318772137,0.0020661157024793875,,
sideburns,0.6309833024118738,0.7562152133580705,single,wearing_hat,diff_means,3,0.6473098330241187,-0.01632653061224487,,
smiling,0.863709032773781,0.9400479616306955,single,wearing_hat,diff_means,3,0.863709032773781,0.0,,
straight_hair,0.6576623376623376,0.6626839826839827,single,wearing_hat,diff_means,3,0.661991341991342,-0.0043290043290044045,,
wavy_hair,0.5601594060486953,0.5964624959056665,single,wearing_hat,diff_means,3,0.574134730865815,-0.013975324817119716,,
wearing_earrings,0.6483401209428606,0.7362705170924349,single,wearing_hat,diff_means,3,0.6529063309885228,-0.004566210045662156,,
wearing_hat,0.87109375,0.93707275390625,single,wearing_hat,diff_means,3,0.875,-0.00390625,,
wearing_lipstick,0.49765331664580725,0.49788798498122655,single,wearing_hat,diff_means,3,0.49092615769712145,0.0067271589486858074,,
wearing_necklace,0.6063545150501672,0.7036789297658863,single,wearing_hat,diff_means,3,0.5979933110367892,0.008361204013378032,,
wearing_necktie,0.5771707750388629,0.6169220519653564,single,wearing_hat,diff_means,3,0.5761714412613813,0.0009993337774816258,,
young,0.8258931860036832,0.8830202578268876,single,wearing_hat,diff_means,3,0.8176058931860037,0.008287292817679481,,
5_o_clock_shadow,0.5891626921038686,0.6595124536301007,single,wearing_hat,diff_means,4,0.5936671966083731,-0.0045045045045044585,,
arched_eyebrows,0.5408653846153846,0.5446714743589745,single,wearing_hat,diff_means,4,0.5336538461538461,0.007211538461538436,,
attractive,0.5018657916747089,0.6109502670012225,single,wearing_hat,diff_means,4,0.49868107829891267,0.003184713375796233,,
bags_under_eyes,0.5130528766212172,0.4817924842035251,single,wearing_hat,diff_means,4,0.5104755570335883,0.002577319587628968,,
bald,0.743421052631579,0.8005952380952381,single,wearing_hat,diff_means,4,0.743421052631579,0.0,,
bangs,0.780952380952381,0.8490374873353597,single,wearing_hat,diff_means,4,0.780952380952381,0.0,,
big_lips,0.4786145791381393,0.48336689488521956,single,wearing_hat,diff_means,4,0.4759967780910189,0.002617801047120394,,
big_nose,0.6116628469569646,0.6724598930481283,single,wearing_hat,diff_means,4,0.6067608861726509,0.004901960784313708,,
black_hair,0.7345626072041167,0.8438036020583191,single,wearing_hat,diff_means,4,0.7118353344768439,0.022727272727272818,,
blond_hair,0.8527583527583528,0.9273504273504274,single,wearing_hat,diff_means,4,0.8527583527583528,0.0,,
blurry,0.5859449192782527,0.6226654004431782,single,wearing_hat,diff_means,4,0.581829692940804,0.004115226337448652,,
brown_hair,0.6461973910903274,0.8095003691853311,single,wearing_hat,diff_means,4,0.6441053408811224,0.0020920502092049986,,
bushy_eyebrows,0.5278761061946903,0.5171091445427729,single,wearing_hat,diff_means,4,0.5256637168141592,0.0022123893805310324,,
chubby,0.6824614065180102,0.7465694682675815,single,wearing_hat,diff_means,4,0.6801029159519726,0.002358490566037652,,
double_chin,0.6411504424778761,0.7474926253687316,single,wearing_hat,diff_means,4,0.6389380530973452,0.0022123893805309214,,
eyeglasses,0.8621154382377545,0.9511106980202622,single,wearing_hat,diff_means,4,0.8670415466121386,-0.004926108374384119,,
goatee,0.6474251860853714,0.6861613246240317,single,wearing_hat,diff_means,4,0.6323864499468328,0.015038736138538567,,
gray_hair,0.890495867768595,0.9651711924439197,single,wearing_hat,diff_means,4,0.8884297520661157,0.0020661157024792765,,
heavy_makeup,0.5627329192546584,0.6118012422360248,single,wearing_hat,diff_means,4,0.5651138716356108,-0.0023809523809523725,,
high_cheekbones,0.5109126984126985,0.47718253968253965,single,wearing_hat,diff_means,4,0.5223214285714286,-0.011408730158730118,,
male,0.9778481012658228,0.9781710152415397,single,wearing_hat,diff_means,4,0.9778481012658228,0.0,,
mouth_slightly_open,0.5439182972459057,0.5666441759185425,single,wearing_hat,diff_means,4,0.5481199779181746,-0.004201680672268893,,
mustache,0.7328377504848094,0.8144796380090498,single,wearing_hat,diff_means,4,0.7328377504848094,0.0,,
narrow_eyes,0.6411873840445269,0.637847866419295,single,wearing_hat,diff_means,4,0.6289424860853432,0.01224489795918371,,
no_beard,0.5490595723378388,0.5028248587570622,single,wearing_hat,diff_means,4,0.5490595723378388,0.0,,
oval_face,0.49245447290140026,0.46535587317710225,single,wearing_hat,diff_means,4,0.4896611768120148,0.002793296089385444,,
pale_skin,0.6291547958214625,0.7752453308008863,single,wearing_hat,diff_means,4,0.6291547958214625,0.0,,
pointy_nose,0.4856346483704974,0.4984991423670669,single,wearing_hat,diff_means,4,0.4879931389365352,-0.002358490566037763,,
receding_hairline,0.5253778690054115,0.5792125396529203,single,wearing_hat,diff_means,4,0.5275237917521927,-0.0021459227467811592,,
rosy_cheeks,0.6041912632821724,0.7612160566706021,single,wearing_hat,diff_means,4,0.6000590318772137,0.004132231404958775,,
sideburns,0.6432282003710575,0.7562152133580705,single,wearing_hat,diff_means,4,0.6473098330241187,-0.004081632653061162,,
smiling,0.863709032773781,0.9396175367398389,single,wearing_hat,diff_means,4,0.863709032773781,0.0,,
straight_hair,0.6398268398268399,0.6606060606060606,single,wearing_hat,diff_means,4,0.661991341991342,-0.022164502164502164,,
wavy_hair,0.5717873130254395,0.6112020962987226,single,wearing_hat,diff_means,4,0.574134730865815,-0.0023474178403755097,,
wearing_earrings,0.6529063309885228,0.734419350857707,single,wearing_hat,diff_means,4,0.6529063309885228,0.0,,
wearing_hat,0.8671875,0.9365234375,single,wearing_hat,diff_means,4,0.875,-0.0078125,,
wearing_lipstick,0.48498122653316644,0.4926470588235294,single,wearing_hat,diff_means,4,0.49092615769712145,-0.005944931163955003,,
wearing_necklace,0.5914715719063545,0.7031772575250835,single,wearing_hat,diff_means,4,0.5979933110367892,-0.006521739130434745,,
wearing_necktie,0.5656229180546303,0.6020430823895181,single,wearing_hat,diff_means,4,0.5761714412613813,-0.010548523206751037,,
young,0.8203683241252302,0.8847882136279925,single,wearing_hat,diff_means,4,0.8176058931860037,0.0027624309392264568,,
5_o_clock_shadow,0.6038685744568097,0.6603073661897192,single,wearing_hat,diff_means,5,0.5936671966083731,0.010201377848436666,,
arched_eyebrows,0.5512820512820513,0.5438701923076923,single,wearing_hat,diff_means,5,0.5336538461538461,0.017628205128205177,,
attractive,0.5018657916747089,0.6116579810847328,single,wearing_hat,diff_means,5,0.49868107829891267,0.003184713375796233,,
bags_under_eyes,0.4972564017292983,0.47198204190222814,single,wearing_hat,diff_means,5,0.5104755570335883,-0.013219155304289965,,
bald,0.743421052631579,0.799968671679198,single,wearing_hat,diff_means,5,0.743421052631579,0.0,,
bangs,0.7745694022289766,0.849645390070922,single,wearing_hat,diff_means,5,0.780952380952381,-0.00638297872340432,,
big_lips,0.4838501812323802,0.4863471606927104,single,wearing_hat,diff_means,5,0.4759967780910189,0.007853403141361293,,
big_nose,0.6084160937102113,0.6733511586452763,single,wearing_hat,diff_means,5,0.6067608861726509,0.0016552075375604325,,
black_hair,0.745926243567753,0.842409948542024,single,wearing_hat,diff_means,5,0.7118353344768439,0.03409090909090906,,
blond_hair,0.8548951048951049,0.9261849261849262,single,wearing_hat,diff_means,5,0.8527583527583528,0.002136752136752129,,
blurry,0.5797720797720798,0.6277302943969612,single,wearing_hat,diff_means,5,0.581829692940804,-0.002057613168724215,,
brown_hair,0.6461973910903274,0.8104848634014274,single,wearing_hat,diff_means,5,0.6441053408811224,0.0020920502092049986,,
bushy_eyebrows,0.5234513274336283,0.5146017699115044,single,wearing_hat,diff_means,5,0.5256637168141592,-0.0022123893805309214,,
chubby,0.6801029159519726,0.7439965694682675,single,wearing_hat,diff_means,5,0.6801029159519726,0.0,,
double_chin,0.643362831858407,0.7491150442477876,single,wearing_hat,diff_means,5,0.6389380530973452,0.004424778761061843,,
eyeglasses,0.8596523840505623,0.9490658983176876,single,wearing_hat,diff_means,5,0.8670415466121386,-0.00738916256157629,,
goatee,0.6646665653957162,0.6936047394804801,single,wearing_hat,diff_means,5,0.6323864499468328,0.03228011544888343,,
gray_hair,0.8822314049586777,0.9651711924439197,single,wearing_hat,diff_means,5,0.8884297520661157,-0.006198347107438051,,
heavy_makeup,0.5579710144927537,0.6103519668737061,single,wearing_hat,diff_means,5,0.5651138716356108,-0.0071428571428571175,,
high_cheekbones,0.5119047619047619,0.4786706349206349,single,wearing_hat,diff_means,5,0.5223214285714286,-0.01041666666666674,,
male,0.9778481012658228,0.9789460087832603,single,wearing_hat,diff_means,5,0.9778481012658228,0.0,,
mouth_slightly_open,0.5391645709378642,0.567932282402012,single,wearing_hat,diff_means,5,0.5481199779181746,-0.008955406980310388,,
mustache,0.7493859082094376,0.8152553329023917,single,wearing_hat,diff_means,5,0.7328377504848094,0.016548157724628254,,
narrow_eyes,0.6391465677179963,0.6285714285714286,single,wearing_hat,diff_means,5,0.6289424860853432,0.010204081632653073,,
no_beard,0.5427304584137882,0.5033254666380605,single,wearing_hat,diff_means,5,0.5490595723378388,-0.006329113924050556,,
oval_face,0.49245447290140026,0.46238119422476964,single,wearing_hat,diff_means,5,0.4896611768120148,0.002793296089385444,,
pale_skin,0.6270971826527383,0.7825261158594492,single,wearing_hat,diff_means,5,0.6291547958214625,-0.002057613168724215,,
pointy_nose,0.5197255574614065,0.4974271012006861,single,wearing_hat,diff_means,5,0.4879931389365352,0.0317324185248713,,
receding_hairline,0.5275237917521927,0.5821981713006158,single,wearing_hat,diff_means,5,0.5275237917521927,0.0,,
rosy_cheeks,0.6399055489964581,0.7650531286894924,single,wearing_hat,diff_means,5,0.6000590318772137,0.03984651711924447,,
sideburns,0.6432282003710575,0.7551020408163265,single,wearing_hat,diff_means,5,0.6473098330241187,-0.004081632653061162,,
smiling,0.863709032773781,0.9386337084178811,single,wearing_hat,diff_means,5,0.863709032773781,0.0,,
straight_hair,0.6284848484848485,0.6576623376623376,single,wearing_hat,diff_means,5,0.661991341991342,-0.033506493506493484,,
wavy_hair,0.5694398951850639,0.6053062561415001,single,wearing_hat,diff_means,5,0.574134730865815,-0.0046948356807511304,,
wearing_earrings,0.6620387510798469,0.7397260273972603,single,wearing_hat,diff_means,5,0.6529063309885228,0.00913242009132409,,
wearing_hat,0.8671875,0.93524169921875,single,wearing_hat,diff_means,5,0.875,-0.0078125,,
wearing_lipstick,0.4876408010012515,0.49601063829787234,single,wearing_hat,diff_means,5,0.49092615769712145,-0.0032853566958699343,,
wearing_necklace,0.6110367892976588,0.7073578595317727,single,wearing_hat,diff_means,5,0.5979933110367892,0.013043478260869601,,
wearing_necktie,0.5656229180546303,0.5971574505884965,single,wearing_hat,diff_means,5,0.5761714412613813,-0.010548523206751037,,
young,0.81646408839779,0.883756906077348,single,wearing_hat,diff_means,5,0.8176058931860037,-0.001141804788213685,,
5_o_clock_shadow,0.5869104398516163,0.65818759936407,single,wearing_hat,diff_means,6,0.5936671966083731,-0.006756756756756799,,
arched_eyebrows,0.5488782051282051,0.5442708333333333,single,wearing_hat,diff_means,6,0.5336538461538461,0.01522435897435892,,
attractive,0.5018657916747089,0.6110146046451779,single,wearing_hat,diff_means,6,0.49868107829891267,0.003184713375796233,,
bags_under_eyes,0.48403724642500834,0.4704855337545727,single,wearing_hat,diff_means,6,0.5104755570335883,-0.02643831060857993,,
bald,0.743421052631579,0.8016917293233082,single,wearing_hat,diff_means,6,0.743421052631579,0.0,,
bangs,0.7745694022289766,0.8520770010131713,single,wearing_hat,diff_means,6,0.780952380952381,-0.00638297872340432,,
big_lips,0.4761578735400725,0.4861860652436569,single,wearing_hat,diff_means,6,0.4759967780910189,0.0001610954490535721,,
big_nose,0.6068245480010186,0.6734784823020118,single,wearing_hat,diff_means,6,0.6067608861726509,6.36618283677004e-05,,
black_hair,0.7412092624356775,0.8399442538593482,single,wearing_hat,diff_means,6,0.7118353344768439,0.029373927958833645,,
blond_hair,0.8548951048951049,0.9267676767676768,single,wearing_hat,diff_means,6,0.8527583527583528,0.002136752136752129,,
blurry,0.6120607787274454,0.6327951883507439,single,wearing_hat,diff_means,6,0.581829692940804,0.030231085786641354,,
brown_hair,0.6461973910903274,0.8102387398474034,single,wearing_hat,diff_means,6,0.6441053408811224,0.0020920502092049986,,
bushy_eyebrows,0.5256637168141592,0.513716814159292,single,wearing_hat,diff_means,6,0.5256637168141592,0.0,,
chubby,0.6777444253859348,0.7427101200686107,single,wearing_hat,diff_means,6,0.6801029159519726,-0.002358490566037763,,
double_chin,0.6455752212389381,0.752802359882006,single,wearing_hat,diff_means,6,0.6389380530973452,0.006637168141592875,,
eyeglasses,0.8571893298633702,0.9459057533227995,single,wearing_hat,diff_means,6,0.8670415466121386,-0.009852216748768461,,
goatee,0.6452225429135653,0.6942123651830472,single,wearing_hat,diff_means,6,0.6323864499468328,0.012836092966732493,,
gray_hair,0.8822314049586777,0.9663518299881936,single,wearing_hat,diff_means,6,0.8884297520661157,-0.006198347107438051,,
heavy_makeup,0.5460662525879918,0.6113871635610766,single,wearing_hat,diff_means,6,0.5651138716356108,-0.01904761904761898,,
high_cheekbones,0.5084325396825397,0.47867063492063494,single,wearing_hat,diff_means,6,0.5223214285714286,-0.01388888888888895,,
male,0.9778481012658228,0.9793980883492638,single,wearing_hat,diff_means,6,0.9778481012658228,0.0,,
mouth_slightly_open,0.5355149359013679,0.568607004845734,single,wearing_hat,diff_means,6,0.5481199779181746,-0.012605042016806678,,
mustache,0.7493859082094376,0.8173238526179704,single,wearing_hat,diff_means,6,0.7328377504848094,0.016548157724628254,,
narrow_eyes,0.6371057513914657,0.623747680890538,single,wearing_hat,diff_means,6,0.6289424860853432,0.008163265306122547,,
no_beard,0.5342558821426018,0.5028963741686333,single,wearing_hat,diff_means,6,0.5490595723378388,-0.014803690195236974,,
oval_face,0.4980410650801712,0.4644126822897773,single,wearing_hat,diff_means,6,0.4896611768120148,0.008379888268156388,,
pale_skin,0.6270971826527383,0.7860082304526749,single,wearing_hat,diff_means,6,0.6291547958214625,-0.002057613168724215,,
pointy_nose,0.5102915951972555,0.4971054888507719,single,wearing_hat,diff_means,6,0.4879931389365352,0.022298456260720356,,
receding_hairline,0.5253778690054115,0.5855570069042731,single,wearing_hat,diff_means,6,0.5275237917521927,-0.0021459227467811592,,
rosy_cheeks,0.6419716646989374,0.7677095631641085,single,wearing_hat,diff_means,6,0.6000590318772137,0.04191263282172375,,
sideburns,0.6411873840445269,0.7569573283858998,single,wearing_hat,diff_means,6,0.6473098330241187,-0.006122448979591799,,
smiling,0.8594355285002767,0.9388796654983707,single,wearing_hat,diff_means,6,0.863709032773781,-0.004273504273504258,,
straight_hair,0.6284848484848485,0.6606060606060605,single,wearing_hat,diff_means,6,0.661991341991342,-0.033506493506493484,,
wavy_hair,0.5694398951850639,0.6042144338901627,single,wearing_hat,diff_means,6,0.574134730865815,-0.0046948356807511304,,
wearing_earrings,0.6688880661483401,0.7410835493027275,single,wearing_hat,diff_means,6,0.6529063309885228,0.015981735159817267,,
wearing_hat,0.859375,0.93585205078125,single,wearing_hat,diff_means,6,0.875,-0.015625,,
wearing_lipstick,0.4949937421777222,0.4969493116395495,single,wearing_hat,diff_means,6,0.49092615769712145,0.004067584480600739,,
wearing_necklace,0.6324414715719064,0.709866220735786,single,wearing_hat,diff_means,6,0.5979933110367892,0.034448160535117234,,
wearing_necktie,0.5656229180546303,0.5989340439706862,single,wearing_hat,diff_means,6,0.5761714412613813,-0.010548523206751037,,
young,0.8192265193370165,0.8826519337016575,single,wearing_hat,diff_means,6,0.8176058931860037,0.0016206261510127717,,
5_o_clock_shadow,0.5767090620031796,0.6588500264970852,single,wearing_hat,diff_means,7,0.5936671966083731,-0.016958134605193464,,
arched_eyebrows,0.5488782051282051,0.5424679487179487,single,wearing_hat,diff_means,7,0.5336538461538461,0.01522435897435892,,
attractive,0.5050505050505051,0.6076690471594929,single,wearing_hat,diff_means,7,0.49868107829891267,0.006369426751592411,,
bags_under_eyes,0.5004988360492184,0.47746923844363154,single,wearing_hat,diff_means,7,0.5104755570335883,-0.009976720984369858,,
bald,0.7255639097744361,0.800595238095238,single,wearing_hat,diff_means,7,0.743421052631579,-0.017857142857142905,,
bangs,0.783080040526849,0.8514690982776089,single,wearing_hat,diff_means,7,0.780952380952381,0.0021276595744680327,,
big_lips,0.4838501812323802,0.48360853805879983,single,wearing_hat,diff_means,7,0.4759967780910189,0.007853403141361293,,
big_nose,0.6100713012477719,0.6750700280112045,single,wearing_hat,diff_means,7,0.6067608861726509,0.003310415075120976,,
black_hair,0.7435677530017153,0.8406946826758148,single,wearing_hat,diff_means,7,0.7118353344768439,0.03173241852487141,,
blond_hair,0.8527583527583528,0.9265734265734265,single,wearing_hat,diff_means,7,0.8527583527583528,0.0,,
blurry,0.6079455523899968,0.6144349477682811,single,wearing_hat,diff_means,7,0.581829692940804,0.026115859449192813,,
brown_hair,0.6482894412995324,0.8092542456313069,single,wearing_hat,diff_means,7,0.6441053408811224,0.004184100418409997,,
bushy_eyebrows,0.5089970501474926,0.5119469026548673,single,wearing_hat,diff_means,7,0.5256637168141592,-0.016666666666666607,,
chubby,0.6801029159519726,0.7451758147512866,single,wearing_hat,diff_means,7,0.6801029159519726,0.0,,
double_chin,0.6389380530973452,0.7483775811209441,single,wearing_hat,diff_means,7,0.6389380530973452,0.0,,
eyeglasses,0.8571893298633702,0.9492517891997398,single,wearing_hat,diff_means,7,0.8670415466121386,-0.009852216748768461,,
goatee,0.6646665653957162,0.6945161780343309,single,wearing_hat,diff_means,7,0.6323864499468328,0.03228011544888343,,
gray_hair,0.8822314049586777,0.9675324675324675,single,wearing_hat,diff_means,7,0.8884297520661157,-0.006198347107438051,,
heavy_makeup,0.5484472049689442,0.6174948240165632,single,wearing_hat,diff_means,7,0.5651138716356108,-0.016666666666666607,,
high_cheekbones,0.5119047619047619,0.4778645833333333,single,wearing_hat,diff_means,7,0.5223214285714286,-0.01041666666666674,,
male,0.9778481012658228,0.9794626711444072,single,wearing_hat,diff_means,7,0.9778481012658228,0.0,,
mouth_slightly_open,0.5433662516101331,0.5685456664417592,single,wearing_hat,diff_means,7,0.5481199779181746,-0.004753726308041495,,
mustache,0.7516483516483516,0.8170652876535229,single,wearing_hat,diff_means,7,0.7328377504848094,0.018810601163542273,,
narrow_eyes,0.6330241187384045,0.6278293135435993,single,wearing_hat,diff_means,7,0.6289424860853432,0.004081632653061273,,
no_beard,0.5434098548237145,0.5034684974612029,single,wearing_hat,diff_means,7,0.5490595723378388,-0.005649717514124242,,
oval_face,0.49245447290140026,0.46339693825727346,single,wearing_hat,diff_means,7,0.4896611768120148,0.002793296089385444,,
pale_skin,0.6270971826527383,0.7834757834757835,single,wearing_hat,diff_means,7,0.6291547958214625,-0.002057613168724215,,
pointy_nose,0.49699828473413377,0.49989279588336194,single,wearing_hat,diff_means,7,0.4879931389365352,0.00900514579759859,,
receding_hairline,0.5189401007650681,0.5876096286620638,single,wearing_hat,diff_means,7,0.5275237917521927,-0.008583690987124526,,
rosy_cheeks,0.6461038961038961,0.7685950413223142,single,wearing_hat,diff_means,7,0.6000590318772137,0.046044864226682414,,
sideburns,0.6391465677179963,0.7532467532467533,single,wearing_hat,diff_means,7,0.6473098330241187,-0.008163265306122436,,
smiling,0.8594355285002767,0.9401709401709402,single,wearing_hat,diff_means,7,0.863709032773781,-0.004273504273504258,,
straight_hair,0.6398268398268399,0.6623376623376623,single,wearing_hat,diff_means,7,0.661991341991342,-0.022164502164502164,,
wavy_hair,0.5764821487061906,0.6011573315864177,single,wearing_hat,diff_means,7,0.574134730865815,0.0023474178403756207,,
wearing_earrings,0.6551894360113538,0.740219671726521,single,wearing_hat,diff_means,7,0.6529063309885228,0.0022831050228310223,,
wearing_hat,0.859375,0.93597412109375,single,wearing_hat,diff_means,7,0.875,-0.015625,,
wearing_lipstick,0.5050062578222778,0.4989048811013767,single,wearing_hat,diff_means,7,0.49092615769712145,0.01408010012515637,,
wearing_necklace,0.6088628762541806,0.7080267558528428,single,wearing_hat,diff_means,7,0.5979933110367892,0.010869565217391353,,
wearing_necktie,0.5782811459027315,0.6138130135465245,single,wearing_hat,diff_means,7,0.5761714412613813,0.002109704641350185,,
young,0.8219889502762431,0.8827255985267035,single,wearing_hat,diff_means,7,0.8176058931860037,0.0043830570902393395,,
5_o_clock_shadow,0.5744568097509274,0.6621621621621622,single,wearing_hat,diff_means,8,0.5936671966083731,-0.019210386857445694,,
arched_eyebrows,0.5384615384615384,0.5436698717948718,single,wearing_hat,diff_means,8,0.5336538461538461,0.004807692307692291,,
attractive,0.49868107829891267,0.6130090716077977,single,wearing_hat,diff_means,8,0.49868107829891267,0.0,,
bags_under_eyes,0.5137179913535085,0.48370468905886266,single,wearing_hat,diff_means,8,0.5104755570335883,0.0032424343199202177,,
bald,0.7255639097744361,0.8004385964912281,single,wearing_hat,diff_means,8,0.743421052631579,-0.017857142857142905,,
bangs,0.7915906788247213,0.8520770010131712,single,wearing_hat,diff_means,8,0.780952380952381,0.010638297872340385,,
big_lips,0.4838501812323802,0.4861055175191301,single,wearing_hat,diff_means,8,0.4759967780910189,0.007853403141361293,,
big_nose,0.6100713012477719,0.674942704354469,single,wearing_hat,diff_means,8,0.6067608861726509,0.003310415075120976,,
black_hair,0.7435677530017153,0.8435891938250429,single,wearing_hat,diff_means,8,0.7118353344768439,0.03173241852487141,,
blond_hair,0.8527583527583528,0.9269619269619269,single,wearing_hat,diff_means,8,0.8527583527583528,0.0,,
blurry,0.6100031655587211,0.6011396011396012,single,wearing_hat,diff_means,8,0.581829692940804,0.02817347261791714,,
brown_hair,0.6461973910903274,0.8097464927393552,single,wearing_hat,diff_means,8,0.6441053408811224,0.0020920502092049986,,
bushy_eyebrows,0.5256637168141592,0.512684365781711,single,wearing_hat,diff_means,8,0.5256637168141592,0.0,,
chubby,0.6801029159519726,0.7487135506003431,single,wearing_hat,diff_means,8,0.6801029159519726,0.0,,
double_chin,0.6411504424778761,0.7476401179941004,single,wearing_hat,diff_means,8,0.6389380530973452,0.0022123893805309214,,
eyeglasses,0.8690863463147133,0.9490658983176875,single,wearing_hat,diff_means,8,0.8670415466121386,0.002044799702574651,,
goatee,0.6819079447060611,0.6926933009266292,single,wearing_hat,diff_means,8,0.6323864499468328,0.04952149475922829,,
gray_hair,0.884297520661157,0.9695985832349469,single,wearing_hat,diff_means,8,0.8884297520661157,-0.004132231404958775,,
heavy_makeup,0.560351966873706,0.6227743271221533,single,wearing_hat,diff_means,8,0.5651138716356108,-0.004761904761904745,,
high_cheekbones,0.5153769841269842,0.47718253968253965,single,wearing_hat,diff_means,8,0.5223214285714286,-0.00694444444444442,,
male,0.9778481012658228,0.97875226039783,single,wearing_hat,diff_means,8,0.9778481012658228,0.0,,
mouth_slightly_open,0.5475679322824021,0.5702631417530516,single,wearing_hat,diff_means,8,0.5481199779181746,-0.0005520456357724912,,
mustache,0.7328377504848094,0.8152553329023917,single,wearing_hat,diff_means,8,0.7328377504848094,0.0,,
narrow_eyes,0.6330241187384045,0.6385899814471243,single,wearing_hat,diff_means,8,0.6289424860853432,0.004081632653061273,,
no_beard,0.5462347135807767,0.5052563827504828,single,wearing_hat,diff_means,8,0.5490595723378388,-0.0028248587570620654,,
oval_face,0.4896611768120148,0.46484800116085034,single,wearing_hat,diff_means,8,0.4896611768120148,0.0,,
pale_skin,0.6291547958214625,0.7812598923710035,single,wearing_hat,diff_means,8,0.6291547958214625,0.0,,
pointy_nose,0.5060034305317325,0.5009648370497427,single,wearing_hat,diff_means,8,0.4879931389365352,0.018010291595197292,,
receding_hairline,0.5210860235118493,0.5894756484418735,single,wearing_hat,diff_means,8,0.5275237917521927,-0.006437768240343367,,
rosy_cheeks,0.6083234946871311,0.7609208972845337,single,wearing_hat,diff_means,8,0.6000590318772137,0.008264462809917439,,
sideburns,0.6432282003710575,0.7554730983302412,single,wearing_hat,diff_means,8,0.6473098330241187,-0.004081632653061162,,
smiling,0.863709032773781,0.9403554079813072,single,wearing_hat,diff_means,8,0.863709032773781,0.0,,
straight_hair,0.661991341991342,0.6625108225108226,single,wearing_hat,diff_means,8,0.661991341991342,0.0,,
wavy_hair,0.5625068238890709,0.6021399716126214,single,wearing_hat,diff_means,8,0.574134730865815,-0.011627906976744096,,
wearing_earrings,0.6551894360113538,0.7368875725040109,single,wearing_hat,diff_means,8,0.6529063309885228,0.0022831050228310223,,
wearing_hat,0.87109375,0.93621826171875,single,wearing_hat,diff_means,8,0.875,-0.00390625,,
wearing_lipstick,0.49295994993742176,0.4921777221526909,single,wearing_hat,diff_means,8,0.49092615769712145,0.002033792240300314,,
wearing_necklace,0.5852842809364549,0.7040133779264215,single,wearing_hat,diff_means,8,0.5979933110367892,-0.012709030100334306,,
wearing_necktie,0.5740617366200311,0.6124805685098823,single,wearing_hat,diff_means,8,0.5761714412613813,-0.002109704641350185,,
young,0.8137016574585636,0.8840515653775323,single,wearing_hat,diff_means,8,0.8176058931860037,-0.003904235727440142,,
5_o_clock_shadow,0.5744568097509274,0.6641494435612082,single,wearing_hat,diff_means,9,0.5936671966083731,-0.019210386857445694,,
arched_eyebrows,0.5376602564102564,0.5412660256410257,single,wearing_hat,diff_means,9,0.5336538461538461,0.004006410256410242,,
attractive,0.49868107829891267,0.6128803963198868,single,wearing_hat,diff_means,9,0.49868107829891267,0.0,,
bags_under_eyes,0.5217825074825407,0.48395410708347186,single,wearing_hat,diff_means,9,0.5104755570335883,0.011306950448952469,,
bald,0.7255639097744361,0.8012218045112781,single,wearing_hat,diff_means,9,0.743421052631579,-0.017857142857142905,,
bangs,0.7873353596757852,0.8508611955420466,single,wearing_hat,diff_means,9,0.780952380952381,0.006382978723404209,,
big_lips,0.4786145791381393,0.48618606524365693,single,wearing_hat,diff_means,9,0.4759967780910189,0.002617801047120394,,
big_nose,0.6182200152788389,0.6766615737203973,single,wearing_hat,diff_means,9,0.6067608861726509,0.01145912910618796,,
black_hair,0.7184819897084047,0.8444468267581475,single,wearing_hat,diff_means,9,0.7118353344768439,0.006646655231560827,,
blond_hair,0.8527583527583528,0.9273504273504274,single,wearing_hat,diff_means,9,0.8527583527583528,0.0,,
blurry,0.5735992402659069,0.597974042418487,single,wearing_hat,diff_means,9,0.581829692940804,-0.008230452674897082,,
brown_hair,0.6420132906719173,0.8124538518336204,single,wearing_hat,diff_means,9,0.6441053408811224,-0.0020920502092051096,,
bushy_eyebrows,0.5256637168141592,0.5112094395280236,single,wearing_hat,diff_means,9,0.5256637168141592,0.0,,
chubby,0.6801029159519726,0.7510720411663808,single,wearing_hat,diff_means,9,0.6801029159519726,0.0,,
double_chin,0.6389380530973452,0.7466076696165193,single,wearing_hat,diff_means,9,0.6389380530973452,0.0,,
eyeglasses,0.8715494005019053,0.9500882981689749,single,wearing_hat,diff_means,9,0.8670415466121386,0.004507853889766711,,
goatee,0.6775026583624487,0.6879842017317332,single,wearing_hat,diff_means,9,0.6323864499468328,0.04511620841561592,,
gray_hair,0.884297520661157,0.9687131050767415,single,wearing_hat,diff_means,9,0.8884297520661157,-0.004132231404958775,,
heavy_makeup,0.5555900621118013,0.6253623188405797,single,wearing_hat,diff_means,9,0.5651138716356108,-0.00952380952380949,,
high_cheekbones,0.5178571428571429,0.47780257936507936,single,wearing_hat,diff_means,9,0.5223214285714286,-0.004464285714285698,,
male,0.9778481012658228,0.9785585120124,single,wearing_hat,diff_means,9,0.9778481012658228,0.0,,
mouth_slightly_open,0.5433662516101331,0.5718579402563945,single,wearing_hat,diff_means,9,0.5481199779181746,-0.004753726308041495,,
mustache,0.7471234647705236,0.816289592760181,single,wearing_hat,diff_means,9,0.7328377504848094,0.014285714285714235,,
narrow_eyes,0.6269016697588126,0.6423005565862709,single,wearing_hat,diff_means,9,0.6289424860853432,-0.0020408163265306367,,
no_beard,0.5462347135807767,0.5053278981620539,single,wearing_hat,diff_means,9,0.5490595723378388,-0.0028248587570620654,,
oval_face,0.4896611768120148,0.46579119204817526,single,wearing_hat,diff_means,9,0.4896611768120148,0.0,,
pale_skin,0.6291547958214625,0.7752453308008863,single,wearing_hat,diff_means,9,0.6291547958214625,0.0,,
pointy_nose,0.5083619210977701,0.5024656946826758,single,wearing_hat,diff_means,9,0.4879931389365352,0.020368782161234944,,
receding_hairline,0.5232319462586303,0.5870498227281209,single,wearing_hat,diff_means,9,0.5275237917521927,-0.0042918454935623185,,
rosy_cheeks,0.6083234946871311,0.7626918536009445,single,wearing_hat,diff_means,9,0.6000590318772137,0.008264462809917439,,
sideburns,0.6411873840445269,0.7539888682745826,single,wearing_hat,diff_means,9,0.6473098330241187,-0.006122448979591799,,
smiling,0.8594355285002767,0.9406013650617967,single,wearing_hat,diff_means,9,0.863709032773781,-0.004273504273504258,,
straight_hair,0.6554978354978356,0.6625108225108224,single,wearing_hat,diff_means,9,0.661991341991342,-0.00649350649350644,,
wavy_hair,0.567201659569822,0.6031226116388252,single,wearing_hat,diff_means,9,0.574134730865815,-0.006933071295992965,,
wearing_earrings,0.6529063309885228,0.7373812168332716,single,wearing_hat,diff_means,9,0.6529063309885228,0.0,,
wearing_hat,0.87109375,0.93682861328125,single,wearing_hat,diff_means,9,0.875,-0.00390625,,
wearing_lipstick,0.49765331664580725,0.4933510638297873,single,wearing_hat,diff_means,9,0.49092615769712145,0.0067271589486858074,,
wearing_necklace,0.5936454849498327,0.7050167224080269,single,wearing_hat,diff_means,9,0.5979933110367892,-0.004347826086956497,,
wearing_necktie,0.5698423273373306,0.6153675327559405,single,wearing_hat,diff_means,9,0.5761714412613813,-0.006329113924050667,,
young,0.8176058931860037,0.8825782688766115,single,wearing_hat,diff_means,9,0.8176058931860037,0.0,,
5_o_clock_shadow,0.5981717011128775,0.6624271330153683,single,wearing_hat,diff_means,10,0.5936671966083731,0.0045045045045044585,,
arched_eyebrows,0.5280448717948718,0.5444711538461539,single,wearing_hat,diff_means,10,0.5336538461538461,-0.005608974358974339,,
attractive,0.5018657916747089,0.6121726822363766,single,wearing_hat,diff_means,10,0.49868107829891267,0.003184713375796233,,
bags_under_eyes,0.5001662786830728,0.48570003325573663,single,wearing_hat,diff_means,10,0.5104755570335883,-0.010309278350515427,,
bald,0.7456140350877193,0.7982456140350878,single,wearing_hat,diff_means,10,0.743421052631579,0.002192982456140302,,
bangs,0.7852077001013171,0.8510638297872339,single,wearing_hat,diff_means,10,0.780952380952381,0.004255319148936176,,
big_lips,0.47337897704389853,0.4881192106322997,single,wearing_hat,diff_means,10,0.4759967780910189,-0.002617801047120394,,
big_nose,0.6133180544945251,0.6741787624140565,single,wearing_hat,diff_means,10,0.6067608861726509,0.006557168321874252,,
black_hair,0.7071183533447685,0.8471269296740994,single,wearing_hat,diff_means,10,0.7118353344768439,-0.004716981132075415,,
blond_hair,0.8527583527583528,0.925990675990676,single,wearing_hat,diff_means,10,0.8527583527583528,0.0,,
blurry,0.539252928141817,0.5808800253244698,single,wearing_hat,diff_means,10,0.581829692940804,-0.04257676479898698,,
brown_hair,0.6420132906719173,0.8107309869554518,single,wearing_hat,diff_means,10,0.6441053408811224,-0.0020920502092051096,,
bushy_eyebrows,0.5234513274336283,0.5147492625368733,single,wearing_hat,diff_means,10,0.5256637168141592,-0.0022123893805309214,,
chubby,0.6777444253859348,0.7507504288164666,single,wearing_hat,diff_means,10,0.6801029159519726,-0.002358490566037763,,
double_chin,0.6367256637168142,0.7461651917404131,single,wearing_hat,diff_means,10,0.6389380530973452,-0.0022123893805310324,,
eyeglasses,0.8740124546890975,0.951110698020262,single,wearing_hat,diff_means,10,0.8670415466121386,0.006970908076958882,,
goatee,0.6496278292571775,0.6891994531368677,single,wearing_hat,diff_means,10,0.6323864499468328,0.01724137931034475,,
gray_hair,0.8822314049586777,0.9669421487603305,single,wearing_hat,diff_means,10,0.8884297520661157,-0.006198347107438051,,
heavy_makeup,0.5579710144927537,0.6203933747412008,single,wearing_hat,diff_means,10,0.5651138716356108,-0.0071428571428571175,,
high_cheekbones,0.5203373015873015,0.4763144841269841,single,wearing_hat,diff_means,10,0.5223214285714286,-0.001984126984127088,,
male,0.9778481012658228,0.9782355980366831,single,wearing_hat,diff_means,10,0.9778481012658228,0.0,,
mouth_slightly_open,0.5475679322824021,0.571060541004723,single,wearing_hat,diff_means,10,0.5481199779181746,-0.0005520456357724912,,
mustache,0.7305753070458954,0.8152553329023917,single,wearing_hat,diff_means,10,0.7328377504848094,-0.002262443438914019,,
narrow_eyes,0.6289424860853432,0.6474953617810761,single,wearing_hat,diff_means,10,0.6289424860853432,0.0,,
no_beard,0.5434098548237145,0.5061860831009083,single,wearing_hat,diff_means,10,0.5490595723378388,-0.005649717514124242,,
oval_face,0.4868678807226293,0.46354204454763115,single,wearing_hat,diff_means,10,0.4896611768120148,-0.0027932960893854997,,
pale_skin,0.6312124089901867,0.7723963279518835,single,wearing_hat,diff_means,10,0.6291547958214625,0.002057613168724215,,
pointy_nose,0.5017152658662093,0.5008576329331047,single,wearing_hat,diff_means,10,0.4879931389365352,0.013722126929674117,,
receding_hairline,0.5232319462586303,0.5855570069042731,single,wearing_hat,diff_means,10,0.5275237917521927,-0.0042918454935623185,,
rosy_cheeks,0.6041912632821724,0.7603305785123967,single,wearing_hat,diff_means,10,0.6000590318772137,0.004132231404958775,,
sideburns,0.6411873840445269,0.7532467532467532,single,wearing_hat,diff_means,10,0.6473098330241187,-0.006122448979591799,,
smiling,0.863709032773781,0.939802004550206,single,wearing_hat,diff_means,10,0.863709032773781,0.0,,
straight_hair,0.661991341991342,0.660952380952381,single,wearing_hat,diff_means,10,0.661991341991342,0.0,,
wavy_hair,0.5764821487061906,0.608909269570914,single,wearing_hat,diff_means,10,0.574134730865815,0.0023474178403756207,,
wearing_earrings,0.6551894360113538,0.7360236949278045,single,wearing_hat,diff_means,10,0.6529063309885228,0.0022831050228310223,,
wearing_hat,0.87890625,0.9364013671875,single,wearing_hat,diff_means,10,0.875,0.00390625,,
wearing_lipstick,0.4856070087609512,0.4889705882352941,single,wearing_hat,diff_means,10,0.49092615769712145,-0.005319148936170248,,
wearing_necklace,0.5936454849498327,0.7030100334448159,single,wearing_hat,diff_means,10,0.5979933110367892,-0.004347826086956497,,
wearing_necktie,0.5719520319786808,0.6078170108816344,single,wearing_hat,diff_means,10,0.5761714412613813,-0.0042194092827004814,,
young,0.8176058931860037,0.8840515653775322,single,wearing_hat,diff_means,10,0.8176058931860037,0.0,,
5_o_clock_shadow,0.5812135665076842,0.6605723370429254,single,wearing_hat,diff_means,11,0.5936671966083731,-0.012453630100688895,,
arched_eyebrows,0.5408653846153846,0.5469751602564102,single,wearing_hat,diff_means,11,0.5336538461538461,0.007211538461538436,,
attractive,0.5050505050505051,0.6133950974715306,single,wearing_hat,diff_means,11,0.49868107829891267,0.006369426751592411,,
bags_under_eyes,0.5053209178583306,0.4861988693049551,single,wearing_hat,diff_means,11,0.5104755570335883,-0.005154639175257714,,
bald,0.7456140350877193,0.7984022556390978,single,wearing_hat,diff_means,11,0.743421052631579,0.002192982456140302,,
bangs,0.7852077001013171,0.849645390070922,single,wearing_hat,diff_means,11,0.780952380952381,0.004255319148936176,,
big_lips,0.4759967780910189,0.4873137333870319,single,wearing_hat,diff_means,11,0.4759967780910189,0.0,,
big_nose,0.6133180544945251,0.6744334097275274,single,wearing_hat,diff_means,11,0.6067608861726509,0.006557168321874252,,
black_hair,0.7071183533447685,0.8481989708404802,single,wearing_hat,diff_means,11,0.7118353344768439,-0.004716981132075415,,
blond_hair,0.8527583527583528,0.9242424242424243,single,wearing_hat,diff_means,11,0.8527583527583528,0.0,,
blurry,0.5515986071541628,0.5571383349161126,single,wearing_hat,diff_means,11,0.581829692940804,-0.030231085786641243,,
brown_hair,0.6399212404627123,0.8060546394289934,single,wearing_hat,diff_means,11,0.6441053408811224,-0.004184100418410108,,
bushy_eyebrows,0.5234513274336283,0.5163716814159292,single,wearing_hat,diff_means,11,0.5256637168141592,-0.0022123893805309214,,
chubby,0.6710977701543739,0.7488207547169812,single,wearing_hat,diff_means,11,0.6801029159519726,-0.009005145797598701,,
double_chin,0.6367256637168142,0.7454277286135694,single,wearing_hat,diff_means,11,0.6389380530973452,-0.0022123893805310324,,
eyeglasses,0.871967654986523,0.9520401524305232,single,wearing_hat,diff_means,11,0.8670415466121386,0.0049261083743843415,,
goatee,0.6345890931186389,0.6864651374753151,single,wearing_hat,diff_means,11,0.6323864499468328,0.0022026431718060735,,
gray_hair,0.8925619834710744,0.967827626918536,single,wearing_hat,diff_means,11,0.8884297520661157,0.004132231404958664,,
heavy_makeup,0.5651138716356108,0.6161490683229814,single,wearing_hat,diff_means,11,0.5651138716356108,0.0,,
high_cheekbones,0.5143849206349207,0.4756944444444445,single,wearing_hat,diff_means,11,0.5223214285714286,-0.007936507936507908,,
male,0.9778481012658228,0.9784939292172564,single,wearing_hat,diff_means,11,0.9778481012658228,0.0,,
mouth_slightly_open,0.5439182972459057,0.5683616512298351,single,wearing_hat,diff_means,11,0.5481199779181746,-0.004201680672268893,,
mustache,0.7305753070458954,0.8131868131868132,single,wearing_hat,diff_means,11,0.7328377504848094,-0.002262443438914019,,
narrow_eyes,0.6269016697588126,0.653061224489796,single,wearing_hat,diff_means,11,0.6289424860853432,-0.0020408163265306367,,
no_beard,0.5490595723378388,0.5044697132231997,single,wearing_hat,diff_means,11,0.5490595723378388,0.0,,
oval_face,0.4868678807226293,0.4634694914024523,single,wearing_hat,diff_means,11,0.4896611768120148,-0.0027932960893854997,,
pale_skin,0.6312124089901867,0.7803102247546693,single,wearing_hat,diff_means,11,0.6291547958214625,0.002057613168724215,,
pointy_nose,0.4903516295025729,0.5009648370497428,single,wearing_hat,diff_means,11,0.4879931389365352,0.0023584905660377076,,
receding_hairline,0.5253778690054115,0.586116812838216,single,wearing_hat,diff_means,11,0.5275237917521927,-0.0021459227467811592,,
rosy_cheeks,0.5938606847697757,0.7570838252656436,single,wearing_hat,diff_means,11,0.6000590318772137,-0.00619834710743794,,
sideburns,0.6473098330241187,0.7525046382189239,single,wearing_hat,diff_means,11,0.6473098330241187,0.0,,
smiling,0.8679825370472852,0.9385107298776363,single,wearing_hat,diff_means,11,0.863709032773781,0.004273504273504258,,
straight_hair,0.661991341991342,0.6632034632034632,single,wearing_hat,diff_means,11,0.661991341991342,0.0,,
wavy_hair,0.5764821487061906,0.6163336608800087,single,wearing_hat,diff_means,11,0.574134730865815,0.0023474178403756207,,
wearing_earrings,0.6460570159200296,0.7340491176107614,single,wearing_hat,diff_means,11,0.6529063309885228,-0.006849315068493178,,
wearing_hat,0.87890625,0.936767578125,single,wearing_hat,diff_means,11,0.875,0.00390625,,
wearing_lipstick,0.4862327909887359,0.484590112640801,single,wearing_hat,diff_means,11,0.49092615769712145,-0.004693366708385549,,
wearing_necklace,0.5936454849498327,0.7008361204013377,single,wearing_hat,diff_means,11,0.5979933110367892,-0.004347826086956497,,
wearing_necktie,0.5761714412613813,0.6058183433266711,single,wearing_hat,diff_means,11,0.5761714412613813,0.0,,
young,0.8176058931860037,0.8844198895027624,single,wearing_hat,diff_means,11,0.8176058931860037,0.0,,
5_o_clock_shadow,0.5891626921038686,0.6644144144144145,single,wearing_hat,diff_means,12,0.5936671966083731,-0.0045045045045044585,,
arched_eyebrows,0.5384615384615384,0.5464743589743589,single,wearing_hat,diff_means,12,0.5336538461538461,0.004807692307692291,,
attractive,0.5018657916747089,0.6142314868429518,single,wearing_hat,diff_means,12,0.49868107829891267,0.003184713375796233,,
bags_under_eyes,0.5188726305287662,0.48245759893581647,single,wearing_hat,diff_means,12,0.5104755570335883,0.008397073495177931,,
bald,0.7277568922305764,0.7973057644110276,single,wearing_hat,diff_means,12,0.743421052631579,-0.015664160401002603,,
bangs,0.7873353596757852,0.8508611955420466,single,wearing_hat,diff_means,12,0.780952380952381,0.006382978723404209,,
big_lips,0.47337897704389853,0.4853000402738622,single,wearing_hat,diff_means,12,0.4759967780910189,-0.002617801047120394,,
big_nose,0.6084160937102113,0.6747517188693659,single,wearing_hat,diff_means,12,0.6067608861726509,0.0016552075375604325,,
black_hair,0.7161234991423671,0.8486277873070326,single,wearing_hat,diff_means,12,0.7118353344768439,0.004288164665523175,,
blond_hair,0.8527583527583528,0.9240481740481741,single,wearing_hat,diff_means,12,0.8527583527583528,0.0,,
blurry,0.5371953149730928,0.5764482431149098,single,wearing_hat,diff_means,12,0.581829692940804,-0.04463437796771119,,
brown_hair,0.6420132906719173,0.8035934038887522,single,wearing_hat,diff_means,12,0.6441053408811224,-0.0020920502092051096,,
bushy_eyebrows,0.5234513274336283,0.5172566371681416,single,wearing_hat,diff_means,12,0.5256637168141592,-0.0022123893805309214,,
chubby,0.6663807890222985,0.7513936535162951,single,wearing_hat,diff_means,12,0.6801029159519726,-0.013722126929674117,,
double_chin,0.6278761061946903,0.7466076696165191,single,wearing_hat,diff_means,12,0.6389380530973452,-0.01106194690265494,,
eyeglasses,0.8740124546890975,0.9532484431638627,single,wearing_hat,diff_means,12,0.8670415466121386,0.006970908076958882,,
goatee,0.6624639222239102,0.692085675224062,single,wearing_hat,diff_means,12,0.6323864499468328,0.030077472277077355,,
gray_hair,0.8884297520661157,0.9704840613931522,single,wearing_hat,diff_means,12,0.8884297520661157,0.0,,
heavy_makeup,0.560351966873706,0.6245341614906832,single,wearing_hat,diff_means,12,0.5651138716356108,-0.004761904761904745,,
high_cheekbones,0.5248015873015873,0.47724454365079366,single,wearing_hat,diff_means,12,0.5223214285714286,0.0024801587301587213,,
male,0.9778481012658228,0.9786230948075433,single,wearing_hat,diff_means,12,0.9778481012658228,0.0,,
mouth_slightly_open,0.536619027172913,0.5722259706802428,single,wearing_hat,diff_means,12,0.5481199779181746,-0.011500950745261584,,
mustache,0.7471234647705236,0.8177117000646412,single,wearing_hat,diff_means,12,0.7328377504848094,0.014285714285714235,,
narrow_eyes,0.6269016697588126,0.651948051948052,single,wearing_hat,diff_means,12,0.6289424860853432,-0.0020408163265306367,,
no_beard,0.5462347135807767,0.5070442680397625,single,wearing_hat,diff_means,12,0.5490595723378388,-0.0028248587570620654,,
oval_face,0.4896611768120148,0.46492055430602913,single,wearing_hat,diff_means,12,0.4896611768120148,0.0,,
pale_skin,0.6312124089901867,0.7806267806267806,single,wearing_hat,diff_means,12,0.6291547958214625,0.002057613168724215,,
pointy_nose,0.4922813036020583,0.4960334476843911,single,wearing_hat,diff_means,12,0.4879931389365352,0.00428816466552312,,
receding_hairline,0.5210860235118493,0.587423026684083,single,wearing_hat,diff_means,12,0.5275237917521927,-0.006437768240343367,,
rosy_cheeks,0.6337072018890201,0.7585596221959858,single,wearing_hat,diff_means,12,0.6000590318772137,0.03364817001180642,,
sideburns,0.6350649350649351,0.7539888682745826,single,wearing_hat,diff_means,12,0.6473098330241187,-0.012244897959183598,,
smiling,0.8722560413207895,0.940970300682531,single,wearing_hat,diff_means,12,0.863709032773781,0.008547008547008517,,
straight_hair,0.6554978354978356,0.6647619047619049,single,wearing_hat,diff_means,12,0.661991341991342,-0.00649350649350644,,
wavy_hair,0.5648542417294464,0.605852167267169,single,wearing_hat,diff_means,12,0.574134730865815,-0.009280489136368586,,
wearing_earrings,0.6483401209428606,0.7379982722448476,single,wearing_hat,diff_means,12,0.6529063309885228,-0.004566210045662156,,
wearing_hat,0.87890625,0.9385986328125,single,wearing_hat,diff_means,12,0.875,0.00390625,,
wearing_lipstick,0.48028785982478095,0.4901439299123905,single,wearing_hat,diff_means,12,0.49092615769712145,-0.010638297872340496,,
wearing_necklace,0.612876254180602,0.7066889632107024,single,wearing_hat,diff_means,12,0.5979933110367892,0.014882943143812777,,
wearing_necktie,0.6045969353764157,0.6131467910282034,single,wearing_hat,diff_means,12,0.5761714412613813,0.028425494115034367,,
young,0.810939226519337,0.8833149171270718,single,wearing_hat,diff_means,12,0.8176058931860037,-0.00666666666666671,,
5_o_clock_shadow,0.5767090620031796,0.6641494435612083,single,wearing_hat,diff_means,13,0.5936671966083731,-0.016958134605193464,,
arched_eyebrows,0.5256410256410257,0.547275641025641,single,wearing_hat,diff_means,13,0.5336538461538461,-0.008012820512820484,,
attractive,0.5018657916747089,0.613588110403397,single,wearing_hat,diff_means,13,0.49868107829891267,0.003184713375796233,,
bags_under_eyes,0.5027435982707017,0.48403724642500834,single,wearing_hat,diff_means,13,0.5104755570335883,-0.0077319587628865705,,
bald,0.7456140350877193,0.7969924812030076,single,wearing_hat,diff_means,13,0.743421052631579,0.002192982456140302,,
bangs,0.7894630192502532,0.8500506585612968,single,wearing_hat,diff_means,13,0.780952380952381,0.008510638297872242,,
big_lips,0.47076117599677814,0.4861055175191301,single,wearing_hat,diff_means,13,0.4759967780910189,-0.005235602094240788,,
big_nose,0.6084160937102113,0.6727782021899668,single,wearing_hat,diff_means,13,0.6067608861726509,0.0016552075375604325,,
black_hair,0.7071183533447685,0.8494854202401372,single,wearing_hat,diff_means,13,0.7118353344768439,-0.004716981132075415,,
blond_hair,0.8527583527583528,0.9254079254079254,single,wearing_hat,diff_means,13,0.8527583527583528,0.0,,
blurry,0.539252928141817,0.5777144666033556,single,wearing_hat,diff_means,13,0.581829692940804,-0.04257676479898698,,
brown_hair,0.6420132906719173,0.8055623923209452,single,wearing_hat,diff_means,13,0.6441053408811224,-0.0020920502092051096,,
bushy_eyebrows,0.5278761061946903,0.5169616519174041,single,wearing_hat,diff_means,13,0.5256637168141592,0.0022123893805310324,,
chubby,0.6663807890222985,0.75,single,wearing_hat,diff_means,13,0.6801029159519726,-0.013722126929674117,,
double_chin,0.6278761061946903,0.746755162241888,single,wearing_hat,diff_means,13,0.6389380530973452,-0.01106194690265494,,
eyeglasses,0.8740124546890975,0.9530625522818106,single,wearing_hat,diff_means,13,0.8670415466121386,0.006970908076958882,,
goatee,0.6668692085675224,0.6911742366702113,single,wearing_hat,diff_means,13,0.6323864499468328,0.03448275862068961,,
gray_hair,0.8946280991735538,0.9675324675324675,single,wearing_hat,diff_means,13,0.8884297520661157,0.006198347107438051,,
heavy_makeup,0.560351966873706,0.6217391304347827,single,wearing_hat,diff_means,13,0.5651138716356108,-0.004761904761904745,,
high_cheekbones,0.529265873015873,0.47575644841269843,single,wearing_hat,diff_means,13,0.5223214285714286,0.00694444444444442,,
male,0.9778481012658228,0.9777835184706793,single,wearing_hat,diff_means,13,0.9778481012658228,0.0,,
mouth_slightly_open,0.5444703428816782,0.5704471569649757,single,wearing_hat,diff_means,13,0.5481199779181746,-0.0036496350364964014,,
mustache,0.7614091790562378,0.8205559146735617,single,wearing_hat,diff_means,13,0.7328377504848094,0.02857142857142847,,
narrow_eyes,0.624860853432282,0.6526901669758813,single,wearing_hat,diff_means,13,0.6289424860853432,-0.004081632653061162,,
no_beard,0.5490595723378388,0.5076879067439033,single,wearing_hat,diff_means,13,0.5490595723378388,0.0,,
oval_face,0.4896611768120148,0.4647754480156715,single,wearing_hat,diff_means,13,0.4896611768120148,0.0,,
pale_skin,0.6312124089901867,0.7752453308008864,single,wearing_hat,diff_means,13,0.6291547958214625,0.002057613168724215,,
pointy_nose,0.49699828473413377,0.4980703259005146,single,wearing_hat,diff_means,13,0.4879931389365352,0.00900514579759859,,
receding_hairline,0.516794178018287,0.586676618772159,single,wearing_hat,diff_means,13,0.5275237917521927,-0.010729613733905685,,
rosy_cheeks,0.6337072018890201,0.762987012987013,single,wearing_hat,diff_means,13,0.6000590318772137,0.03364817001180642,,
sideburns,0.6391465677179963,0.7539888682745826,single,wearing_hat,diff_means,13,0.6473098330241187,-0.008163265306122436,,
smiling,0.8679825370472852,0.939310090389227,single,wearing_hat,diff_means,13,0.863709032773781,0.004273504273504258,,
straight_hair,0.661991341991342,0.6647619047619048,single,wearing_hat,diff_means,13,0.661991341991342,0.0,,
wavy_hair,0.5648542417294464,0.6069439895185063,single,wearing_hat,diff_means,13,0.574134730865815,-0.009280489136368586,,
wearing_earrings,0.6506232259656917,0.7407133160557818,single,wearing_hat,diff_means,13,0.6529063309885228,-0.0022831050228311334,,
wearing_hat,0.875,0.9381103515625,single,wearing_hat,diff_means,13,0.875,0.0,,
wearing_lipstick,0.48826658322903627,0.4877190237797247,single,wearing_hat,diff_means,13,0.49092615769712145,-0.0026595744680851796,,
wearing_necklace,0.5936454849498327,0.7075250836120403,single,wearing_hat,diff_means,13,0.5979933110367892,-0.004347826086956497,,
wearing_necktie,0.5698423273373306,0.6080390850544082,single,wearing_hat,diff_means,13,0.5761714412613813,-0.006329113924050667,,
young,0.810939226519337,0.885377532228361,single,wearing_hat,diff_means,13,0.8176058931860037,-0.00666666666666671,,
5_o_clock_shadow,0.5936671966083731,0.6640169581346053,single,wearing_hat,diff_means,14,0.5936671966083731,0.0,,
arched_eyebrows,0.5232371794871795,0.5455729166666667,single,wearing_hat,diff_means,14,0.5336538461538461,-0.01041666666666663,,
attractive,0.5018657916747089,0.6130090716077978,single,wearing_hat,diff_means,14,0.49868107829891267,0.003184713375796233,,
bags_under_eyes,0.497588959095444,0.4804622547389425,single,wearing_hat,diff_means,14,0.5104755570335883,-0.012886597938144284,,
bald,0.7456140350877193,0.7965225563909775,single,wearing_hat,diff_means,14,0.743421052631579,0.002192982456140302,,
bangs,0.7894630192502532,0.8492401215805472,single,wearing_hat,diff_means,14,0.780952380952381,0.008510638297872242,,
big_lips,0.47337897704389853,0.48819975835682644,single,wearing_hat,diff_means,14,0.4759967780910189,-0.002617801047120394,,
big_nose,0.6051693404634582,0.6737967914438502,single,wearing_hat,diff_means,14,0.6067608861726509,-0.001591545709192732,,
black_hair,0.7047598627787307,0.8471269296740995,single,wearing_hat,diff_means,14,0.7118353344768439,-0.007075471698113178,,
blond_hair,0.8527583527583528,0.9244366744366745,single,wearing_hat,diff_means,14,0.8527583527583528,0.0,,
blurry,0.5371953149730928,0.5824628046850269,single,wearing_hat,diff_means,14,0.581829692940804,-0.04463437796771119,,
brown_hair,0.6420132906719173,0.8063007629830174,single,wearing_hat,diff_means,14,0.6441053408811224,-0.0020920502092051096,,
bushy_eyebrows,0.5300884955752212,0.5174041297935104,single,wearing_hat,diff_means,14,0.5256637168141592,0.004424778761061954,,
chubby,0.6710977701543739,0.7489279588336192,single,wearing_hat,diff_means,14,0.6801029159519726,-0.009005145797598701,,
double_chin,0.6367256637168142,0.7461651917404131,single,wearing_hat,diff_means,14,0.6389380530973452,-0.0022123893805310324,,
eyeglasses,0.8645784924249466,0.9515754252253927,single,wearing_hat,diff_means,14,0.8670415466121386,-0.0024630541871920597,,
goatee,0.6518304724289837,0.6898070788394349,single,wearing_hat,diff_means,14,0.6323864499468328,0.019444022482150936,,
gray_hair,0.8966942148760331,0.9669421487603305,single,wearing_hat,diff_means,14,0.8884297520661157,0.008264462809917328,,
heavy_makeup,0.560351966873706,0.6222567287784679,single,wearing_hat,diff_means,14,0.5651138716356108,-0.004761904761904745,,
high_cheekbones,0.5327380952380952,0.4774305555555556,single,wearing_hat,diff_means,14,0.5223214285714286,0.01041666666666663,,
male,0.9778481012658228,0.9777189356755361,single,wearing_hat,diff_means,14,0.9778481012658228,0.0,,
mouth_slightly_open,0.5360669815371404,0.5708765257927989,single,wearing_hat,diff_means,14,0.5481199779181746,-0.012052996381034187,,
mustache,0.7591467356173238,0.8205559146735617,single,wearing_hat,diff_means,14,0.7328377504848094,0.02630898513251445,,
narrow_eyes,0.6289424860853432,0.6504638218923933,single,wearing_hat,diff_means,14,0.6289424860853432,0.0,,
no_beard,0.5547092898519631,0.5063291139240507,single,wearing_hat,diff_means,14,0.5490595723378388,0.005649717514124353,,
oval_face,0.4868678807226293,0.46455778858013497,single,wearing_hat,diff_means,14,0.4896611768120148,-0.0027932960893854997,,
pale_skin,0.633270022158911,0.7761949984172206,single,wearing_hat,diff_means,14,0.6291547958214625,0.004115226337448541,,
pointy_nose,0.49463979416809606,0.49656946826758147,single,wearing_hat,diff_means,14,0.4879931389365352,0.006646655231560883,,
receding_hairline,0.516794178018287,0.5885426385519686,single,wearing_hat,diff_means,14,0.5275237917521927,-0.010729613733905685,,
rosy_cheeks,0.6357733175914994,0.7641676505312869,single,wearing_hat,diff_means,14,0.6000590318772137,0.0357142857142857,,
sideburns,0.6371057513914657,0.7573283858998145,single,wearing_hat,diff_means,14,0.6473098330241187,-0.010204081632652962,,
smiling,0.863709032773781,0.939802004550206,single,wearing_hat,diff_means,14,0.863709032773781,0.0,,
straight_hair,0.6598268398268399,0.6654545454545455,single,wearing_hat,diff_means,14,0.661991341991342,-0.0021645021645021467,,
wavy_hair,0.5648542417294464,0.6066164428431051,single,wearing_hat,diff_means,14,0.574134730865815,-0.009280489136368586,,
wearing_earrings,0.6483401209428606,0.7388621498210539,single,wearing_hat,diff_means,14,0.6529063309885228,-0.004566210045662156,,
wearing_hat,0.875,0.9376220703125,single,wearing_hat,diff_means,14,0.875,0.0,,
wearing_lipstick,0.4856070087609512,0.4867803504380476,single,wearing_hat,diff_means,14,0.49092615769712145,-0.005319148936170248,,
wearing_necklace,0.5914715719063545,0.7078595317725753,single,wearing_hat,diff_means,14,0.5979933110367892,-0.006521739130434745,,
wearing_necktie,0.5898290028869642,0.6024872307350655,single,wearing_hat,diff_means,14,0.5761714412613813,0.013657561625582848,,
young,0.8176058931860037,0.8847882136279926,single,wearing_hat,diff_means,14,0.8176058931860037,0.0,,
5_o_clock_shadow,0.6106253312135665,0.6621621621621622,single,wearing_hat,diff_means,15,0.5936671966083731,0.016958134605193464,,
arched_eyebrows,0.5232371794871795,0.5446714743589743,single,wearing_hat,diff_means,15,0.5336538461538461,-0.01041666666666663,,
attractive,0.5018657916747089,0.6097921894100239,single,wearing_hat,diff_means,15,0.49868107829891267,0.003184713375796233,,
bags_under_eyes,0.48952444296641173,0.4827070169604256,single,wearing_hat,diff_means,15,0.5104755570335883,-0.020951114067176535,,
bald,0.7255639097744361,0.7963659147869674,single,wearing_hat,diff_means,15,0.743421052631579,-0.017857142857142905,,
bangs,0.780952380952381,0.8455927051671732,single,wearing_hat,diff_means,15,0.780952380952381,0.0,,
big_lips,0.4759967780910189,0.4851389448248088,single,wearing_hat,diff_means,15,0.4759967780910189,0.0,,
big_nose,0.6067608861726509,0.6725872167048638,single,wearing_hat,diff_means,15,0.6067608861726509,0.0,,
black_hair,0.7118353344768439,0.8457332761578045,single,wearing_hat,diff_means,15,0.7118353344768439,0.0,,
blond_hair,0.8527583527583528,0.9248251748251748,single,wearing_hat,diff_means,15,0.8527583527583528,0.0,,
blurry,0.581829692940804,0.6188667299778411,single,wearing_hat,diff_means,15,0.581829692940804,0.0,,
brown_hair,0.6420132906719173,0.8058085158749693,single,wearing_hat,diff_means,15,0.6441053408811224,-0.0020920502092051096,,
bushy_eyebrows,0.5278761061946903,0.5205014749262538,single,wearing_hat,diff_means,15,0.5256637168141592,0.0022123893805310324,,
chubby,0.6710977701543739,0.7453902229845626,single,wearing_hat,diff_means,15,0.6801029159519726,-0.009005145797598701,,
double_chin,0.6367256637168142,0.7454277286135692,single,wearing_hat,diff_means,15,0.6389380530973452,-0.0022123893805310324,,
eyeglasses,0.8600706385351798,0.9504600799330793,single,wearing_hat,diff_means,15,0.8670415466121386,-0.006970908076958771,,
goatee,0.6518304724289837,0.6855536989214644,single,wearing_hat,diff_means,15,0.6323864499468328,0.019444022482150936,,
gray_hair,0.8946280991735538,0.9642857142857143,single,wearing_hat,diff_means,15,0.8884297520661157,0.006198347107438051,,
heavy_makeup,0.5674948240165631,0.6189440993788821,single,wearing_hat,diff_means,15,0.5651138716356108,0.0023809523809523725,,
high_cheekbones,0.529265873015873,0.47550843253968256,single,wearing_hat,diff_means,15,0.5223214285714286,0.00694444444444442,,
male,0.9778481012658228,0.9776543528803928,single,wearing_hat,diff_means,15,0.9778481012658228,0.0,,
mouth_slightly_open,0.5439182972459057,0.5743728148193584,single,wearing_hat,diff_means,15,0.5481199779181746,-0.004201680672268893,,
mustache,0.720814479638009,0.8140917905623788,single,wearing_hat,diff_means,15,0.7328377504848094,-0.012023270846800327,,
narrow_eyes,0.6371057513914657,0.6534322820037106,single,wearing_hat,diff_means,15,0.6289424860853432,0.008163265306122547,,
no_beard,0.5547092898519631,0.5031109204033468,single,wearing_hat,diff_means,15,0.5490595723378388,0.005649717514124353,,
oval_face,0.4868678807226293,0.4621635347892331,single,wearing_hat,diff_means,15,0.4896611768120148,-0.0027932960893854997,,
pale_skin,0.633270022158911,0.7711301044634378,single,wearing_hat,diff_means,15,0.6291547958214625,0.004115226337448541,,
pointy_nose,0.5107204116638079,0.4995711835334477,single,wearing_hat,diff_means,15,0.4879931389365352,0.022727272727272707,,
receding_hairline,0.5189401007650681,0.5913416682216831,single,wearing_hat,diff_means,15,0.5275237917521927,-0.008583690987124526,,
rosy_cheeks,0.6316410861865407,0.7618063754427391,single,wearing_hat,diff_means,15,0.6000590318772137,0.031582054309327035,,
sideburns,0.6411873840445269,0.7510204081632652,single,wearing_hat,diff_means,15,0.6473098330241187,-0.006122448979591799,,
smiling,0.8594355285002767,0.9380803049867797,single,wearing_hat,diff_means,15,0.863709032773781,-0.004273504273504258,,
straight_hair,0.6598268398268399,0.6644155844155845,single,wearing_hat,diff_means,15,0.661991341991342,-0.0021645021645021467,,
wavy_hair,0.5648542417294464,0.6089092695709138,single,wearing_hat,diff_means,15,0.574134730865815,-0.009280489136368586,,
wearing_earrings,0.6506232259656917,0.7426878933728249,single,wearing_hat,diff_means,15,0.6529063309885228,-0.0022831050228311334,,
wearing_hat,0.87109375,0.939697265625,single,wearing_hat,diff_means,15,0.875,-0.00390625,,
wearing_lipstick,0.4862327909887359,0.48717146433041303,single,wearing_hat,diff_means,15,0.49092615769712145,-0.004693366708385549,,
wearing_necklace,0.6107023411371237,0.705685618729097,single,wearing_hat,diff_means,15,0.5979933110367892,0.012709030100334529,,
wearing_necktie,0.5719520319786808,0.6082611592271818,single,wearing_hat,diff_means,15,0.5761714412613813,-0.0042194092827004814,,
young,0.8203683241252302,0.8844198895027624,single,wearing_hat,diff_means,15,0.8176058931860037,0.0027624309392264568,,
5_o_clock_shadow,0.6173820879703233,0.6626921038685745,single,wearing_hat,diff_means,16,0.5936671966083731,0.023714891361950263,,
arched_eyebrows,0.5232371794871795,0.5434695512820513,single,wearing_hat,diff_means,16,0.5336538461538461,-0.01041666666666663,,
attractive,0.5018657916747089,0.6086341118188252,single,wearing_hat,diff_means,16,0.49868107829891267,0.003184713375796233,,
bags_under_eyes,0.4921017625540406,0.48703026272031924,single,wearing_hat,diff_means,16,0.5104755570335883,-0.018373794479547678,,
bald,0.7077067669172932,0.7960526315789473,single,wearing_hat,diff_means,16,0.743421052631579,-0.03571428571428581,,
bangs,0.783080040526849,0.8468085106382978,single,wearing_hat,diff_means,16,0.780952380952381,0.0021276595744680327,,
big_lips,0.4786145791381393,0.4848167539267016,single,wearing_hat,diff_means,16,0.4759967780910189,0.002617801047120394,,
big_nose,0.6035141329258976,0.6716959511077157,single,wearing_hat,diff_means,16,0.6067608861726509,-0.0032467532467532756,,
black_hair,0.7118353344768439,0.8460548885077187,single,wearing_hat,diff_means,16,0.7118353344768439,0.0,,
blond_hair,0.8548951048951049,0.925990675990676,single,wearing_hat,diff_means,16,0.8527583527583528,0.002136752136752129,,
blurry,0.5838873061095283,0.6264640709085154,single,wearing_hat,diff_means,16,0.581829692940804,0.002057613168724326,,
brown_hair,0.6420132906719173,0.8077775043071622,single,wearing_hat,diff_means,16,0.6441053408811224,-0.0020920502092051096,,
bushy_eyebrows,0.5278761061946903,0.5188790560471976,single,wearing_hat,diff_means,16,0.5256637168141592,0.0022123893805310324,,
chubby,0.6710977701543739,0.74442538593482,single,wearing_hat,diff_means,16,0.6801029159519726,-0.009005145797598701,,
double_chin,0.6367256637168142,0.7449852507374632,single,wearing_hat,diff_means,16,0.6389380530973452,-0.0022123893805310324,,
eyeglasses,0.8695046007993308,0.950181243610001,single,wearing_hat,diff_means,16,0.8670415466121386,0.0024630541871921707,,
goatee,0.6217530001519065,0.6852498860701808,single,wearing_hat,diff_means,16,0.6323864499468328,-0.010633449794926308,,
gray_hair,0.8966942148760331,0.9678276269185361,single,wearing_hat,diff_means,16,0.8884297520661157,0.008264462809917328,,
heavy_makeup,0.5651138716356108,0.6155279503105591,single,wearing_hat,diff_means,16,0.5651138716356108,0.0,,
high_cheekbones,0.5257936507936508,0.47544642857142855,single,wearing_hat,diff_means,16,0.5223214285714286,0.00347222222222221,,
male,0.9778481012658228,0.9779126840609661,single,wearing_hat,diff_means,16,0.9778481012658228,0.0,,
mouth_slightly_open,0.5402686622094093,0.5725326627001166,single,wearing_hat,diff_means,16,0.5481199779181746,-0.007851315708765294,,
mustache,0.7351001939237234,0.8164188752424046,single,wearing_hat,diff_means,16,0.7328377504848094,0.002262443438914019,,
narrow_eyes,0.6350649350649351,0.6538033395176253,single,wearing_hat,diff_means,16,0.6289424860853432,0.00612244897959191,,
no_beard,0.5483801759279124,0.5026818279339198,single,wearing_hat,diff_means,16,0.5490595723378388,-0.0006793964099263139,,
oval_face,0.4868678807226293,0.4624537473699485,single,wearing_hat,diff_means,16,0.4896611768120148,-0.0027932960893854997,,
pale_skin,0.6312124089901867,0.7720797720797721,single,wearing_hat,diff_means,16,0.6291547958214625,0.002057613168724215,,
pointy_nose,0.5017152658662093,0.4995711835334477,single,wearing_hat,diff_means,16,0.4879931389365352,0.013722126929674117,,
receding_hairline,0.5253778690054115,0.5961933196491883,single,wearing_hat,diff_means,16,0.5275237917521927,-0.0021459227467811592,,
rosy_cheeks,0.6337072018890201,0.7612160566706021,single,wearing_hat,diff_means,16,0.6000590318772137,0.03364817001180642,,
sideburns,0.6391465677179963,0.7506493506493506,single,wearing_hat,diff_means,16,0.6473098330241187,-0.008163265306122436,,
smiling,0.8594355285002767,0.9371579659349444,single,wearing_hat,diff_means,16,0.863709032773781,-0.004273504273504258,,
straight_hair,0.661991341991342,0.6656277056277056,single,wearing_hat,diff_means,16,0.661991341991342,0.0,,
wavy_hair,0.5764821487061906,0.6121847363249263,single,wearing_hat,diff_means,16,0.574134730865815,0.0023474178403756207,,
wearing_earrings,0.6460570159200296,0.7410835493027275,single,wearing_hat,diff_means,16,0.6529063309885228,-0.006849315068493178,,
wearing_hat,0.875,0.9381103515625,single,wearing_hat,diff_means,16,0.875,0.0,,
wearing_lipstick,0.49092615769712145,0.4851376720901126,single,wearing_hat,diff_means,16,0.49092615769712145,0.0,,
wearing_necklace,0.5979933110367892,0.7073578595317725,single,wearing_hat,diff_means,16,0.5979933110367892,0.0,,
wearing_necktie,0.5698423273373306,0.607372862536087,single,wearing_hat,diff_means,16,0.5761714412613813,-0.006329113924050667,,
young,0.8203683241252302,0.8842725598526704,single,wearing_hat,diff_means,16,0.8176058931860037,0.0027624309392264568,,
5_o_clock_shadow,0.6163222045574988,0.6660704822469529,single,wearing_hat,diff_means,17,0.5936671966083731,0.02265500794912567,,
arched_eyebrows,0.5256410256410257,0.5442708333333333,single,wearing_hat,diff_means,17,0.5336538461538461,-0.008012820512820484,,
attractive,0.49868107829891267,0.6083767612430032,single,wearing_hat,diff_means,17,0.49868107829891267,0.0,,
bags_under_eyes,0.5140505487196542,0.4832889923511805,single,wearing_hat,diff_means,17,0.5104755570335883,0.003574991686065898,,
bald,0.7077067669172932,0.7904135338345866,single,wearing_hat,diff_means,17,0.743421052631579,-0.03571428571428581,,
bangs,0.7873353596757852,0.8468085106382979,single,wearing_hat,diff_means,17,0.780952380952381,0.006382978723404209,,
big_lips,0.47321788159484496,0.4766008860249698,single,wearing_hat,diff_means,17,0.4759967780910189,-0.002778896496173966,,
big_nose,0.6018589253883372,0.672077922077922,single,wearing_hat,diff_means,17,0.6067608861726509,-0.004901960784313708,,
black_hair,0.7274871355060035,0.8483061749571184,single,wearing_hat,diff_means,17,0.7118353344768439,0.01565180102915964,,
blond_hair,0.8527583527583528,0.9263791763791764,single,wearing_hat,diff_means,17,0.8527583527583528,0.0,,
blurry,0.6182336182336182,0.630579297245964,single,wearing_hat,diff_means,17,0.581829692940804,0.03640392529281422,,
brown_hair,0.6461973910903274,0.8050701452128969,single,wearing_hat,diff_means,17,0.6441053408811224,0.0020920502092049986,,
bushy_eyebrows,0.5278761061946903,0.5168141592920354,single,wearing_hat,diff_means,17,0.5256637168141592,0.0022123893805310324,,
chubby,0.6687392795883362,0.75,single,wearing_hat,diff_means,17,0.6801029159519726,-0.011363636363636354,,
double_chin,0.6278761061946903,0.7461651917404131,single,wearing_hat,diff_means,17,0.6389380530973452,-0.01106194690265494,,
eyeglasses,0.8621154382377545,0.9492517891997397,single,wearing_hat,diff_means,17,0.8670415466121386,-0.004926108374384119,,
goatee,0.6345890931186389,0.6847941667932553,single,wearing_hat,diff_means,17,0.6323864499468328,0.0022026431718060735,,
gray_hair,0.8966942148760331,0.9722550177095631,single,wearing_hat,diff_means,17,0.8884297520661157,0.008264462809917328,,
heavy_makeup,0.5579710144927537,0.6265010351966874,single,wearing_hat,diff_means,17,0.5651138716356108,-0.0071428571428571175,,
high_cheekbones,0.5124007936507936,0.4772445436507936,single,wearing_hat,diff_means,17,0.5223214285714286,-0.009920634920634996,,
male,0.9778481012658228,0.9777835184706795,single,wearing_hat,diff_means,17,0.9778481012658228,0.0,,
mouth_slightly_open,0.5402686622094093,0.5810587008526039,single,wearing_hat,diff_means,17,0.5481199779181746,-0.007851315708765294,,
mustache,0.7568842921784098,0.8108597285067873,single,wearing_hat,diff_means,17,0.7328377504848094,0.02404654169360043,,
narrow_eyes,0.6411873840445269,0.6430426716141001,single,wearing_hat,diff_means,17,0.6289424860853432,0.01224489795918371,,
no_beard,0.5582135450189516,0.504255166988486,single,wearing_hat,diff_means,17,0.5490595723378388,0.009153972681112843,,
oval_face,0.4868678807226293,0.46107523761155045,single,wearing_hat,diff_means,17,0.4896611768120148,-0.0027932960893854997,,
pale_skin,0.6312124089901867,0.7720797720797721,single,wearing_hat,diff_means,17,0.6291547958214625,0.002057613168724215,,
pointy_nose,0.5154373927958834,0.49914236706689535,single,wearing_hat,diff_means,17,0.4879931389365352,0.027444253859348233,,
receding_hairline,0.5299496174659452,0.5958201156932263,single,wearing_hat,diff_means,17,0.5275237917521927,0.002425825713752494,,
rosy_cheeks,0.6673553719008265,0.768004722550177,single,wearing_hat,diff_means,17,0.6000590318772137,0.06729634002361284,,
sideburns,0.6289424860853432,0.7521335807050094,single,wearing_hat,diff_means,17,0.6473098330241187,-0.01836734693877551,,
smiling,0.8594355285002767,0.9434298714874255,single,wearing_hat,diff_means,17,0.863709032773781,-0.004273504273504258,,
straight_hair,0.6641558441558442,0.6661471861471862,single,wearing_hat,diff_means,17,0.661991341991342,0.0021645021645021467,,
wavy_hair,0.567201659569822,0.6007206026858827,single,wearing_hat,diff_means,17,0.574134730865815,-0.006933071295992965,,
wearing_earrings,0.6664198445020363,0.7451561150191288,single,wearing_hat,diff_means,17,0.6529063309885228,0.013513513513513487,,
wearing_hat,0.87109375,0.93585205078125,single,wearing_hat,diff_means,17,0.875,-0.00390625,,
wearing_lipstick,0.46886733416770965,0.4858416770963705,single,wearing_hat,diff_means,17,0.49092615769712145,-0.022058823529411797,,
wearing_necklace,0.6020066889632107,0.703010033444816,single,wearing_hat,diff_means,17,0.5979933110367892,0.004013377926421535,,
wearing_necktie,0.5719520319786808,0.6251387963579835,single,wearing_hat,diff_means,17,0.5761714412613813,-0.0042194092827004814,,
young,0.8314180478821362,0.8850828729281768,single,wearing_hat,diff_means,17,0.8176058931860037,0.013812154696132506,,
5_o_clock_shadow,0.609565447800742,0.6633545310015898,single,wearing_hat,diff_means,18,0.5936671966083731,0.015898251192368873,,
arched_eyebrows,0.5360576923076923,0.5542868589743589,single,wearing_hat,diff_means,18,0.5336538461538461,0.0024038461538461453,,
attractive,0.49868107829891267,0.6118509940165991,single,wearing_hat,diff_means,18,0.49868107829891267,0.0,,
bags_under_eyes,0.5192051878949119,0.48486863984037243,single,wearing_hat,diff_means,18,0.5104755570335883,0.008729630861323612,,
bald,0.7077067669172932,0.7908834586466166,single,wearing_hat,diff_means,18,0.743421052631579,-0.03571428571428581,,
bangs,0.7915906788247213,0.847821681864235,single,wearing_hat,diff_means,18,0.780952380952381,0.010638297872340385,,
big_lips,0.47321788159484496,0.4816753926701571,single,wearing_hat,diff_means,18,0.4759967780910189,-0.002778896496173966,,
big_nose,0.6051056786350903,0.6742424242424243,single,wearing_hat,diff_means,18,0.6067608861726509,-0.0016552075375605435,,
black_hair,0.7322041166380789,0.847770154373928,single,wearing_hat,diff_means,18,0.7118353344768439,0.020368782161235055,,
blond_hair,0.8527583527583528,0.9271561771561772,single,wearing_hat,diff_means,18,0.8527583527583528,0.0,,
blurry,0.6182336182336182,0.6176005064893955,single,wearing_hat,diff_means,18,0.581829692940804,0.03640392529281422,,
brown_hair,0.6524735417179424,0.8067930100910657,single,wearing_hat,diff_means,18,0.6441053408811224,0.008368200836819994,,
bushy_eyebrows,0.5323008849557522,0.5064896755162243,single,wearing_hat,diff_means,18,0.5256637168141592,0.006637168141592986,,
chubby,0.6687392795883362,0.750107204116638,single,wearing_hat,diff_means,18,0.6801029159519726,-0.011363636363636354,,
double_chin,0.6323008849557522,0.7502949852507376,single,wearing_hat,diff_means,18,0.6389380530973452,-0.006637168141592986,,
eyeglasses,0.8621154382377545,0.9490658983176875,single,wearing_hat,diff_means,18,0.8670415466121386,-0.004926108374384119,,
goatee,0.6323864499468328,0.6893513595625095,single,wearing_hat,diff_means,18,0.6323864499468328,0.0,,
gray_hair,0.9028925619834711,0.9713695395513577,single,wearing_hat,diff_means,18,0.8884297520661157,0.01446280991735538,,
heavy_makeup,0.5508281573498965,0.6302277432712216,single,wearing_hat,diff_means,18,0.5651138716356108,-0.014285714285714235,,
high_cheekbones,0.5168650793650793,0.47780257936507936,single,wearing_hat,diff_means,18,0.5223214285714286,-0.005456349206349298,,
male,0.9778481012658228,0.9776543528803928,single,wearing_hat,diff_means,18,0.9778481012658228,0.0,,
mouth_slightly_open,0.5402686622094093,0.5803839784088819,single,wearing_hat,diff_means,18,0.5481199779181746,-0.007851315708765294,,
mustache,0.762120232708468,0.8156431803490627,single,wearing_hat,diff_means,18,0.7328377504848094,0.02928248222365859,,
narrow_eyes,0.6391465677179963,0.6471243042671614,single,wearing_hat,diff_means,18,0.6289424860853432,0.010204081632653073,,
no_beard,0.5427304584137882,0.5031109204033469,single,wearing_hat,diff_means,18,0.5490595723378388,-0.006329113924050556,,
oval_face,0.4868678807226293,0.46274395995066386,single,wearing_hat,diff_means,18,0.4896611768120148,-0.0027932960893854997,,
pale_skin,0.6312124089901867,0.7711301044634378,single,wearing_hat,diff_means,18,0.6291547958214625,0.002057613168724215,,
pointy_nose,0.5177958833619211,0.5019296740994854,single,wearing_hat,diff_means,18,0.4879931389365352,0.029802744425385885,,
receding_hairline,0.527803694719164,0.6049636126142938,single,wearing_hat,diff_means,18,0.5275237917521927,0.0002799029669713349,,
rosy_cheeks,0.6694214876033058,0.768595041322314,single,wearing_hat,diff_means,18,0.6000590318772137,0.06936245572609212,,
sideburns,0.624860853432282,0.7562152133580704,single,wearing_hat,diff_means,18,0.6473098330241187,-0.02244897959183667,,
smiling,0.8607882924429686,0.9454590174014634,single,wearing_hat,diff_means,18,0.863709032773781,-0.0029207403308123547,,
straight_hair,0.6533333333333333,0.6656277056277057,single,wearing_hat,diff_means,18,0.661991341991342,-0.008658008658008698,,
wavy_hair,0.567201659569822,0.5983185937329403,single,wearing_hat,diff_means,18,0.574134730865815,-0.006933071295992965,,
wearing_earrings,0.6595705294335432,0.7413303714673578,single,wearing_hat,diff_means,18,0.6529063309885228,0.0066641984450204195,,
wearing_hat,0.875,0.93426513671875,single,wearing_hat,diff_means,18,0.875,0.0,,
wearing_lipstick,0.46886733416770965,0.48693679599499373,single,wearing_hat,diff_means,18,0.49092615769712145,-0.022058823529411797,,
wearing_necklace,0.6020066889632107,0.7003344481605351,single,wearing_hat,diff_means,18,0.5979933110367892,0.004013377926421535,,
wearing_necktie,0.5677326226959805,0.6222518321119254,single,wearing_hat,diff_means,18,0.5761714412613813,-0.008438818565400852,,
young,0.8197053406998158,0.8868508287292818,single,wearing_hat,diff_means,18,0.8176058931860037,0.0020994475138120805,,
5_o_clock_shadow,0.609565447800742,0.663619501854796,single,wearing_hat,diff_means,19,0.5936671966083731,0.015898251192368873,,
arched_eyebrows,0.5336538461538461,0.5532852564102564,single,wearing_hat,diff_means,19,0.5336538461538461,0.0,,
attractive,0.49868107829891267,0.614939200926462,single,wearing_hat,diff_means,19,0.49868107829891267,0.0,,
bags_under_eyes,0.5114732291320253,0.48511805786498174,single,wearing_hat,diff_means,19,0.5104755570335883,0.0009976720984370413,,
bald,0.7077067669172932,0.7911967418546365,single,wearing_hat,diff_means,19,0.743421052631579,-0.03571428571428581,,
bangs,0.7937183383991895,0.8480243161094224,single,wearing_hat,diff_means,19,0.780952380952381,0.012765957446808529,,
big_lips,0.4653644784534837,0.4790978654853001,single,wearing_hat,diff_means,19,0.4759967780910189,-0.010632299637535203,,
big_nose,0.6067608861726509,0.6720779220779222,single,wearing_hat,diff_means,19,0.6067608861726509,0.0,,
black_hair,0.7502144082332762,0.8499142367066895,single,wearing_hat,diff_means,19,0.7118353344768439,0.03837907375643235,,
blond_hair,0.8527583527583528,0.9217171717171717,single,wearing_hat,diff_means,19,0.8527583527583528,0.0,,
blurry,0.5694840139284584,0.5979740424184868,single,wearing_hat,diff_means,19,0.581829692940804,-0.012345679012345623,,
brown_hair,0.6503814915087374,0.8045778981048486,single,wearing_hat,diff_means,19,0.6441053408811224,0.006276150627614996,,
bushy_eyebrows,0.5278761061946903,0.511504424778761,single,wearing_hat,diff_means,19,0.5256637168141592,0.0022123893805310324,,
chubby,0.6687392795883362,0.7496783876500858,single,wearing_hat,diff_means,19,0.6801029159519726,-0.011363636363636354,,
double_chin,0.6411504424778761,0.7466076696165191,single,wearing_hat,diff_means,19,0.6389380530973452,0.0022123893805309214,,
eyeglasses,0.8645784924249466,0.9484152802305046,single,wearing_hat,diff_means,19,0.8670415466121386,-0.0024630541871920597,,
goatee,0.6279811636032204,0.6870727631778824,single,wearing_hat,diff_means,19,0.6323864499468328,-0.004405286343612369,,
gray_hair,0.9070247933884297,0.9731404958677686,single,wearing_hat,diff_means,19,0.8884297520661157,0.018595041322313932,,
heavy_makeup,0.5555900621118013,0.634472049689441,single,wearing_hat,diff_means,19,0.5651138716356108,-0.00952380952380949,,
high_cheekbones,0.5099206349206349,0.4796626984126984,single,wearing_hat,diff_means,19,0.5223214285714286,-0.012400793650793718,,
male,0.9778481012658228,0.9778481012658229,single,wearing_hat,diff_means,19,0.9778481012658228,0.0,,
mouth_slightly_open,0.5355149359013679,0.5832668833956941,single,wearing_hat,diff_means,19,0.5481199779181746,-0.012605042016806678,,
mustache,0.7591467356173238,0.8118939883645766,single,wearing_hat,diff_means,19,0.7328377504848094,0.02630898513251445,,
narrow_eyes,0.6330241187384045,0.6445269016697588,single,wearing_hat,diff_means,19,0.6289424860853432,0.004081632653061273,,
no_beard,0.5490595723378388,0.4988915111206465,single,wearing_hat,diff_means,19,0.5490595723378388,0.0,,
oval_face,0.4896611768120148,0.46060364216788796,single,wearing_hat,diff_means,19,0.4896611768120148,0.0,,
pale_skin,0.6312124089901867,0.7761949984172206,single,wearing_hat,diff_means,19,0.6291547958214625,0.002057613168724215,,
pointy_nose,0.4766295025728988,0.4951758147512864,single,wearing_hat,diff_means,19,0.4879931389365352,-0.011363636363636354,,
receding_hairline,0.5213659264788206,0.6103750699757418,single,wearing_hat,diff_means,19,0.5275237917521927,-0.006157865273372032,,
rosy_cheeks,0.6673553719008265,0.7736127508854782,single,wearing_hat,diff_means,19,0.6000590318772137,0.06729634002361284,,
sideburns,0.6371057513914657,0.7517625231910946,single,wearing_hat,diff_means,19,0.6473098330241187,-0.010204081632652962,,
smiling,0.8729324232921356,0.9476111418557461,single,wearing_hat,diff_means,19,0.863709032773781,0.009223390518354635,,
straight_hair,0.6576623376623376,0.6552380952380952,single,wearing_hat,diff_means,19,0.661991341991342,-0.0043290043290044045,,
wavy_hair,0.5695490774101977,0.5948247625286603,single,wearing_hat,diff_means,19,0.574134730865815,-0.0045856534556173445,,
wearing_earrings,0.6437739108971985,0.7355300505985438,single,wearing_hat,diff_means,19,0.6529063309885228,-0.009132420091324311,,
wearing_hat,0.8515625,0.91168212890625,single,wearing_hat,diff_means,19,0.875,-0.0234375,,
wearing_lipstick,0.49092615769712145,0.4911608260325407,single,wearing_hat,diff_means,19,0.49092615769712145,0.0,,
wearing_necklace,0.6085284280936455,0.703010033444816,single,wearing_hat,diff_means,19,0.5979933110367892,0.01053511705685628,,
wearing_necktie,0.5582944703530979,0.6004885631801021,single,wearing_hat,diff_means,19,0.5761714412613813,-0.01787697090828344,,
young,0.8263720073664825,0.8825046040515654,single,wearing_hat,diff_means,19,0.8176058931860037,0.00876611418047879,,
5_o_clock_shadow,0.5677000529941707,0.6609697933227345,single,wearing_hat,diff_means,20,0.5936671966083731,-0.02596714361420238,,
arched_eyebrows,0.5392628205128205,0.5537860576923077,single,wearing_hat,diff_means,20,0.5336538461538461,0.005608974358974339,,
attractive,0.49868107829891267,0.6185421089879689,single,wearing_hat,diff_means,20,0.49868107829891267,0.0,,
bags_under_eyes,0.516627868307283,0.48395410708347186,single,wearing_hat,diff_means,20,0.5104755570335883,0.006152311273694755,,
bald,0.7077067669172932,0.7924498746867168,single,wearing_hat,diff_means,20,0.743421052631579,-0.03571428571428581,,
bangs,0.7915906788247213,0.8532928064842957,single,wearing_hat,diff_means,20,0.780952380952381,0.010638297872340385,,
big_lips,0.4601288763592429,0.4745066451872735,single,wearing_hat,diff_means,20,0.4759967780910189,-0.015867901731776046,,
big_nose,0.6182200152788389,0.6735421441303794,single,wearing_hat,diff_means,20,0.6067608861726509,0.01145912910618796,,
black_hair,0.7364922813036021,0.8480917667238422,single,wearing_hat,diff_means,20,0.7118353344768439,0.02465694682675823,,
blond_hair,0.8548951048951049,0.9242424242424242,single,wearing_hat,diff_means,20,0.8527583527583528,0.002136752136752129,,
blurry,0.567426400759734,0.6036720481164926,single,wearing_hat,diff_means,20,0.581829692940804,-0.014403292181069949,,
brown_hair,0.6524735417179424,0.8001476741324145,single,wearing_hat,diff_means,20,0.6441053408811224,0.008368200836819994,,
bushy_eyebrows,0.5300884955752212,0.5104719764011799,single,wearing_hat,diff_means,20,0.5256637168141592,0.004424778761061954,,
chubby,0.6687392795883362,0.7517152658662093,single,wearing_hat,diff_means,20,0.6801029159519726,-0.011363636363636354,,
double_chin,0.6411504424778761,0.7424778761061948,single,wearing_hat,diff_means,20,0.6389380530973452,0.0022123893805309214,,
eyeglasses,0.8715494005019053,0.9462775350869039,single,wearing_hat,diff_means,20,0.8670415466121386,0.004507853889766711,,
goatee,0.6345890931186389,0.6905666109676439,single,wearing_hat,diff_means,20,0.6323864499468328,0.0022026431718060735,,
gray_hair,0.9049586776859504,0.9695985832349469,single,wearing_hat,diff_means,20,0.8884297520661157,0.016528925619834656,,
heavy_makeup,0.5555900621118013,0.6408902691511388,single,wearing_hat,diff_means,20,0.5651138716356108,-0.00952380952380949,,
high_cheekbones,0.5074404761904762,0.48400297619047616,single,wearing_hat,diff_means,20,0.5223214285714286,-0.014880952380952439,,
male,0.9778481012658228,0.9778481012658228,single,wearing_hat,diff_means,20,0.9778481012658228,0.0,,
mouth_slightly_open,0.5203643501196099,0.5797705943691346,single,wearing_hat,diff_means,20,0.5481199779181746,-0.027755627798564664,,
mustache,0.7523594053005818,0.8161603102779573,single,wearing_hat,diff_means,20,0.7328377504848094,0.019521654815772393,,
narrow_eyes,0.6371057513914657,0.6430426716141002,single,wearing_hat,diff_means,20,0.6289424860853432,0.008163265306122547,,
no_beard,0.5518844310949009,0.5001787885289279,single,wearing_hat,diff_means,20,0.5490595723378388,0.0028248587570621764,,
oval_face,0.4896611768120148,0.4578103460785025,single,wearing_hat,diff_means,20,0.4896611768120148,0.0,,
pale_skin,0.6312124089901867,0.7714466603355492,single,wearing_hat,diff_means,20,0.6291547958214625,0.002057613168724215,,
pointy_nose,0.4903516295025729,0.4943181818181819,single,wearing_hat,diff_means,20,0.4879931389365352,0.0023584905660377076,,
receding_hairline,0.538813211420041,0.6088822541518939,single,wearing_hat,diff_means,20,0.5275237917521927,0.011289419667848355,,
rosy_cheeks,0.6295749704840614,0.7659386068476978,single,wearing_hat,diff_means,20,0.6000590318772137,0.029515938606847758,,
sideburns,0.6391465677179963,0.7476808905380334,single,wearing_hat,diff_means,20,0.6473098330241187,-0.008163265306122436,,
smiling,0.8729324232921356,0.9469962491545226,single,wearing_hat,diff_means,20,0.863709032773781,0.009223390518354635,,
straight_hair,0.661991341991342,0.6578354978354979,single,wearing_hat,diff_means,20,0.661991341991342,0.0,,
wavy_hair,0.567201659569822,0.6013756960366853,single,wearing_hat,diff_means,20,0.574134730865815,-0.006933071295992965,,
wearing_earrings,0.6550043193878811,0.7347895841046526,single,wearing_hat,diff_means,20,0.6529063309885228,0.0020979883993582638,,
wearing_hat,0.84375,0.90069580078125,single,wearing_hat,diff_means,20,0.875,-0.03125,,
wearing_lipstick,0.4903003754693367,0.4902221526908636,single,wearing_hat,diff_means,20,0.49092615769712145,-0.0006257822277847547,,
wearing_necklace,0.6125418060200669,0.7107023411371239,single,wearing_hat,diff_means,20,0.5979933110367892,0.014548494983277704,,
wearing_necktie,0.582500555185432,0.6029313790806129,single,wearing_hat,diff_means,20,0.5761714412613813,0.006329113924050667,,
young,0.834659300184162,0.8858931860036833,single,wearing_hat,diff_means,20,0.8176058931860037,0.01705340699815827,,
5_o_clock_shadow,0.5620031796502385,0.6558028616852146,single,wearing_hat,diff_means,21,0.5936671966083731,-0.03166401695813459,,
arched_eyebrows,0.5208333333333334,0.5450721153846154,single,wearing_hat,diff_means,21,0.5336538461538461,-0.012820512820512775,,
attractive,0.49868107829891267,0.6178343949044586,single,wearing_hat,diff_means,21,0.49868107829891267,0.0,,
bags_under_eyes,0.516627868307283,0.4921017625540406,single,wearing_hat,diff_means,21,0.5104755570335883,0.006152311273694755,,
bald,0.7077067669172932,0.7869674185463659,single,wearing_hat,diff_means,21,0.743421052631579,-0.03571428571428581,,
bangs,0.7979736575481255,0.8506585612968591,single,wearing_hat,diff_means,21,0.780952380952381,0.017021276595744594,,
big_lips,0.4678211840515506,0.4823197744663713,single,wearing_hat,diff_means,21,0.4759967780910189,-0.008175594039468326,,
big_nose,0.5969569646040235,0.6784441049146931,single,wearing_hat,diff_means,21,0.6067608861726509,-0.009803921568627416,,
black_hair,0.7658662092624356,0.8525943396226415,single,wearing_hat,diff_means,21,0.7118353344768439,0.054030874785591765,,
blond_hair,0.8548951048951049,0.9234654234654234,single,wearing_hat,diff_means,21,0.8527583527583528,0.002136752136752129,,
blurry,0.559195948084837,0.5903767014878126,single,wearing_hat,diff_means,21,0.581829692940804,-0.02263374485596703,,
brown_hair,0.6608417425547625,0.8035934038887521,single,wearing_hat,diff_means,21,0.6441053408811224,0.0167364016736401,,
bushy_eyebrows,0.5178466076696165,0.5210914454277287,single,wearing_hat,diff_means,21,0.5256637168141592,-0.0078171091445427,,
chubby,0.6640222984562607,0.7479631217838765,single,wearing_hat,diff_means,21,0.6801029159519726,-0.01608061749571188,,
double_chin,0.643362831858407,0.7438053097345133,single,wearing_hat,diff_means,21,0.6389380530973452,0.004424778761061843,,
eyeglasses,0.871967654986523,0.9515754252253927,single,wearing_hat,diff_means,21,0.8670415466121386,0.0049261083743843415,,
goatee,0.6452225429135653,0.6963390551420325,single,wearing_hat,diff_means,21,0.6323864499468328,0.012836092966732493,,
gray_hair,0.9111570247933884,0.9663518299881936,single,wearing_hat,diff_means,21,0.8884297520661157,0.022727272727272707,,
heavy_makeup,0.5651138716356108,0.641304347826087,single,wearing_hat,diff_means,21,0.5651138716356108,0.0,,
high_cheekbones,0.5064484126984127,0.47898065476190477,single,wearing_hat,diff_means,21,0.5223214285714286,-0.015873015873015928,,
male,0.9778481012658228,0.9782355980366829,single,wearing_hat,diff_means,21,0.9778481012658228,0.0,,
mouth_slightly_open,0.5251180764276513,0.5779304422498928,single,wearing_hat,diff_means,21,0.5481199779181746,-0.02300190149052328,,
mustache,0.7764059469941823,0.8261150614091791,single,wearing_hat,diff_means,21,0.7328377504848094,0.043568196509372936,,
narrow_eyes,0.6534322820037106,0.663821892393321,single,wearing_hat,diff_means,21,0.6289424860853432,0.02448979591836742,,
no_beard,0.5483801759279124,0.5056854752199098,single,wearing_hat,diff_means,21,0.5490595723378388,-0.0006793964099263139,,
oval_face,0.4971341507654357,0.46122034390190814,single,wearing_hat,diff_means,21,0.4896611768120148,0.007472973953420892,,
pale_skin,0.633270022158911,0.7685976574865464,single,wearing_hat,diff_means,21,0.6291547958214625,0.004115226337448541,,
pointy_nose,0.4903516295025729,0.4872427101200686,single,wearing_hat,diff_means,21,0.4879931389365352,0.0023584905660377076,,
receding_hairline,0.538813211420041,0.6137339055793991,single,wearing_hat,diff_means,21,0.5275237917521927,0.011289419667848355,,
rosy_cheeks,0.6440377804014168,0.7497048406139315,single,wearing_hat,diff_means,21,0.6000590318772137,0.04397874852420314,,
sideburns,0.6371057513914657,0.748051948051948,single,wearing_hat,diff_means,21,0.6473098330241187,-0.010204081632652962,,
smiling,0.864385414745127,0.9440447641886491,single,wearing_hat,diff_means,21,0.863709032773781,0.0006763819713460073,,
straight_hair,0.6663203463203463,0.6703030303030303,single,wearing_hat,diff_means,21,0.661991341991342,0.0043290043290042934,,
wavy_hair,0.5578119882083197,0.6146959275030025,single,wearing_hat,diff_means,21,0.574134730865815,-0.016322742657495337,,
wearing_earrings,0.6348266074293472,0.7268912748364803,single,wearing_hat,diff_means,21,0.6529063309885228,-0.018079723559175642,,
wearing_hat,0.81640625,0.87078857421875,single,wearing_hat,diff_means,21,0.875,-0.05859375,,
wearing_lipstick,0.4782540675844806,0.4784105131414268,single,wearing_hat,diff_means,21,0.49092615769712145,-0.012672090112640866,,
wearing_necklace,0.5846153846153846,0.7010033444816054,single,wearing_hat,diff_means,21,0.5979933110367892,-0.013377926421404562,,
wearing_necktie,0.5677326226959805,0.6087053075727293,single,wearing_hat,diff_means,21,0.5761714412613813,-0.008438818565400852,,
young,0.8213259668508287,0.8812523020257828,single,wearing_hat,diff_means,21,0.8176058931860037,0.0037200736648249633,,
5_o_clock_shadow,0.5834658187599364,0.6591149973502914,single,wearing_hat,diff_means,22,0.5936671966083731,-0.010201377848436666,,
arched_eyebrows,0.5464743589743589,0.5482772435897435,single,wearing_hat,diff_means,22,0.5336538461538461,0.012820512820512775,,
attractive,0.49868107829891267,0.6177700572605032,single,wearing_hat,diff_means,22,0.49868107829891267,0.0,,
bags_under_eyes,0.5053209178583306,0.49010641835716656,single,wearing_hat,diff_means,22,0.5104755570335883,-0.005154639175257714,,
bald,0.7077067669172932,0.7794486215538847,single,wearing_hat,diff_means,22,0.743421052631579,-0.03571428571428581,,
bangs,0.7979736575481255,0.8561296859169198,single,wearing_hat,diff_means,22,0.780952380952381,0.017021276595744594,,
big_lips,0.4759967780910189,0.4824808699154249,single,wearing_hat,diff_means,22,0.4759967780910189,0.0,,
big_nose,0.6002037178507766,0.6747517188693659,single,wearing_hat,diff_means,22,0.6067608861726509,-0.006557168321874252,,
black_hair,0.7431389365351629,0.8533447684391081,single,wearing_hat,diff_means,22,0.7118353344768439,0.03130360205831906,,
blond_hair,0.857031857031857,0.9207459207459208,single,wearing_hat,diff_means,22,0.8527583527583528,0.004273504273504258,,
blurry,0.5694840139284584,0.560303893637227,single,wearing_hat,diff_means,22,0.581829692940804,-0.012345679012345623,,
brown_hair,0.6503814915087374,0.8038395274427763,single,wearing_hat,diff_means,22,0.6441053408811224,0.006276150627614996,,
bushy_eyebrows,0.5056047197640118,0.5100294985250737,single,wearing_hat,diff_means,22,0.5256637168141592,-0.020058997050147465,,
chubby,0.6753859348198971,0.7631861063464838,single,wearing_hat,diff_means,22,0.6801029159519726,-0.004716981132075526,,
double_chin,0.6455752212389381,0.7389380530973451,single,wearing_hat,diff_means,22,0.6389380530973452,0.006637168141592875,,
eyeglasses,0.8699228552839484,0.9484152802305047,single,wearing_hat,diff_means,22,0.8670415466121386,0.0028813086718098013,,
goatee,0.6452225429135653,0.7066686920856752,single,wearing_hat,diff_means,22,0.6323864499468328,0.012836092966732493,,
gray_hair,0.9194214876033058,0.9675324675324676,single,wearing_hat,diff_means,22,0.8884297520661157,0.030991735537190035,,
heavy_makeup,0.5909937888198757,0.603312629399586,single,wearing_hat,diff_means,22,0.5651138716356108,0.025879917184264967,,
high_cheekbones,0.5213293650793651,0.4723462301587302,single,wearing_hat,diff_means,22,0.5223214285714286,-0.0009920634920634885,,
male,0.9778481012658228,0.9781064324463962,single,wearing_hat,diff_means,22,0.9778481012658228,0.0,,
mouth_slightly_open,0.5262221676991965,0.5750475372630804,single,wearing_hat,diff_means,22,0.5481199779181746,-0.021897810218978075,,
mustache,0.7786683904330963,0.832579185520362,single,wearing_hat,diff_means,22,0.7328377504848094,0.045830639948286955,,
narrow_eyes,0.6452690166975881,0.662708719851577,single,wearing_hat,diff_means,22,0.6289424860853432,0.01632653061224487,,
no_beard,0.5335764857326754,0.512407923907602,single,wearing_hat,diff_means,22,0.5490595723378388,-0.015483086605163399,,
oval_face,0.4943408546760502,0.46361459769280994,single,wearing_hat,diff_means,22,0.4896611768120148,0.004679677864035392,,
pale_skin,0.5968660968660968,0.7594175371953149,single,wearing_hat,diff_means,22,0.6291547958214625,-0.03228869895536568,,
pointy_nose,0.49313893653516294,0.4980703259005146,single,wearing_hat,diff_means,22,0.4879931389365352,0.005145797598627766,,
receding_hairline,0.5473969024071655,0.6096286620638178,single,wearing_hat,diff_means,22,0.5275237917521927,0.01987311065497288,,
rosy_cheeks,0.595926800472255,0.7665289256198347,single,wearing_hat,diff_means,22,0.6000590318772137,-0.004132231404958664,,
sideburns,0.6432282003710575,0.7517625231910946,single,wearing_hat,diff_means,22,0.6473098330241187,-0.004081632653061162,,
smiling,0.8686589190186312,0.9461968886429318,single,wearing_hat,diff_means,22,0.863709032773781,0.004949886244850266,,
straight_hair,0.6458008658008658,0.664069264069264,single,wearing_hat,diff_means,22,0.661991341991342,-0.0161904761904762,,
wavy_hair,0.5693307129599301,0.6293263456709248,single,wearing_hat,diff_means,22,0.574134730865815,-0.004804017905884916,,
wearing_earrings,0.6302603973836851,0.7368875725040109,single,wearing_hat,diff_means,22,0.6529063309885228,-0.022645933604837687,,
wearing_hat,0.75390625,0.796630859375,single,wearing_hat,diff_means,22,0.875,-0.12109375,,
wearing_lipstick,0.48404255319148937,0.4682415519399249,single,wearing_hat,diff_means,22,0.49092615769712145,-0.006883604505632079,,
wearing_necklace,0.5933110367892976,0.7031772575250835,single,wearing_hat,diff_means,22,0.5979933110367892,-0.004682274247491569,,
wearing_necktie,0.5782811459027315,0.6111481234732401,single,wearing_hat,diff_means,22,0.5761714412613813,0.002109704641350185,,
young,0.8024677716390424,0.8736648250460405,single,wearing_hat,diff_means,22,0.8176058931860037,-0.01513812154696137,,
5_o_clock_shadow,0.5812135665076842,0.6560678325384208,single,wearing_hat,diff_means,23,0.5936671966083731,-0.012453630100688895,,
arched_eyebrows,0.5256410256410257,0.5511818910256411,single,wearing_hat,diff_means,23,0.5336538461538461,-0.008012820512820484,,
attractive,0.5018657916747089,0.6184134337000579,single,wearing_hat,diff_means,23,0.49868107829891267,0.003184713375796233,,
bags_under_eyes,0.510808114399734,0.4896907216494846,single,wearing_hat,diff_means,23,0.5104755570335883,0.00033255736614568043,,
bald,0.743421052631579,0.7827380952380952,single,wearing_hat,diff_means,23,0.743421052631579,0.0,,
bangs,0.7766970618034448,0.8520770010131712,single,wearing_hat,diff_means,23,0.780952380952381,-0.004255319148936176,,
big_lips,0.4943213854208619,0.4903745469190495,single,wearing_hat,diff_means,23,0.4759967780910189,0.01832460732984298,,
big_nose,0.5970206264323912,0.6699770817417876,single,wearing_hat,diff_means,23,0.6067608861726509,-0.009740259740259716,,
black_hair,0.7705831903945111,0.8628859348198971,single,wearing_hat,diff_means,23,0.7118353344768439,0.05874785591766718,,
blond_hair,0.8548951048951049,0.925019425019425,single,wearing_hat,diff_means,23,0.8527583527583528,0.002136752136752129,,
blurry,0.5735992402659069,0.5735992402659069,single,wearing_hat,diff_means,23,0.581829692940804,-0.008230452674897082,,
brown_hair,0.6461973910903274,0.7994093034703421,single,wearing_hat,diff_means,23,0.6441053408811224,0.0020920502092049986,,
bushy_eyebrows,0.4989675516224189,0.5004424778761062,single,wearing_hat,diff_means,23,0.5256637168141592,-0.02669616519174034,,
chubby,0.6801029159519726,0.7638293310463121,single,wearing_hat,diff_means,23,0.6801029159519726,0.0,,
double_chin,0.643362831858407,0.7156342182890855,single,wearing_hat,diff_means,23,0.6389380530973452,0.004424778761061843,,
eyeglasses,0.871967654986523,0.9452551352356167,single,wearing_hat,diff_means,23,0.8670415466121386,0.0049261083743843415,,
goatee,0.6558559927084916,0.6890475467112259,single,wearing_hat,diff_means,23,0.6323864499468328,0.0234695427616588,,
gray_hair,0.865112160566706,0.9563164108618654,single,wearing_hat,diff_means,23,0.8884297520661157,-0.023317591499409707,,
heavy_makeup,0.5613871635610767,0.5953416149068324,single,wearing_hat,diff_means,23,0.5651138716356108,-0.003726708074534124,,
high_cheekbones,0.5143849206349207,0.4789806547619047,single,wearing_hat,diff_means,23,0.5223214285714286,-0.007936507936507908,,
male,0.9778481012658228,0.9787522603978299,single,wearing_hat,diff_means,23,0.9778481012658228,0.0,,
mouth_slightly_open,0.5335214377721892,0.5568913696865608,single,wearing_hat,diff_means,23,0.5481199779181746,-0.014598540145985384,,
mustache,0.7568842921784098,0.8235294117647058,single,wearing_hat,diff_means,23,0.7328377504848094,0.02404654169360043,,
narrow_eyes,0.6371057513914657,0.6593692022263451,single,wearing_hat,diff_means,23,0.6289424860853432,0.008163265306122547,,
no_beard,0.5392262032467997,0.505756990631481,single,wearing_hat,diff_means,23,0.5490595723378388,-0.009833369091039046,,
oval_face,0.505514039033592,0.48864543277951095,single,wearing_hat,diff_means,23,0.4896611768120148,0.015852862221577224,,
pale_skin,0.633270022158911,0.7714466603355492,single,wearing_hat,diff_means,23,0.6291547958214625,0.004115226337448541,,
pointy_nose,0.48606346483704976,0.4903516295025729,single,wearing_hat,diff_means,23,0.4879931389365352,-0.0019296740994854122,,
receding_hairline,0.5645642843814145,0.6320208994215338,single,wearing_hat,diff_means,23,0.5275237917521927,0.03704049262922182,,
rosy_cheeks,0.602125147579693,0.7470484061393152,single,wearing_hat,diff_means,23,0.6000590318772137,0.0020661157024793875,,
sideburns,0.6493506493506493,0.7565862708719853,single,wearing_hat,diff_means,23,0.6473098330241187,0.0020408163265306367,,
smiling,0.8508885199532681,0.9349443522105394,single,wearing_hat,diff_means,23,0.863709032773781,-0.012820512820512886,,
straight_hair,0.6263203463203464,0.6578354978354979,single,wearing_hat,diff_means,23,0.661991341991342,-0.03567099567099563,,
wavy_hair,0.5764821487061906,0.6126214652254613,single,wearing_hat,diff_means,23,0.574134730865815,0.0023474178403756207,,
wearing_earrings,0.627977292360854,0.7371343946686413,single,wearing_hat,diff_means,23,0.6529063309885228,-0.02492903862766882,,
wearing_hat,0.53515625,0.59967041015625,single,wearing_hat,diff_means,23,0.875,-0.33984375,,
wearing_lipstick,0.46479974968710885,0.46761576971214014,single,wearing_hat,diff_means,23,0.49092615769712145,-0.02612640801001259,,
wearing_necklace,0.6190635451505017,0.7076923076923077,single,wearing_hat,diff_means,23,0.5979933110367892,0.02107023411371245,,
wearing_necktie,0.5782811459027315,0.5742838107928048,single,wearing_hat,diff_means,23,0.5761714412613813,0.002109704641350185,,
young,0.7776058931860037,0.8648987108655617,single,wearing_hat,diff_means,23,0.8176058931860037,-0.040000000000000036,,
5_o_clock_shadow,0.5936671966083731,0.6568627450980392,single,wearing_hat,lr,0,0.5936671966083731,0.0,,
arched_eyebrows,0.5232371794871795,0.5454727564102564,single,wearing_hat,lr,0,0.5336538461538461,-0.01041666666666663,,
attractive,0.49868107829891267,0.6101138776298012,single,wearing_hat,lr,0,0.49868107829891267,0.0,,
bags_under_eyes,0.5130528766212172,0.4858663119388094,single,wearing_hat,lr,0,0.5104755570335883,0.002577319587628968,,
bald,0.743421052631579,0.7982456140350878,single,wearing_hat,lr,0,0.743421052631579,0.0,,
bangs,0.780952380952381,0.8488348530901721,single,wearing_hat,lr,0,0.780952380952381,0.0,,
big_lips,0.4759967780910189,0.48618606524365693,single,wearing_hat,lr,0,0.4759967780910189,0.0,,
big_nose,0.6067608861726509,0.6730965113318056,single,wearing_hat,lr,0,0.6067608861726509,0.0,,
black_hair,0.7141938250428816,0.8441252144082332,single,wearing_hat,lr,0,0.7118353344768439,0.002358490566037763,,
blond_hair,0.8527583527583528,0.9267676767676767,single,wearing_hat,lr,0,0.8527583527583528,0.0,,
blurry,0.6264640709085154,0.6122190566635011,single,wearing_hat,lr,0,0.581829692940804,0.044634377967711414,,
brown_hair,0.6420132906719173,0.8141767167117894,single,wearing_hat,lr,0,0.6441053408811224,-0.0020920502092051096,,
bushy_eyebrows,0.5256637168141592,0.5207964601769912,single,wearing_hat,lr,0,0.5256637168141592,0.0,,
chubby,0.6824614065180102,0.7497855917667238,single,wearing_hat,lr,0,0.6801029159519726,0.002358490566037652,,
double_chin,0.6411504424778761,0.7454277286135693,single,wearing_hat,lr,0,0.6389380530973452,0.0022123893805309214,,
eyeglasses,0.8764755088762897,0.9529696068407845,single,wearing_hat,lr,0,0.8670415466121386,0.009433962264151052,,
goatee,0.6301838067750265,0.6849460732188972,single,wearing_hat,lr,0,0.6323864499468328,-0.0022026431718062955,,
gray_hair,0.8884297520661157,0.9663518299881937,single,wearing_hat,lr,0,0.8884297520661157,0.0,,
heavy_makeup,0.5674948240165631,0.6087991718426501,single,wearing_hat,lr,0,0.5651138716356108,0.0023809523809523725,,
high_cheekbones,0.5213293650793651,0.4769345238095238,single,wearing_hat,lr,0,0.5223214285714286,-0.0009920634920634885,,
male,0.9778481012658228,0.9780418496512528,single,wearing_hat,lr,0,0.9778481012658228,0.0,,
mouth_slightly_open,0.5439182972459057,0.5676255903821382,single,wearing_hat,lr,0,0.5481199779181746,-0.004201680672268893,,
mustache,0.7328377504848094,0.8118939883645766,single,wearing_hat,lr,0,0.7328377504848094,0.0,,
narrow_eyes,0.6269016697588126,0.6489795918367347,single,wearing_hat,lr,0,0.6289424860853432,-0.0020408163265306367,,
no_beard,0.5490595723378388,0.5052563827504827,single,wearing_hat,lr,0,0.5490595723378388,0.0,,
oval_face,0.4868678807226293,0.4649931074512079,single,wearing_hat,lr,0,0.4896611768120148,-0.0027932960893854997,,
pale_skin,0.6291547958214625,0.7733459955682177,single,wearing_hat,lr,0,0.6291547958214625,0.0,,
pointy_nose,0.4903516295025729,0.5004288164665524,single,wearing_hat,lr,0,0.4879931389365352,0.0023584905660377076,,
receding_hairline,0.5275237917521927,0.5790259376749394,single,wearing_hat,lr,0,0.5275237917521927,0.0,,
rosy_cheeks,0.5979929161747344,0.7520661157024794,single,wearing_hat,lr,0,0.6000590318772137,-0.0020661157024792765,,
sideburns,0.6432282003710575,0.7554730983302412,single,wearing_hat,lr,0,0.6473098330241187,-0.004081632653061162,,
smiling,0.863709032773781,0.9394945581995942,single,wearing_hat,lr,0,0.863709032773781,0.0,,
straight_hair,0.6598268398268399,0.6597402597402598,single,wearing_hat,lr,0,0.661991341991342,-0.0021645021645021467,,
wavy_hair,0.574134730865815,0.6191723987334861,single,wearing_hat,lr,0,0.574134730865815,0.0,,
wearing_earrings,0.6506232259656917,0.7351598173515982,single,wearing_hat,lr,0,0.6529063309885228,-0.0022831050228311334,,
wearing_hat,0.875,0.93695068359375,single,wearing_hat,lr,0,0.875,0.0,,
wearing_lipstick,0.48826658322903627,0.4823216520650813,single,wearing_hat,lr,0,0.49092615769712145,-0.0026595744680851796,,
wearing_necklace,0.5979933110367892,0.6994983277591974,single,wearing_hat,lr,0,0.5979933110367892,0.0,,
wearing_necktie,0.5761714412613813,0.6009327115256495,single,wearing_hat,lr,0,0.5761714412613813,0.0,,
young,0.8176058931860037,0.8856721915285451,single,wearing_hat,lr,0,0.8176058931860037,0.0,,
5_o_clock_shadow,0.5914149443561209,0.6588500264970854,single,wearing_hat,lr,1,0.5936671966083731,-0.0022522522522522292,,
arched_eyebrows,0.530448717948718,0.5469751602564104,single,wearing_hat,lr,1,0.5336538461538461,-0.0032051282051281937,,
attractive,0.5018657916747089,0.6130734092517532,single,wearing_hat,lr,1,0.49868107829891267,0.003184713375796233,,
bags_under_eyes,0.5104755570335883,0.48603259062188225,single,wearing_hat,lr,1,0.5104755570335883,0.0,,
bald,0.743421052631579,0.799342105263158,single,wearing_hat,lr,1,0.743421052631579,0.0,,
bangs,0.7766970618034448,0.8482269503546099,single,wearing_hat,lr,1,0.780952380952381,-0.004255319148936176,,
big_lips,0.4759967780910189,0.4842529198550141,single,wearing_hat,lr,1,0.4759967780910189,0.0,,
big_nose,0.6067608861726509,0.6752610134963077,single,wearing_hat,lr,1,0.6067608861726509,0.0,,
black_hair,0.7118353344768439,0.8435891938250429,single,wearing_hat,lr,1,0.7118353344768439,0.0,,
blond_hair,0.8527583527583528,0.9263791763791763,single,wearing_hat,lr,1,0.8527583527583528,0.0,,
blurry,0.5900601456157012,0.615068059512504,single,wearing_hat,lr,1,0.581829692940804,0.008230452674897193,,
brown_hair,0.6378291902535073,0.8119616047255721,single,wearing_hat,lr,1,0.6441053408811224,-0.006276150627615107,,
bushy_eyebrows,0.5234513274336283,0.5176991150442478,single,wearing_hat,lr,1,0.5256637168141592,-0.0022123893805309214,,
chubby,0.6824614065180102,0.7481775300171526,single,wearing_hat,lr,1,0.6801029159519726,0.002358490566037652,,
double_chin,0.6389380530973452,0.7457227138643068,single,wearing_hat,lr,1,0.6389380530973452,0.0,,
eyeglasses,0.8670415466121386,0.953434334045915,single,wearing_hat,lr,1,0.8670415466121386,0.0,,
goatee,0.6496278292571775,0.6838827282394044,single,wearing_hat,lr,1,0.6323864499468328,0.01724137931034475,,
gray_hair,0.8925619834710744,0.9657615112160567,single,wearing_hat,lr,1,0.8884297520661157,0.004132231404958664,,
heavy_makeup,0.5674948240165631,0.6091097308488612,single,wearing_hat,lr,1,0.5651138716356108,0.0023809523809523725,,
high_cheekbones,0.5203373015873015,0.4760044642857143,single,wearing_hat,lr,1,0.5223214285714286,-0.001984126984127088,,
male,0.9778481012658228,0.9779772668561096,single,wearing_hat,lr,1,0.9778481012658228,0.0,,
mouth_slightly_open,0.5397166165736368,0.5679936208059866,single,wearing_hat,lr,1,0.5481199779181746,-0.008403361344537785,,
mustache,0.7305753070458954,0.8076276664511959,single,wearing_hat,lr,1,0.7328377504848094,-0.002262443438914019,,
narrow_eyes,0.6330241187384045,0.634508348794063,single,wearing_hat,lr,1,0.6289424860853432,0.004081632653061273,,
no_beard,0.5490595723378388,0.5033969820496317,single,wearing_hat,lr,1,0.5490595723378388,0.0,,
oval_face,0.49245447290140026,0.4646303417253138,single,wearing_hat,lr,1,0.4896611768120148,0.002793296089385444,,
pale_skin,0.6291547958214625,0.7689142133586578,single,wearing_hat,lr,1,0.6291547958214625,0.0,,
pointy_nose,0.49935677530017153,0.4991423670668954,single,wearing_hat,lr,1,0.4879931389365352,0.011363636363636354,,
receding_hairline,0.5275237917521927,0.5760403060272439,single,wearing_hat,lr,1,0.5275237917521927,0.0,,
rosy_cheeks,0.5979929161747344,0.7553128689492327,single,wearing_hat,lr,1,0.6000590318772137,-0.0020661157024792765,,
sideburns,0.6432282003710575,0.7532467532467533,single,wearing_hat,lr,1,0.6473098330241187,-0.004081632653061162,,
smiling,0.863709032773781,0.9405398757916743,single,wearing_hat,lr,1,0.863709032773781,0.0,,
straight_hair,0.6576623376623376,0.6597402597402597,single,wearing_hat,lr,1,0.661991341991342,-0.0043290043290044045,,
wavy_hair,0.574134730865815,0.6140408341522,single,wearing_hat,lr,1,0.574134730865815,0.0,,
wearing_earrings,0.6574725410341848,0.7354066395162286,single,wearing_hat,lr,1,0.6529063309885228,0.004566210045662045,,
wearing_hat,0.87890625,0.93780517578125,single,wearing_hat,lr,1,0.875,0.00390625,,
wearing_lipstick,0.4935857321652065,0.48560700876095125,single,wearing_hat,lr,1,0.49092615769712145,0.0026595744680850686,,
wearing_necklace,0.5936454849498327,0.6996655518394649,single,wearing_hat,lr,1,0.5979933110367892,-0.004347826086956497,,
wearing_necktie,0.5592938041305796,0.6098156784365978,single,wearing_hat,lr,1,0.5761714412613813,-0.016877637130801704,,
young,0.8176058931860037,0.885451197053407,single,wearing_hat,lr,1,0.8176058931860037,0.0,,
5_o_clock_shadow,0.6016163222045575,0.658320084790673,single,wearing_hat,lr,2,0.5936671966083731,0.007949125596184436,,
arched_eyebrows,0.5432692307692308,0.5485777243589745,single,wearing_hat,lr,2,0.5336538461538461,0.009615384615384692,,
attractive,0.5018657916747089,0.6120440069484655,single,wearing_hat,lr,2,0.49868107829891267,0.003184713375796233,,
bags_under_eyes,0.5053209178583306,0.4821250415696708,single,wearing_hat,lr,2,0.5104755570335883,-0.005154639175257714,,
bald,0.743421052631579,0.8015350877192983,single,wearing_hat,lr,2,0.743421052631579,0.0,,
bangs,0.780952380952381,0.8480243161094225,single,wearing_hat,lr,2,0.780952380952381,0.0,,
big_lips,0.4759967780910189,0.48159484494563026,single,wearing_hat,lr,2,0.4759967780910189,0.0,,
big_nose,0.6116628469569646,0.6736058059587471,single,wearing_hat,lr,2,0.6067608861726509,0.004901960784313708,,
black_hair,0.7322041166380789,0.8415523156089194,single,wearing_hat,lr,2,0.7118353344768439,0.020368782161235055,,
blond_hair,0.8527583527583528,0.9265734265734265,single,wearing_hat,lr,2,0.8527583527583528,0.0,,
blurry,0.5921177587844255,0.6381766381766383,single,wearing_hat,lr,2,0.581829692940804,0.010288065843621519,,
brown_hair,0.6420132906719173,0.8107309869554515,single,wearing_hat,lr,2,0.6441053408811224,-0.0020920502092051096,,
bushy_eyebrows,0.5256637168141592,0.5162241887905604,single,wearing_hat,lr,2,0.5256637168141592,0.0,,
chubby,0.6801029159519726,0.7472126929674099,single,wearing_hat,lr,2,0.6801029159519726,0.0,,
double_chin,0.643362831858407,0.7445427728613571,single,wearing_hat,lr,2,0.6389380530973452,0.004424778761061843,,
eyeglasses,0.8645784924249466,0.9517613161074449,single,wearing_hat,lr,2,0.8670415466121386,-0.0024630541871920597,,
goatee,0.6496278292571775,0.6849460732188972,single,wearing_hat,lr,2,0.6323864499468328,0.01724137931034475,,
gray_hair,0.8884297520661157,0.9634002361275089,single,wearing_hat,lr,2,0.8884297520661157,0.0,,
heavy_makeup,0.5698757763975155,0.6126293995859213,single,wearing_hat,lr,2,0.5651138716356108,0.004761904761904745,,
high_cheekbones,0.5238095238095238,0.4779885912698413,single,wearing_hat,lr,2,0.5223214285714286,0.0014880952380952328,,
male,0.9778481012658228,0.9777835184706793,single,wearing_hat,lr,2,0.9778481012658228,0.0,,
mouth_slightly_open,0.5391645709378642,0.5700791265411275,single,wearing_hat,lr,2,0.5481199779181746,-0.008955406980310388,,
mustache,0.7448610213316096,0.810213316095669,single,wearing_hat,lr,2,0.7328377504848094,0.012023270846800216,,
narrow_eyes,0.6473098330241187,0.6337662337662339,single,wearing_hat,lr,2,0.6289424860853432,0.01836734693877551,,
no_beard,0.5490595723378388,0.5023242508760638,single,wearing_hat,lr,2,0.5490595723378388,0.0,,
oval_face,0.49245447290140026,0.46361459769281,single,wearing_hat,lr,2,0.4896611768120148,0.002793296089385444,,
pale_skin,0.6291547958214625,0.7698638809749921,single,wearing_hat,lr,2,0.6291547958214625,0.0,,
pointy_nose,0.5036449399656947,0.4954974271012007,single,wearing_hat,lr,2,0.4879931389365352,0.01565180102915953,,
receding_hairline,0.5253778690054115,0.5784661317409965,single,wearing_hat,lr,2,0.5275237917521927,-0.0021459227467811592,,
rosy_cheeks,0.595926800472255,0.7547225501770957,single,wearing_hat,lr,2,0.6000590318772137,-0.004132231404958664,,
sideburns,0.6350649350649351,0.7528756957328385,single,wearing_hat,lr,2,0.6473098330241187,-0.012244897959183598,,
smiling,0.863709032773781,0.9404783865215519,single,wearing_hat,lr,2,0.863709032773781,0.0,,
straight_hair,0.6576623376623376,0.659047619047619,single,wearing_hat,lr,2,0.661991341991342,-0.0043290043290044045,,
wavy_hair,0.5578119882083197,0.6075990828693089,single,wearing_hat,lr,2,0.574134730865815,-0.016322742657495337,,
wearing_earrings,0.6574725410341848,0.7325681846229791,single,wearing_hat,lr,2,0.6529063309885228,0.004566210045662045,,
wearing_hat,0.8828125,0.93719482421875,single,wearing_hat,lr,2,0.875,0.0078125,,
wearing_lipstick,0.4856070087609512,0.4903785982478098,single,wearing_hat,lr,2,0.49092615769712145,-0.005319148936170248,,
wearing_necklace,0.6085284280936455,0.6966555183946488,single,wearing_hat,lr,2,0.5979933110367892,0.01053511705685628,,
wearing_necktie,0.5813901843215634,0.6162558294470353,single,wearing_hat,lr,2,0.5761714412613813,0.005218743060182107,,
young,0.8203683241252302,0.8843462246777164,single,wearing_hat,lr,2,0.8176058931860037,0.0027624309392264568,,
5_o_clock_shadow,0.5891626921038686,0.6584525702172761,single,wearing_hat,lr,3,0.5936671966083731,-0.0045045045045044585,,
arched_eyebrows,0.5328525641025641,0.5441706730769231,single,wearing_hat,lr,3,0.5336538461538461,-0.0008012820512820484,,
attractive,0.5018657916747089,0.6087627871067361,single,wearing_hat,lr,3,0.49868107829891267,0.003184713375796233,,
bags_under_eyes,0.4921017625540406,0.47530761556368467,single,wearing_hat,lr,3,0.5104755570335883,-0.018373794479547678,,
bald,0.743421052631579,0.8010651629072681,single,wearing_hat,lr,3,0.743421052631579,0.0,,
bangs,0.7766970618034448,0.8482269503546098,single,wearing_hat,lr,3,0.780952380952381,-0.004255319148936176,,
big_lips,0.47092227144583165,0.4799033427305679,single,wearing_hat,lr,3,0.4759967780910189,-0.005074506645187271,,
big_nose,0.6067608861726509,0.6750063661828367,single,wearing_hat,lr,3,0.6067608861726509,0.0,,
black_hair,0.7208404802744426,0.8415523156089194,single,wearing_hat,lr,3,0.7118353344768439,0.009005145797598701,,
blond_hair,0.8527583527583528,0.9265734265734266,single,wearing_hat,lr,3,0.8527583527583528,0.0,,
blurry,0.5838873061095283,0.639442861665084,single,wearing_hat,lr,3,0.581829692940804,0.002057613168724326,,
brown_hair,0.6441053408811224,0.8131922224956929,single,wearing_hat,lr,3,0.6441053408811224,0.0,,
bushy_eyebrows,0.5256637168141592,0.5163716814159292,single,wearing_hat,lr,3,0.5256637168141592,0.0,,
chubby,0.6824614065180102,0.7472126929674099,single,wearing_hat,lr,3,0.6801029159519726,0.002358490566037652,,
double_chin,0.6411504424778761,0.7482300884955754,single,wearing_hat,lr,3,0.6389380530973452,0.0022123893805309214,,
eyeglasses,0.8621154382377545,0.9487870619946092,single,wearing_hat,lr,3,0.8670415466121386,-0.004926108374384119,,
goatee,0.6474251860853714,0.6875284824548078,single,wearing_hat,lr,3,0.6323864499468328,0.015038736138538567,,
gray_hair,0.884297520661157,0.9663518299881937,single,wearing_hat,lr,3,0.8884297520661157,-0.004132231404958775,,
heavy_makeup,0.5627329192546584,0.6108695652173913,single,wearing_hat,lr,3,0.5651138716356108,-0.0023809523809523725,,
high_cheekbones,0.5213293650793651,0.4769965277777778,single,wearing_hat,lr,3,0.5223214285714286,-0.0009920634920634885,,
male,0.9778481012658228,0.9784939292172565,single,wearing_hat,lr,3,0.9778481012658228,0.0,,
mouth_slightly_open,0.5391645709378642,0.5701404649451021,single,wearing_hat,lr,3,0.5481199779181746,-0.008955406980310388,,
mustache,0.7283128636069812,0.8090497737556561,single,wearing_hat,lr,3,0.7328377504848094,-0.004524886877828149,,
narrow_eyes,0.6391465677179963,0.6267161410018552,single,wearing_hat,lr,3,0.6289424860853432,0.010204081632653073,,
no_beard,0.5490595723378388,0.5027533433454909,single,wearing_hat,lr,3,0.5490595723378388,0.0,,
oval_face,0.49245447290140026,0.4655009794674599,single,wearing_hat,lr,3,0.4896611768120148,0.002793296089385444,,
pale_skin,0.6291547958214625,0.7695473251028806,single,wearing_hat,lr,3,0.6291547958214625,0.0,,
pointy_nose,0.5083619210977701,0.49496140651801024,single,wearing_hat,lr,3,0.4879931389365352,0.020368782161234944,,
receding_hairline,0.5232319462586303,0.5788393356969584,single,wearing_hat,lr,3,0.5275237917521927,-0.0042918454935623185,,
rosy_cheeks,0.602125147579693,0.7582644628099173,single,wearing_hat,lr,3,0.6000590318772137,0.0020661157024793875,,
sideburns,0.6391465677179963,0.7562152133580705,single,wearing_hat,lr,3,0.6473098330241187,-0.008163265306122436,,
smiling,0.863709032773781,0.9402939187111848,single,wearing_hat,lr,3,0.863709032773781,0.0,,
straight_hair,0.6576623376623376,0.6618181818181819,single,wearing_hat,lr,3,0.661991341991342,-0.0043290043290044045,,
wavy_hair,0.5694398951850639,0.6059613494923026,single,wearing_hat,lr,3,0.574134730865815,-0.0046948356807511304,,
wearing_earrings,0.6574725410341848,0.7361471060101197,single,wearing_hat,lr,3,0.6529063309885228,0.004566210045662045,,
wearing_hat,0.87109375,0.9371337890625,single,wearing_hat,lr,3,0.875,-0.00390625,,
wearing_lipstick,0.48028785982478095,0.4916301627033792,single,wearing_hat,lr,3,0.49092615769712145,-0.010638297872340496,,
wearing_necklace,0.6150501672240802,0.7011705685618729,single,wearing_hat,lr,3,0.5979933110367892,0.017056856187291025,,
wearing_necktie,0.552964690206529,0.6087053075727293,single,wearing_hat,lr,3,0.5761714412613813,-0.02320675105485226,,
young,0.8231307550644567,0.8825046040515654,single,wearing_hat,lr,3,0.8176058931860037,0.0055248618784529135,,
5_o_clock_shadow,0.5936671966083731,0.6585850556438791,single,wearing_hat,lr,4,0.5936671966083731,0.0,,
arched_eyebrows,0.5408653846153846,0.5440705128205128,single,wearing_hat,lr,4,0.5336538461538461,0.007211538461538436,,
attractive,0.49868107829891267,0.6114649681528662,single,wearing_hat,lr,4,0.49868107829891267,0.0,,
bags_under_eyes,0.4917692051878949,0.4835384103757898,single,wearing_hat,lr,4,0.5104755570335883,-0.01870635184569336,,
bald,0.743421052631579,0.7987155388471178,single,wearing_hat,lr,4,0.743421052631579,0.0,,
bangs,0.7788247213779129,0.8490374873353597,single,wearing_hat,lr,4,0.780952380952381,-0.0021276595744680327,,
big_lips,0.4786145791381393,0.4855416834474427,single,wearing_hat,lr,4,0.4759967780910189,0.002617801047120394,,
big_nose,0.6067608861726509,0.6742424242424243,single,wearing_hat,lr,4,0.6067608861726509,0.0,,
black_hair,0.7231989708404802,0.8444468267581475,single,wearing_hat,lr,4,0.7118353344768439,0.011363636363636354,,
blond_hair,0.8527583527583528,0.9254079254079254,single,wearing_hat,lr,4,0.8527583527583528,0.0,,
blurry,0.6244064577397911,0.6226654004431782,single,wearing_hat,lr,4,0.581829692940804,0.04257676479898709,,
brown_hair,0.6461973910903274,0.8131922224956929,single,wearing_hat,lr,4,0.6441053408811224,0.0020920502092049986,,
bushy_eyebrows,0.5256637168141592,0.5184365781710915,single,wearing_hat,lr,4,0.5256637168141592,0.0,,
chubby,0.6801029159519726,0.7467838765008576,single,wearing_hat,lr,4,0.6801029159519726,0.0,,
double_chin,0.6411504424778761,0.7467551622418879,single,wearing_hat,lr,4,0.6389380530973452,0.0022123893805309214,,
eyeglasses,0.8670415466121386,0.9511106980202622,single,wearing_hat,lr,4,0.8670415466121386,0.0,,
goatee,0.6540331156007899,0.6858575117727479,single,wearing_hat,lr,4,0.6323864499468328,0.02164666565395712,,
gray_hair,0.8863636363636364,0.9654663518299882,single,wearing_hat,lr,4,0.8884297520661157,-0.0020661157024793875,,
heavy_makeup,0.5627329192546584,0.6091097308488612,single,wearing_hat,lr,4,0.5651138716356108,-0.0023809523809523725,,
high_cheekbones,0.5223214285714286,0.4754464285714286,single,wearing_hat,lr,4,0.5223214285714286,0.0,,
male,0.9778481012658228,0.9783001808318263,single,wearing_hat,lr,4,0.9778481012658228,0.0,,
mouth_slightly_open,0.5397166165736368,0.5667668527264921,single,wearing_hat,lr,4,0.5481199779181746,-0.008403361344537785,,
mustache,0.7328377504848094,0.8129282482223659,single,wearing_hat,lr,4,0.7328377504848094,0.0,,
narrow_eyes,0.6309833024118738,0.6441558441558441,single,wearing_hat,lr,4,0.6289424860853432,0.0020408163265306367,,
no_beard,0.5490595723378388,0.5047557748694843,single,wearing_hat,lr,4,0.5490595723378388,0.0,,
oval_face,0.49245447290140026,0.46288906624102155,single,wearing_hat,lr,4,0.4896611768120148,0.002793296089385444,,
pale_skin,0.6270971826527383,0.770496992719215,single,wearing_hat,lr,4,0.6291547958214625,-0.002057613168724215,,
pointy_nose,0.4856346483704974,0.4997855917667238,single,wearing_hat,lr,4,0.4879931389365352,-0.002358490566037763,,
receding_hairline,0.5232319462586303,0.5805187534987871,single,wearing_hat,lr,4,0.5275237917521927,-0.0042918454935623185,,
rosy_cheeks,0.6000590318772137,0.7612160566706021,single,wearing_hat,lr,4,0.6000590318772137,0.0,,
sideburns,0.6432282003710575,0.7532467532467532,single,wearing_hat,lr,4,0.6473098330241187,-0.004081632653061162,,
smiling,0.863709032773781,0.9397405152800836,single,wearing_hat,lr,4,0.863709032773781,0.0,,
straight_hair,0.6441558441558441,0.6588744588744588,single,wearing_hat,lr,4,0.661991341991342,-0.01783549783549787,,
wavy_hair,0.574134730865815,0.61578774975434,single,wearing_hat,lr,4,0.574134730865815,0.0,,
wearing_earrings,0.6574725410341848,0.735653461680859,single,wearing_hat,lr,4,0.6529063309885228,0.004566210045662045,,
wearing_hat,0.87109375,0.9366455078125,single,wearing_hat,lr,4,0.875,-0.00390625,,
wearing_lipstick,0.49092615769712145,0.48693679599499373,single,wearing_hat,lr,4,0.49092615769712145,0.0,,
wearing_necklace,0.5979933110367892,0.7021739130434783,single,wearing_hat,lr,4,0.5979933110367892,0.0,,
wearing_necktie,0.5740617366200311,0.5973795247612703,single,wearing_hat,lr,4,0.5761714412613813,-0.002109704641350185,,
young,0.8231307550644567,0.8846408839779005,single,wearing_hat,lr,4,0.8176058931860037,0.0055248618784529135,,
5_o_clock_shadow,0.5936671966083731,0.6577901430842608,single,wearing_hat,lr,5,0.5936671966083731,0.0,,
arched_eyebrows,0.5384615384615384,0.5444711538461539,single,wearing_hat,lr,5,0.5336538461538461,0.004807692307692291,,
attractive,0.5018657916747089,0.6089558000386025,single,wearing_hat,lr,5,0.49868107829891267,0.003184713375796233,,
bags_under_eyes,0.4917692051878949,0.4830395743265713,single,wearing_hat,lr,5,0.5104755570335883,-0.01870635184569336,,
bald,0.743421052631579,0.7991854636591479,single,wearing_hat,lr,5,0.743421052631579,0.0,,
bangs,0.7766970618034448,0.8502532928064843,single,wearing_hat,lr,5,0.780952380952381,-0.004255319148936176,,
big_lips,0.4759967780910189,0.4878775674587194,single,wearing_hat,lr,5,0.4759967780910189,0.0,,
big_nose,0.6067608861726509,0.6746880570409982,single,wearing_hat,lr,5,0.6067608861726509,0.0,,
black_hair,0.725557461406518,0.8447684391080618,single,wearing_hat,lr,5,0.7118353344768439,0.013722126929674117,,
blond_hair,0.8527583527583528,0.9257964257964257,single,wearing_hat,lr,5,0.8527583527583528,0.0,,
blurry,0.6264640709085154,0.617283950617284,single,wearing_hat,lr,5,0.581829692940804,0.044634377967711414,,
brown_hair,0.6461973910903274,0.8112232340634999,single,wearing_hat,lr,5,0.6441053408811224,0.0020920502092049986,,
bushy_eyebrows,0.5234513274336283,0.5190265486725664,single,wearing_hat,lr,5,0.5256637168141592,-0.0022123893805309214,,
chubby,0.6824614065180102,0.7474271012006861,single,wearing_hat,lr,5,0.6801029159519726,0.002358490566037652,,
double_chin,0.6411504424778761,0.7454277286135693,single,wearing_hat,lr,5,0.6389380530973452,0.0022123893805309214,,
eyeglasses,0.8764755088762897,0.9522260433125755,single,wearing_hat,lr,5,0.8670415466121386,0.009433962264151052,,
goatee,0.6345890931186389,0.6863132310496735,single,wearing_hat,lr,5,0.6323864499468328,0.0022026431718060735,,
gray_hair,0.890495867768595,0.9663518299881937,single,wearing_hat,lr,5,0.8884297520661157,0.0020661157024792765,,
heavy_makeup,0.5627329192546584,0.6072463768115942,single,wearing_hat,lr,5,0.5651138716356108,-0.0023809523809523725,,
high_cheekbones,0.5153769841269842,0.4751364087301588,single,wearing_hat,lr,5,0.5223214285714286,-0.00694444444444442,,
male,0.9778481012658228,0.9783001808318265,single,wearing_hat,lr,5,0.9778481012658228,0.0,,
mouth_slightly_open,0.5439182972459057,0.5671348831503404,single,wearing_hat,lr,5,0.5481199779181746,-0.004201680672268893,,
mustache,0.7328377504848094,0.8129282482223659,single,wearing_hat,lr,5,0.7328377504848094,0.0,,
narrow_eyes,0.6309833024118738,0.6478664192949908,single,wearing_hat,lr,5,0.6289424860853432,0.0020408163265306367,,
no_beard,0.5490595723378388,0.5050775942215547,single,wearing_hat,lr,5,0.5490595723378388,0.0,,
oval_face,0.4896611768120148,0.4631067256765581,single,wearing_hat,lr,5,0.4896611768120148,0.0,,
pale_skin,0.6270971826527383,0.7736625514403292,single,wearing_hat,lr,5,0.6291547958214625,-0.002057613168724215,,
pointy_nose,0.4903516295025729,0.5004288164665522,single,wearing_hat,lr,5,0.4879931389365352,0.0023584905660377076,,
receding_hairline,0.5253778690054115,0.5823847732785968,single,wearing_hat,lr,5,0.5275237917521927,-0.0021459227467811592,,
rosy_cheeks,0.6000590318772137,0.7618063754427391,single,wearing_hat,lr,5,0.6000590318772137,0.0,,
sideburns,0.6452690166975881,0.7543599257884973,single,wearing_hat,lr,5,0.6473098330241187,-0.0020408163265306367,,
smiling,0.863709032773781,0.9399249830904508,single,wearing_hat,lr,5,0.863709032773781,0.0,,
straight_hair,0.6641558441558442,0.6612987012987013,single,wearing_hat,lr,5,0.661991341991342,0.0021645021645021467,,
wavy_hair,0.574134730865815,0.61578774975434,single,wearing_hat,lr,5,0.574134730865815,0.0,,
wearing_earrings,0.6551894360113538,0.7347895841046526,single,wearing_hat,lr,5,0.6529063309885228,0.0022831050228310223,,
wearing_hat,0.875,0.93682861328125,single,wearing_hat,lr,5,0.875,0.0,,
wearing_lipstick,0.4935857321652065,0.4853723404255319,single,wearing_hat,lr,5,0.49092615769712145,0.0026595744680850686,,
wearing_necklace,0.6001672240802676,0.7025083612040135,single,wearing_hat,lr,5,0.5979933110367892,0.0021739130434783593,,
wearing_necktie,0.5740617366200311,0.594492560515212,single,wearing_hat,lr,5,0.5761714412613813,-0.002109704641350185,,
young,0.8203683241252302,0.8861141804788213,single,wearing_hat,lr,5,0.8176058931860037,0.0027624309392264568,,
5_o_clock_shadow,0.5936671966083731,0.6572602013778485,single,wearing_hat,lr,6,0.5936671966083731,0.0,,
arched_eyebrows,0.5360576923076923,0.5443709935897436,single,wearing_hat,lr,6,0.5336538461538461,0.0024038461538461453,,
attractive,0.5018657916747089,0.6063822942803835,single,wearing_hat,lr,6,0.49868107829891267,0.003184713375796233,,
bags_under_eyes,0.49434652477552377,0.48495177918190885,single,wearing_hat,lr,6,0.5104755570335883,-0.016129032258064502,,
bald,0.743421052631579,0.7987155388471178,single,wearing_hat,lr,6,0.743421052631579,0.0,,
bangs,0.7788247213779129,0.8490374873353597,single,wearing_hat,lr,6,0.780952380952381,-0.0021276595744680327,,
big_lips,0.4759967780910189,0.4861055175191301,single,wearing_hat,lr,6,0.4759967780910189,0.0,,
big_nose,0.6067608861726509,0.6744334097275274,single,wearing_hat,lr,6,0.6067608861726509,0.0,,
black_hair,0.7208404802744426,0.8432675814751287,single,wearing_hat,lr,6,0.7118353344768439,0.009005145797598701,,
blond_hair,0.8527583527583528,0.9263791763791763,single,wearing_hat,lr,6,0.8527583527583528,0.0,,
blurry,0.6182336182336182,0.621082621082621,single,wearing_hat,lr,6,0.581829692940804,0.03640392529281422,,
brown_hair,0.6461973910903274,0.8112232340634998,single,wearing_hat,lr,6,0.6441053408811224,0.0020920502092049986,,
bushy_eyebrows,0.5234513274336283,0.5157817109144543,single,wearing_hat,lr,6,0.5256637168141592,-0.0022123893805309214,,
chubby,0.6824614065180102,0.7463550600343053,single,wearing_hat,lr,6,0.6801029159519726,0.002358490566037652,,
double_chin,0.6411504424778761,0.7491150442477876,single,wearing_hat,lr,6,0.6389380530973452,0.0022123893805309214,,
eyeglasses,0.8621154382377545,0.9508318616971838,single,wearing_hat,lr,6,0.8670415466121386,-0.004926108374384119,,
goatee,0.6690718517393286,0.6882880145830168,single,wearing_hat,lr,6,0.6323864499468328,0.0366854017924958,,
gray_hair,0.8966942148760331,0.9672373081463991,single,wearing_hat,lr,6,0.8884297520661157,0.008264462809917328,,
heavy_makeup,0.5627329192546584,0.6110766045548655,single,wearing_hat,lr,6,0.5651138716356108,-0.0023809523809523725,,
high_cheekbones,0.5188492063492064,0.47532242063492064,single,wearing_hat,lr,6,0.5223214285714286,-0.00347222222222221,,
male,0.9778481012658228,0.9780418496512528,single,wearing_hat,lr,6,0.9778481012658228,0.0,,
mouth_slightly_open,0.5397166165736368,0.5684229896338098,single,wearing_hat,lr,6,0.5481199779181746,-0.008403361344537785,,
mustache,0.7448610213316096,0.8134453781512605,single,wearing_hat,lr,6,0.7328377504848094,0.012023270846800216,,
narrow_eyes,0.6289424860853432,0.6512059369202227,single,wearing_hat,lr,6,0.6289424860853432,0.0,,
no_beard,0.5490595723378388,0.5055424443967675,single,wearing_hat,lr,6,0.5490595723378388,0.0,,
oval_face,0.4896611768120148,0.4644852354349561,single,wearing_hat,lr,6,0.4896611768120148,0.0,,
pale_skin,0.625039569484014,0.7739791073124407,single,wearing_hat,lr,6,0.6291547958214625,-0.004115226337448541,,
pointy_nose,0.49463979416809606,0.5025728987993139,single,wearing_hat,lr,6,0.4879931389365352,0.006646655231560883,,
receding_hairline,0.5253778690054115,0.5842507930584064,single,wearing_hat,lr,6,0.5275237917521927,-0.0021459227467811592,,
rosy_cheeks,0.5979929161747344,0.7579693034238489,single,wearing_hat,lr,6,0.6000590318772137,-0.0020661157024792765,,
sideburns,0.65139146567718,0.7536178107606678,single,wearing_hat,lr,6,0.6473098330241187,0.004081632653061273,,
smiling,0.863709032773781,0.9394945581995942,single,wearing_hat,lr,6,0.863709032773781,0.0,,
straight_hair,0.6598268398268399,0.6625108225108226,single,wearing_hat,lr,6,0.661991341991342,-0.0021645021645021467,,
wavy_hair,0.574134730865815,0.6167703897805437,single,wearing_hat,lr,6,0.574134730865815,0.0,,
wearing_earrings,0.6529063309885228,0.7367641614216958,single,wearing_hat,lr,6,0.6529063309885228,0.0,,
wearing_hat,0.87109375,0.93731689453125,single,wearing_hat,lr,6,0.875,-0.00390625,,
wearing_lipstick,0.48826658322903627,0.4901439299123904,single,wearing_hat,lr,6,0.49092615769712145,-0.0026595744680851796,,
wearing_necklace,0.6023411371237458,0.7036789297658862,single,wearing_hat,lr,6,0.5979933110367892,0.004347826086956608,,
wearing_necktie,0.5698423273373306,0.5953808572063068,single,wearing_hat,lr,6,0.5761714412613813,-0.006329113924050667,,
young,0.8137016574585636,0.885377532228361,single,wearing_hat,lr,6,0.8176058931860037,-0.003904235727440142,,
5_o_clock_shadow,0.5959194488606254,0.6569952305246424,single,wearing_hat,lr,7,0.5936671966083731,0.0022522522522523403,,
arched_eyebrows,0.5336538461538461,0.5446714743589743,single,wearing_hat,lr,7,0.5336538461538461,0.0,,
attractive,0.5018657916747089,0.6054172296210513,single,wearing_hat,lr,7,0.49868107829891267,0.003184713375796233,,
bags_under_eyes,0.5078982374459594,0.48561689391420015,single,wearing_hat,lr,7,0.5104755570335883,-0.002577319587628857,,
bald,0.743421052631579,0.7985588972431078,single,wearing_hat,lr,7,0.743421052631579,0.0,,
bangs,0.7788247213779129,0.8502532928064842,single,wearing_hat,lr,7,0.780952380952381,-0.0021276595744680327,,
big_lips,0.4759967780910189,0.4867498993153444,single,wearing_hat,lr,7,0.4759967780910189,0.0,,
big_nose,0.6067608861726509,0.6740514387573212,single,wearing_hat,lr,7,0.6067608861726509,0.0,,
black_hair,0.725557461406518,0.8435891938250429,single,wearing_hat,lr,7,0.7118353344768439,0.013722126929674117,,
blond_hair,0.8527583527583528,0.9257964257964257,single,wearing_hat,lr,7,0.8527583527583528,0.0,,
blurry,0.6202912314023425,0.6119025007913896,single,wearing_hat,lr,7,0.581829692940804,0.03846153846153855,,
brown_hair,0.6461973910903274,0.813438346049717,single,wearing_hat,lr,7,0.6441053408811224,0.0020920502092049986,,
bushy_eyebrows,0.5234513274336283,0.5168141592920353,single,wearing_hat,lr,7,0.5256637168141592,-0.0022123893805309214,,
chubby,0.6824614065180102,0.7479631217838765,single,wearing_hat,lr,7,0.6801029159519726,0.002358490566037652,,
double_chin,0.6411504424778761,0.7476401179941002,single,wearing_hat,lr,7,0.6389380530973452,0.0022123893805309214,,
eyeglasses,0.8670415466121386,0.9522260433125755,single,wearing_hat,lr,7,0.8670415466121386,0.0,,
goatee,0.6518304724289837,0.6891994531368676,single,wearing_hat,lr,7,0.6323864499468328,0.019444022482150936,,
gray_hair,0.8925619834710744,0.9675324675324675,single,wearing_hat,lr,7,0.8884297520661157,0.004132231404958664,,
heavy_makeup,0.5674948240165631,0.6099378881987577,single,wearing_hat,lr,7,0.5651138716356108,0.0023809523809523725,,
high_cheekbones,0.5223214285714286,0.4750124007936508,single,wearing_hat,lr,7,0.5223214285714286,0.0,,
male,0.9778481012658228,0.9781064324463963,single,wearing_hat,lr,7,0.9778481012658228,0.0,,
mouth_slightly_open,0.5397166165736368,0.5668895295344416,single,wearing_hat,lr,7,0.5481199779181746,-0.008403361344537785,,
mustache,0.7328377504848094,0.8129282482223659,single,wearing_hat,lr,7,0.7328377504848094,0.0,,
narrow_eyes,0.6269016697588126,0.6504638218923933,single,wearing_hat,lr,7,0.6289424860853432,-0.0020408163265306367,,
no_beard,0.5490595723378388,0.5033254666380605,single,wearing_hat,lr,7,0.5490595723378388,0.0,,
oval_face,0.4896611768120148,0.46564608575781763,single,wearing_hat,lr,7,0.4896611768120148,0.0,,
pale_skin,0.625039569484014,0.7768281101614435,single,wearing_hat,lr,7,0.6291547958214625,-0.004115226337448541,,
pointy_nose,0.5107204116638079,0.5031089193825042,single,wearing_hat,lr,7,0.4879931389365352,0.022727272727272707,,
receding_hairline,0.5253778690054115,0.5840641910804255,single,wearing_hat,lr,7,0.5275237917521927,-0.0021459227467811592,,
rosy_cheeks,0.602125147579693,0.7582644628099173,single,wearing_hat,lr,7,0.6000590318772137,0.0020661157024793875,,
sideburns,0.6473098330241187,0.7528756957328386,single,wearing_hat,lr,7,0.6473098330241187,0.0,,
smiling,0.8594355285002767,0.939802004550206,single,wearing_hat,lr,7,0.863709032773781,-0.004273504273504258,,
straight_hair,0.6576623376623376,0.663896103896104,single,wearing_hat,lr,7,0.661991341991342,-0.0043290043290044045,,
wavy_hair,0.574134730865815,0.6154602030789388,single,wearing_hat,lr,7,0.574134730865815,0.0,,
wearing_earrings,0.6460570159200296,0.7328150067876096,single,wearing_hat,lr,7,0.6529063309885228,-0.006849315068493178,,
wearing_hat,0.875,0.9371337890625,single,wearing_hat,lr,7,0.875,0.0,,
wearing_lipstick,0.4856070087609512,0.4877972465581978,single,wearing_hat,lr,7,0.49092615769712145,-0.005319148936170248,,
wearing_necklace,0.5936454849498327,0.7018394648829432,single,wearing_hat,lr,7,0.5979933110367892,-0.004347826086956497,,
wearing_necktie,0.5740617366200311,0.6007106373528759,single,wearing_hat,lr,7,0.5761714412613813,-0.002109704641350185,,
young,0.81646408839779,0.8861878453038674,single,wearing_hat,lr,7,0.8176058931860037,-0.001141804788213685,,
5_o_clock_shadow,0.5936671966083731,0.6592474827768945,single,wearing_hat,lr,8,0.5936671966083731,0.0,,
arched_eyebrows,0.5360576923076923,0.5441706730769231,single,wearing_hat,lr,8,0.5336538461538461,0.0024038461538461453,,
attractive,0.49868107829891267,0.6104355658495786,single,wearing_hat,lr,8,0.49868107829891267,0.0,,
bags_under_eyes,0.5104755570335883,0.4882773528433655,single,wearing_hat,lr,8,0.5104755570335883,0.0,,
bald,0.743421052631579,0.800125313283208,single,wearing_hat,lr,8,0.743421052631579,0.0,,
bangs,0.780952380952381,0.8506585612968591,single,wearing_hat,lr,8,0.780952380952381,0.0,,
big_lips,0.4759967780910189,0.4854611357229158,single,wearing_hat,lr,8,0.4759967780910189,0.0,,
big_nose,0.6067608861726509,0.6744334097275273,single,wearing_hat,lr,8,0.6067608861726509,0.0,,
black_hair,0.7208404802744426,0.8443396226415095,single,wearing_hat,lr,8,0.7118353344768439,0.009005145797598701,,
blond_hair,0.8527583527583528,0.9265734265734266,single,wearing_hat,lr,8,0.8527583527583528,0.0,,
blurry,0.6244064577397911,0.6100031655587211,single,wearing_hat,lr,8,0.581829692940804,0.04257676479898709,,
brown_hair,0.6461973910903274,0.8117154811715481,single,wearing_hat,lr,8,0.6441053408811224,0.0020920502092049986,,
bushy_eyebrows,0.5278761061946903,0.5205014749262536,single,wearing_hat,lr,8,0.5256637168141592,0.0022123893805310324,,
chubby,0.6801029159519726,0.7502144082332762,single,wearing_hat,lr,8,0.6801029159519726,0.0,,
double_chin,0.6389380530973452,0.7485250737463127,single,wearing_hat,lr,8,0.6389380530973452,0.0,,
eyeglasses,0.8670415466121386,0.951761316107445,single,wearing_hat,lr,8,0.8670415466121386,0.0,,
goatee,0.6474251860853714,0.6858575117727481,single,wearing_hat,lr,8,0.6323864499468328,0.015038736138538567,,
gray_hair,0.890495867768595,0.967827626918536,single,wearing_hat,lr,8,0.8884297520661157,0.0020661157024792765,,
heavy_makeup,0.5674948240165631,0.6127329192546583,single,wearing_hat,lr,8,0.5651138716356108,0.0023809523809523725,,
high_cheekbones,0.5178571428571429,0.4777405753968254,single,wearing_hat,lr,8,0.5223214285714286,-0.004464285714285698,,
male,0.9778481012658228,0.9781064324463964,single,wearing_hat,lr,8,0.9778481012658228,0.0,,
mouth_slightly_open,0.5439182972459057,0.5667668527264921,single,wearing_hat,lr,8,0.5481199779181746,-0.004201680672268893,,
mustache,0.7328377504848094,0.8127989657401422,single,wearing_hat,lr,8,0.7328377504848094,0.0,,
narrow_eyes,0.6289424860853432,0.6411873840445268,single,wearing_hat,lr,8,0.6289424860853432,0.0,,
no_beard,0.5490595723378388,0.5036830436959165,single,wearing_hat,lr,8,0.5490595723378388,0.0,,
oval_face,0.4868678807226293,0.46448523543495607,single,wearing_hat,lr,8,0.4896611768120148,-0.0027932960893854997,,
pale_skin,0.6291547958214625,0.7749287749287749,single,wearing_hat,lr,8,0.6291547958214625,0.0,,
pointy_nose,0.49699828473413377,0.5011792452830188,single,wearing_hat,lr,8,0.4879931389365352,0.00900514579759859,,
receding_hairline,0.5318156372457548,0.5823847732785968,single,wearing_hat,lr,8,0.5275237917521927,0.0042918454935620964,,
rosy_cheeks,0.6000590318772137,0.755608028335301,single,wearing_hat,lr,8,0.6000590318772137,0.0,,
sideburns,0.6411873840445269,0.7558441558441559,single,wearing_hat,lr,8,0.6473098330241187,-0.006122448979591799,,
smiling,0.863709032773781,0.9403554079813072,single,wearing_hat,lr,8,0.863709032773781,0.0,,
straight_hair,0.6598268398268399,0.6616450216450216,single,wearing_hat,lr,8,0.661991341991342,-0.0021645021645021467,,
wavy_hair,0.574134730865815,0.6130581941259963,single,wearing_hat,lr,8,0.574134730865815,0.0,,
wearing_earrings,0.6506232259656917,0.7377514500802173,single,wearing_hat,lr,8,0.6529063309885228,-0.0022831050228311334,,
wearing_hat,0.875,0.9376220703125,single,wearing_hat,lr,8,0.875,0.0,,
wearing_lipstick,0.48294743429286613,0.4842772215269086,single,wearing_hat,lr,8,0.49092615769712145,-0.007978723404255317,,
wearing_necklace,0.5892976588628762,0.6994983277591973,single,wearing_hat,lr,8,0.5979933110367892,-0.008695652173912993,,
wearing_necktie,0.5677326226959805,0.6011547856984233,single,wearing_hat,lr,8,0.5761714412613813,-0.008438818565400852,,
young,0.8203683241252302,0.8860405156537754,single,wearing_hat,lr,8,0.8176058931860037,0.0027624309392264568,,
5_o_clock_shadow,0.5936671966083731,0.660042395336513,single,wearing_hat,lr,9,0.5936671966083731,0.0,,
arched_eyebrows,0.5232371794871795,0.5434695512820513,single,wearing_hat,lr,9,0.5336538461538461,-0.01041666666666663,,
attractive,0.49868107829891267,0.612237019880332,single,wearing_hat,lr,9,0.49868107829891267,0.0,,
bags_under_eyes,0.5104755570335883,0.4871134020618556,single,wearing_hat,lr,9,0.5104755570335883,0.0,,
bald,0.743421052631579,0.7987155388471178,single,wearing_hat,lr,9,0.743421052631579,0.0,,
bangs,0.7788247213779129,0.8498480243161094,single,wearing_hat,lr,9,0.780952380952381,-0.0021276595744680327,,
big_lips,0.4786145791381393,0.48618606524365693,single,wearing_hat,lr,9,0.4759967780910189,0.002617801047120394,,
big_nose,0.6116628469569646,0.6736694677871149,single,wearing_hat,lr,9,0.6067608861726509,0.004901960784313708,,
black_hair,0.7118353344768439,0.8444468267581475,single,wearing_hat,lr,9,0.7118353344768439,0.0,,
blond_hair,0.8527583527583528,0.925990675990676,single,wearing_hat,lr,9,0.8527583527583528,0.0,,
blurry,0.6223488445710668,0.6106362773029439,single,wearing_hat,lr,9,0.581829692940804,0.04051915163026276,,
brown_hair,0.6441053408811224,0.8134383460497169,single,wearing_hat,lr,9,0.6441053408811224,0.0,,
bushy_eyebrows,0.5256637168141592,0.5205014749262538,single,wearing_hat,lr,9,0.5256637168141592,0.0,,
chubby,0.6777444253859348,0.7501072041166381,single,wearing_hat,lr,9,0.6801029159519726,-0.002358490566037763,,
double_chin,0.6411504424778761,0.7469026548672566,single,wearing_hat,lr,9,0.6389380530973452,0.0022123893805309214,,
eyeglasses,0.8764755088762897,0.9520401524305233,single,wearing_hat,lr,9,0.8670415466121386,0.009433962264151052,,
goatee,0.6624639222239102,0.6860094181983898,single,wearing_hat,lr,9,0.6323864499468328,0.030077472277077355,,
gray_hair,0.890495867768595,0.967237308146399,single,wearing_hat,lr,9,0.8884297520661157,0.0020661157024792765,,
heavy_makeup,0.5627329192546584,0.6114906832298137,single,wearing_hat,lr,9,0.5651138716356108,-0.0023809523809523725,,
high_cheekbones,0.5178571428571429,0.4765625,single,wearing_hat,lr,9,0.5223214285714286,-0.004464285714285698,,
male,0.9778481012658228,0.9783647636269699,single,wearing_hat,lr,9,0.9778481012658228,0.0,,
mouth_slightly_open,0.5397166165736368,0.5694044040974053,single,wearing_hat,lr,9,0.5481199779181746,-0.008403361344537785,,
mustache,0.7351001939237234,0.8127989657401422,single,wearing_hat,lr,9,0.7328377504848094,0.002262443438914019,,
narrow_eyes,0.6289424860853432,0.6463821892393321,single,wearing_hat,lr,9,0.6289424860853432,0.0,,
no_beard,0.5490595723378388,0.5046127440463419,single,wearing_hat,lr,9,0.5490595723378388,0.0,,
oval_face,0.4896611768120148,0.4654284263222811,single,wearing_hat,lr,9,0.4896611768120148,0.0,,
pale_skin,0.6270971826527383,0.7771446660335549,single,wearing_hat,lr,9,0.6291547958214625,-0.002057613168724215,,
pointy_nose,0.5083619210977701,0.5016080617495712,single,wearing_hat,lr,9,0.4879931389365352,0.020368782161234944,,
receding_hairline,0.5296697144989737,0.5801455495428252,single,wearing_hat,lr,9,0.5275237917521927,0.0021459227467810482,,
rosy_cheeks,0.6000590318772137,0.7508854781582054,single,wearing_hat,lr,9,0.6000590318772137,0.0,,
sideburns,0.6432282003710575,0.7558441558441558,single,wearing_hat,lr,9,0.6473098330241187,-0.004081632653061162,,
smiling,0.863709032773781,0.9393715796593495,single,wearing_hat,lr,9,0.863709032773781,0.0,,
straight_hair,0.6641558441558442,0.6614718614718614,single,wearing_hat,lr,9,0.661991341991342,0.0021645021645021467,,
wavy_hair,0.574134730865815,0.6132765585762638,single,wearing_hat,lr,9,0.574134730865815,0.0,,
wearing_earrings,0.6574725410341848,0.7366407503393805,single,wearing_hat,lr,9,0.6529063309885228,0.004566210045662045,,
wearing_hat,0.87109375,0.93695068359375,single,wearing_hat,lr,9,0.875,-0.00390625,,
wearing_lipstick,0.48294743429286613,0.4832603254067585,single,wearing_hat,lr,9,0.49092615769712145,-0.007978723404255317,,
wearing_necklace,0.5914715719063545,0.6983277591973244,single,wearing_hat,lr,9,0.5979933110367892,-0.006521739130434745,,
wearing_necktie,0.5719520319786808,0.6020430823895181,single,wearing_hat,lr,9,0.5761714412613813,-0.0042194092827004814,,
young,0.8231307550644567,0.8862615101289135,single,wearing_hat,lr,9,0.8176058931860037,0.0055248618784529135,,
5_o_clock_shadow,0.5959194488606254,0.656597774244833,single,wearing_hat,lr,10,0.5936671966083731,0.0022522522522523403,,
arched_eyebrows,0.5232371794871795,0.5454727564102564,single,wearing_hat,lr,10,0.5336538461538461,-0.01041666666666663,,
attractive,0.5018657916747089,0.6130734092517532,single,wearing_hat,lr,10,0.49868107829891267,0.003184713375796233,,
bags_under_eyes,0.5053209178583306,0.4863651479880279,single,wearing_hat,lr,10,0.5104755570335883,-0.005154639175257714,,
bald,0.743421052631579,0.7980889724310778,single,wearing_hat,lr,10,0.743421052631579,0.0,,
bangs,0.7788247213779129,0.8492401215805471,single,wearing_hat,lr,10,0.780952380952381,-0.0021276595744680327,,
big_lips,0.4812323801852598,0.4877970197341925,single,wearing_hat,lr,10,0.4759967780910189,0.005235602094240899,,
big_nose,0.6067608861726509,0.6732238349885409,single,wearing_hat,lr,10,0.6067608861726509,0.0,,
black_hair,0.7231989708404802,0.8448756432246998,single,wearing_hat,lr,10,0.7118353344768439,0.011363636363636354,,
blond_hair,0.8527583527583528,0.9257964257964257,single,wearing_hat,lr,10,0.8527583527583528,0.0,,
blurry,0.5777144666033556,0.6077872744539411,single,wearing_hat,lr,10,0.581829692940804,-0.00411522633744843,,
brown_hair,0.6441053408811224,0.8109771105094757,single,wearing_hat,lr,10,0.6441053408811224,0.0,,
bushy_eyebrows,0.5256637168141592,0.51976401179941,single,wearing_hat,lr,10,0.5256637168141592,0.0,,
chubby,0.6801029159519726,0.7505360205831905,single,wearing_hat,lr,10,0.6801029159519726,0.0,,
double_chin,0.6389380530973452,0.7471976401179942,single,wearing_hat,lr,10,0.6389380530973452,0.0,,
eyeglasses,0.8670415466121386,0.9519472069894971,single,wearing_hat,lr,10,0.8670415466121386,0.0,,
goatee,0.6474251860853714,0.6867689503265988,single,wearing_hat,lr,10,0.6323864499468328,0.015038736138538567,,
gray_hair,0.8884297520661157,0.9666469893742621,single,wearing_hat,lr,10,0.8884297520661157,0.0,,
heavy_makeup,0.5627329192546584,0.6077639751552795,single,wearing_hat,lr,10,0.5651138716356108,-0.0023809523809523725,,
high_cheekbones,0.5099206349206349,0.47557043650793657,single,wearing_hat,lr,10,0.5223214285714286,-0.012400793650793718,,
male,0.9778481012658228,0.9779126840609661,single,wearing_hat,lr,10,0.9778481012658228,0.0,,
mouth_slightly_open,0.5439182972459057,0.5692817272894559,single,wearing_hat,lr,10,0.5481199779181746,-0.004201680672268893,,
mustache,0.7328377504848094,0.8131868131868132,single,wearing_hat,lr,10,0.7328377504848094,0.0,,
narrow_eyes,0.6269016697588126,0.6493506493506493,single,wearing_hat,lr,10,0.6289424860853432,-0.0020408163265306367,,
no_beard,0.5490595723378388,0.5048988056926267,single,wearing_hat,lr,10,0.5490595723378388,0.0,,
oval_face,0.4896611768120148,0.46484800116085034,single,wearing_hat,lr,10,0.4896611768120148,0.0,,
pale_skin,0.6270971826527383,0.7761949984172207,single,wearing_hat,lr,10,0.6291547958214625,-0.002057613168724215,,
pointy_nose,0.49699828473413377,0.502680102915952,single,wearing_hat,lr,10,0.4879931389365352,0.00900514579759859,,
receding_hairline,0.5253778690054115,0.5810785594327299,single,wearing_hat,lr,10,0.5275237917521927,-0.0021459227467811592,,
rosy_cheeks,0.6000590318772137,0.7532467532467533,single,wearing_hat,lr,10,0.6000590318772137,0.0,,
sideburns,0.6411873840445269,0.7551020408163266,single,wearing_hat,lr,10,0.6473098330241187,-0.006122448979591799,,
smiling,0.863709032773781,0.9396175367398389,single,wearing_hat,lr,10,0.863709032773781,0.0,,
straight_hair,0.6663203463203463,0.65991341991342,single,wearing_hat,lr,10,0.661991341991342,0.0043290043290042934,,
wavy_hair,0.574134730865815,0.6167703897805438,single,wearing_hat,lr,10,0.574134730865815,0.0,,
wearing_earrings,0.6506232259656917,0.7356534616808589,single,wearing_hat,lr,10,0.6529063309885228,-0.0022831050228311334,,
wearing_hat,0.875,0.9366455078125,single,wearing_hat,lr,10,0.875,0.0,,
wearing_lipstick,0.48294743429286613,0.4834167709637046,single,wearing_hat,lr,10,0.49092615769712145,-0.007978723404255317,,
wearing_necklace,0.5765886287625418,0.7003344481605353,single,wearing_hat,lr,10,0.5979933110367892,-0.02140468227424741,,
wearing_necktie,0.5782811459027315,0.6018210082167443,single,wearing_hat,lr,10,0.5761714412613813,0.002109704641350185,,
young,0.8176058931860037,0.885451197053407,single,wearing_hat,lr,10,0.8176058931860037,0.0,,
5_o_clock_shadow,0.5936671966083731,0.6576576576576576,single,wearing_hat,lr,11,0.5936671966083731,0.0,,
arched_eyebrows,0.5336538461538461,0.5448717948717949,single,wearing_hat,lr,11,0.5336538461538461,0.0,,
attractive,0.49868107829891267,0.6114649681528663,single,wearing_hat,lr,11,0.49868107829891267,0.0,,
bags_under_eyes,0.49983372131692716,0.48528433654805453,single,wearing_hat,lr,11,0.5104755570335883,-0.010641835716661108,,
bald,0.743421052631579,0.7969924812030075,single,wearing_hat,lr,11,0.743421052631579,0.0,,
bangs,0.780952380952381,0.8494427558257346,single,wearing_hat,lr,11,0.780952380952381,0.0,,
big_lips,0.4812323801852598,0.4865082561417641,single,wearing_hat,lr,11,0.4759967780910189,0.005235602094240899,,
big_nose,0.6067608861726509,0.6733511586452763,single,wearing_hat,lr,11,0.6067608861726509,0.0,,
black_hair,0.7141938250428816,0.8454116638078902,single,wearing_hat,lr,11,0.7118353344768439,0.002358490566037763,,
blond_hair,0.8527583527583528,0.925990675990676,single,wearing_hat,lr,11,0.8527583527583528,0.0,,
blurry,0.5859449192782527,0.6077872744539412,single,wearing_hat,lr,11,0.581829692940804,0.004115226337448652,,
brown_hair,0.6420132906719173,0.8102387398474035,single,wearing_hat,lr,11,0.6441053408811224,-0.0020920502092051096,,
bushy_eyebrows,0.5256637168141592,0.51976401179941,single,wearing_hat,lr,11,0.5256637168141592,0.0,,
chubby,0.6801029159519726,0.7506432246998285,single,wearing_hat,lr,11,0.6801029159519726,0.0,,
double_chin,0.6389380530973452,0.7464601769911504,single,wearing_hat,lr,11,0.6389380530973452,0.0,,
eyeglasses,0.8695046007993308,0.9538061158100195,single,wearing_hat,lr,11,0.8670415466121386,0.0024630541871921707,,
goatee,0.6323864499468328,0.6849460732188972,single,wearing_hat,lr,11,0.6323864499468328,0.0,,
gray_hair,0.8884297520661157,0.9666469893742621,single,wearing_hat,lr,11,0.8884297520661157,0.0,,
heavy_makeup,0.5674948240165631,0.6075569358178055,single,wearing_hat,lr,11,0.5651138716356108,0.0023809523809523725,,
high_cheekbones,0.5133928571428571,0.47507440476190477,single,wearing_hat,lr,11,0.5223214285714286,-0.008928571428571508,,
male,0.9778481012658228,0.9780418496512528,single,wearing_hat,lr,11,0.9778481012658228,0.0,,
mouth_slightly_open,0.5439182972459057,0.5662148070907196,single,wearing_hat,lr,11,0.5481199779181746,-0.004201680672268893,,
mustache,0.7328377504848094,0.810989010989011,single,wearing_hat,lr,11,0.7328377504848094,0.0,,
narrow_eyes,0.6289424860853432,0.6486085343228201,single,wearing_hat,lr,11,0.6289424860853432,0.0,,
no_beard,0.5490595723378388,0.5053994135736252,single,wearing_hat,lr,11,0.5490595723378388,0.0,,
oval_face,0.4896611768120148,0.46354204454763115,single,wearing_hat,lr,11,0.4896611768120148,0.0,,
pale_skin,0.6270971826527383,0.7761949984172206,single,wearing_hat,lr,11,0.6291547958214625,-0.002057613168724215,,
pointy_nose,0.4903516295025729,0.5011792452830188,single,wearing_hat,lr,11,0.4879931389365352,0.0023584905660377076,,
receding_hairline,0.5253778690054115,0.5797723455868632,single,wearing_hat,lr,11,0.5275237917521927,-0.0021459227467811592,,
rosy_cheeks,0.6000590318772137,0.7532467532467533,single,wearing_hat,lr,11,0.6000590318772137,0.0,,
sideburns,0.6493506493506493,0.754730983302412,single,wearing_hat,lr,11,0.6473098330241187,0.0020408163265306367,,
smiling,0.863709032773781,0.9386951976880035,single,wearing_hat,lr,11,0.863709032773781,0.0,,
straight_hair,0.661991341991342,0.6597402597402597,single,wearing_hat,lr,11,0.661991341991342,0.0,,
wavy_hair,0.574134730865815,0.62015503875969,single,wearing_hat,lr,11,0.574134730865815,0.0,,
wearing_earrings,0.6551894360113538,0.735036406269283,single,wearing_hat,lr,11,0.6529063309885228,0.0022831050228310223,,
wearing_hat,0.875,0.93621826171875,single,wearing_hat,lr,11,0.875,0.0,,
wearing_lipstick,0.49092615769712145,0.48271276595744683,single,wearing_hat,lr,11,0.49092615769712145,0.0,,
wearing_necklace,0.5979933110367892,0.6991638795986623,single,wearing_hat,lr,11,0.5979933110367892,0.0,,
wearing_necktie,0.5719520319786808,0.5993781923162337,single,wearing_hat,lr,11,0.5761714412613813,-0.0042194092827004814,,
young,0.8176058931860037,0.8858195211786373,single,wearing_hat,lr,11,0.8176058931860037,0.0,,
5_o_clock_shadow,0.5936671966083731,0.6568627450980392,single,wearing_hat,lr,12,0.5936671966083731,0.0,,
arched_eyebrows,0.5232371794871795,0.5430689102564102,single,wearing_hat,lr,12,0.5336538461538461,-0.01041666666666663,,
attractive,0.49868107829891267,0.6123656951682429,single,wearing_hat,lr,12,0.49868107829891267,0.0,,
bags_under_eyes,0.5053209178583306,0.48686398403724646,single,wearing_hat,lr,12,0.5104755570335883,-0.005154639175257714,,
bald,0.743421052631579,0.7976190476190477,single,wearing_hat,lr,12,0.743421052631579,0.0,,
bangs,0.780952380952381,0.8490374873353597,single,wearing_hat,lr,12,0.780952380952381,0.0,,
big_lips,0.47337897704389853,0.4864277084172372,single,wearing_hat,lr,12,0.4759967780910189,-0.002617801047120394,,
big_nose,0.6067608861726509,0.6733511586452764,single,wearing_hat,lr,12,0.6067608861726509,0.0,,
black_hair,0.7141938250428816,0.8459476843910806,single,wearing_hat,lr,12,0.7118353344768439,0.002358490566037763,,
blond_hair,0.8527583527583528,0.9263791763791763,single,wearing_hat,lr,12,0.8527583527583528,0.0,,
blurry,0.581829692940804,0.6119025007913896,single,wearing_hat,lr,12,0.581829692940804,0.0,,
brown_hair,0.6420132906719173,0.8107309869554515,single,wearing_hat,lr,12,0.6441053408811224,-0.0020920502092051096,,
bushy_eyebrows,0.5256637168141592,0.5199115044247787,single,wearing_hat,lr,12,0.5256637168141592,0.0,,
chubby,0.6801029159519726,0.7504288164665524,single,wearing_hat,lr,12,0.6801029159519726,0.0,,
double_chin,0.6389380530973452,0.7463126843657818,single,wearing_hat,lr,12,0.6389380530973452,0.0,,
eyeglasses,0.8695046007993308,0.9532484431638628,single,wearing_hat,lr,12,0.8670415466121386,0.0024630541871921707,,
goatee,0.6323864499468328,0.6847941667932554,single,wearing_hat,lr,12,0.6323864499468328,0.0,,
gray_hair,0.8884297520661157,0.967237308146399,single,wearing_hat,lr,12,0.8884297520661157,0.0,,
heavy_makeup,0.5651138716356108,0.6077639751552795,single,wearing_hat,lr,12,0.5651138716356108,0.0,,
high_cheekbones,0.5178571428571429,0.47488839285714285,single,wearing_hat,lr,12,0.5223214285714286,-0.004464285714285698,,
male,0.9778481012658228,0.9778481012658229,single,wearing_hat,lr,12,0.9778481012658228,0.0,,
mouth_slightly_open,0.5397166165736368,0.5662761454946942,single,wearing_hat,lr,12,0.5481199779181746,-0.008403361344537785,,
mustache,0.7328377504848094,0.8117647058823529,single,wearing_hat,lr,12,0.7328377504848094,0.0,,
narrow_eyes,0.6269016697588126,0.6493506493506493,single,wearing_hat,lr,12,0.6289424860853432,-0.0020408163265306367,,
no_beard,0.5490595723378388,0.5053994135736251,single,wearing_hat,lr,12,0.5490595723378388,0.0,,
oval_face,0.4896611768120148,0.4644126822897772,single,wearing_hat,lr,12,0.4896611768120148,0.0,,
pale_skin,0.6270971826527383,0.7758784425451092,single,wearing_hat,lr,12,0.6291547958214625,-0.002057613168724215,,
pointy_nose,0.4903516295025729,0.5006432246998285,single,wearing_hat,lr,12,0.4879931389365352,0.0023584905660377076,,
receding_hairline,0.5253778690054115,0.58107855943273,single,wearing_hat,lr,12,0.5275237917521927,-0.0021459227467811592,,
rosy_cheeks,0.6000590318772137,0.7541322314049587,single,wearing_hat,lr,12,0.6000590318772137,0.0,,
sideburns,0.6452690166975881,0.7558441558441559,single,wearing_hat,lr,12,0.6473098330241187,-0.0020408163265306367,,
smiling,0.8594355285002767,0.9386951976880035,single,wearing_hat,lr,12,0.863709032773781,-0.004273504273504258,,
straight_hair,0.661991341991342,0.6606060606060606,single,wearing_hat,lr,12,0.661991341991342,0.0,,
wavy_hair,0.574134730865815,0.6196091276340213,single,wearing_hat,lr,12,0.574134730865815,0.0,,
wearing_earrings,0.6506232259656917,0.7361471060101197,single,wearing_hat,lr,12,0.6529063309885228,-0.0022831050228311334,,
wearing_hat,0.875,0.93621826171875,single,wearing_hat,lr,12,0.875,0.0,,
wearing_lipstick,0.48826658322903627,0.48052252816020025,single,wearing_hat,lr,12,0.49092615769712145,-0.0026595744680851796,,
wearing_necklace,0.5979933110367892,0.698494983277592,single,wearing_hat,lr,12,0.5979933110367892,0.0,,
wearing_necktie,0.5740617366200311,0.6015989340439707,single,wearing_hat,lr,12,0.5761714412613813,-0.002109704641350185,,
young,0.8176058931860037,0.8855248618784531,single,wearing_hat,lr,12,0.8176058931860037,0.0,,
5_o_clock_shadow,0.5936671966083731,0.6575251722310547,single,wearing_hat,lr,13,0.5936671966083731,0.0,,
arched_eyebrows,0.5360576923076923,0.5430689102564102,single,wearing_hat,lr,13,0.5336538461538461,0.0024038461538461453,,
attractive,0.49868107829891267,0.6116579810847327,single,wearing_hat,lr,13,0.49868107829891267,0.0,,
bags_under_eyes,0.502411040904556,0.48611572996341873,single,wearing_hat,lr,13,0.5104755570335883,-0.008064516129032251,,
bald,0.743421052631579,0.7971491228070176,single,wearing_hat,lr,13,0.743421052631579,0.0,,
bangs,0.780952380952381,0.8476190476190475,single,wearing_hat,lr,13,0.780952380952381,0.0,,
big_lips,0.4759967780910189,0.4861055175191301,single,wearing_hat,lr,13,0.4759967780910189,0.0,,
big_nose,0.6018589253883372,0.6730965113318055,single,wearing_hat,lr,13,0.6067608861726509,-0.004901960784313708,,
black_hair,0.7141938250428816,0.845090051457976,single,wearing_hat,lr,13,0.7118353344768439,0.002358490566037763,,
blond_hair,0.8527583527583528,0.9265734265734266,single,wearing_hat,lr,13,0.8527583527583528,0.0,,
blurry,0.581829692940804,0.6128521684077239,single,wearing_hat,lr,13,0.581829692940804,0.0,,
brown_hair,0.6441053408811224,0.8102387398474034,single,wearing_hat,lr,13,0.6441053408811224,0.0,,
bushy_eyebrows,0.5234513274336283,0.5206489675516224,single,wearing_hat,lr,13,0.5256637168141592,-0.0022123893805309214,,
chubby,0.6801029159519726,0.749892795883362,single,wearing_hat,lr,13,0.6801029159519726,0.0,,
double_chin,0.6389380530973452,0.7460176991150442,single,wearing_hat,lr,13,0.6389380530973452,0.0,,
eyeglasses,0.8789385630634817,0.9524119341946278,single,wearing_hat,lr,13,0.8670415466121386,0.011897016451343112,,
goatee,0.6345890931186389,0.6847941667932554,single,wearing_hat,lr,13,0.6323864499468328,0.0022026431718060735,,
gray_hair,0.8884297520661157,0.9666469893742621,single,wearing_hat,lr,13,0.8884297520661157,0.0,,
heavy_makeup,0.5674948240165631,0.6075569358178053,single,wearing_hat,lr,13,0.5651138716356108,0.0023809523809523725,,
high_cheekbones,0.5178571428571429,0.47445436507936506,single,wearing_hat,lr,13,0.5223214285714286,-0.004464285714285698,,
male,0.9778481012658228,0.9778481012658229,single,wearing_hat,lr,13,0.9778481012658228,0.0,,
mouth_slightly_open,0.5397166165736368,0.5659081150708459,single,wearing_hat,lr,13,0.5481199779181746,-0.008403361344537785,,
mustache,0.7328377504848094,0.8115061409179056,single,wearing_hat,lr,13,0.7328377504848094,0.0,,
narrow_eyes,0.6309833024118738,0.6523191094619666,single,wearing_hat,lr,13,0.6289424860853432,0.0020408163265306367,,
no_beard,0.5490595723378388,0.5058285060430523,single,wearing_hat,lr,13,0.5490595723378388,0.0,,
oval_face,0.4896611768120148,0.46354204454763115,single,wearing_hat,lr,13,0.4896611768120148,0.0,,
pale_skin,0.6291547958214625,0.7739791073124406,single,wearing_hat,lr,13,0.6291547958214625,0.0,,
pointy_nose,0.4903516295025729,0.5022512864493995,single,wearing_hat,lr,13,0.4879931389365352,0.0023584905660377076,,
receding_hairline,0.5275237917521927,0.5814517633886919,single,wearing_hat,lr,13,0.5275237917521927,0.0,,
rosy_cheeks,0.602125147579693,0.7538370720188903,single,wearing_hat,lr,13,0.6000590318772137,0.0020661157024793875,,
sideburns,0.6473098330241187,0.7551020408163266,single,wearing_hat,lr,13,0.6473098330241187,0.0,,
smiling,0.863709032773781,0.938449240607514,single,wearing_hat,lr,13,0.863709032773781,0.0,,
straight_hair,0.6641558441558442,0.6593939393939394,single,wearing_hat,lr,13,0.661991341991342,0.0021645021645021467,,
wavy_hair,0.574134730865815,0.61840812315755,single,wearing_hat,lr,13,0.574134730865815,0.0,,
wearing_earrings,0.6506232259656917,0.7355300505985438,single,wearing_hat,lr,13,0.6529063309885228,-0.0022831050228311334,,
wearing_hat,0.875,0.9361572265625,single,wearing_hat,lr,13,0.875,0.0,,
wearing_lipstick,0.48826658322903627,0.48028785982478095,single,wearing_hat,lr,13,0.49092615769712145,-0.0026595744680851796,,
wearing_necklace,0.5979933110367892,0.6993311036789298,single,wearing_hat,lr,13,0.5979933110367892,0.0,,
wearing_necktie,0.5740617366200311,0.6022651565622918,single,wearing_hat,lr,13,0.5761714412613813,-0.002109704641350185,,
young,0.8176058931860037,0.8855985267034991,single,wearing_hat,lr,13,0.8176058931860037,0.0,,
5_o_clock_shadow,0.5959194488606254,0.6558028616852146,single,wearing_hat,lr,14,0.5936671966083731,0.0022522522522523403,,
arched_eyebrows,0.5256410256410257,0.543369391025641,single,wearing_hat,lr,14,0.5336538461538461,-0.008012820512820484,,
attractive,0.49868107829891267,0.6109502670012225,single,wearing_hat,lr,14,0.49868107829891267,0.0,,
bags_under_eyes,0.5078982374459594,0.4868639840372464,single,wearing_hat,lr,14,0.5104755570335883,-0.002577319587628857,,
bald,0.743421052631579,0.7973057644110275,single,wearing_hat,lr,14,0.743421052631579,0.0,,
bangs,0.780952380952381,0.8492401215805471,single,wearing_hat,lr,14,0.780952380952381,0.0,,
big_lips,0.4759967780910189,0.48634716069271045,single,wearing_hat,lr,14,0.4759967780910189,0.0,,
big_nose,0.6067608861726509,0.6737967914438502,single,wearing_hat,lr,14,0.6067608861726509,0.0,,
black_hair,0.7141938250428816,0.845090051457976,single,wearing_hat,lr,14,0.7118353344768439,0.002358490566037763,,
blond_hair,0.8527583527583528,0.925990675990676,single,wearing_hat,lr,14,0.8527583527583528,0.0,,
blurry,0.5838873061095283,0.6122190566635011,single,wearing_hat,lr,14,0.581829692940804,0.002057613168724326,,
brown_hair,0.6420132906719173,0.8109771105094757,single,wearing_hat,lr,14,0.6441053408811224,-0.0020920502092051096,,
bushy_eyebrows,0.5256637168141592,0.5212389380530973,single,wearing_hat,lr,14,0.5256637168141592,0.0,,
chubby,0.6801029159519726,0.7507504288164666,single,wearing_hat,lr,14,0.6801029159519726,0.0,,
double_chin,0.6411504424778761,0.7460176991150442,single,wearing_hat,lr,14,0.6389380530973452,0.0022123893805309214,,
eyeglasses,0.8814016172506738,0.9529696068407845,single,wearing_hat,lr,14,0.8670415466121386,0.014360070638535172,,
goatee,0.6323864499468328,0.6860094181983898,single,wearing_hat,lr,14,0.6323864499468328,0.0,,
gray_hair,0.8863636363636364,0.9657615112160567,single,wearing_hat,lr,14,0.8884297520661157,-0.0020661157024793875,,
heavy_makeup,0.5674948240165631,0.6077639751552796,single,wearing_hat,lr,14,0.5651138716356108,0.0023809523809523725,,
high_cheekbones,0.5213293650793651,0.4744543650793651,single,wearing_hat,lr,14,0.5223214285714286,-0.0009920634920634885,,
male,0.9778481012658228,0.9778481012658229,single,wearing_hat,lr,14,0.9778481012658228,0.0,,
mouth_slightly_open,0.5439182972459057,0.5652333926271238,single,wearing_hat,lr,14,0.5481199779181746,-0.004201680672268893,,
mustache,0.7328377504848094,0.8118939883645766,single,wearing_hat,lr,14,0.7328377504848094,0.0,,
narrow_eyes,0.6309833024118738,0.6478664192949907,single,wearing_hat,lr,14,0.6289424860853432,0.0020408163265306367,,
no_beard,0.5518844310949009,0.5043266824000573,single,wearing_hat,lr,14,0.5490595723378388,0.0028248587570621764,,
oval_face,0.4896611768120148,0.4658637451933541,single,wearing_hat,lr,14,0.4896611768120148,0.0,,
pale_skin,0.6291547958214625,0.7742956631845521,single,wearing_hat,lr,14,0.6291547958214625,0.0,,
pointy_nose,0.4903516295025729,0.5006432246998285,single,wearing_hat,lr,14,0.4879931389365352,0.0023584905660377076,,
receding_hairline,0.5275237917521927,0.581451763388692,single,wearing_hat,lr,14,0.5275237917521927,0.0,,
rosy_cheeks,0.6000590318772137,0.7526564344746163,single,wearing_hat,lr,14,0.6000590318772137,0.0,,
sideburns,0.6452690166975881,0.7551020408163266,single,wearing_hat,lr,14,0.6473098330241187,-0.0020408163265306367,,
smiling,0.863709032773781,0.9383262620672693,single,wearing_hat,lr,14,0.863709032773781,0.0,,
straight_hair,0.6598268398268399,0.6602597402597402,single,wearing_hat,lr,14,0.661991341991342,-0.0021645021645021467,,
wavy_hair,0.574134730865815,0.6202642209848237,single,wearing_hat,lr,14,0.574134730865815,0.0,,
wearing_earrings,0.6574725410341848,0.7352832284339134,single,wearing_hat,lr,14,0.6529063309885228,0.004566210045662045,,
wearing_hat,0.875,0.93634033203125,single,wearing_hat,lr,14,0.875,0.0,,
wearing_lipstick,0.49092615769712145,0.4819305381727159,single,wearing_hat,lr,14,0.49092615769712145,0.0,,
wearing_necklace,0.5979933110367892,0.6988294314381271,single,wearing_hat,lr,14,0.5979933110367892,0.0,,
wearing_necktie,0.5782811459027315,0.6015989340439707,single,wearing_hat,lr,14,0.5761714412613813,0.002109704641350185,,
young,0.8176058931860037,0.885524861878453,single,wearing_hat,lr,14,0.8176058931860037,0.0,,
5_o_clock_shadow,0.5959194488606254,0.6555378908320085,single,wearing_hat,lr,15,0.5936671966083731,0.0022522522522523403,,
arched_eyebrows,0.5360576923076923,0.5445713141025641,single,wearing_hat,lr,15,0.5336538461538461,0.0024038461538461453,,
attractive,0.5018657916747089,0.6132664221836196,single,wearing_hat,lr,15,0.49868107829891267,0.003184713375796233,,
bags_under_eyes,0.5053209178583306,0.4841203857665447,single,wearing_hat,lr,15,0.5104755570335883,-0.005154639175257714,,
bald,0.743421052631579,0.7974624060150376,single,wearing_hat,lr,15,0.743421052631579,0.0,,
bangs,0.780952380952381,0.8482269503546099,single,wearing_hat,lr,15,0.780952380952381,0.0,,
big_lips,0.4786145791381393,0.48666935159081753,single,wearing_hat,lr,15,0.4759967780910189,0.002617801047120394,,
big_nose,0.6067608861726509,0.6733511586452764,single,wearing_hat,lr,15,0.6067608861726509,0.0,,
black_hair,0.7141938250428816,0.8459476843910807,single,wearing_hat,lr,15,0.7118353344768439,0.002358490566037763,,
blond_hair,0.8527583527583528,0.925990675990676,single,wearing_hat,lr,15,0.8527583527583528,0.0,,
blurry,0.5797720797720798,0.6024058246280469,single,wearing_hat,lr,15,0.581829692940804,-0.002057613168724215,,
brown_hair,0.6441053408811224,0.8104848634014276,single,wearing_hat,lr,15,0.6441053408811224,0.0,,
bushy_eyebrows,0.5256637168141592,0.5210914454277286,single,wearing_hat,lr,15,0.5256637168141592,0.0,,
chubby,0.6801029159519726,0.7493567753001715,single,wearing_hat,lr,15,0.6801029159519726,0.0,,
double_chin,0.6389380530973452,0.7449852507374632,single,wearing_hat,lr,15,0.6389380530973452,0.0,,
eyeglasses,0.8695046007993308,0.9525048796356539,single,wearing_hat,lr,15,0.8670415466121386,0.0024630541871921707,,
goatee,0.6323864499468328,0.6857056053471062,single,wearing_hat,lr,15,0.6323864499468328,0.0,,
gray_hair,0.8863636363636364,0.9660566706021252,single,wearing_hat,lr,15,0.8884297520661157,-0.0020661157024793875,,
heavy_makeup,0.5651138716356108,0.6065217391304348,single,wearing_hat,lr,15,0.5651138716356108,0.0,,
high_cheekbones,0.5257936507936508,0.4742683531746032,single,wearing_hat,lr,15,0.5223214285714286,0.00347222222222221,,
male,0.9778481012658228,0.9779126840609661,single,wearing_hat,lr,15,0.9778481012658228,0.0,,
mouth_slightly_open,0.5439182972459057,0.5653560694350733,single,wearing_hat,lr,15,0.5481199779181746,-0.004201680672268893,,
mustache,0.7328377504848094,0.8139625080801551,single,wearing_hat,lr,15,0.7328377504848094,0.0,,
narrow_eyes,0.6289424860853432,0.6486085343228201,single,wearing_hat,lr,15,0.6289424860853432,0.0,,
no_beard,0.5518844310949009,0.506114567689337,single,wearing_hat,lr,15,0.5490595723378388,0.0028248587570621764,,
oval_face,0.4896611768120148,0.46550097946745994,single,wearing_hat,lr,15,0.4896611768120148,0.0,,
pale_skin,0.6291547958214625,0.7752453308008863,single,wearing_hat,lr,15,0.6291547958214625,0.0,,
pointy_nose,0.4903516295025729,0.5027873070325901,single,wearing_hat,lr,15,0.4879931389365352,0.0023584905660377076,,
receding_hairline,0.5253778690054115,0.5803321515208062,single,wearing_hat,lr,15,0.5275237917521927,-0.0021459227467811592,,
rosy_cheeks,0.6000590318772137,0.7541322314049587,single,wearing_hat,lr,15,0.6000590318772137,0.0,,
sideburns,0.6411873840445269,0.7543599257884972,single,wearing_hat,lr,15,0.6473098330241187,-0.006122448979591799,,
smiling,0.863709032773781,0.9382032835270245,single,wearing_hat,lr,15,0.863709032773781,0.0,,
straight_hair,0.661991341991342,0.6606060606060608,single,wearing_hat,lr,15,0.661991341991342,0.0,,
wavy_hair,0.574134730865815,0.6202642209848237,single,wearing_hat,lr,15,0.574134730865815,0.0,,
wearing_earrings,0.6574725410341848,0.7351598173515982,single,wearing_hat,lr,15,0.6529063309885228,0.004566210045662045,,
wearing_hat,0.87109375,0.9359130859375,single,wearing_hat,lr,15,0.875,-0.00390625,,
wearing_lipstick,0.4935857321652065,0.4809918648310388,single,wearing_hat,lr,15,0.49092615769712145,0.0026595744680850686,,
wearing_necklace,0.5979933110367892,0.6993311036789298,single,wearing_hat,lr,15,0.5979933110367892,0.0,,
wearing_necktie,0.5698423273373306,0.5991561181434599,single,wearing_hat,lr,15,0.5761714412613813,-0.006329113924050667,,
young,0.8148434622467772,0.885524861878453,single,wearing_hat,lr,15,0.8176058931860037,-0.002762430939226568,,
5_o_clock_shadow,0.5936671966083731,0.6571277159512454,single,wearing_hat,lr,16,0.5936671966083731,0.0,,
arched_eyebrows,0.5336538461538461,0.54296875,single,wearing_hat,lr,16,0.5336538461538461,0.0,,
attractive,0.5018657916747089,0.6119153316605546,single,wearing_hat,lr,16,0.49868107829891267,0.003184713375796233,,
bags_under_eyes,0.5053209178583306,0.4876953774526106,single,wearing_hat,lr,16,0.5104755570335883,-0.005154639175257714,,
bald,0.743421052631579,0.7949561403508772,single,wearing_hat,lr,16,0.743421052631579,0.0,,
bangs,0.780952380952381,0.8480243161094224,single,wearing_hat,lr,16,0.780952380952381,0.0,,
big_lips,0.4786145791381393,0.4854611357229158,single,wearing_hat,lr,16,0.4759967780910189,0.002617801047120394,,
big_nose,0.6067608861726509,0.672332569391393,single,wearing_hat,lr,16,0.6067608861726509,0.0,,
black_hair,0.7118353344768439,0.8451972555746141,single,wearing_hat,lr,16,0.7118353344768439,0.0,,
blond_hair,0.8527583527583528,0.9265734265734265,single,wearing_hat,lr,16,0.8527583527583528,0.0,,
blurry,0.6202912314023425,0.615068059512504,single,wearing_hat,lr,16,0.581829692940804,0.03846153846153855,,
brown_hair,0.6420132906719173,0.8109771105094756,single,wearing_hat,lr,16,0.6441053408811224,-0.0020920502092051096,,
bushy_eyebrows,0.5234513274336283,0.5221238938053097,single,wearing_hat,lr,16,0.5256637168141592,-0.0022123893805309214,,
chubby,0.6801029159519726,0.7488207547169812,single,wearing_hat,lr,16,0.6801029159519726,0.0,,
double_chin,0.6389380530973452,0.7464601769911504,single,wearing_hat,lr,16,0.6389380530973452,0.0,,
eyeglasses,0.8670415466121386,0.9523189887536017,single,wearing_hat,lr,16,0.8670415466121386,0.0,,
goatee,0.6345890931186389,0.6837308218137627,single,wearing_hat,lr,16,0.6323864499468328,0.0022026431718060735,,
gray_hair,0.8863636363636364,0.9654663518299882,single,wearing_hat,lr,16,0.8884297520661157,-0.0020661157024793875,,
heavy_makeup,0.5651138716356108,0.6075569358178055,single,wearing_hat,lr,16,0.5651138716356108,0.0,,
high_cheekbones,0.5178571428571429,0.47482638888888895,single,wearing_hat,lr,16,0.5223214285714286,-0.004464285714285698,,
male,0.9778481012658228,0.9779772668561094,single,wearing_hat,lr,16,0.9778481012658228,0.0,,
mouth_slightly_open,0.5481199779181746,0.566337483898669,single,wearing_hat,lr,16,0.5481199779181746,0.0,,
mustache,0.7328377504848094,0.8127989657401422,single,wearing_hat,lr,16,0.7328377504848094,0.0,,
narrow_eyes,0.6289424860853432,0.6486085343228201,single,wearing_hat,lr,16,0.6289424860853432,0.0,,
no_beard,0.5490595723378388,0.5045412286347708,single,wearing_hat,lr,16,0.5490595723378388,0.0,,
oval_face,0.4896611768120148,0.46390481027352537,single,wearing_hat,lr,16,0.4896611768120148,0.0,,
pale_skin,0.6291547958214625,0.7752453308008863,single,wearing_hat,lr,16,0.6291547958214625,0.0,,
pointy_nose,0.5017152658662093,0.5018760720411664,single,wearing_hat,lr,16,0.4879931389365352,0.013722126929674117,,
receding_hairline,0.5275237917521927,0.5823847732785967,single,wearing_hat,lr,16,0.5275237917521927,0.0,,
rosy_cheeks,0.6000590318772137,0.7541322314049588,single,wearing_hat,lr,16,0.6000590318772137,0.0,,
sideburns,0.6473098330241187,0.7539888682745827,single,wearing_hat,lr,16,0.6473098330241187,0.0,,
smiling,0.863709032773781,0.9385107298776364,single,wearing_hat,lr,16,0.863709032773781,0.0,,
straight_hair,0.661991341991342,0.6614718614718615,single,wearing_hat,lr,16,0.661991341991342,0.0,,
wavy_hair,0.574134730865815,0.6210284965607599,single,wearing_hat,lr,16,0.574134730865815,0.0,,
wearing_earrings,0.6574725410341848,0.7359002838454893,single,wearing_hat,lr,16,0.6529063309885228,0.004566210045662045,,
wearing_hat,0.875,0.934814453125,single,wearing_hat,lr,16,0.875,0.0,,
wearing_lipstick,0.49092615769712145,0.47981852315394236,single,wearing_hat,lr,16,0.49092615769712145,0.0,,
wearing_necklace,0.5979933110367892,0.701170568561873,single,wearing_hat,lr,16,0.5979933110367892,0.0,,
wearing_necktie,0.5719520319786808,0.5998223406617811,single,wearing_hat,lr,16,0.5761714412613813,-0.0042194092827004814,,
young,0.8148434622467772,0.8859668508287293,single,wearing_hat,lr,16,0.8176058931860037,-0.002762430939226568,,
5_o_clock_shadow,0.5981717011128775,0.6564652888182301,single,wearing_hat,lr,17,0.5936671966083731,0.0045045045045044585,,
arched_eyebrows,0.5256410256410257,0.54296875,single,wearing_hat,lr,17,0.5336538461538461,-0.008012820512820484,,
attractive,0.49868107829891267,0.6130090716077977,single,wearing_hat,lr,17,0.49868107829891267,0.0,,
bags_under_eyes,0.5053209178583306,0.4884436315264383,single,wearing_hat,lr,17,0.5104755570335883,-0.005154639175257714,,
bald,0.743421052631579,0.7937030075187971,single,wearing_hat,lr,17,0.743421052631579,0.0,,
bangs,0.7788247213779129,0.8470111448834853,single,wearing_hat,lr,17,0.780952380952381,-0.0021276595744680327,,
big_lips,0.4812323801852598,0.4857027788964962,single,wearing_hat,lr,17,0.4759967780910189,0.005235602094240899,,
big_nose,0.6067608861726509,0.6731601731601732,single,wearing_hat,lr,17,0.6067608861726509,0.0,,
black_hair,0.7141938250428816,0.8469125214408233,single,wearing_hat,lr,17,0.7118353344768439,0.002358490566037763,,
blond_hair,0.8527583527583528,0.9257964257964257,single,wearing_hat,lr,17,0.8527583527583528,0.0,,
blurry,0.581829692940804,0.6100031655587211,single,wearing_hat,lr,17,0.581829692940804,0.0,,
brown_hair,0.6420132906719173,0.8109771105094757,single,wearing_hat,lr,17,0.6441053408811224,-0.0020920502092051096,,
bushy_eyebrows,0.5256637168141592,0.520353982300885,single,wearing_hat,lr,17,0.5256637168141592,0.0,,
chubby,0.6824614065180102,0.7496783876500858,single,wearing_hat,lr,17,0.6801029159519726,0.002358490566037652,,
double_chin,0.6411504424778761,0.7449852507374631,single,wearing_hat,lr,17,0.6389380530973452,0.0022123893805309214,,
eyeglasses,0.8600706385351798,0.9530625522818106,single,wearing_hat,lr,17,0.8670415466121386,-0.006970908076958771,,
goatee,0.6345890931186389,0.6834270089624791,single,wearing_hat,lr,17,0.6323864499468328,0.0022026431718060735,,
gray_hair,0.890495867768595,0.9666469893742621,single,wearing_hat,lr,17,0.8884297520661157,0.0020661157024792765,,
heavy_makeup,0.5651138716356108,0.6059006211180125,single,wearing_hat,lr,17,0.5651138716356108,0.0,,
high_cheekbones,0.5133928571428571,0.47408234126984133,single,wearing_hat,lr,17,0.5223214285714286,-0.008928571428571508,,
male,0.9778481012658228,0.9779772668561094,single,wearing_hat,lr,17,0.9778481012658228,0.0,,
mouth_slightly_open,0.5481199779181746,0.5653560694350733,single,wearing_hat,lr,17,0.5481199779181746,0.0,,
mustache,0.7328377504848094,0.8122818358112476,single,wearing_hat,lr,17,0.7328377504848094,0.0,,
narrow_eyes,0.6289424860853432,0.6486085343228201,single,wearing_hat,lr,17,0.6289424860853432,0.0,,
no_beard,0.5490595723378388,0.5059715368661947,single,wearing_hat,lr,17,0.5490595723378388,0.0,,
oval_face,0.4896611768120148,0.4647028948704926,single,wearing_hat,lr,17,0.4896611768120148,0.0,,
pale_skin,0.6291547958214625,0.7752453308008864,single,wearing_hat,lr,17,0.6291547958214625,0.0,,
pointy_nose,0.5017152658662093,0.5020368782161235,single,wearing_hat,lr,17,0.4879931389365352,0.013722126929674117,,
receding_hairline,0.5253778690054115,0.5833177831685015,single,wearing_hat,lr,17,0.5275237917521927,-0.0021459227467811592,,
rosy_cheeks,0.602125147579693,0.7523612750885479,single,wearing_hat,lr,17,0.6000590318772137,0.0020661157024793875,,
sideburns,0.6432282003710575,0.7547309833024118,single,wearing_hat,lr,17,0.6473098330241187,-0.004081632653061162,,
smiling,0.8679825370472852,0.9386951976880035,single,wearing_hat,lr,17,0.863709032773781,0.004273504273504258,,
straight_hair,0.661991341991342,0.6600865800865802,single,wearing_hat,lr,17,0.661991341991342,0.0,,
wavy_hair,0.574134730865815,0.6193907631837537,single,wearing_hat,lr,17,0.574134730865815,0.0,,
wearing_earrings,0.6551894360113538,0.7345427619400222,single,wearing_hat,lr,17,0.6529063309885228,0.0022831050228310223,,
wearing_hat,0.87109375,0.9306640625,single,wearing_hat,lr,17,0.875,-0.00390625,,
wearing_lipstick,0.48826658322903627,0.48044430538172717,single,wearing_hat,lr,17,0.49092615769712145,-0.0026595744680851796,,
wearing_necklace,0.5936454849498327,0.7003344481605351,single,wearing_hat,lr,17,0.5979933110367892,-0.004347826086956497,,
wearing_necktie,0.5740617366200311,0.6055962691538974,single,wearing_hat,lr,17,0.5761714412613813,-0.002109704641350185,,
young,0.8081767955801105,0.8851565377532229,single,wearing_hat,lr,17,0.8176058931860037,-0.009429097605893277,,
5_o_clock_shadow,0.5914149443561209,0.6562003179650238,single,wearing_hat,lr,18,0.5936671966083731,-0.0022522522522522292,,
arched_eyebrows,0.5336538461538461,0.5423677884615384,single,wearing_hat,lr,18,0.5336538461538461,0.0,,
attractive,0.49868107829891267,0.6121726822363766,single,wearing_hat,lr,18,0.49868107829891267,0.0,,
bags_under_eyes,0.49983372131692716,0.48727968074492856,single,wearing_hat,lr,18,0.5104755570335883,-0.010641835716661108,,
bald,0.743421052631579,0.7924498746867168,single,wearing_hat,lr,18,0.743421052631579,0.0,,
bangs,0.780952380952381,0.8480243161094224,single,wearing_hat,lr,18,0.780952380952381,0.0,,
big_lips,0.4812323801852598,0.4860249697946033,single,wearing_hat,lr,18,0.4759967780910189,0.005235602094240899,,
big_nose,0.6067608861726509,0.6739559460147696,single,wearing_hat,lr,18,0.6067608861726509,0.0,,
black_hair,0.7118353344768439,0.8455188679245284,single,wearing_hat,lr,18,0.7118353344768439,0.0,,
blond_hair,0.8548951048951049,0.9252136752136751,single,wearing_hat,lr,18,0.8527583527583528,0.002136752136752129,,
blurry,0.6182336182336182,0.608420386198164,single,wearing_hat,lr,18,0.581829692940804,0.03640392529281422,,
brown_hair,0.6441053408811224,0.8122077282795963,single,wearing_hat,lr,18,0.6441053408811224,0.0,,
bushy_eyebrows,0.5112094395280236,0.516519174041298,single,wearing_hat,lr,18,0.5256637168141592,-0.014454277286135686,,
chubby,0.6801029159519726,0.7490351629502573,single,wearing_hat,lr,18,0.6801029159519726,0.0,,
double_chin,0.6389380530973452,0.7451327433628319,single,wearing_hat,lr,18,0.6389380530973452,0.0,,
eyeglasses,0.8764755088762897,0.9523189887536017,single,wearing_hat,lr,18,0.8670415466121386,0.009433962264151052,,
goatee,0.6323864499468328,0.6834270089624792,single,wearing_hat,lr,18,0.6323864499468328,0.0,,
gray_hair,0.890495867768595,0.9660566706021251,single,wearing_hat,lr,18,0.8884297520661157,0.0020661157024792765,,
heavy_makeup,0.5651138716356108,0.6081780538302277,single,wearing_hat,lr,18,0.5651138716356108,0.0,,
high_cheekbones,0.5178571428571429,0.4720362103174603,single,wearing_hat,lr,18,0.5223214285714286,-0.004464285714285698,,
male,0.9778481012658228,0.9779126840609663,single,wearing_hat,lr,18,0.9778481012658228,0.0,,
mouth_slightly_open,0.5439182972459057,0.5668895295344415,single,wearing_hat,lr,18,0.5481199779181746,-0.004201680672268893,,
mustache,0.7305753070458954,0.8107304460245637,single,wearing_hat,lr,18,0.7328377504848094,-0.002262443438914019,,
narrow_eyes,0.6289424860853432,0.6426716141001856,single,wearing_hat,lr,18,0.6289424860853432,0.0,,
no_beard,0.5518844310949009,0.5041836515769148,single,wearing_hat,lr,18,0.5490595723378388,0.0028248587570621764,,
oval_face,0.4868678807226293,0.4638322571283465,single,wearing_hat,lr,18,0.4896611768120148,-0.0027932960893854997,,
pale_skin,0.6270971826527383,0.7739791073124407,single,wearing_hat,lr,18,0.6291547958214625,-0.002057613168724215,,
pointy_nose,0.5017152658662093,0.49935677530017153,single,wearing_hat,lr,18,0.4879931389365352,0.013722126929674117,,
receding_hairline,0.5253778690054115,0.5876096286620638,single,wearing_hat,lr,18,0.5275237917521927,-0.0021459227467811592,,
rosy_cheeks,0.6337072018890201,0.7559031877213696,single,wearing_hat,lr,18,0.6000590318772137,0.03364817001180642,,
sideburns,0.6309833024118738,0.7562152133580705,single,wearing_hat,lr,18,0.6473098330241187,-0.01632653061224487,,
smiling,0.863709032773781,0.9399864723605731,single,wearing_hat,lr,18,0.863709032773781,0.0,,
straight_hair,0.6598268398268399,0.6611255411255412,single,wearing_hat,lr,18,0.661991341991342,-0.0021645021645021467,,
wavy_hair,0.574134730865815,0.6188994431706518,single,wearing_hat,lr,18,0.574134730865815,0.0,,
wearing_earrings,0.6506232259656917,0.7324447735406641,single,wearing_hat,lr,18,0.6529063309885228,-0.0022831050228311334,,
wearing_hat,0.875,0.92889404296875,single,wearing_hat,lr,18,0.875,0.0,,
wearing_lipstick,0.48294743429286613,0.4818523153942428,single,wearing_hat,lr,18,0.49092615769712145,-0.007978723404255317,,
wearing_necklace,0.5914715719063545,0.6993311036789297,single,wearing_hat,lr,18,0.5979933110367892,-0.006521739130434745,,
wearing_necktie,0.5719520319786808,0.607372862536087,single,wearing_hat,lr,18,0.5761714412613813,-0.0042194092827004814,,
young,0.8231307550644567,0.8866298342541437,single,wearing_hat,lr,18,0.8176058931860037,0.0055248618784529135,,
5_o_clock_shadow,0.5914149443561209,0.6568627450980393,single,wearing_hat,lr,19,0.5936671966083731,-0.0022522522522522292,,
arched_eyebrows,0.5256410256410257,0.5432692307692308,single,wearing_hat,lr,19,0.5336538461538461,-0.008012820512820484,,
attractive,0.49868107829891267,0.6103712282056231,single,wearing_hat,lr,19,0.49868107829891267,0.0,,
bags_under_eyes,0.5104755570335883,0.48586631193880947,single,wearing_hat,lr,19,0.5104755570335883,0.0,,
bald,0.743421052631579,0.7929197994987469,single,wearing_hat,lr,19,0.743421052631579,0.0,,
bangs,0.7788247213779129,0.8486322188449849,single,wearing_hat,lr,19,0.780952380952381,-0.0021276595744680327,,
big_lips,0.4812323801852598,0.48626661296818363,single,wearing_hat,lr,19,0.4759967780910189,0.005235602094240899,,
big_nose,0.6067608861726509,0.6731601731601732,single,wearing_hat,lr,19,0.6067608861726509,0.0,,
black_hair,0.725557461406518,0.847877358490566,single,wearing_hat,lr,19,0.7118353344768439,0.013722126929674117,,
blond_hair,0.8548951048951049,0.9248251748251748,single,wearing_hat,lr,19,0.8527583527583528,0.002136752136752129,,
blurry,0.5797720797720798,0.6122190566635011,single,wearing_hat,lr,19,0.581829692940804,-0.002057613168724215,,
brown_hair,0.6441053408811224,0.8092542456313069,single,wearing_hat,lr,19,0.6441053408811224,0.0,,
bushy_eyebrows,0.5278761061946903,0.5203539823008849,single,wearing_hat,lr,19,0.5256637168141592,0.0022123893805310324,,
chubby,0.6824614065180102,0.7494639794168096,single,wearing_hat,lr,19,0.6801029159519726,0.002358490566037652,,
double_chin,0.6389380530973452,0.7446902654867258,single,wearing_hat,lr,19,0.6389380530973452,0.0,,
eyeglasses,0.8670415466121386,0.9519472069894972,single,wearing_hat,lr,19,0.8670415466121386,0.0,,
goatee,0.6279811636032204,0.6854017924958226,single,wearing_hat,lr,19,0.6323864499468328,-0.004405286343612369,,
gray_hair,0.8925619834710744,0.967237308146399,single,wearing_hat,lr,19,0.8884297520661157,0.004132231404958664,,
heavy_makeup,0.5651138716356108,0.6066252587991718,single,wearing_hat,lr,19,0.5651138716356108,0.0,,
high_cheekbones,0.5178571428571429,0.47327628968253965,single,wearing_hat,lr,19,0.5223214285714286,-0.004464285714285698,,
male,0.9778481012658228,0.9779772668561096,single,wearing_hat,lr,19,0.9778481012658228,0.0,,
mouth_slightly_open,0.5444703428816782,0.566337483898669,single,wearing_hat,lr,19,0.5481199779181746,-0.0036496350364964014,,
mustache,0.7305753070458954,0.8121525533290239,single,wearing_hat,lr,19,0.7328377504848094,-0.002262443438914019,,
narrow_eyes,0.6330241187384045,0.649721706864564,single,wearing_hat,lr,19,0.6289424860853432,0.004081632653061273,,
no_beard,0.5490595723378388,0.5047557748694844,single,wearing_hat,lr,19,0.5490595723378388,0.0,,
oval_face,0.4868678807226293,0.46564608575781763,single,wearing_hat,lr,19,0.4896611768120148,-0.0027932960893854997,,
pale_skin,0.6270971826527383,0.7771446660335549,single,wearing_hat,lr,19,0.6291547958214625,-0.002057613168724215,,
pointy_nose,0.4903516295025729,0.4975343053173242,single,wearing_hat,lr,19,0.4879931389365352,0.0023584905660377076,,
receding_hairline,0.5210860235118493,0.592834484045531,single,wearing_hat,lr,19,0.5275237917521927,-0.006437768240343367,,
rosy_cheeks,0.6337072018890201,0.7547225501770957,single,wearing_hat,lr,19,0.6000590318772137,0.03364817001180642,,
sideburns,0.6411873840445269,0.7554730983302411,single,wearing_hat,lr,19,0.6473098330241187,-0.006122448979591799,,
smiling,0.8551620242267723,0.9382647727971468,single,wearing_hat,lr,19,0.863709032773781,-0.008547008547008628,,
straight_hair,0.6598268398268399,0.6604329004329005,single,wearing_hat,lr,19,0.661991341991342,-0.0021645021645021467,,
wavy_hair,0.5764821487061906,0.6180805764821486,single,wearing_hat,lr,19,0.574134730865815,0.0023474178403756207,,
wearing_earrings,0.6529063309885228,0.7340491176107615,single,wearing_hat,lr,19,0.6529063309885228,0.0,,
wearing_hat,0.85546875,0.915283203125,single,wearing_hat,lr,19,0.875,-0.01953125,,
wearing_lipstick,0.49295994993742176,0.48239987484355445,single,wearing_hat,lr,19,0.49092615769712145,0.002033792240300314,,
wearing_necklace,0.5914715719063545,0.7018394648829431,single,wearing_hat,lr,19,0.5979933110367892,-0.006521739130434745,,
wearing_necktie,0.5698423273373306,0.6013768598711969,single,wearing_hat,lr,19,0.5761714412613813,-0.006329113924050667,,
young,0.8203683241252302,0.8857458563535912,single,wearing_hat,lr,19,0.8176058931860037,0.0027624309392264568,,
5_o_clock_shadow,0.578961314255432,0.6559353471118177,single,wearing_hat,lr,20,0.5936671966083731,-0.014705882352941124,,
arched_eyebrows,0.5256410256410257,0.5417668269230769,single,wearing_hat,lr,20,0.5336538461538461,-0.008012820512820484,,
attractive,0.49868107829891267,0.6099852023418902,single,wearing_hat,lr,20,0.49868107829891267,0.0,,
bags_under_eyes,0.4969238443631527,0.4863651479880279,single,wearing_hat,lr,20,0.5104755570335883,-0.01355171267043559,,
bald,0.743421052631579,0.794016290726817,single,wearing_hat,lr,20,0.743421052631579,0.0,,
bangs,0.7788247213779129,0.8480243161094225,single,wearing_hat,lr,20,0.780952380952381,-0.0021276595744680327,,
big_lips,0.4786145791381393,0.4874748288360854,single,wearing_hat,lr,20,0.4759967780910189,0.002617801047120394,,
big_nose,0.6067608861726509,0.6743697478991596,single,wearing_hat,lr,20,0.6067608861726509,0.0,,
black_hair,0.7279159519725558,0.8490566037735849,single,wearing_hat,lr,20,0.7118353344768439,0.01608061749571188,,
blond_hair,0.8548951048951049,0.9265734265734265,single,wearing_hat,lr,20,0.8527583527583528,0.002136752136752129,,
blurry,0.5838873061095283,0.606204495093384,single,wearing_hat,lr,20,0.581829692940804,0.002057613168724326,,
brown_hair,0.6420132906719173,0.8099926162933793,single,wearing_hat,lr,20,0.6441053408811224,-0.0020920502092051096,,
bushy_eyebrows,0.5234513274336283,0.5237463126843658,single,wearing_hat,lr,20,0.5256637168141592,-0.0022123893805309214,,
chubby,0.6710977701543739,0.7498927958833619,single,wearing_hat,lr,20,0.6801029159519726,-0.009005145797598701,,
double_chin,0.6411504424778761,0.7443952802359882,single,wearing_hat,lr,20,0.6389380530973452,0.0022123893805309214,,
eyeglasses,0.8789385630634817,0.9515754252253927,single,wearing_hat,lr,20,0.8670415466121386,0.011897016451343112,,
goatee,0.6389943794622512,0.6860094181983898,single,wearing_hat,lr,20,0.6323864499468328,0.0066079295154184425,,
gray_hair,0.890495867768595,0.9663518299881937,single,wearing_hat,lr,20,0.8884297520661157,0.0020661157024792765,,
heavy_makeup,0.5651138716356108,0.6090062111801242,single,wearing_hat,lr,20,0.5651138716356108,0.0,,
high_cheekbones,0.5143849206349207,0.47371031746031744,single,wearing_hat,lr,20,0.5223214285714286,-0.007936507936507908,,
male,0.9778481012658228,0.9781064324463963,single,wearing_hat,lr,20,0.9778481012658228,0.0,,
mouth_slightly_open,0.5371710728086856,0.5629638716800589,single,wearing_hat,lr,20,0.5481199779181746,-0.010948905109488982,,
mustache,0.7305753070458954,0.8122818358112476,single,wearing_hat,lr,20,0.7328377504848094,-0.002262443438914019,,
narrow_eyes,0.6269016697588126,0.6467532467532467,single,wearing_hat,lr,20,0.6289424860853432,-0.0020408163265306367,,
no_beard,0.5490595723378388,0.504970321104198,single,wearing_hat,lr,20,0.5490595723378388,0.0,,
oval_face,0.4896611768120148,0.4675324675324675,single,wearing_hat,lr,20,0.4896611768120148,0.0,,
pale_skin,0.6270971826527383,0.7787274453941121,single,wearing_hat,lr,20,0.6291547958214625,-0.002057613168724215,,
pointy_nose,0.4903516295025729,0.4996783876500858,single,wearing_hat,lr,20,0.4879931389365352,0.0023584905660377076,,
receding_hairline,0.5232319462586303,0.5879828326180259,single,wearing_hat,lr,20,0.5275237917521927,-0.0042918454935623185,,
rosy_cheeks,0.602125147579693,0.7541322314049587,single,wearing_hat,lr,20,0.6000590318772137,0.0020661157024793875,,
sideburns,0.6473098330241187,0.7569573283858998,single,wearing_hat,lr,20,0.6473098330241187,0.0,,
smiling,0.8594355285002767,0.93912562257886,single,wearing_hat,lr,20,0.863709032773781,-0.004273504273504258,,
straight_hair,0.6576623376623376,0.6597402597402597,single,wearing_hat,lr,20,0.661991341991342,-0.0043290043290044045,,
wavy_hair,0.5764821487061906,0.6193907631837536,single,wearing_hat,lr,20,0.574134730865815,0.0023474178403756207,,
wearing_earrings,0.6551894360113538,0.7349129951869678,single,wearing_hat,lr,20,0.6529063309885228,0.0022831050228310223,,
wearing_hat,0.83984375,0.90728759765625,single,wearing_hat,lr,20,0.875,-0.03515625,,
wearing_lipstick,0.48826658322903627,0.4833385481852315,single,wearing_hat,lr,20,0.49092615769712145,-0.0026595744680851796,,
wearing_necklace,0.5936454849498327,0.7023411371237458,single,wearing_hat,lr,20,0.5979933110367892,-0.004347826086956497,,
wearing_necktie,0.5698423273373306,0.6029313790806129,single,wearing_hat,lr,20,0.5761714412613813,-0.006329113924050667,,
young,0.8203683241252302,0.8856721915285451,single,wearing_hat,lr,20,0.8176058931860037,0.0027624309392264568,,
5_o_clock_shadow,0.5812135665076842,0.6564652888182301,single,wearing_hat,lr,21,0.5936671966083731,-0.012453630100688895,,
arched_eyebrows,0.5256410256410257,0.5420673076923077,single,wearing_hat,lr,21,0.5336538461538461,-0.008012820512820484,,
attractive,0.49868107829891267,0.6096635141221128,single,wearing_hat,lr,21,0.49868107829891267,0.0,,
bags_under_eyes,0.49401396740937814,0.48561689391420015,single,wearing_hat,lr,21,0.5104755570335883,-0.016461589624210127,,
bald,0.743421052631579,0.7929197994987468,single,wearing_hat,lr,21,0.743421052631579,0.0,,
bangs,0.7788247213779129,0.8488348530901723,single,wearing_hat,lr,21,0.780952380952381,-0.0021276595744680327,,
big_lips,0.4786145791381393,0.4887635924285139,single,wearing_hat,lr,21,0.4759967780910189,0.002617801047120394,,
big_nose,0.6067608861726509,0.6744970715558951,single,wearing_hat,lr,21,0.6067608861726509,0.0,,
black_hair,0.7345626072041167,0.8516295025728987,single,wearing_hat,lr,21,0.7118353344768439,0.022727272727272818,,
blond_hair,0.8548951048951049,0.925990675990676,single,wearing_hat,lr,21,0.8527583527583528,0.002136752136752129,,
blurry,0.6202912314023425,0.6128521684077239,single,wearing_hat,lr,21,0.581829692940804,0.03846153846153855,,
brown_hair,0.6441053408811224,0.8092542456313069,single,wearing_hat,lr,21,0.6441053408811224,0.0,,
bushy_eyebrows,0.5112094395280236,0.5200589970501475,single,wearing_hat,lr,21,0.5256637168141592,-0.014454277286135686,,
chubby,0.6824614065180102,0.7503216123499142,single,wearing_hat,lr,21,0.6801029159519726,0.002358490566037652,,
double_chin,0.6411504424778761,0.7438053097345133,single,wearing_hat,lr,21,0.6389380530973452,0.0022123893805309214,,
eyeglasses,0.874430709173715,0.9512036434612883,single,wearing_hat,lr,21,0.8670415466121386,0.007389162561576401,,
goatee,0.636791736290445,0.6861613246240316,single,wearing_hat,lr,21,0.6323864499468328,0.004405286343612258,,
gray_hair,0.890495867768595,0.9648760330578513,single,wearing_hat,lr,21,0.8884297520661157,0.0020661157024792765,,
heavy_makeup,0.5698757763975155,0.6116977225672877,single,wearing_hat,lr,21,0.5651138716356108,0.004761904761904745,,
high_cheekbones,0.5168650793650793,0.47247023809523814,single,wearing_hat,lr,21,0.5223214285714286,-0.005456349206349298,,
male,0.9778481012658228,0.9781064324463962,single,wearing_hat,lr,21,0.9778481012658228,0.0,,
mouth_slightly_open,0.5408207078451819,0.562473164448261,single,wearing_hat,lr,21,0.5481199779181746,-0.007299270072992692,,
mustache,0.7351001939237234,0.8125404007756949,single,wearing_hat,lr,21,0.7328377504848094,0.002262443438914019,,
narrow_eyes,0.6309833024118738,0.6482374768089054,single,wearing_hat,lr,21,0.6289424860853432,0.0020408163265306367,,
no_beard,0.5427304584137882,0.5054709289851963,single,wearing_hat,lr,21,0.5490595723378388,-0.006329113924050556,,
oval_face,0.4896611768120148,0.47086991221069435,single,wearing_hat,lr,21,0.4896611768120148,0.0,,
pale_skin,0.6270971826527383,0.7758784425451093,single,wearing_hat,lr,21,0.6291547958214625,-0.002057613168724215,,
pointy_nose,0.4879931389365352,0.5003216123499143,single,wearing_hat,lr,21,0.4879931389365352,0.0,,
receding_hairline,0.5210860235118493,0.5902220563537973,single,wearing_hat,lr,21,0.5275237917521927,-0.006437768240343367,,
rosy_cheeks,0.602125147579693,0.7455726092089728,single,wearing_hat,lr,21,0.6000590318772137,0.0020661157024793875,,
sideburns,0.6554730983302413,0.7562152133580705,single,wearing_hat,lr,21,0.6473098330241187,0.008163265306122547,,
smiling,0.863709032773781,0.9394330689294718,single,wearing_hat,lr,21,0.863709032773781,0.0,,
straight_hair,0.6641558441558442,0.6604329004329005,single,wearing_hat,lr,21,0.661991341991342,0.0021645021645021467,,
wavy_hair,0.5764821487061906,0.6214652254612948,single,wearing_hat,lr,21,0.574134730865815,0.0023474178403756207,,
wearing_earrings,0.6506232259656917,0.7335554732815007,single,wearing_hat,lr,21,0.6529063309885228,-0.0022831050228311334,,
wearing_hat,0.82421875,0.89166259765625,single,wearing_hat,lr,21,0.875,-0.05078125,,
wearing_lipstick,0.48826658322903627,0.48075719649561954,single,wearing_hat,lr,21,0.49092615769712145,-0.0026595744680851796,,
wearing_necklace,0.5958193979933111,0.6991638795986622,single,wearing_hat,lr,21,0.5979933110367892,-0.0021739130434781373,,
wearing_necktie,0.5698423273373306,0.6007106373528759,single,wearing_hat,lr,21,0.5761714412613813,-0.006329113924050667,,
young,0.8231307550644567,0.8862615101289135,single,wearing_hat,lr,21,0.8176058931860037,0.0055248618784529135,,
5_o_clock_shadow,0.578961314255432,0.6577901430842606,single,wearing_hat,lr,22,0.5936671966083731,-0.014705882352941124,,
arched_eyebrows,0.5360576923076923,0.5423677884615385,single,wearing_hat,lr,22,0.5336538461538461,0.0024038461538461453,,
attractive,0.49868107829891267,0.6125587081001094,single,wearing_hat,lr,22,0.49868107829891267,0.0,,
bags_under_eyes,0.5075656800798138,0.4862820086464915,single,wearing_hat,lr,22,0.5104755570335883,-0.0029098769537744262,,
bald,0.743421052631579,0.7913533834586466,single,wearing_hat,lr,22,0.743421052631579,0.0,,
bangs,0.7788247213779129,0.8476190476190476,single,wearing_hat,lr,22,0.780952380952381,-0.0021276595744680327,,
big_lips,0.4812323801852598,0.4914216673378977,single,wearing_hat,lr,22,0.4759967780910189,0.005235602094240899,,
big_nose,0.6035141329258976,0.6742424242424242,single,wearing_hat,lr,22,0.6067608861726509,-0.0032467532467532756,,
black_hair,0.7369210977701544,0.853344768439108,single,wearing_hat,lr,22,0.7118353344768439,0.02508576329331047,,
blond_hair,0.8506216006216006,0.925019425019425,single,wearing_hat,lr,22,0.8527583527583528,-0.002136752136752129,,
blurry,0.5838873061095283,0.6090534979423868,single,wearing_hat,lr,22,0.581829692940804,0.002057613168724326,,
brown_hair,0.6441053408811224,0.8075313807531381,single,wearing_hat,lr,22,0.6441053408811224,0.0,,
bushy_eyebrows,0.5089970501474926,0.522566371681416,single,wearing_hat,lr,22,0.5256637168141592,-0.016666666666666607,,
chubby,0.6801029159519726,0.7494639794168096,single,wearing_hat,lr,22,0.6801029159519726,0.0,,
double_chin,0.6389380530973452,0.7429203539823009,single,wearing_hat,lr,22,0.6389380530973452,0.0,,
eyeglasses,0.8695046007993308,0.9491588437587136,single,wearing_hat,lr,22,0.8670415466121386,0.0024630541871921707,,
goatee,0.6323864499468328,0.6870727631778825,single,wearing_hat,lr,22,0.6323864499468328,0.0,,
gray_hair,0.8884297520661157,0.9660566706021252,single,wearing_hat,lr,22,0.8884297520661157,0.0,,
heavy_makeup,0.5698757763975155,0.6059006211180125,single,wearing_hat,lr,22,0.5651138716356108,0.004761904761904745,,
high_cheekbones,0.5099206349206349,0.4734623015873016,single,wearing_hat,lr,22,0.5223214285714286,-0.012400793650793718,,
male,0.9778481012658228,0.9774606044949626,single,wearing_hat,lr,22,0.9778481012658228,0.0,,
mouth_slightly_open,0.5408207078451819,0.5605716739250445,single,wearing_hat,lr,22,0.5481199779181746,-0.007299270072992692,,
mustache,0.7351001939237234,0.8130575307045895,single,wearing_hat,lr,22,0.7328377504848094,0.002262443438914019,,
narrow_eyes,0.6289424860853432,0.6519480519480519,single,wearing_hat,lr,22,0.6289424860853432,0.0,,
no_beard,0.5490595723378388,0.5062575985124794,single,wearing_hat,lr,22,0.5490595723378388,0.0,,
oval_face,0.4896611768120148,0.47689182326053836,single,wearing_hat,lr,22,0.4896611768120148,0.0,,
pale_skin,0.6291547958214625,0.7733459955682178,single,wearing_hat,lr,22,0.6291547958214625,0.0,,
pointy_nose,0.4879931389365352,0.494532590051458,single,wearing_hat,lr,22,0.4879931389365352,0.0,,
receding_hairline,0.5232319462586303,0.5960067176712073,single,wearing_hat,lr,22,0.5275237917521927,-0.0042918454935623185,,
rosy_cheeks,0.6000590318772137,0.7520661157024794,single,wearing_hat,lr,22,0.6000590318772137,0.0,,
sideburns,0.6595547309833024,0.7602968460111318,single,wearing_hat,lr,22,0.6473098330241187,0.01224489795918371,,
smiling,0.8551620242267723,0.9397405152800835,single,wearing_hat,lr,22,0.863709032773781,-0.008547008547008628,,
straight_hair,0.641991341991342,0.6578354978354979,single,wearing_hat,lr,22,0.661991341991342,-0.020000000000000018,,
wavy_hair,0.5764821487061906,0.6219019543618299,single,wearing_hat,lr,22,0.574134730865815,0.0023474178403756207,,
wearing_earrings,0.659755646057016,0.7347895841046526,single,wearing_hat,lr,22,0.6529063309885228,0.006849315068493178,,
wearing_hat,0.8125,0.86541748046875,single,wearing_hat,lr,22,0.875,-0.0625,,
wearing_lipstick,0.4862327909887359,0.4791927409261577,single,wearing_hat,lr,22,0.49092615769712145,-0.004693366708385549,,
wearing_necklace,0.5914715719063545,0.6979933110367893,single,wearing_hat,lr,22,0.5979933110367892,-0.006521739130434745,,
wearing_necktie,0.5698423273373306,0.5998223406617811,single,wearing_hat,lr,22,0.5761714412613813,-0.006329113924050667,,
young,0.8231307550644567,0.8852302025782688,single,wearing_hat,lr,22,0.8176058931860037,0.0055248618784529135,,
5_o_clock_shadow,0.5744568097509274,0.6575251722310546,single,wearing_hat,lr,23,0.5936671966083731,-0.019210386857445694,,
arched_eyebrows,0.5280448717948718,0.5398637820512822,single,wearing_hat,lr,23,0.5336538461538461,-0.005608974358974339,,
attractive,0.49868107829891267,0.6124300328121984,single,wearing_hat,lr,23,0.49868107829891267,0.0,,
bags_under_eyes,0.4753076155636847,0.4839541070834719,single,wearing_hat,lr,23,0.5104755570335883,-0.03516794146990354,,
bald,0.743421052631579,0.7893170426065163,single,wearing_hat,lr,23,0.743421052631579,0.0,,
bangs,0.7788247213779129,0.8536980749746708,single,wearing_hat,lr,23,0.780952380952381,-0.0021276595744680327,,
big_lips,0.4838501812323802,0.49174385823600486,single,wearing_hat,lr,23,0.4759967780910189,0.007853403141361293,,
big_nose,0.6165648077412784,0.6724598930481283,single,wearing_hat,lr,23,0.6067608861726509,0.009803921568627527,,
black_hair,0.7596483704974271,0.8607418524871355,single,wearing_hat,lr,23,0.7118353344768439,0.04781303602058318,,
blond_hair,0.8506216006216006,0.9240481740481741,single,wearing_hat,lr,23,0.8527583527583528,-0.002136752136752129,,
blurry,0.581829692940804,0.6077872744539411,single,wearing_hat,lr,23,0.581829692940804,0.0,,
brown_hair,0.6482894412995324,0.8018705390105834,single,wearing_hat,lr,23,0.6441053408811224,0.004184100418409997,,
bushy_eyebrows,0.49675516224188787,0.5168141592920354,single,wearing_hat,lr,23,0.5256637168141592,-0.028908554572271372,,
chubby,0.6801029159519726,0.751393653516295,single,wearing_hat,lr,23,0.6801029159519726,0.0,,
double_chin,0.6345132743362832,0.7309734513274336,single,wearing_hat,lr,23,0.6389380530973452,-0.004424778761061954,,
eyeglasses,0.8695046007993308,0.9446045171484339,single,wearing_hat,lr,23,0.8670415466121386,0.0024630541871921707,,
goatee,0.6323864499468328,0.685857511772748,single,wearing_hat,lr,23,0.6323864499468328,0.0,,
gray_hair,0.890495867768595,0.9654663518299882,single,wearing_hat,lr,23,0.8884297520661157,0.0020661157024792765,,
heavy_makeup,0.5698757763975155,0.6077639751552796,single,wearing_hat,lr,23,0.5651138716356108,0.004761904761904745,,
high_cheekbones,0.5203373015873015,0.4744543650793651,single,wearing_hat,lr,23,0.5223214285714286,-0.001984126984127088,,
male,0.9778481012658228,0.9781710152415396,single,wearing_hat,lr,23,0.9778481012658228,0.0,,
mouth_slightly_open,0.5293197570999203,0.55480586395142,single,wearing_hat,lr,23,0.5481199779181746,-0.018800220818254276,,
mustache,0.7351001939237234,0.8121525533290239,single,wearing_hat,lr,23,0.7328377504848094,0.002262443438914019,,
narrow_eyes,0.6350649350649351,0.6578849721706865,single,wearing_hat,lr,23,0.6289424860853432,0.00612244897959191,,
no_beard,0.5490595723378388,0.5063291139240507,single,wearing_hat,lr,23,0.5490595723378388,0.0,,
oval_face,0.4980410650801712,0.49561053471668,single,wearing_hat,lr,23,0.4896611768120148,0.008379888268156388,,
pale_skin,0.6312124089901867,0.7720797720797721,single,wearing_hat,lr,23,0.6291547958214625,0.002057613168724215,,
pointy_nose,0.4813464837049743,0.4911020583190394,single,wearing_hat,lr,23,0.4879931389365352,-0.006646655231560883,,
receding_hairline,0.5774398208621011,0.6241836163463332,single,wearing_hat,lr,23,0.5275237917521927,0.049916029109908444,,
rosy_cheeks,0.6000590318772137,0.7564935064935066,single,wearing_hat,lr,23,0.6000590318772137,0.0,,
sideburns,0.6677179962894249,0.764378478664193,single,wearing_hat,lr,23,0.6473098330241187,0.020408163265306145,,
smiling,0.8673061550759393,0.9394330689294718,single,wearing_hat,lr,23,0.863709032773781,0.003597122302158362,,
straight_hair,0.641991341991342,0.6566233766233767,single,wearing_hat,lr,23,0.661991341991342,-0.020000000000000018,,
wavy_hair,0.574134730865815,0.6189540342832187,single,wearing_hat,lr,23,0.574134730865815,0.0,,
wearing_earrings,0.6574725410341848,0.7340491176107615,single,wearing_hat,lr,23,0.6529063309885228,0.004566210045662045,,
wearing_hat,0.6171875,0.65679931640625,single,wearing_hat,lr,23,0.875,-0.2578125,,
wearing_lipstick,0.46417396745932415,0.48279098873591986,single,wearing_hat,lr,23,0.49092615769712145,-0.02675219023779729,,
wearing_necklace,0.6063545150501672,0.698494983277592,single,wearing_hat,lr,23,0.5979933110367892,0.008361204013378032,,
wearing_necktie,0.5719520319786808,0.6020430823895181,single,wearing_hat,lr,23,0.5761714412613813,-0.0042194092827004814,,
young,0.8192265193370165,0.8845672191528545,single,wearing_hat,lr,23,0.8176058931860037,0.0016206261510127717,,
5_o_clock_shadow,0.5936671966083731,0.6567302596714362,single,wearing_hat,pclarc,0,0.5936671966083731,0.0,,
arched_eyebrows,0.5336538461538461,0.5446714743589745,single,wearing_hat,pclarc,0,0.5336538461538461,0.0,,
attractive,0.49868107829891267,0.609148812970469,single,wearing_hat,pclarc,0,0.49868107829891267,0.0,,
bags_under_eyes,0.5078982374459594,0.4876953774526106,single,wearing_hat,pclarc,0,0.5104755570335883,-0.002577319587628857,,
bald,0.743421052631579,0.7974624060150376,single,wearing_hat,pclarc,0,0.743421052631579,0.0,,
bangs,0.780952380952381,0.8490374873353597,single,wearing_hat,pclarc,0,0.780952380952381,0.0,,
big_lips,0.4812323801852598,0.48634716069271045,single,wearing_hat,pclarc,0,0.4759967780910189,0.005235602094240899,,
big_nose,0.6067608861726509,0.6737967914438503,single,wearing_hat,pclarc,0,0.6067608861726509,0.0,,
black_hair,0.7141938250428816,0.8446612349914238,single,wearing_hat,pclarc,0,0.7118353344768439,0.002358490566037763,,
blond_hair,0.8527583527583528,0.9256021756021756,single,wearing_hat,pclarc,0,0.8527583527583528,0.0,,
blurry,0.581829692940804,0.6160177271288383,single,wearing_hat,pclarc,0,0.581829692940804,0.0,,
brown_hair,0.6441053408811224,0.8129460989416687,single,wearing_hat,pclarc,0,0.6441053408811224,0.0,,
bushy_eyebrows,0.5256637168141592,0.5205014749262538,single,wearing_hat,pclarc,0,0.5256637168141592,0.0,,
chubby,0.6801029159519726,0.749892795883362,single,wearing_hat,pclarc,0,0.6801029159519726,0.0,,
double_chin,0.6389380530973452,0.7466076696165193,single,wearing_hat,pclarc,0,0.6389380530973452,0.0,,
eyeglasses,0.8670415466121386,0.9527837159587322,single,wearing_hat,pclarc,0,0.8670415466121386,0.0,,
goatee,0.6301838067750265,0.6857056053471062,single,wearing_hat,pclarc,0,0.6323864499468328,-0.0022026431718062955,,
gray_hair,0.8884297520661157,0.9660566706021252,single,wearing_hat,pclarc,0,0.8884297520661157,0.0,,
heavy_makeup,0.5674948240165631,0.6074534161490683,single,wearing_hat,pclarc,0,0.5651138716356108,0.0023809523809523725,,
high_cheekbones,0.5327380952380952,0.4757564484126984,single,wearing_hat,pclarc,0,0.5223214285714286,0.01041666666666663,,
male,0.9778481012658228,0.9780418496512528,single,wearing_hat,pclarc,0,0.9778481012658228,0.0,,
mouth_slightly_open,0.5439182972459057,0.5679322824020119,single,wearing_hat,pclarc,0,0.5481199779181746,-0.004201680672268893,,
mustache,0.7328377504848094,0.8115061409179056,single,wearing_hat,pclarc,0,0.7328377504848094,0.0,,
narrow_eyes,0.6269016697588126,0.6500927643784786,single,wearing_hat,pclarc,0,0.6289424860853432,-0.0020408163265306367,,
no_beard,0.5490595723378388,0.5053994135736251,single,wearing_hat,pclarc,0,0.5490595723378388,0.0,,
oval_face,0.4896611768120148,0.46586374519335416,single,wearing_hat,pclarc,0,0.4896611768120148,0.0,,
pale_skin,0.6270971826527383,0.7755618866729977,single,wearing_hat,pclarc,0,0.6291547958214625,-0.002057613168724215,,
pointy_nose,0.4879931389365352,0.5011792452830188,single,wearing_hat,pclarc,0,0.4879931389365352,0.0,,
receding_hairline,0.5296697144989737,0.5780929277850345,single,wearing_hat,pclarc,0,0.5275237917521927,0.0021459227467810482,,
rosy_cheeks,0.6000590318772137,0.7544273907910272,single,wearing_hat,pclarc,0,0.6000590318772137,0.0,,
sideburns,0.6473098330241187,0.7543599257884973,single,wearing_hat,pclarc,0,0.6473098330241187,0.0,,
smiling,0.863709032773781,0.9394330689294718,single,wearing_hat,pclarc,0,0.863709032773781,0.0,,
straight_hair,0.6598268398268399,0.6602597402597403,single,wearing_hat,pclarc,0,0.661991341991342,-0.0021645021645021467,,
wavy_hair,0.574134730865815,0.6188448520580849,single,wearing_hat,pclarc,0,0.574134730865815,0.0,,
wearing_earrings,0.6483401209428606,0.7357768727631742,single,wearing_hat,pclarc,0,0.6529063309885228,-0.004566210045662156,,
wearing_hat,0.87109375,0.93670654296875,single,wearing_hat,pclarc,0,0.875,-0.00390625,,
wearing_lipstick,0.4935857321652065,0.48200876095118905,single,wearing_hat,pclarc,0,0.49092615769712145,0.0026595744680850686,,
wearing_necklace,0.57876254180602,0.7,single,wearing_hat,pclarc,0,0.5979933110367892,-0.019230769230769162,,
wearing_necktie,0.5740617366200311,0.5991561181434599,single,wearing_hat,pclarc,0,0.5761714412613813,-0.002109704641350185,,
young,0.8176058931860037,0.885524861878453,single,wearing_hat,pclarc,0,0.8176058931860037,0.0,,
5_o_clock_shadow,0.5936671966083731,0.6558028616852146,single,wearing_hat,pclarc,1,0.5936671966083731,0.0,,
arched_eyebrows,0.5232371794871795,0.5438701923076923,single,wearing_hat,pclarc,1,0.5336538461538461,-0.01041666666666663,,
attractive,0.49868107829891267,0.6102425529177121,single,wearing_hat,pclarc,1,0.49868107829891267,0.0,,
bags_under_eyes,0.502411040904556,0.4861157299634187,single,wearing_hat,pclarc,1,0.5104755570335883,-0.008064516129032251,,
bald,0.743421052631579,0.7969924812030075,single,wearing_hat,pclarc,1,0.743421052631579,0.0,,
bangs,0.780952380952381,0.8502532928064843,single,wearing_hat,pclarc,1,0.780952380952381,0.0,,
big_lips,0.4759967780910189,0.484333467579541,single,wearing_hat,pclarc,1,0.4759967780910189,0.0,,
big_nose,0.6067608861726509,0.6719505984211868,single,wearing_hat,pclarc,1,0.6067608861726509,0.0,,
black_hair,0.7141938250428816,0.845090051457976,single,wearing_hat,pclarc,1,0.7118353344768439,0.002358490566037763,,
blond_hair,0.8527583527583528,0.9267676767676767,single,wearing_hat,pclarc,1,0.8527583527583528,0.0,,
blurry,0.6223488445710668,0.6112693890471668,single,wearing_hat,pclarc,1,0.581829692940804,0.04051915163026276,,
brown_hair,0.6441053408811224,0.8129460989416687,single,wearing_hat,pclarc,1,0.6441053408811224,0.0,,
bushy_eyebrows,0.5256637168141592,0.51976401179941,single,wearing_hat,pclarc,1,0.5256637168141592,0.0,,
chubby,0.6801029159519726,0.7502144082332761,single,wearing_hat,pclarc,1,0.6801029159519726,0.0,,
double_chin,0.6411504424778761,0.7452802359882007,single,wearing_hat,pclarc,1,0.6389380530973452,0.0022123893805309214,,
eyeglasses,0.8695046007993308,0.9535272794869413,single,wearing_hat,pclarc,1,0.8670415466121386,0.0024630541871921707,,
goatee,0.6151450706364879,0.686617043900957,single,wearing_hat,pclarc,1,0.6323864499468328,-0.017241379310344862,,
gray_hair,0.8884297520661157,0.9657615112160567,single,wearing_hat,pclarc,1,0.8884297520661157,0.0,,
heavy_makeup,0.5651138716356108,0.6075569358178053,single,wearing_hat,pclarc,1,0.5651138716356108,0.0,,
high_cheekbones,0.5257936507936508,0.4752604166666667,single,wearing_hat,pclarc,1,0.5223214285714286,0.00347222222222221,,
male,0.9778481012658228,0.9778481012658228,single,wearing_hat,pclarc,1,0.9778481012658228,0.0,,
mouth_slightly_open,0.5481199779181746,0.5665214991105932,single,wearing_hat,pclarc,1,0.5481199779181746,0.0,,
mustache,0.7328377504848094,0.8118939883645766,single,wearing_hat,pclarc,1,0.7328377504848094,0.0,,
narrow_eyes,0.6269016697588126,0.6500927643784786,single,wearing_hat,pclarc,1,0.6289424860853432,-0.0020408163265306367,,
no_beard,0.5490595723378388,0.5055424443967675,single,wearing_hat,pclarc,1,0.5490595723378388,0.0,,
oval_face,0.4868678807226293,0.4657186389029965,single,wearing_hat,pclarc,1,0.4896611768120148,-0.0027932960893854997,,
pale_skin,0.6270971826527383,0.7736625514403291,single,wearing_hat,pclarc,1,0.6291547958214625,-0.002057613168724215,,
pointy_nose,0.4903516295025729,0.5007504288164666,single,wearing_hat,pclarc,1,0.4879931389365352,0.0023584905660377076,,
receding_hairline,0.5318156372457548,0.5790259376749394,single,wearing_hat,pclarc,1,0.5275237917521927,0.0042918454935620964,,
rosy_cheeks,0.6000590318772137,0.7538370720188903,single,wearing_hat,pclarc,1,0.6000590318772137,0.0,,
sideburns,0.6432282003710575,0.7532467532467533,single,wearing_hat,pclarc,1,0.6473098330241187,-0.004081632653061162,,
smiling,0.863709032773781,0.9390641333087376,single,wearing_hat,pclarc,1,0.863709032773781,0.0,,
straight_hair,0.661991341991342,0.6604329004329005,single,wearing_hat,pclarc,1,0.661991341991342,0.0,,
wavy_hair,0.574134730865815,0.6191723987334863,single,wearing_hat,pclarc,1,0.574134730865815,0.0,,
wearing_earrings,0.6529063309885228,0.736270517092435,single,wearing_hat,pclarc,1,0.6529063309885228,0.0,,
wearing_hat,0.87109375,0.93707275390625,single,wearing_hat,pclarc,1,0.875,-0.00390625,,
wearing_lipstick,0.4856070087609512,0.48130475594493116,single,wearing_hat,pclarc,1,0.49092615769712145,-0.005319148936170248,,
wearing_necklace,0.5979933110367892,0.6993311036789298,single,wearing_hat,pclarc,1,0.5979933110367892,0.0,,
wearing_necktie,0.5719520319786808,0.6020430823895181,single,wearing_hat,pclarc,1,0.5761714412613813,-0.0042194092827004814,,
young,0.8176058931860037,0.885451197053407,single,wearing_hat,pclarc,1,0.8176058931860037,0.0,,
5_o_clock_shadow,0.5936671966083731,0.656597774244833,single,wearing_hat,pclarc,2,0.5936671966083731,0.0,,
arched_eyebrows,0.5232371794871795,0.5449719551282051,single,wearing_hat,pclarc,2,0.5336538461538461,-0.01041666666666663,,
attractive,0.49868107829891267,0.6101782152737566,single,wearing_hat,pclarc,2,0.49868107829891267,0.0,,
bags_under_eyes,0.5104755570335883,0.48727968074492845,single,wearing_hat,pclarc,2,0.5104755570335883,0.0,,
bald,0.743421052631579,0.7963659147869675,single,wearing_hat,pclarc,2,0.743421052631579,0.0,,
bangs,0.7788247213779129,0.8506585612968592,single,wearing_hat,pclarc,2,0.780952380952381,-0.0021276595744680327,,
big_lips,0.4786145791381393,0.4844140153040677,single,wearing_hat,pclarc,2,0.4759967780910189,0.002617801047120394,,
big_nose,0.6067608861726509,0.6730328495034377,single,wearing_hat,pclarc,2,0.6067608861726509,0.0,,
black_hair,0.7141938250428816,0.8443396226415095,single,wearing_hat,pclarc,2,0.7118353344768439,0.002358490566037763,,
blond_hair,0.8527583527583528,0.9267676767676767,single,wearing_hat,pclarc,2,0.8527583527583528,0.0,,
blurry,0.6223488445710668,0.6093700538144982,single,wearing_hat,pclarc,2,0.581829692940804,0.04051915163026276,,
brown_hair,0.6420132906719173,0.8119616047255722,single,wearing_hat,pclarc,2,0.6441053408811224,-0.0020920502092051096,,
bushy_eyebrows,0.5256637168141592,0.5205014749262536,single,wearing_hat,pclarc,2,0.5256637168141592,0.0,,
chubby,0.6777444253859348,0.7504288164665522,single,wearing_hat,pclarc,2,0.6801029159519726,-0.002358490566037763,,
double_chin,0.6367256637168142,0.7460176991150443,single,wearing_hat,pclarc,2,0.6389380530973452,-0.0022123893805310324,,
eyeglasses,0.8670415466121386,0.9531554977228367,single,wearing_hat,pclarc,2,0.8670415466121386,0.0,,
goatee,0.6301838067750265,0.6858575117727479,single,wearing_hat,pclarc,2,0.6323864499468328,-0.0022026431718062955,,
gray_hair,0.8884297520661157,0.9660566706021252,single,wearing_hat,pclarc,2,0.8884297520661157,0.0,,
heavy_makeup,0.5698757763975155,0.6083850931677018,single,wearing_hat,pclarc,2,0.5651138716356108,0.004761904761904745,,
high_cheekbones,0.5178571428571429,0.47519841269841273,single,wearing_hat,pclarc,2,0.5223214285714286,-0.004464285714285698,,
male,0.9778481012658228,0.9776543528803928,single,wearing_hat,pclarc,2,0.9778481012658228,0.0,,
mouth_slightly_open,0.5481199779181746,0.5663988223026437,single,wearing_hat,pclarc,2,0.5481199779181746,0.0,,
mustache,0.7351001939237234,0.8118939883645766,single,wearing_hat,pclarc,2,0.7328377504848094,0.002262443438914019,,
narrow_eyes,0.6269016697588126,0.6515769944341373,single,wearing_hat,pclarc,2,0.6289424860853432,-0.0020408163265306367,,
no_beard,0.5490595723378388,0.5052563827504828,single,wearing_hat,pclarc,2,0.5490595723378388,0.0,,
oval_face,0.4868678807226293,0.46716970180657325,single,wearing_hat,pclarc,2,0.4896611768120148,-0.0027932960893854997,,
pale_skin,0.6270971826527383,0.7742956631845521,single,wearing_hat,pclarc,2,0.6291547958214625,-0.002057613168724215,,
pointy_nose,0.4903516295025729,0.5003216123499142,single,wearing_hat,pclarc,2,0.4879931389365352,0.0023584905660377076,,
receding_hairline,0.5296697144989737,0.5777197238290726,single,wearing_hat,pclarc,2,0.5275237917521927,0.0021459227467810482,,
rosy_cheeks,0.5979929161747344,0.755017709563164,single,wearing_hat,pclarc,2,0.6000590318772137,-0.0020661157024792765,,
sideburns,0.6432282003710575,0.7551020408163266,single,wearing_hat,pclarc,2,0.6473098330241187,-0.004081632653061162,,
smiling,0.863709032773781,0.9390026440386152,single,wearing_hat,pclarc,2,0.863709032773781,0.0,,
straight_hair,0.661991341991342,0.6597402597402597,single,wearing_hat,pclarc,2,0.661991341991342,0.0,,
wavy_hair,0.574134730865815,0.6186264876078175,single,wearing_hat,pclarc,2,0.574134730865815,0.0,,
wearing_earrings,0.6551894360113538,0.7341725286930767,single,wearing_hat,pclarc,2,0.6529063309885228,0.0022831050228310223,,
wearing_hat,0.87109375,0.9364013671875,single,wearing_hat,pclarc,2,0.875,-0.00390625,,
wearing_lipstick,0.48826658322903627,0.48130475594493116,single,wearing_hat,pclarc,2,0.49092615769712145,-0.0026595744680851796,,
wearing_necklace,0.5979933110367892,0.6994983277591973,single,wearing_hat,pclarc,2,0.5979933110367892,0.0,,
wearing_necktie,0.5761714412613813,0.6027093049078392,single,wearing_hat,pclarc,2,0.5761714412613813,0.0,,
young,0.8176058931860037,0.8857458563535912,single,wearing_hat,pclarc,2,0.8176058931860037,0.0,,
5_o_clock_shadow,0.5936671966083731,0.6569952305246423,single,wearing_hat,pclarc,3,0.5936671966083731,0.0,,
arched_eyebrows,0.5232371794871795,0.5440204326923077,single,wearing_hat,pclarc,3,0.5336538461538461,-0.01041666666666663,,
attractive,0.49868107829891267,0.6097278517660684,single,wearing_hat,pclarc,3,0.49868107829891267,0.0,,
bags_under_eyes,0.502411040904556,0.48553375457266373,single,wearing_hat,pclarc,3,0.5104755570335883,-0.008064516129032251,,
bald,0.743421052631579,0.7966791979949874,single,wearing_hat,pclarc,3,0.743421052631579,0.0,,
bangs,0.780952380952381,0.8498480243161095,single,wearing_hat,pclarc,3,0.780952380952381,0.0,,
big_lips,0.4759967780910189,0.4840112766814338,single,wearing_hat,pclarc,3,0.4759967780910189,0.0,,
big_nose,0.6067608861726509,0.6725872167048638,single,wearing_hat,pclarc,3,0.6067608861726509,0.0,,
black_hair,0.7141938250428816,0.8456260720411665,single,wearing_hat,pclarc,3,0.7118353344768439,0.002358490566037763,,
blond_hair,0.8527583527583528,0.925990675990676,single,wearing_hat,pclarc,3,0.8527583527583528,0.0,,
blurry,0.5797720797720798,0.6096866096866097,single,wearing_hat,pclarc,3,0.581829692940804,-0.002057613168724215,,
brown_hair,0.6420132906719173,0.8109771105094757,single,wearing_hat,pclarc,3,0.6441053408811224,-0.0020920502092051096,,
bushy_eyebrows,0.5256637168141592,0.5187315634218289,single,wearing_hat,pclarc,3,0.5256637168141592,0.0,,
chubby,0.6824614065180102,0.7506432246998284,single,wearing_hat,pclarc,3,0.6801029159519726,0.002358490566037652,,
double_chin,0.6367256637168142,0.7449852507374631,single,wearing_hat,pclarc,3,0.6389380530973452,-0.0022123893805310324,,
eyeglasses,0.8695046007993308,0.9528766613997584,single,wearing_hat,pclarc,3,0.8670415466121386,0.0024630541871921707,,
goatee,0.6301838067750265,0.6846422603676136,single,wearing_hat,pclarc,3,0.6323864499468328,-0.0022026431718062955,,
gray_hair,0.890495867768595,0.9663518299881936,single,wearing_hat,pclarc,3,0.8884297520661157,0.0020661157024792765,,
heavy_makeup,0.5698757763975155,0.6089026915113871,single,wearing_hat,pclarc,3,0.5651138716356108,0.004761904761904745,,
high_cheekbones,0.5223214285714286,0.47600446428571425,single,wearing_hat,pclarc,3,0.5223214285714286,0.0,,
male,0.9778481012658228,0.9779126840609661,single,wearing_hat,pclarc,3,0.9778481012658228,0.0,,
mouth_slightly_open,0.5481199779181746,0.5660921302827701,single,wearing_hat,pclarc,3,0.5481199779181746,0.0,,
mustache,0.7328377504848094,0.8118939883645766,single,wearing_hat,pclarc,3,0.7328377504848094,0.0,,
narrow_eyes,0.6269016697588126,0.649721706864564,single,wearing_hat,pclarc,3,0.6289424860853432,-0.0020408163265306367,,
no_beard,0.5490595723378388,0.5058285060430523,single,wearing_hat,pclarc,3,0.5490595723378388,0.0,,
oval_face,0.4868678807226293,0.46564608575781763,single,wearing_hat,pclarc,3,0.4896611768120148,-0.0027932960893854997,,
pale_skin,0.6291547958214625,0.7733459955682178,single,wearing_hat,pclarc,3,0.6291547958214625,0.0,,
pointy_nose,0.49935677530017153,0.5020368782161235,single,wearing_hat,pclarc,3,0.4879931389365352,0.011363636363636354,,
receding_hairline,0.5296697144989737,0.5777197238290727,single,wearing_hat,pclarc,3,0.5275237917521927,0.0021459227467810482,,
rosy_cheeks,0.6000590318772137,0.755017709563164,single,wearing_hat,pclarc,3,0.6000590318772137,0.0,,
sideburns,0.6473098330241187,0.7554730983302412,single,wearing_hat,pclarc,3,0.6473098330241187,0.0,,
smiling,0.863709032773781,0.9388181762282481,single,wearing_hat,pclarc,3,0.863709032773781,0.0,,
straight_hair,0.661991341991342,0.6614718614718614,single,wearing_hat,pclarc,3,0.661991341991342,0.0,,
wavy_hair,0.574134730865815,0.6177530298067475,single,wearing_hat,pclarc,3,0.574134730865815,0.0,,
wearing_earrings,0.6551894360113538,0.7323213624583488,single,wearing_hat,pclarc,3,0.6529063309885228,0.0022831050228310223,,
wearing_hat,0.875,0.93719482421875,single,wearing_hat,pclarc,3,0.875,0.0,,
wearing_lipstick,0.48826658322903627,0.4814612015018773,single,wearing_hat,pclarc,3,0.49092615769712145,-0.0026595744680851796,,
wearing_necklace,0.5979933110367892,0.701170568561873,single,wearing_hat,pclarc,3,0.5979933110367892,0.0,,
wearing_necktie,0.5740617366200311,0.6051521208083499,single,wearing_hat,pclarc,3,0.5761714412613813,-0.002109704641350185,,
young,0.8176058931860037,0.8862615101289134,single,wearing_hat,pclarc,3,0.8176058931860037,0.0,,
5_o_clock_shadow,0.5936671966083731,0.6573926868044515,single,wearing_hat,pclarc,4,0.5936671966083731,0.0,,
arched_eyebrows,0.5360576923076923,0.5450721153846154,single,wearing_hat,pclarc,4,0.5336538461538461,0.0024038461538461453,,
attractive,0.49868107829891267,0.6109502670012225,single,wearing_hat,pclarc,4,0.49868107829891267,0.0,,
bags_under_eyes,0.49983372131692716,0.48503491852344527,single,wearing_hat,pclarc,4,0.5104755570335883,-0.010641835716661108,,
bald,0.743421052631579,0.7971491228070176,single,wearing_hat,pclarc,4,0.743421052631579,0.0,,
bangs,0.780952380952381,0.8508611955420466,single,wearing_hat,pclarc,4,0.780952380952381,0.0,,
big_lips,0.4786145791381393,0.4843334675795408,single,wearing_hat,pclarc,4,0.4759967780910189,0.002617801047120394,,
big_nose,0.6067608861726509,0.6725235548764961,single,wearing_hat,pclarc,4,0.6067608861726509,0.0,,
black_hair,0.7165523156089193,0.8466981132075472,single,wearing_hat,pclarc,4,0.7118353344768439,0.004716981132075415,,
blond_hair,0.8527583527583528,0.9261849261849262,single,wearing_hat,pclarc,4,0.8527583527583528,0.0,,
blurry,0.581829692940804,0.6065210509654955,single,wearing_hat,pclarc,4,0.581829692940804,0.0,,
brown_hair,0.6399212404627123,0.8114693576175239,single,wearing_hat,pclarc,4,0.6441053408811224,-0.004184100418410108,,
bushy_eyebrows,0.5256637168141592,0.5199115044247787,single,wearing_hat,pclarc,4,0.5256637168141592,0.0,,
chubby,0.6824614065180102,0.7505360205831905,single,wearing_hat,pclarc,4,0.6801029159519726,0.002358490566037652,,
double_chin,0.6367256637168142,0.7446902654867258,single,wearing_hat,pclarc,4,0.6389380530973452,-0.0022123893805310324,,
eyeglasses,0.871967654986523,0.9538061158100196,single,wearing_hat,pclarc,4,0.8670415466121386,0.0049261083743843415,,
goatee,0.6129424274646817,0.683578915388121,single,wearing_hat,pclarc,4,0.6323864499468328,-0.019444022482151047,,
gray_hair,0.8884297520661157,0.9660566706021252,single,wearing_hat,pclarc,4,0.8884297520661157,0.0,,
heavy_makeup,0.5722567287784679,0.6094202898550725,single,wearing_hat,pclarc,4,0.5651138716356108,0.0071428571428571175,,
high_cheekbones,0.5223214285714286,0.4758184523809524,single,wearing_hat,pclarc,4,0.5223214285714286,0.0,,
male,0.9778481012658228,0.9779126840609661,single,wearing_hat,pclarc,4,0.9778481012658228,0.0,,
mouth_slightly_open,0.5481199779181746,0.5660921302827701,single,wearing_hat,pclarc,4,0.5481199779181746,0.0,,
mustache,0.7328377504848094,0.8117647058823529,single,wearing_hat,pclarc,4,0.7328377504848094,0.0,,
narrow_eyes,0.624860853432282,0.653061224489796,single,wearing_hat,pclarc,4,0.6289424860853432,-0.004081632653061162,,
no_beard,0.5490595723378388,0.5048988056926267,single,wearing_hat,pclarc,4,0.5490595723378388,0.0,,
oval_face,0.4868678807226293,0.4657186389029965,single,wearing_hat,pclarc,4,0.4896611768120148,-0.0027932960893854997,,
pale_skin,0.6291547958214625,0.7720797720797721,single,wearing_hat,pclarc,4,0.6291547958214625,0.0,,
pointy_nose,0.47898799313893653,0.5022512864493996,single,wearing_hat,pclarc,4,0.4879931389365352,-0.009005145797598646,,
receding_hairline,0.5275237917521927,0.5792125396529203,single,wearing_hat,pclarc,4,0.5275237917521927,0.0,,
rosy_cheeks,0.5979929161747344,0.7520661157024794,single,wearing_hat,pclarc,4,0.6000590318772137,-0.0020661157024792765,,
sideburns,0.6432282003710575,0.7547309833024118,single,wearing_hat,pclarc,4,0.6473098330241187,-0.004081632653061162,,
smiling,0.863709032773781,0.9390026440386153,single,wearing_hat,pclarc,4,0.863709032773781,0.0,,
straight_hair,0.6641558441558442,0.6606060606060606,single,wearing_hat,pclarc,4,0.661991341991342,0.0021645021645021467,,
wavy_hair,0.574134730865815,0.619718309859155,single,wearing_hat,pclarc,4,0.574134730865815,0.0,,
wearing_earrings,0.6529063309885228,0.7326915957052944,single,wearing_hat,pclarc,4,0.6529063309885228,0.0,,
wearing_hat,0.875,0.9368896484375,single,wearing_hat,pclarc,4,0.875,0.0,,
wearing_lipstick,0.48826658322903627,0.48263454317897375,single,wearing_hat,pclarc,4,0.49092615769712145,-0.0026595744680851796,,
wearing_necklace,0.5979933110367892,0.6994983277591974,single,wearing_hat,pclarc,4,0.5979933110367892,0.0,,
wearing_necktie,0.5740617366200311,0.5996002664890074,single,wearing_hat,pclarc,4,0.5761714412613813,-0.002109704641350185,,
young,0.8176058931860037,0.8858195211786372,single,wearing_hat,pclarc,4,0.8176058931860037,0.0,,
5_o_clock_shadow,0.5936671966083731,0.6571277159512453,single,wearing_hat,pclarc,5,0.5936671966083731,0.0,,
arched_eyebrows,0.5360576923076923,0.5446714743589745,single,wearing_hat,pclarc,5,0.5336538461538461,0.0024038461538461453,,
attractive,0.49868107829891267,0.6116579810847327,single,wearing_hat,pclarc,5,0.49868107829891267,0.0,,
bags_under_eyes,0.4917692051878949,0.48520119720651816,single,wearing_hat,pclarc,5,0.5104755570335883,-0.01870635184569336,,
bald,0.743421052631579,0.7963659147869675,single,wearing_hat,pclarc,5,0.743421052631579,0.0,,
bangs,0.780952380952381,0.8500506585612968,single,wearing_hat,pclarc,5,0.780952380952381,0.0,,
big_lips,0.47337897704389853,0.48538058799838907,single,wearing_hat,pclarc,5,0.4759967780910189,-0.002617801047120394,,
big_nose,0.6067608861726509,0.6738604532722181,single,wearing_hat,pclarc,5,0.6067608861726509,0.0,,
black_hair,0.7141938250428816,0.8472341337907376,single,wearing_hat,pclarc,5,0.7118353344768439,0.002358490566037763,,
blond_hair,0.8527583527583528,0.9256021756021756,single,wearing_hat,pclarc,5,0.8527583527583528,0.0,,
blurry,0.581829692940804,0.6036720481164926,single,wearing_hat,pclarc,5,0.581829692940804,0.0,,
brown_hair,0.6399212404627123,0.8109771105094757,single,wearing_hat,pclarc,5,0.6441053408811224,-0.004184100418410108,,
bushy_eyebrows,0.5256637168141592,0.5193215339233038,single,wearing_hat,pclarc,5,0.5256637168141592,0.0,,
chubby,0.6824614065180102,0.7508576329331046,single,wearing_hat,pclarc,5,0.6801029159519726,0.002358490566037652,,
double_chin,0.6345132743362832,0.7446902654867258,single,wearing_hat,pclarc,5,0.6389380530973452,-0.004424778761061954,,
eyeglasses,0.8814016172506738,0.9540849521330979,single,wearing_hat,pclarc,5,0.8670415466121386,0.014360070638535172,,
goatee,0.6129424274646817,0.6826674768342701,single,wearing_hat,pclarc,5,0.6323864499468328,-0.019444022482151047,,
gray_hair,0.8884297520661157,0.9666469893742621,single,wearing_hat,pclarc,5,0.8884297520661157,0.0,,
heavy_makeup,0.5698757763975155,0.610351966873706,single,wearing_hat,pclarc,5,0.5651138716356108,0.004761904761904745,,
high_cheekbones,0.5223214285714286,0.47495039682539686,single,wearing_hat,pclarc,5,0.5223214285714286,0.0,,
male,0.9778481012658228,0.9779126840609661,single,wearing_hat,pclarc,5,0.9778481012658228,0.0,,
mouth_slightly_open,0.5481199779181746,0.5678096055940623,single,wearing_hat,pclarc,5,0.5481199779181746,0.0,,
mustache,0.7328377504848094,0.8125404007756949,single,wearing_hat,pclarc,5,0.7328377504848094,0.0,,
narrow_eyes,0.624860853432282,0.6534322820037106,single,wearing_hat,pclarc,5,0.6289424860853432,-0.004081632653061162,,
no_beard,0.5490595723378388,0.5050418365157692,single,wearing_hat,pclarc,5,0.5490595723378388,0.0,,
oval_face,0.4868678807226293,0.46535587317710225,single,wearing_hat,pclarc,5,0.4896611768120148,-0.0027932960893854997,,
pale_skin,0.6291547958214625,0.7723963279518835,single,wearing_hat,pclarc,5,0.6291547958214625,0.0,,
pointy_nose,0.4903516295025729,0.5033233276157805,single,wearing_hat,pclarc,5,0.4879931389365352,0.0023584905660377076,,
receding_hairline,0.5275237917521927,0.5788393356969584,single,wearing_hat,pclarc,5,0.5275237917521927,0.0,,
rosy_cheeks,0.6000590318772137,0.7526564344746163,single,wearing_hat,pclarc,5,0.6000590318772137,0.0,,
sideburns,0.6432282003710575,0.754730983302412,single,wearing_hat,pclarc,5,0.6473098330241187,-0.004081632653061162,,
smiling,0.863709032773781,0.9389411547684929,single,wearing_hat,pclarc,5,0.863709032773781,0.0,,
straight_hair,0.6641558441558442,0.6611255411255411,single,wearing_hat,pclarc,5,0.661991341991342,0.0021645021645021467,,
wavy_hair,0.574134730865815,0.6217927721366961,single,wearing_hat,pclarc,5,0.574134730865815,0.0,,
wearing_earrings,0.6529063309885228,0.7314574848821425,single,wearing_hat,pclarc,5,0.6529063309885228,0.0,,
wearing_hat,0.875,0.9365234375,single,wearing_hat,pclarc,5,0.875,0.0,,
wearing_lipstick,0.49092615769712145,0.4818523153942428,single,wearing_hat,pclarc,5,0.49092615769712145,0.0,,
wearing_necklace,0.5958193979933111,0.699665551839465,single,wearing_hat,pclarc,5,0.5979933110367892,-0.0021739130434781373,,
wearing_necktie,0.5782811459027315,0.6022651565622918,single,wearing_hat,pclarc,5,0.5761714412613813,0.002109704641350185,,
young,0.8176058931860037,0.885598526703499,single,wearing_hat,pclarc,5,0.8176058931860037,0.0,,
5_o_clock_shadow,0.5936671966083731,0.6589825119236884,single,wearing_hat,pclarc,6,0.5936671966083731,0.0,,
arched_eyebrows,0.5360576923076923,0.5452724358974359,single,wearing_hat,pclarc,6,0.5336538461538461,0.0024038461538461453,,
attractive,0.49868107829891267,0.612365695168243,single,wearing_hat,pclarc,6,0.49868107829891267,0.0,,
bags_under_eyes,0.4972564017292983,0.4837878284003991,single,wearing_hat,pclarc,6,0.5104755570335883,-0.013219155304289965,,
bald,0.743421052631579,0.7980889724310777,single,wearing_hat,pclarc,6,0.743421052631579,0.0,,
bangs,0.780952380952381,0.8510638297872339,single,wearing_hat,pclarc,6,0.780952380952381,0.0,,
big_lips,0.47337897704389853,0.4853805879983891,single,wearing_hat,pclarc,6,0.4759967780910189,-0.002617801047120394,,
big_nose,0.6067608861726509,0.6741787624140565,single,wearing_hat,pclarc,6,0.6067608861726509,0.0,,
black_hair,0.7141938250428816,0.8480917667238421,single,wearing_hat,pclarc,6,0.7118353344768439,0.002358490566037763,,
blond_hair,0.8527583527583528,0.9254079254079254,single,wearing_hat,pclarc,6,0.8527583527583528,0.0,,
blurry,0.5454257676479899,0.6005064893953783,single,wearing_hat,pclarc,6,0.581829692940804,-0.03640392529281411,,
brown_hair,0.6399212404627123,0.8112232340634999,single,wearing_hat,pclarc,6,0.6441053408811224,-0.004184100418410108,,
bushy_eyebrows,0.5256637168141592,0.5184365781710915,single,wearing_hat,pclarc,6,0.5256637168141592,0.0,,
chubby,0.6824614065180102,0.7521440823327615,single,wearing_hat,pclarc,6,0.6801029159519726,0.002358490566037652,,
double_chin,0.6345132743362832,0.7429203539823008,single,wearing_hat,pclarc,6,0.6389380530973452,-0.004424778761061954,,
eyeglasses,0.8814016172506738,0.9538990612510456,single,wearing_hat,pclarc,6,0.8670415466121386,0.014360070638535172,,
goatee,0.6301838067750265,0.6831231961111954,single,wearing_hat,pclarc,6,0.6323864499468328,-0.0022026431718062955,,
gray_hair,0.890495867768595,0.9660566706021252,single,wearing_hat,pclarc,6,0.8884297520661157,0.0020661157024792765,,
heavy_makeup,0.5651138716356108,0.6095238095238095,single,wearing_hat,pclarc,6,0.5651138716356108,0.0,,
high_cheekbones,0.5223214285714286,0.4750124007936508,single,wearing_hat,pclarc,6,0.5223214285714286,0.0,,
male,0.9778481012658228,0.9778481012658227,single,wearing_hat,pclarc,6,0.9778481012658228,0.0,,
mouth_slightly_open,0.5481199779181746,0.5675642519781635,single,wearing_hat,pclarc,6,0.5481199779181746,0.0,,
mustache,0.7328377504848094,0.8122818358112476,single,wearing_hat,pclarc,6,0.7328377504848094,0.0,,
narrow_eyes,0.6269016697588126,0.6493506493506493,single,wearing_hat,pclarc,6,0.6289424860853432,-0.0020408163265306367,,
no_beard,0.5518844310949009,0.504970321104198,single,wearing_hat,pclarc,6,0.5490595723378388,0.0028248587570621764,,
oval_face,0.4868678807226293,0.46448523543495607,single,wearing_hat,pclarc,6,0.4896611768120148,-0.0027932960893854997,,
pale_skin,0.6291547958214625,0.7730294396961064,single,wearing_hat,pclarc,6,0.6291547958214625,0.0,,
pointy_nose,0.49271012006861065,0.5041809605488852,single,wearing_hat,pclarc,6,0.4879931389365352,0.004716981132075471,,
receding_hairline,0.5296697144989737,0.5799589475648442,single,wearing_hat,pclarc,6,0.5275237917521927,0.0021459227467810482,,
rosy_cheeks,0.5979929161747344,0.7502951593860685,single,wearing_hat,pclarc,6,0.6000590318772137,-0.0020661157024792765,,
sideburns,0.6432282003710575,0.7554730983302412,single,wearing_hat,pclarc,6,0.6473098330241187,-0.004081632653061162,,
smiling,0.863709032773781,0.9383262620672692,single,wearing_hat,pclarc,6,0.863709032773781,0.0,,
straight_hair,0.6641558441558442,0.6619913419913419,single,wearing_hat,pclarc,6,0.661991341991342,0.0021645021645021467,,
wavy_hair,0.574134730865815,0.6221203188120974,single,wearing_hat,pclarc,6,0.574134730865815,0.0,,
wearing_earrings,0.6483401209428606,0.7302233740589905,single,wearing_hat,pclarc,6,0.6529063309885228,-0.004566210045662156,,
wearing_hat,0.875,0.936767578125,single,wearing_hat,pclarc,6,0.875,0.0,,
wearing_lipstick,0.49092615769712145,0.4825563204005006,single,wearing_hat,pclarc,6,0.49092615769712145,0.0,,
wearing_necklace,0.5979933110367892,0.6996655518394649,single,wearing_hat,pclarc,6,0.5979933110367892,0.0,,
wearing_necktie,0.5719520319786808,0.6044858982900289,single,wearing_hat,pclarc,6,0.5761714412613813,-0.0042194092827004814,,
young,0.8176058931860037,0.8850092081031307,single,wearing_hat,pclarc,6,0.8176058931860037,0.0,,
5_o_clock_shadow,0.5936671966083731,0.658452570217276,single,wearing_hat,pclarc,7,0.5936671966083731,0.0,,
arched_eyebrows,0.5384615384615384,0.5456730769230769,single,wearing_hat,pclarc,7,0.5336538461538461,0.004807692307692291,,
attractive,0.49868107829891267,0.6139741362671298,single,wearing_hat,pclarc,7,0.49868107829891267,0.0,,
bags_under_eyes,0.502411040904556,0.4861157299634188,single,wearing_hat,pclarc,7,0.5104755570335883,-0.008064516129032251,,
bald,0.743421052631579,0.7976190476190477,single,wearing_hat,pclarc,7,0.743421052631579,0.0,,
bangs,0.780952380952381,0.8502532928064843,single,wearing_hat,pclarc,7,0.780952380952381,0.0,,
big_lips,0.47337897704389853,0.4868304470398712,single,wearing_hat,pclarc,7,0.4759967780910189,-0.002617801047120394,,
big_nose,0.6067608861726509,0.6727145403615992,single,wearing_hat,pclarc,7,0.6067608861726509,0.0,,
black_hair,0.7141938250428816,0.8472341337907376,single,wearing_hat,pclarc,7,0.7118353344768439,0.002358490566037763,,
blond_hair,0.8527583527583528,0.9254079254079254,single,wearing_hat,pclarc,7,0.8527583527583528,0.0,,
blurry,0.5433681544792656,0.5970243748021526,single,wearing_hat,pclarc,7,0.581829692940804,-0.038461538461538436,,
brown_hair,0.6399212404627123,0.8119616047255722,single,wearing_hat,pclarc,7,0.6441053408811224,-0.004184100418410108,,
bushy_eyebrows,0.5256637168141592,0.5191740412979351,single,wearing_hat,pclarc,7,0.5256637168141592,0.0,,
chubby,0.6801029159519726,0.7516080617495712,single,wearing_hat,pclarc,7,0.6801029159519726,0.0,,
double_chin,0.6367256637168142,0.7435103244837759,single,wearing_hat,pclarc,7,0.6389380530973452,-0.0022123893805310324,,
eyeglasses,0.8814016172506738,0.954084952133098,single,wearing_hat,pclarc,7,0.8670415466121386,0.014360070638535172,,
goatee,0.6301838067750265,0.6840346346650463,single,wearing_hat,pclarc,7,0.6323864499468328,-0.0022026431718062955,,
gray_hair,0.890495867768595,0.967237308146399,single,wearing_hat,pclarc,7,0.8884297520661157,0.0020661157024792765,,
heavy_makeup,0.5674948240165631,0.6121118012422361,single,wearing_hat,pclarc,7,0.5651138716356108,0.0023809523809523725,,
high_cheekbones,0.529265873015873,0.47482638888888895,single,wearing_hat,pclarc,7,0.5223214285714286,0.00694444444444442,,
male,0.9778481012658228,0.9782355980366829,single,wearing_hat,pclarc,7,0.9778481012658228,0.0,,
mouth_slightly_open,0.5481199779181746,0.5681776360179108,single,wearing_hat,pclarc,7,0.5481199779181746,0.0,,
mustache,0.7328377504848094,0.811376858435682,single,wearing_hat,pclarc,7,0.7328377504848094,0.0,,
narrow_eyes,0.6269016697588126,0.6504638218923934,single,wearing_hat,pclarc,7,0.6289424860853432,-0.0020408163265306367,,
no_beard,0.5490595723378388,0.5056854752199098,single,wearing_hat,pclarc,7,0.5490595723378388,0.0,,
oval_face,0.4868678807226293,0.46615395777406954,single,wearing_hat,pclarc,7,0.4896611768120148,-0.0027932960893854997,,
pale_skin,0.6270971826527383,0.7733459955682178,single,wearing_hat,pclarc,7,0.6291547958214625,-0.002057613168724215,,
pointy_nose,0.49271012006861065,0.5017152658662093,single,wearing_hat,pclarc,7,0.4879931389365352,0.004716981132075471,,
receding_hairline,0.5296697144989737,0.5801455495428252,single,wearing_hat,pclarc,7,0.5275237917521927,0.0021459227467810482,,
rosy_cheeks,0.5979929161747344,0.7520661157024794,single,wearing_hat,pclarc,7,0.6000590318772137,-0.0020661157024792765,,
sideburns,0.6432282003710575,0.7576994434137292,single,wearing_hat,pclarc,7,0.6473098330241187,-0.004081632653061162,,
smiling,0.863709032773781,0.9385722191477587,single,wearing_hat,pclarc,7,0.863709032773781,0.0,,
straight_hair,0.661991341991342,0.6616450216450217,single,wearing_hat,pclarc,7,0.661991341991342,0.0,,
wavy_hair,0.574134730865815,0.6223386832623649,single,wearing_hat,pclarc,7,0.574134730865815,0.0,,
wearing_earrings,0.6460570159200296,0.7319511292114032,single,wearing_hat,pclarc,7,0.6529063309885228,-0.006849315068493178,,
wearing_hat,0.87890625,0.9368896484375,single,wearing_hat,pclarc,7,0.875,0.00390625,,
wearing_lipstick,0.49092615769712145,0.48310387984981223,single,wearing_hat,pclarc,7,0.49092615769712145,0.0,,
wearing_necklace,0.5979933110367892,0.6991638795986623,single,wearing_hat,pclarc,7,0.5979933110367892,0.0,,
wearing_necktie,0.5698423273373306,0.6022651565622917,single,wearing_hat,pclarc,7,0.5761714412613813,-0.006329113924050667,,
young,0.8176058931860037,0.8853038674033149,single,wearing_hat,pclarc,7,0.8176058931860037,0.0,,
5_o_clock_shadow,0.5936671966083731,0.6584525702172761,single,wearing_hat,pclarc,8,0.5936671966083731,0.0,,
arched_eyebrows,0.5408653846153846,0.545673076923077,single,wearing_hat,pclarc,8,0.5336538461538461,0.007211538461538436,,
attractive,0.49868107829891267,0.6140384739110853,single,wearing_hat,pclarc,8,0.49868107829891267,0.0,,
bags_under_eyes,0.4972564017292983,0.4852843365480545,single,wearing_hat,pclarc,8,0.5104755570335883,-0.013219155304289965,,
bald,0.7456140350877193,0.7973057644110275,single,wearing_hat,pclarc,8,0.743421052631579,0.002192982456140302,,
bangs,0.780952380952381,0.8502532928064842,single,wearing_hat,pclarc,8,0.780952380952381,0.0,,
big_lips,0.47337897704389853,0.4877164720096658,single,wearing_hat,pclarc,8,0.4759967780910189,-0.002617801047120394,,
big_nose,0.6035141329258976,0.6725235548764961,single,wearing_hat,pclarc,8,0.6067608861726509,-0.0032467532467532756,,
black_hair,0.7141938250428816,0.8476629502572899,single,wearing_hat,pclarc,8,0.7118353344768439,0.002358490566037763,,
blond_hair,0.8527583527583528,0.9254079254079254,single,wearing_hat,pclarc,8,0.8527583527583528,0.0,,
blurry,0.5433681544792656,0.5922760367204811,single,wearing_hat,pclarc,8,0.581829692940804,-0.038461538461538436,,
brown_hair,0.6399212404627123,0.8090081220772827,single,wearing_hat,pclarc,8,0.6441053408811224,-0.004184100418410108,,
bushy_eyebrows,0.5256637168141592,0.5182890855457227,single,wearing_hat,pclarc,8,0.5256637168141592,0.0,,
chubby,0.684819897084048,0.7520368782161235,single,wearing_hat,pclarc,8,0.6801029159519726,0.004716981132075415,,
double_chin,0.6367256637168142,0.7436578171091447,single,wearing_hat,pclarc,8,0.6389380530973452,-0.0022123893805310324,,
eyeglasses,0.871967654986523,0.9535272794869412,single,wearing_hat,pclarc,8,0.8670415466121386,0.0049261083743843415,,
goatee,0.6323864499468328,0.6816041318547775,single,wearing_hat,pclarc,8,0.6323864499468328,0.0,,
gray_hair,0.8946280991735538,0.967237308146399,single,wearing_hat,pclarc,8,0.8884297520661157,0.006198347107438051,,
heavy_makeup,0.5651138716356108,0.612008281573499,single,wearing_hat,pclarc,8,0.5651138716356108,0.0,,
high_cheekbones,0.5213293650793651,0.47557043650793646,single,wearing_hat,pclarc,8,0.5223214285714286,-0.0009920634920634885,,
male,0.9778481012658228,0.9780418496512528,single,wearing_hat,pclarc,8,0.9778481012658228,0.0,,
mouth_slightly_open,0.5439182972459057,0.5678709439980372,single,wearing_hat,pclarc,8,0.5481199779181746,-0.004201680672268893,,
mustache,0.7328377504848094,0.8103425985778927,single,wearing_hat,pclarc,8,0.7328377504848094,0.0,,
narrow_eyes,0.624860853432282,0.6504638218923933,single,wearing_hat,pclarc,8,0.6289424860853432,-0.004081632653061162,,
no_beard,0.5490595723378388,0.503110920403347,single,wearing_hat,pclarc,8,0.5490595723378388,0.0,,
oval_face,0.4868678807226293,0.46397736341870416,single,wearing_hat,pclarc,8,0.4896611768120148,-0.0027932960893854997,,
pale_skin,0.6291547958214625,0.776511554289332,single,wearing_hat,pclarc,8,0.6291547958214625,0.0,,
pointy_nose,0.4903516295025729,0.5005360205831904,single,wearing_hat,pclarc,8,0.4879931389365352,0.0023584905660377076,,
receding_hairline,0.5296697144989737,0.5814517633886919,single,wearing_hat,pclarc,8,0.5275237917521927,0.0021459227467810482,,
rosy_cheeks,0.5979929161747344,0.7529515938606848,single,wearing_hat,pclarc,8,0.6000590318772137,-0.0020661157024792765,,
sideburns,0.6452690166975881,0.7539888682745826,single,wearing_hat,pclarc,8,0.6473098330241187,-0.0020408163265306367,,
smiling,0.863709032773781,0.9383877513373916,single,wearing_hat,pclarc,8,0.863709032773781,0.0,,
straight_hair,0.661991341991342,0.6637229437229438,single,wearing_hat,pclarc,8,0.661991341991342,0.0,,
wavy_hair,0.5717873130254395,0.6207009498853586,single,wearing_hat,pclarc,8,0.574134730865815,-0.0023474178403755097,,
wearing_earrings,0.6506232259656917,0.7310872516351968,single,wearing_hat,pclarc,8,0.6529063309885228,-0.0022831050228311334,,
wearing_hat,0.87890625,0.9359130859375,single,wearing_hat,pclarc,8,0.875,0.00390625,,
wearing_lipstick,0.49092615769712145,0.4826345431789737,single,wearing_hat,pclarc,8,0.49092615769712145,0.0,,
wearing_necklace,0.5958193979933111,0.700334448160535,single,wearing_hat,pclarc,8,0.5979933110367892,-0.0021739130434781373,,
wearing_necktie,0.5740617366200311,0.6007106373528759,single,wearing_hat,pclarc,8,0.5761714412613813,-0.002109704641350185,,
young,0.8176058931860037,0.885524861878453,single,wearing_hat,pclarc,8,0.8176058931860037,0.0,,
5_o_clock_shadow,0.5959194488606254,0.6572602013778485,single,wearing_hat,pclarc,9,0.5936671966083731,0.0022522522522523403,,
arched_eyebrows,0.5384615384615384,0.5452724358974359,single,wearing_hat,pclarc,9,0.5336538461538461,0.004807692307692291,,
attractive,0.49868107829891267,0.6132664221836197,single,wearing_hat,pclarc,9,0.49868107829891267,0.0,,
bags_under_eyes,0.48919188560026605,0.4854506152311274,single,wearing_hat,pclarc,9,0.5104755570335883,-0.021283671433322215,,
bald,0.7456140350877193,0.7987155388471179,single,wearing_hat,pclarc,9,0.743421052631579,0.002192982456140302,,
bangs,0.780952380952381,0.8496453900709219,single,wearing_hat,pclarc,9,0.780952380952381,0.0,,
big_lips,0.47337897704389853,0.48811921063229974,single,wearing_hat,pclarc,9,0.4759967780910189,-0.002617801047120394,,
big_nose,0.6067608861726509,0.6722689075630253,single,wearing_hat,pclarc,9,0.6067608861726509,0.0,,
black_hair,0.7118353344768439,0.8474485420240138,single,wearing_hat,pclarc,9,0.7118353344768439,0.0,,
blond_hair,0.8548951048951049,0.9254079254079254,single,wearing_hat,pclarc,9,0.8527583527583528,0.002136752136752129,,
blurry,0.5838873061095283,0.5938588160810383,single,wearing_hat,pclarc,9,0.581829692940804,0.002057613168724326,,
brown_hair,0.6420132906719173,0.8092542456313069,single,wearing_hat,pclarc,9,0.6441053408811224,-0.0020920502092051096,,
bushy_eyebrows,0.5234513274336283,0.5179941002949853,single,wearing_hat,pclarc,9,0.5256637168141592,-0.0022123893805309214,,
chubby,0.684819897084048,0.7505360205831905,single,wearing_hat,pclarc,9,0.6801029159519726,0.004716981132075415,,
double_chin,0.6345132743362832,0.7448377581120944,single,wearing_hat,pclarc,9,0.6389380530973452,-0.004424778761061954,,
eyeglasses,0.874430709173715,0.9520401524305233,single,wearing_hat,pclarc,9,0.8670415466121386,0.007389162561576401,,
goatee,0.6496278292571775,0.6841865410906881,single,wearing_hat,pclarc,9,0.6323864499468328,0.01724137931034475,,
gray_hair,0.8925619834710744,0.967827626918536,single,wearing_hat,pclarc,9,0.8884297520661157,0.004132231404958664,,
heavy_makeup,0.5698757763975155,0.6128364389233955,single,wearing_hat,pclarc,9,0.5651138716356108,0.004761904761904745,,
high_cheekbones,0.5213293650793651,0.4755704365079365,single,wearing_hat,pclarc,9,0.5223214285714286,-0.0009920634920634885,,
male,0.9778481012658228,0.978041849651253,single,wearing_hat,pclarc,9,0.9778481012658228,0.0,,
mouth_slightly_open,0.5444703428816782,0.5658467766668711,single,wearing_hat,pclarc,9,0.5481199779181746,-0.0036496350364964014,,
mustache,0.7351001939237234,0.8116354234001293,single,wearing_hat,pclarc,9,0.7328377504848094,0.002262443438914019,,
narrow_eyes,0.6289424860853432,0.6519480519480519,single,wearing_hat,pclarc,9,0.6289424860853432,0.0,,
no_beard,0.5518844310949009,0.5033969820496317,single,wearing_hat,pclarc,9,0.5490595723378388,0.0028248587570621764,,
oval_face,0.4868678807226293,0.4632518319669158,single,wearing_hat,pclarc,9,0.4896611768120148,-0.0027932960893854997,,
pale_skin,0.6291547958214625,0.7742956631845521,single,wearing_hat,pclarc,9,0.6291547958214625,0.0,,
pointy_nose,0.4903516295025729,0.49839193825042877,single,wearing_hat,pclarc,9,0.4879931389365352,0.0023584905660377076,,
receding_hairline,0.5275237917521927,0.5833177831685016,single,wearing_hat,pclarc,9,0.5275237917521927,0.0,,
rosy_cheeks,0.5979929161747344,0.7541322314049588,single,wearing_hat,pclarc,9,0.6000590318772137,-0.0020661157024792765,,
sideburns,0.6452690166975881,0.7536178107606679,single,wearing_hat,pclarc,9,0.6473098330241187,-0.0020408163265306367,,
smiling,0.863709032773781,0.9378958371764127,single,wearing_hat,pclarc,9,0.863709032773781,0.0,,
straight_hair,0.6598268398268399,0.661991341991342,single,wearing_hat,pclarc,9,0.661991341991342,-0.0021645021645021467,,
wavy_hair,0.5717873130254395,0.6170979364559449,single,wearing_hat,pclarc,9,0.574134730865815,-0.0023474178403755097,,
wearing_earrings,0.6460570159200296,0.7330618289522399,single,wearing_hat,pclarc,9,0.6529063309885228,-0.006849315068493178,,
wearing_hat,0.87890625,0.935546875,single,wearing_hat,pclarc,9,0.875,0.00390625,,
wearing_lipstick,0.49092615769712145,0.48513767209011266,single,wearing_hat,pclarc,9,0.49092615769712145,0.0,,
wearing_necklace,0.6001672240802676,0.7003344481605351,single,wearing_hat,pclarc,9,0.5979933110367892,0.0021739130434783593,,
wearing_necktie,0.5740617366200311,0.6011547856984233,single,wearing_hat,pclarc,9,0.5761714412613813,-0.002109704641350185,,
young,0.8176058931860037,0.8857458563535912,single,wearing_hat,pclarc,9,0.8176058931860037,0.0,,
5_o_clock_shadow,0.5981717011128775,0.6588500264970854,single,wearing_hat,pclarc,10,0.5936671966083731,0.0045045045045044585,,
arched_eyebrows,0.5280448717948718,0.5467748397435896,single,wearing_hat,pclarc,10,0.5336538461538461,-0.005608974358974339,,
attractive,0.5018657916747089,0.6124943704561538,single,wearing_hat,pclarc,10,0.49868107829891267,0.003184713375796233,,
bags_under_eyes,0.4917692051878949,0.48586631193880947,single,wearing_hat,pclarc,10,0.5104755570335883,-0.01870635184569336,,
bald,0.7456140350877193,0.7987155388471179,single,wearing_hat,pclarc,10,0.743421052631579,0.002192982456140302,,
bangs,0.780952380952381,0.8490374873353597,single,wearing_hat,pclarc,10,0.780952380952381,0.0,,
big_lips,0.4759967780910189,0.48787756745871935,single,wearing_hat,pclarc,10,0.4759967780910189,0.0,,
big_nose,0.6067608861726509,0.6723962312197607,single,wearing_hat,pclarc,10,0.6067608861726509,0.0,,
black_hair,0.7141938250428816,0.847770154373928,single,wearing_hat,pclarc,10,0.7118353344768439,0.002358490566037763,,
blond_hair,0.8548951048951049,0.9257964257964257,single,wearing_hat,pclarc,10,0.8527583527583528,0.002136752136752129,,
blurry,0.5515986071541628,0.5802469135802469,single,wearing_hat,pclarc,10,0.581829692940804,-0.030231085786641243,,
brown_hair,0.6420132906719173,0.8090081220772828,single,wearing_hat,pclarc,10,0.6441053408811224,-0.0020920502092051096,,
bushy_eyebrows,0.5234513274336283,0.5184365781710915,single,wearing_hat,pclarc,10,0.5256637168141592,-0.0022123893805309214,,
chubby,0.684819897084048,0.7503216123499141,single,wearing_hat,pclarc,10,0.6801029159519726,0.004716981132075415,,
double_chin,0.6367256637168142,0.7448377581120945,single,wearing_hat,pclarc,10,0.6389380530973452,-0.0022123893805310324,,
eyeglasses,0.883864671437866,0.9522260433125755,single,wearing_hat,pclarc,10,0.8670415466121386,0.016823124825727342,,
goatee,0.6345890931186389,0.6846422603676134,single,wearing_hat,pclarc,10,0.6323864499468328,0.0022026431718060735,,
gray_hair,0.8925619834710744,0.9681227863046045,single,wearing_hat,pclarc,10,0.8884297520661157,0.004132231404958664,,
heavy_makeup,0.5698757763975155,0.6134575569358177,single,wearing_hat,pclarc,10,0.5651138716356108,0.004761904761904745,,
high_cheekbones,0.5143849206349207,0.4738343253968254,single,wearing_hat,pclarc,10,0.5223214285714286,-0.007936507936507908,,
male,0.9778481012658228,0.9780418496512528,single,wearing_hat,pclarc,10,0.9778481012658228,0.0,,
mouth_slightly_open,0.5481199779181746,0.5662761454946943,single,wearing_hat,pclarc,10,0.5481199779181746,0.0,,
mustache,0.7373626373626374,0.8133160956690368,single,wearing_hat,pclarc,10,0.7328377504848094,0.004524886877828038,,
narrow_eyes,0.6289424860853432,0.6538033395176253,single,wearing_hat,pclarc,10,0.6289424860853432,0.0,,
no_beard,0.5427304584137882,0.5043981978116284,single,wearing_hat,pclarc,10,0.5490595723378388,-0.006329113924050556,,
oval_face,0.4868678807226293,0.46528332003192335,single,wearing_hat,pclarc,10,0.4896611768120148,-0.0027932960893854997,,
pale_skin,0.6291547958214625,0.7742956631845521,single,wearing_hat,pclarc,10,0.6291547958214625,0.0,,
pointy_nose,0.49271012006861065,0.5012864493996569,single,wearing_hat,pclarc,10,0.4879931389365352,0.004716981132075471,,
receding_hairline,0.5275237917521927,0.5827579772345587,single,wearing_hat,pclarc,10,0.5275237917521927,0.0,,
rosy_cheeks,0.595926800472255,0.7523612750885478,single,wearing_hat,pclarc,10,0.6000590318772137,-0.004132231404958664,,
sideburns,0.6452690166975881,0.750278293135436,single,wearing_hat,pclarc,10,0.6473098330241187,-0.0020408163265306367,,
smiling,0.8594355285002767,0.9378958371764128,single,wearing_hat,pclarc,10,0.863709032773781,-0.004273504273504258,,
straight_hair,0.661991341991342,0.6585281385281385,single,wearing_hat,pclarc,10,0.661991341991342,0.0,,
wavy_hair,0.5717873130254395,0.6168795720056776,single,wearing_hat,pclarc,10,0.574134730865815,-0.0023474178403755097,,
wearing_earrings,0.6460570159200296,0.7326915957052943,single,wearing_hat,pclarc,10,0.6529063309885228,-0.006849315068493178,,
wearing_hat,0.87890625,0.93603515625,single,wearing_hat,pclarc,10,0.875,0.00390625,,
wearing_lipstick,0.4835732165206508,0.48349499374217775,single,wearing_hat,pclarc,10,0.49092615769712145,-0.007352941176470673,,
wearing_necklace,0.5958193979933111,0.7021739130434783,single,wearing_hat,pclarc,10,0.5979933110367892,-0.0021739130434781373,,
wearing_necktie,0.5740617366200311,0.6002664890073285,single,wearing_hat,pclarc,10,0.5761714412613813,-0.002109704641350185,,
young,0.8148434622467772,0.8856721915285451,single,wearing_hat,pclarc,10,0.8176058931860037,-0.002762430939226568,,
5_o_clock_shadow,0.5959194488606254,0.6595124536301007,single,wearing_hat,pclarc,11,0.5936671966083731,0.0022522522522523403,,
arched_eyebrows,0.530448717948718,0.5479767628205129,single,wearing_hat,pclarc,11,0.5336538461538461,-0.0032051282051281937,,
attractive,0.5018657916747089,0.6120440069484656,single,wearing_hat,pclarc,11,0.49868107829891267,0.003184713375796233,,
bags_under_eyes,0.49434652477552377,0.48711340206185566,single,wearing_hat,pclarc,11,0.5104755570335883,-0.016129032258064502,,
bald,0.7456140350877193,0.7976190476190476,single,wearing_hat,pclarc,11,0.743421052631579,0.002192982456140302,,
bangs,0.780952380952381,0.8494427558257346,single,wearing_hat,pclarc,11,0.780952380952381,0.0,,
big_lips,0.4786145791381393,0.48674989931534435,single,wearing_hat,pclarc,11,0.4759967780910189,0.002617801047120394,,
big_nose,0.6084160937102113,0.6736058059587471,single,wearing_hat,pclarc,11,0.6067608861726509,0.0016552075375604325,,
black_hair,0.7094768439108061,0.8475557461406518,single,wearing_hat,pclarc,11,0.7118353344768439,-0.002358490566037763,,
blond_hair,0.8527583527583528,0.9238539238539238,single,wearing_hat,pclarc,11,0.8527583527583528,0.0,,
blurry,0.553656220322887,0.5609370053814499,single,wearing_hat,pclarc,11,0.581829692940804,-0.028173472617917028,,
brown_hair,0.6357371400443023,0.8058085158749692,single,wearing_hat,pclarc,11,0.6441053408811224,-0.008368200836820106,,
bushy_eyebrows,0.5234513274336283,0.5175516224188791,single,wearing_hat,pclarc,11,0.5256637168141592,-0.0022123893805309214,,
chubby,0.6824614065180102,0.7491423670668954,single,wearing_hat,pclarc,11,0.6801029159519726,0.002358490566037652,,
double_chin,0.6345132743362832,0.7455752212389382,single,wearing_hat,pclarc,11,0.6389380530973452,-0.004424778761061954,,
eyeglasses,0.8793568175480992,0.951761316107445,single,wearing_hat,pclarc,11,0.8670415466121386,0.012315270935960632,,
goatee,0.6496278292571775,0.6852498860701809,single,wearing_hat,pclarc,11,0.6323864499468328,0.01724137931034475,,
gray_hair,0.8925619834710744,0.967827626918536,single,wearing_hat,pclarc,11,0.8884297520661157,0.004132231404958664,,
heavy_makeup,0.5674948240165631,0.6138716356107661,single,wearing_hat,pclarc,11,0.5651138716356108,0.0023809523809523725,,
high_cheekbones,0.5178571428571429,0.4740823412698412,single,wearing_hat,pclarc,11,0.5223214285714286,-0.004464285714285698,,
male,0.9778481012658228,0.9784939292172564,single,wearing_hat,pclarc,11,0.9778481012658228,0.0,,
mouth_slightly_open,0.536619027172913,0.5657854382628964,single,wearing_hat,pclarc,11,0.5481199779181746,-0.011500950745261584,,
mustache,0.7305753070458954,0.8134453781512605,single,wearing_hat,pclarc,11,0.7328377504848094,-0.002262443438914019,,
narrow_eyes,0.6289424860853432,0.6549165120593692,single,wearing_hat,pclarc,11,0.6289424860853432,0.0,,
no_beard,0.5518844310949009,0.5043981978116284,single,wearing_hat,pclarc,11,0.5490595723378388,0.0028248587570621764,,
oval_face,0.4868678807226293,0.46252630051512733,single,wearing_hat,pclarc,11,0.4896611768120148,-0.0027932960893854997,,
pale_skin,0.6312124089901867,0.7809433364988921,single,wearing_hat,pclarc,11,0.6291547958214625,0.002057613168724215,,
pointy_nose,0.49506861063464835,0.5004288164665525,single,wearing_hat,pclarc,11,0.4879931389365352,0.007075471698113178,,
receding_hairline,0.5296697144989737,0.5842507930584064,single,wearing_hat,pclarc,11,0.5275237917521927,0.0021459227467810482,,
rosy_cheeks,0.5917945690672963,0.7550177095631642,single,wearing_hat,pclarc,11,0.6000590318772137,-0.008264462809917328,,
sideburns,0.6452690166975881,0.7528756957328385,single,wearing_hat,pclarc,11,0.6473098330241187,-0.0020408163265306367,,
smiling,0.863709032773781,0.9381417942569021,single,wearing_hat,pclarc,11,0.863709032773781,0.0,,
straight_hair,0.6576623376623376,0.6649350649350649,single,wearing_hat,pclarc,11,0.661991341991342,-0.0043290043290044045,,
wavy_hair,0.574134730865815,0.6185173053826837,single,wearing_hat,pclarc,11,0.574134730865815,0.0,,
wearing_earrings,0.6437739108971985,0.7314574848821425,single,wearing_hat,pclarc,11,0.6529063309885228,-0.009132420091324311,,
wearing_hat,0.87890625,0.93646240234375,single,wearing_hat,pclarc,11,0.875,0.00390625,,
wearing_lipstick,0.4862327909887359,0.48255632040050067,single,wearing_hat,pclarc,11,0.49092615769712145,-0.004693366708385549,,
wearing_necklace,0.5936454849498327,0.7003344481605351,single,wearing_hat,pclarc,11,0.5979933110367892,-0.004347826086956497,,
wearing_necktie,0.5740617366200311,0.6060404174994448,single,wearing_hat,pclarc,11,0.5761714412613813,-0.002109704641350185,,
young,0.8148434622467772,0.8842725598526704,single,wearing_hat,pclarc,11,0.8176058931860037,-0.002762430939226568,,
5_o_clock_shadow,0.5981717011128775,0.6608373078961315,single,wearing_hat,pclarc,12,0.5936671966083731,0.0045045045045044585,,
arched_eyebrows,0.5384615384615384,0.546073717948718,single,wearing_hat,pclarc,12,0.5336538461538461,0.004807692307692291,,
attractive,0.5018657916747089,0.6121726822363764,single,wearing_hat,pclarc,12,0.49868107829891267,0.003184713375796233,,
bags_under_eyes,0.4969238443631527,0.48428666444961754,single,wearing_hat,pclarc,12,0.5104755570335883,-0.01355171267043559,,
bald,0.7456140350877193,0.7985588972431078,single,wearing_hat,pclarc,12,0.743421052631579,0.002192982456140302,,
bangs,0.7788247213779129,0.8484295845997973,single,wearing_hat,pclarc,12,0.780952380952381,-0.0021276595744680327,,
big_lips,0.47076117599677814,0.49134111961337096,single,wearing_hat,pclarc,12,0.4759967780910189,-0.005235602094240788,,
big_nose,0.6002673796791445,0.672332569391393,single,wearing_hat,pclarc,12,0.6067608861726509,-0.00649350649350644,,
black_hair,0.7118353344768439,0.8487349914236707,single,wearing_hat,pclarc,12,0.7118353344768439,0.0,,
blond_hair,0.8548951048951049,0.9236596736596736,single,wearing_hat,pclarc,12,0.8527583527583528,0.002136752136752129,,
blurry,0.553656220322887,0.5764482431149098,single,wearing_hat,pclarc,12,0.581829692940804,-0.028173472617917028,,
brown_hair,0.6357371400443023,0.8016244154565592,single,wearing_hat,pclarc,12,0.6441053408811224,-0.008368200836820106,,
bushy_eyebrows,0.5234513274336283,0.5199115044247787,single,wearing_hat,pclarc,12,0.5256637168141592,-0.0022123893805309214,,
chubby,0.6687392795883362,0.7483919382504287,single,wearing_hat,pclarc,12,0.6801029159519726,-0.011363636363636354,,
double_chin,0.6323008849557522,0.7466076696165193,single,wearing_hat,pclarc,12,0.6389380530973452,-0.006637168141592986,,
eyeglasses,0.8887907798122503,0.9540849521330979,single,wearing_hat,pclarc,12,0.8670415466121386,0.021749233200111684,,
goatee,0.6474251860853714,0.6855536989214643,single,wearing_hat,pclarc,12,0.6323864499468328,0.015038736138538567,,
gray_hair,0.8925619834710744,0.9687131050767415,single,wearing_hat,pclarc,12,0.8884297520661157,0.004132231404958664,,
heavy_makeup,0.5651138716356108,0.6152173913043478,single,wearing_hat,pclarc,12,0.5651138716356108,0.0,,
high_cheekbones,0.5143849206349207,0.47538442460317465,single,wearing_hat,pclarc,12,0.5223214285714286,-0.007936507936507908,,
male,0.9778481012658228,0.9780418496512531,single,wearing_hat,pclarc,12,0.9778481012658228,0.0,,
mouth_slightly_open,0.5402686622094093,0.566766852726492,single,wearing_hat,pclarc,12,0.5481199779181746,-0.007851315708765294,,
mustache,0.7305753070458954,0.8168067226890756,single,wearing_hat,pclarc,12,0.7328377504848094,-0.002262443438914019,,
narrow_eyes,0.6269016697588126,0.660482374768089,single,wearing_hat,pclarc,12,0.6289424860853432,-0.0020408163265306367,,
no_beard,0.5518844310949009,0.504255166988486,single,wearing_hat,pclarc,12,0.5490595723378388,0.0028248587570621764,,
oval_face,0.4868678807226293,0.4634694914024523,single,wearing_hat,pclarc,12,0.4896611768120148,-0.0027932960893854997,,
pale_skin,0.6291547958214625,0.7831592276036721,single,wearing_hat,pclarc,12,0.6291547958214625,0.0,,
pointy_nose,0.4974271012006861,0.5012864493996569,single,wearing_hat,pclarc,12,0.4879931389365352,0.009433962264150941,,
receding_hairline,0.5296697144989737,0.586116812838216,single,wearing_hat,pclarc,12,0.5275237917521927,0.0021459227467810482,,
rosy_cheeks,0.6254427390791027,0.7505903187721369,single,wearing_hat,pclarc,12,0.6000590318772137,0.025383707201889094,,
sideburns,0.6350649350649351,0.7543599257884972,single,wearing_hat,pclarc,12,0.6473098330241187,-0.012244897959183598,,
smiling,0.8594355285002767,0.9385722191477588,single,wearing_hat,pclarc,12,0.863709032773781,-0.004273504273504258,,
straight_hair,0.6641558441558442,0.6632034632034632,single,wearing_hat,pclarc,12,0.661991341991342,0.0021645021645021467,,
wavy_hair,0.574134730865815,0.6140408341522,single,wearing_hat,pclarc,12,0.574134730865815,0.0,,
wearing_earrings,0.6414908058743676,0.7351598173515982,single,wearing_hat,pclarc,12,0.6529063309885228,-0.011415525114155223,,
wearing_hat,0.87890625,0.93798828125,single,wearing_hat,pclarc,12,0.875,0.00390625,,
wearing_lipstick,0.4835732165206508,0.4830256570713392,single,wearing_hat,pclarc,12,0.49092615769712145,-0.007352941176470673,,
wearing_necklace,0.5936454849498327,0.7030100334448162,single,wearing_hat,pclarc,12,0.5979933110367892,-0.004347826086956497,,
wearing_necktie,0.5761714412613813,0.597601598934044,single,wearing_hat,pclarc,12,0.5761714412613813,0.0,,
young,0.8203683241252302,0.8837569060773481,single,wearing_hat,pclarc,12,0.8176058931860037,0.0027624309392264568,,
5_o_clock_shadow,0.6026762056173821,0.6612347641759406,single,wearing_hat,pclarc,13,0.5936671966083731,0.009009009009009028,,
arched_eyebrows,0.530448717948718,0.5453725961538461,single,wearing_hat,pclarc,13,0.5336538461538461,-0.0032051282051281937,,
attractive,0.5018657916747089,0.61197966930451,single,wearing_hat,pclarc,13,0.49868107829891267,0.003184713375796233,,
bags_under_eyes,0.4888593282341204,0.4814599268373795,single,wearing_hat,pclarc,13,0.5104755570335883,-0.02161622879946784,,
bald,0.7456140350877193,0.7985588972431078,single,wearing_hat,pclarc,13,0.743421052631579,0.002192982456140302,,
bangs,0.7788247213779129,0.8476190476190476,single,wearing_hat,pclarc,13,0.780952380952381,-0.0021276595744680327,,
big_lips,0.47337897704389853,0.49029399919452277,single,wearing_hat,pclarc,13,0.4759967780910189,-0.002617801047120394,,
big_nose,0.6035141329258976,0.6729055258467024,single,wearing_hat,pclarc,13,0.6067608861726509,-0.0032467532467532756,,
black_hair,0.7094768439108061,0.8488421955403087,single,wearing_hat,pclarc,13,0.7118353344768439,-0.002358490566037763,,
blond_hair,0.8548951048951049,0.9236596736596736,single,wearing_hat,pclarc,13,0.8527583527583528,0.002136752136752129,,
blurry,0.5515986071541628,0.5821462488129155,single,wearing_hat,pclarc,13,0.581829692940804,-0.030231085786641243,,
brown_hair,0.6378291902535073,0.8058085158749693,single,wearing_hat,pclarc,13,0.6441053408811224,-0.006276150627615107,,
bushy_eyebrows,0.5234513274336283,0.518141592920354,single,wearing_hat,pclarc,13,0.5256637168141592,-0.0022123893805309214,,
chubby,0.6734562607204116,0.7488207547169812,single,wearing_hat,pclarc,13,0.6801029159519726,-0.006646655231560938,,
double_chin,0.6345132743362832,0.7464601769911505,single,wearing_hat,pclarc,13,0.6389380530973452,-0.004424778761061954,,
eyeglasses,0.8887907798122503,0.9542708430151501,single,wearing_hat,pclarc,13,0.8670415466121386,0.021749233200111684,,
goatee,0.6518304724289837,0.687376576029166,single,wearing_hat,pclarc,13,0.6323864499468328,0.019444022482150936,,
gray_hair,0.890495867768595,0.9666469893742621,single,wearing_hat,pclarc,13,0.8884297520661157,0.0020661157024792765,,
heavy_makeup,0.5566252587991719,0.6137681159420291,single,wearing_hat,pclarc,13,0.5651138716356108,-0.008488612836438869,,
high_cheekbones,0.5257936507936508,0.4756324404761905,single,wearing_hat,pclarc,13,0.5223214285714286,0.00347222222222221,,
male,0.9778481012658228,0.977718935675536,single,wearing_hat,pclarc,13,0.9778481012658228,0.0,,
mouth_slightly_open,0.5402686622094093,0.5665828375145678,single,wearing_hat,pclarc,13,0.5481199779181746,-0.007851315708765294,,
mustache,0.7471234647705236,0.8192630898513251,single,wearing_hat,pclarc,13,0.7328377504848094,0.014285714285714235,,
narrow_eyes,0.6309833024118738,0.6608534322820037,single,wearing_hat,pclarc,13,0.6289424860853432,0.0020408163265306367,,
no_beard,0.5455553171708503,0.5039691053422012,single,wearing_hat,pclarc,13,0.5490595723378388,-0.0035042551669884903,,
oval_face,0.4868678807226293,0.46535587317710225,single,wearing_hat,pclarc,13,0.4896611768120148,-0.0027932960893854997,,
pale_skin,0.6291547958214625,0.7803102247546692,single,wearing_hat,pclarc,13,0.6291547958214625,0.0,,
pointy_nose,0.5087907375643225,0.5006432246998285,single,wearing_hat,pclarc,13,0.4879931389365352,0.020797598627787295,,
receding_hairline,0.5296697144989737,0.586303414816197,single,wearing_hat,pclarc,13,0.5275237917521927,0.0021459227467810482,,
rosy_cheeks,0.6316410861865407,0.756198347107438,single,wearing_hat,pclarc,13,0.6000590318772137,0.031582054309327035,,
sideburns,0.6411873840445269,0.7539888682745826,single,wearing_hat,pclarc,13,0.6473098330241187,-0.006122448979591799,,
smiling,0.8594355285002767,0.9380188157166574,single,wearing_hat,pclarc,13,0.863709032773781,-0.004273504273504258,,
straight_hair,0.681991341991342,0.6656277056277056,single,wearing_hat,pclarc,13,0.661991341991342,0.020000000000000018,,
wavy_hair,0.5625068238890709,0.6108745496233213,single,wearing_hat,pclarc,13,0.574134730865815,-0.011627906976744096,,
wearing_earrings,0.6483401209428606,0.7370726891274837,single,wearing_hat,pclarc,13,0.6529063309885228,-0.004566210045662156,,
wearing_hat,0.875,0.93798828125,single,wearing_hat,pclarc,13,0.875,0.0,,
wearing_lipstick,0.48826658322903627,0.48239987484355445,single,wearing_hat,pclarc,13,0.49092615769712145,-0.0026595744680851796,,
wearing_necklace,0.5979933110367892,0.7038461538461539,single,wearing_hat,pclarc,13,0.5979933110367892,0.0,,
wearing_necktie,0.5740617366200311,0.6009327115256495,single,wearing_hat,pclarc,13,0.5761714412613813,-0.002109704641350185,,
young,0.8203683241252302,0.885524861878453,single,wearing_hat,pclarc,13,0.8176058931860037,0.0027624309392264568,,
5_o_clock_shadow,0.5981717011128775,0.6624271330153683,single,wearing_hat,pclarc,14,0.5936671966083731,0.0045045045045044585,,
arched_eyebrows,0.530448717948718,0.5466746794871795,single,wearing_hat,pclarc,14,0.5336538461538461,-0.0032051282051281937,,
attractive,0.5050505050505051,0.611850994016599,single,wearing_hat,pclarc,14,0.49868107829891267,0.006369426751592411,,
bags_under_eyes,0.4917692051878949,0.47946458264050545,single,wearing_hat,pclarc,14,0.5104755570335883,-0.01870635184569336,,
bald,0.7456140350877193,0.7973057644110275,single,wearing_hat,pclarc,14,0.743421052631579,0.002192982456140302,,
bangs,0.7766970618034448,0.8490374873353597,single,wearing_hat,pclarc,14,0.780952380952381,-0.004255319148936176,,
big_lips,0.4759967780910189,0.48948852194925496,single,wearing_hat,pclarc,14,0.4759967780910189,0.0,,
big_nose,0.6084160937102113,0.6723962312197607,single,wearing_hat,pclarc,14,0.6067608861726509,0.0016552075375604325,,
black_hair,0.7094768439108061,0.847770154373928,single,wearing_hat,pclarc,14,0.7118353344768439,-0.002358490566037763,,
blond_hair,0.8527583527583528,0.9238539238539238,single,wearing_hat,pclarc,14,0.8527583527583528,0.0,,
blurry,0.5090218423551757,0.5777144666033555,single,wearing_hat,pclarc,14,0.581829692940804,-0.07280785058562833,,
brown_hair,0.6399212404627123,0.8065468865370415,single,wearing_hat,pclarc,14,0.6441053408811224,-0.004184100418410108,,
bushy_eyebrows,0.5278761061946903,0.5194690265486726,single,wearing_hat,pclarc,14,0.5256637168141592,0.0022123893805310324,,
chubby,0.6687392795883362,0.7482847341337907,single,wearing_hat,pclarc,14,0.6801029159519726,-0.011363636363636354,,
double_chin,0.6345132743362832,0.7448377581120944,single,wearing_hat,pclarc,14,0.6389380530973452,-0.004424778761061954,,
eyeglasses,0.8699228552839484,0.9531554977228367,single,wearing_hat,pclarc,14,0.8670415466121386,0.0028813086718098013,,
goatee,0.636791736290445,0.6869208567522407,single,wearing_hat,pclarc,14,0.6323864499468328,0.004405286343612258,,
gray_hair,0.8925619834710744,0.9666469893742621,single,wearing_hat,pclarc,14,0.8884297520661157,0.004132231404958664,,
heavy_makeup,0.5674948240165631,0.6155279503105591,single,wearing_hat,pclarc,14,0.5651138716356108,0.0023809523809523725,,
high_cheekbones,0.529265873015873,0.47612847222222227,single,wearing_hat,pclarc,14,0.5223214285714286,0.00694444444444442,,
male,0.9778481012658228,0.9777189356755359,single,wearing_hat,pclarc,14,0.9778481012658228,0.0,,
mouth_slightly_open,0.536619027172913,0.5661534686867448,single,wearing_hat,pclarc,14,0.5481199779181746,-0.011500950745261584,,
mustache,0.7614091790562378,0.8197802197802198,single,wearing_hat,pclarc,14,0.7328377504848094,0.02857142857142847,,
narrow_eyes,0.6269016697588126,0.6582560296846011,single,wearing_hat,pclarc,14,0.6289424860853432,-0.0020408163265306367,,
no_beard,0.5455553171708503,0.5031824358149181,single,wearing_hat,pclarc,14,0.5490595723378388,-0.0035042551669884903,,
oval_face,0.4868678807226293,0.46361459769281,single,wearing_hat,pclarc,14,0.4896611768120148,-0.0027932960893854997,,
pale_skin,0.6312124089901867,0.780943336498892,single,wearing_hat,pclarc,14,0.6291547958214625,0.002057613168724215,,
pointy_nose,0.504073756432247,0.4963550600343053,single,wearing_hat,pclarc,14,0.4879931389365352,0.01608061749571188,,
receding_hairline,0.5339615599925359,0.5861168128382162,single,wearing_hat,pclarc,14,0.5275237917521927,0.006437768240343256,,
rosy_cheeks,0.627508854781582,0.7585596221959858,single,wearing_hat,pclarc,14,0.6000590318772137,0.02744982290436837,,
sideburns,0.6432282003710575,0.7565862708719852,single,wearing_hat,pclarc,14,0.6473098330241187,-0.004081632653061162,,
smiling,0.8594355285002767,0.9378343479062903,single,wearing_hat,pclarc,14,0.863709032773781,-0.004273504273504258,,
straight_hair,0.661991341991342,0.6682251082251083,single,wearing_hat,pclarc,14,0.661991341991342,0.0,,
wavy_hair,0.5625068238890709,0.6117480074243914,single,wearing_hat,pclarc,14,0.574134730865815,-0.011627906976744096,,
wearing_earrings,0.6483401209428606,0.7372578057509565,single,wearing_hat,pclarc,14,0.6529063309885228,-0.004566210045662156,,
wearing_hat,0.875,0.9378662109375,single,wearing_hat,pclarc,14,0.875,0.0,,
wearing_lipstick,0.48826658322903627,0.4824780976220275,single,wearing_hat,pclarc,14,0.49092615769712145,-0.0026595744680851796,,
wearing_necklace,0.5958193979933111,0.7058528428093647,single,wearing_hat,pclarc,14,0.5979933110367892,-0.0021739130434781373,,
wearing_necktie,0.5719520319786808,0.5984898956251388,single,wearing_hat,pclarc,14,0.5761714412613813,-0.0042194092827004814,,
young,0.8176058931860037,0.8845672191528545,single,wearing_hat,pclarc,14,0.8176058931860037,0.0,,
5_o_clock_shadow,0.6004239533651299,0.6587175410704823,single,wearing_hat,pclarc,15,0.5936671966083731,0.006756756756756799,,
arched_eyebrows,0.5360576923076923,0.5434695512820513,single,wearing_hat,pclarc,15,0.5336538461538461,0.0024038461538461453,,
attractive,0.5050505050505051,0.6115936434407772,single,wearing_hat,pclarc,15,0.49868107829891267,0.006369426751592411,,
bags_under_eyes,0.4917692051878949,0.48370468905886266,single,wearing_hat,pclarc,15,0.5104755570335883,-0.01870635184569336,,
bald,0.7456140350877193,0.7977756892230576,single,wearing_hat,pclarc,15,0.743421052631579,0.002192982456140302,,
bangs,0.7766970618034448,0.8464032421479231,single,wearing_hat,pclarc,15,0.780952380952381,-0.004255319148936176,,
big_lips,0.4759967780910189,0.4901329037454692,single,wearing_hat,pclarc,15,0.4759967780910189,0.0,,
big_nose,0.6084160937102113,0.6715686274509806,single,wearing_hat,pclarc,15,0.6067608861726509,0.0016552075375604325,,
black_hair,0.7118353344768439,0.8471269296740994,single,wearing_hat,pclarc,15,0.7118353344768439,0.0,,
blond_hair,0.8527583527583528,0.9240481740481741,single,wearing_hat,pclarc,15,0.8527583527583528,0.0,,
blurry,0.5371953149730928,0.6033554922443811,single,wearing_hat,pclarc,15,0.581829692940804,-0.04463437796771119,,
brown_hair,0.6357371400443023,0.8072852571991138,single,wearing_hat,pclarc,15,0.6441053408811224,-0.008368200836820106,,
bushy_eyebrows,0.5278761061946903,0.5234513274336283,single,wearing_hat,pclarc,15,0.5256637168141592,0.0022123893805310324,,
chubby,0.6663807890222985,0.7430317324185249,single,wearing_hat,pclarc,15,0.6801029159519726,-0.013722126929674117,,
double_chin,0.6323008849557522,0.745575221238938,single,wearing_hat,pclarc,15,0.6389380530973452,-0.006637168141592986,,
eyeglasses,0.8670415466121386,0.9512965889023144,single,wearing_hat,pclarc,15,0.8670415466121386,0.0,,
goatee,0.636791736290445,0.6872246696035242,single,wearing_hat,pclarc,15,0.6323864499468328,0.004405286343612258,,
gray_hair,0.890495867768595,0.9645808736717827,single,wearing_hat,pclarc,15,0.8884297520661157,0.0020661157024792765,,
heavy_makeup,0.5722567287784679,0.6104554865424431,single,wearing_hat,pclarc,15,0.5651138716356108,0.0071428571428571175,,
high_cheekbones,0.5257936507936508,0.47265625,single,wearing_hat,pclarc,15,0.5223214285714286,0.00347222222222221,,
male,0.9778481012658228,0.9777835184706795,single,wearing_hat,pclarc,15,0.9778481012658228,0.0,,
mouth_slightly_open,0.5402686622094093,0.5688523584616328,single,wearing_hat,pclarc,15,0.5481199779181746,-0.007851315708765294,,
mustache,0.7351001939237234,0.8171945701357466,single,wearing_hat,pclarc,15,0.7328377504848094,0.002262443438914019,,
narrow_eyes,0.6269016697588126,0.6619666048237477,single,wearing_hat,pclarc,15,0.6289424860853432,-0.0020408163265306367,,
no_beard,0.5483801759279124,0.5018236429950654,single,wearing_hat,pclarc,15,0.5490595723378388,-0.0006793964099263139,,
oval_face,0.4868678807226293,0.46521076688674456,single,wearing_hat,pclarc,15,0.4896611768120148,-0.0027932960893854997,,
pale_skin,0.6312124089901867,0.7796771130104464,single,wearing_hat,pclarc,15,0.6291547958214625,0.002057613168724215,,
pointy_nose,0.5130789022298456,0.497319897084048,single,wearing_hat,pclarc,15,0.4879931389365352,0.02508576329331047,,
receding_hairline,0.5446911737264415,0.5894756484418735,single,wearing_hat,pclarc,15,0.5275237917521927,0.01716738197424883,,
rosy_cheeks,0.6357733175914994,0.7609208972845336,single,wearing_hat,pclarc,15,0.6000590318772137,0.0357142857142857,,
sideburns,0.6411873840445269,0.7551020408163266,single,wearing_hat,pclarc,15,0.6473098330241187,-0.006122448979591799,,
smiling,0.863709032773781,0.9354977556416405,single,wearing_hat,pclarc,15,0.863709032773781,0.0,,
straight_hair,0.661991341991342,0.6651082251082252,single,wearing_hat,pclarc,15,0.661991341991342,0.0,,
wavy_hair,0.574134730865815,0.6131673763511301,single,wearing_hat,pclarc,15,0.574134730865815,0.0,,
wearing_earrings,0.6483401209428606,0.7404664938911514,single,wearing_hat,pclarc,15,0.6529063309885228,-0.004566210045662156,,
wearing_hat,0.875,0.9385986328125,single,wearing_hat,pclarc,15,0.875,0.0,,
wearing_lipstick,0.4776282853566959,0.48091364205256576,single,wearing_hat,pclarc,15,0.49092615769712145,-0.013297872340425565,,
wearing_necklace,0.5914715719063545,0.7036789297658863,single,wearing_hat,pclarc,15,0.5979933110367892,-0.006521739130434745,,
wearing_necktie,0.5698423273373306,0.6020430823895182,single,wearing_hat,pclarc,15,0.5761714412613813,-0.006329113924050667,,
young,0.8148434622467772,0.8851565377532229,single,wearing_hat,pclarc,15,0.8176058931860037,-0.002762430939226568,,
5_o_clock_shadow,0.6049284578696343,0.6592474827768946,single,wearing_hat,pclarc,16,0.5936671966083731,0.011261261261261257,,
arched_eyebrows,0.5256410256410257,0.5425681089743589,single,wearing_hat,pclarc,16,0.5336538461538461,-0.008012820512820484,,
attractive,0.5050505050505051,0.6120440069484656,single,wearing_hat,pclarc,16,0.49868107829891267,0.006369426751592411,,
bags_under_eyes,0.4917692051878949,0.4898570003325574,single,wearing_hat,pclarc,16,0.5104755570335883,-0.01870635184569336,,
bald,0.7456140350877193,0.7962092731829574,single,wearing_hat,pclarc,16,0.743421052631579,0.002192982456140302,,
bangs,0.7766970618034448,0.8476190476190476,single,wearing_hat,pclarc,16,0.780952380952381,-0.004255319148936176,,
big_lips,0.4812323801852598,0.48868304470398716,single,wearing_hat,pclarc,16,0.4759967780910189,0.005235602094240899,,
big_nose,0.6084160937102113,0.6719505984211867,single,wearing_hat,pclarc,16,0.6067608861726509,0.0016552075375604325,,
black_hair,0.7118353344768439,0.8464837049742711,single,wearing_hat,pclarc,16,0.7118353344768439,0.0,,
blond_hair,0.8548951048951049,0.925019425019425,single,wearing_hat,pclarc,16,0.8527583527583528,0.002136752136752129,,
blurry,0.5756568534346312,0.6198163975941753,single,wearing_hat,pclarc,16,0.581829692940804,-0.006172839506172756,,
brown_hair,0.6378291902535073,0.8065468865370415,single,wearing_hat,pclarc,16,0.6441053408811224,-0.006276150627615107,,
bushy_eyebrows,0.5323008849557522,0.5249262536873156,single,wearing_hat,pclarc,16,0.5256637168141592,0.006637168141592986,,
chubby,0.6687392795883362,0.7427101200686107,single,wearing_hat,pclarc,16,0.6801029159519726,-0.011363636363636354,,
double_chin,0.6367256637168142,0.7464601769911505,single,wearing_hat,pclarc,16,0.6389380530973452,-0.0022123893805310324,,
eyeglasses,0.8695046007993308,0.9520401524305233,single,wearing_hat,pclarc,16,0.8670415466121386,0.0024630541871921707,,
goatee,0.6217530001519065,0.6837308218137628,single,wearing_hat,pclarc,16,0.6323864499468328,-0.010633449794926308,,
gray_hair,0.8884297520661157,0.9675324675324675,single,wearing_hat,pclarc,16,0.8884297520661157,0.0,,
heavy_makeup,0.5613871635610767,0.6128364389233955,single,wearing_hat,pclarc,16,0.5651138716356108,-0.003726708074534124,,
high_cheekbones,0.5257936507936508,0.4742063492063492,single,wearing_hat,pclarc,16,0.5223214285714286,0.00347222222222221,,
male,0.9778481012658228,0.9782355980366829,single,wearing_hat,pclarc,16,0.9778481012658228,0.0,,
mouth_slightly_open,0.5402686622094093,0.5686070048457339,single,wearing_hat,pclarc,16,0.5481199779181746,-0.007851315708765294,,
mustache,0.7373626373626374,0.8202973497091144,single,wearing_hat,pclarc,16,0.7328377504848094,0.004524886877828038,,
narrow_eyes,0.6309833024118738,0.6630797773654916,single,wearing_hat,pclarc,16,0.6289424860853432,0.0020408163265306367,,
no_beard,0.5483801759279124,0.5017521275834942,single,wearing_hat,pclarc,16,0.5490595723378388,-0.0006793964099263139,,
oval_face,0.4868678807226293,0.4657186389029965,single,wearing_hat,pclarc,16,0.4896611768120148,-0.0027932960893854997,,
pale_skin,0.6291547958214625,0.7774612219056664,single,wearing_hat,pclarc,16,0.6291547958214625,0.0,,
pointy_nose,0.4879931389365352,0.5005360205831904,single,wearing_hat,pclarc,16,0.4879931389365352,0.0,,
receding_hairline,0.5403993282328793,0.5932076880014929,single,wearing_hat,pclarc,16,0.5275237917521927,0.012875536480686622,,
rosy_cheeks,0.6399055489964581,0.7591499409681227,single,wearing_hat,pclarc,16,0.6000590318772137,0.03984651711924447,,
sideburns,0.6432282003710575,0.7532467532467532,single,wearing_hat,pclarc,16,0.6473098330241187,-0.004081632653061162,,
smiling,0.8594355285002767,0.9354977556416405,single,wearing_hat,pclarc,16,0.863709032773781,-0.004273504273504258,,
straight_hair,0.6641558441558442,0.664069264069264,single,wearing_hat,pclarc,16,0.661991341991342,0.0021645021645021467,,
wavy_hair,0.5764821487061906,0.6126214652254613,single,wearing_hat,pclarc,16,0.574134730865815,0.0023474178403756207,,
wearing_earrings,0.6506232259656917,0.7384919165741084,single,wearing_hat,pclarc,16,0.6529063309885228,-0.0022831050228311334,,
wearing_hat,0.875,0.93695068359375,single,wearing_hat,pclarc,16,0.875,0.0,,
wearing_lipstick,0.48028785982478095,0.4804443053817272,single,wearing_hat,pclarc,16,0.49092615769712145,-0.010638297872340496,,
wearing_necklace,0.5958193979933111,0.7058528428093644,single,wearing_hat,pclarc,16,0.5979933110367892,-0.0021739130434781373,,
wearing_necktie,0.5698423273373306,0.6022651565622917,single,wearing_hat,pclarc,16,0.5761714412613813,-0.006329113924050667,,
young,0.8148434622467772,0.8854511970534071,single,wearing_hat,pclarc,16,0.8176058931860037,-0.002762430939226568,,
5_o_clock_shadow,0.6071807101218867,0.6542130365659778,single,wearing_hat,pclarc,17,0.5936671966083731,0.013513513513513598,,
arched_eyebrows,0.5384615384615384,0.5436698717948718,single,wearing_hat,pclarc,17,0.5336538461538461,0.004807692307692291,,
attractive,0.5050505050505051,0.6112076175770443,single,wearing_hat,pclarc,17,0.49868107829891267,0.006369426751592411,,
bags_under_eyes,0.49983372131692716,0.49052211506484866,single,wearing_hat,pclarc,17,0.5104755570335883,-0.010641835716661108,,
bald,0.7277568922305764,0.7963659147869675,single,wearing_hat,pclarc,17,0.743421052631579,-0.015664160401002603,,
bangs,0.7766970618034448,0.8474164133738601,single,wearing_hat,pclarc,17,0.780952380952381,-0.004255319148936176,,
big_lips,0.48139347563431334,0.4902939991945227,single,wearing_hat,pclarc,17,0.4759967780910189,0.005396697543294415,,
big_nose,0.6067608861726509,0.6722052457346576,single,wearing_hat,pclarc,17,0.6067608861726509,0.0,,
black_hair,0.7141938250428816,0.8489493996569468,single,wearing_hat,pclarc,17,0.7118353344768439,0.002358490566037763,,
blond_hair,0.8548951048951049,0.9257964257964257,single,wearing_hat,pclarc,17,0.8527583527583528,0.002136752136752129,,
blurry,0.581829692940804,0.6100031655587211,single,wearing_hat,pclarc,17,0.581829692940804,0.0,,
brown_hair,0.6420132906719173,0.8075313807531381,single,wearing_hat,pclarc,17,0.6441053408811224,-0.0020920502092051096,,
bushy_eyebrows,0.5345132743362832,0.5286135693215339,single,wearing_hat,pclarc,17,0.5256637168141592,0.008849557522123908,,
chubby,0.6777444253859348,0.7462478559176672,single,wearing_hat,pclarc,17,0.6801029159519726,-0.002358490566037763,,
double_chin,0.6389380530973452,0.7485250737463128,single,wearing_hat,pclarc,17,0.6389380530973452,0.0,,
eyeglasses,0.8768937633609072,0.9520401524305233,single,wearing_hat,pclarc,17,0.8670415466121386,0.009852216748768572,,
goatee,0.6217530001519065,0.6893513595625096,single,wearing_hat,pclarc,17,0.6323864499468328,-0.010633449794926308,,
gray_hair,0.890495867768595,0.968417945690673,single,wearing_hat,pclarc,17,0.8884297520661157,0.0020661157024792765,,
heavy_makeup,0.563768115942029,0.6157349896480331,single,wearing_hat,pclarc,17,0.5651138716356108,-0.0013457556935817516,,
high_cheekbones,0.5223214285714286,0.4716021825396825,single,wearing_hat,pclarc,17,0.5223214285714286,0.0,,
male,0.9778481012658228,0.9782355980366831,single,wearing_hat,pclarc,17,0.9778481012658228,0.0,,
mouth_slightly_open,0.5402686622094093,0.5687296816536833,single,wearing_hat,pclarc,17,0.5481199779181746,-0.007851315708765294,,
mustache,0.7418875242404654,0.8201680672268907,single,wearing_hat,pclarc,17,0.7328377504848094,0.009049773755656076,,
narrow_eyes,0.6289424860853432,0.6660482374768089,single,wearing_hat,pclarc,17,0.6289424860853432,0.0,,
no_beard,0.5483801759279124,0.5032539512264893,single,wearing_hat,pclarc,17,0.5490595723378388,-0.0006793964099263139,,
oval_face,0.4868678807226293,0.4684756584197925,single,wearing_hat,pclarc,17,0.4896611768120148,-0.0027932960893854997,,
pale_skin,0.6312124089901867,0.7761949984172205,single,wearing_hat,pclarc,17,0.6291547958214625,0.002057613168724215,,
pointy_nose,0.49935677530017153,0.5022512864493998,single,wearing_hat,pclarc,17,0.4879931389365352,0.011363636363636354,,
receding_hairline,0.5382534054860981,0.592088076133607,single,wearing_hat,pclarc,17,0.5275237917521927,0.010729613733905463,,
rosy_cheeks,0.6378394332939787,0.7612160566706021,single,wearing_hat,pclarc,17,0.6000590318772137,0.037780401416765086,,
sideburns,0.6493506493506493,0.7539888682745826,single,wearing_hat,pclarc,17,0.6473098330241187,0.0020408163265306367,,
smiling,0.8594355285002767,0.9360511590727418,single,wearing_hat,pclarc,17,0.863709032773781,-0.004273504273504258,,
straight_hair,0.661991341991342,0.6658008658008658,single,wearing_hat,pclarc,17,0.661991341991342,0.0,,
wavy_hair,0.5625068238890709,0.6078174473195763,single,wearing_hat,pclarc,17,0.574134730865815,-0.011627906976744096,,
wearing_earrings,0.6529063309885228,0.7410835493027275,single,wearing_hat,pclarc,17,0.6529063309885228,0.0,,
wearing_hat,0.87109375,0.93402099609375,single,wearing_hat,pclarc,17,0.875,-0.00390625,,
wearing_lipstick,0.48294743429286613,0.48239987484355445,single,wearing_hat,pclarc,17,0.49092615769712145,-0.007978723404255317,,
wearing_necklace,0.5936454849498327,0.7068561872909699,single,wearing_hat,pclarc,17,0.5979933110367892,-0.004347826086956497,,
wearing_necktie,0.5698423273373306,0.6131467910282034,single,wearing_hat,pclarc,17,0.5761714412613813,-0.006329113924050667,,
young,0.8148434622467772,0.887292817679558,single,wearing_hat,pclarc,17,0.8176058931860037,-0.002762430939226568,,
5_o_clock_shadow,0.6049284578696343,0.6551404345521993,single,wearing_hat,pclarc,18,0.5936671966083731,0.011261261261261257,,
arched_eyebrows,0.530448717948718,0.5488782051282052,single,wearing_hat,pclarc,18,0.5336538461538461,-0.0032051282051281937,,
attractive,0.5050505050505051,0.6068326577880718,single,wearing_hat,pclarc,18,0.49868107829891267,0.006369426751592411,,
bags_under_eyes,0.49434652477552377,0.49043897572331224,single,wearing_hat,pclarc,18,0.5104755570335883,-0.016129032258064502,,
bald,0.7077067669172932,0.7951127819548873,single,wearing_hat,pclarc,18,0.743421052631579,-0.03571428571428581,,
bangs,0.7766970618034448,0.8480243161094224,single,wearing_hat,pclarc,18,0.780952380952381,-0.004255319148936176,,
big_lips,0.47877567458719295,0.48948852194925496,single,wearing_hat,pclarc,18,0.4759967780910189,0.0027788964961740215,,
big_nose,0.6067608861726509,0.672778202189967,single,wearing_hat,pclarc,18,0.6067608861726509,0.0,,
black_hair,0.7094768439108061,0.8493782161234992,single,wearing_hat,pclarc,18,0.7118353344768439,-0.002358490566037763,,
blond_hair,0.8548951048951049,0.9267676767676767,single,wearing_hat,pclarc,18,0.8527583527583528,0.002136752136752129,,
blurry,0.6628679962013295,0.6112693890471669,single,wearing_hat,pclarc,18,0.581829692940804,0.08103830326052552,,
brown_hair,0.6399212404627123,0.8063007629830173,single,wearing_hat,pclarc,18,0.6441053408811224,-0.004184100418410108,,
bushy_eyebrows,0.5389380530973451,0.5265486725663717,single,wearing_hat,pclarc,18,0.5256637168141592,0.013274336283185861,,
chubby,0.6801029159519726,0.7476415094339622,single,wearing_hat,pclarc,18,0.6801029159519726,0.0,,
double_chin,0.643362831858407,0.7502949852507375,single,wearing_hat,pclarc,18,0.6389380530973452,0.004424778761061843,,
eyeglasses,0.8649967469095641,0.9518542615484711,single,wearing_hat,pclarc,18,0.8670415466121386,-0.00204479970257454,,
goatee,0.6261582864955187,0.6910223302445694,single,wearing_hat,pclarc,18,0.6323864499468328,-0.0062281634513140505,,
gray_hair,0.884297520661157,0.9690082644628099,single,wearing_hat,pclarc,18,0.8884297520661157,-0.004132231404958775,,
heavy_makeup,0.563768115942029,0.6178053830227744,single,wearing_hat,pclarc,18,0.5651138716356108,-0.0013457556935817516,,
high_cheekbones,0.5223214285714286,0.4729662698412698,single,wearing_hat,pclarc,18,0.5223214285714286,0.0,,
male,0.9778481012658228,0.9781710152415397,single,wearing_hat,pclarc,18,0.9778481012658228,0.0,,
mouth_slightly_open,0.5450223885174508,0.568116297613936,single,wearing_hat,pclarc,18,0.5481199779181746,-0.003097589400723799,,
mustache,0.7418875242404654,0.8263736263736263,single,wearing_hat,pclarc,18,0.7328377504848094,0.009049773755656076,,
narrow_eyes,0.624860853432282,0.6630797773654917,single,wearing_hat,pclarc,18,0.6289424860853432,-0.004081632653061162,,
no_beard,0.5512050346849746,0.5059000214546235,single,wearing_hat,pclarc,18,0.5490595723378388,0.0021454623471358625,,
oval_face,0.4840745846332439,0.46804033954871943,single,wearing_hat,pclarc,18,0.4896611768120148,-0.005586592178770944,,
pale_skin,0.6312124089901867,0.7761949984172206,single,wearing_hat,pclarc,18,0.6291547958214625,0.002057613168724215,,
pointy_nose,0.49935677530017153,0.5021440823327616,single,wearing_hat,pclarc,18,0.4879931389365352,0.011363636363636354,,
receding_hairline,0.5403993282328793,0.5933942899794737,single,wearing_hat,pclarc,18,0.5275237917521927,0.012875536480686622,,
rosy_cheeks,0.6357733175914994,0.7564935064935064,single,wearing_hat,pclarc,18,0.6000590318772137,0.0357142857142857,,
sideburns,0.65139146567718,0.7595547309833025,single,wearing_hat,pclarc,18,0.6473098330241187,0.004081632653061273,,
smiling,0.8594355285002767,0.9372809444751892,single,wearing_hat,pclarc,18,0.863709032773781,-0.004273504273504258,,
straight_hair,0.6641558441558442,0.6651082251082252,single,wearing_hat,pclarc,18,0.661991341991342,0.0021645021645021467,,
wavy_hair,0.5601594060486953,0.6053062561415001,single,wearing_hat,pclarc,18,0.574134730865815,-0.013975324817119716,,
wearing_earrings,0.6574725410341848,0.7373812168332716,single,wearing_hat,pclarc,18,0.6529063309885228,0.004566210045662045,,
wearing_hat,0.87109375,0.93267822265625,single,wearing_hat,pclarc,18,0.875,-0.00390625,,
wearing_lipstick,0.4835732165206508,0.48271276595744683,single,wearing_hat,pclarc,18,0.49092615769712145,-0.007352941176470673,,
wearing_necklace,0.6001672240802676,0.7073578595317727,single,wearing_hat,pclarc,18,0.5979933110367892,0.0021739130434783593,,
wearing_necktie,0.5761714412613813,0.6075949367088608,single,wearing_hat,pclarc,18,0.5761714412613813,0.0,,
young,0.8148434622467772,0.8887661141804788,single,wearing_hat,pclarc,18,0.8176058931860037,-0.002762430939226568,,
5_o_clock_shadow,0.6116852146263911,0.6587175410704822,single,wearing_hat,pclarc,19,0.5936671966083731,0.018018018018018056,,
arched_eyebrows,0.5352564102564102,0.553886217948718,single,wearing_hat,pclarc,19,0.5336538461538461,0.0016025641025640969,,
attractive,0.5050505050505051,0.6067683201441163,single,wearing_hat,pclarc,19,0.49868107829891267,0.006369426751592411,,
bags_under_eyes,0.518207515796475,0.4951779181908879,single,wearing_hat,pclarc,19,0.5104755570335883,0.0077319587628866815,,
bald,0.7255639097744361,0.7938596491228072,single,wearing_hat,pclarc,19,0.743421052631579,-0.017857142857142905,,
bangs,0.7681864235055724,0.8474164133738602,single,wearing_hat,pclarc,19,0.780952380952381,-0.012765957446808529,,
big_lips,0.4812323801852598,0.48964961739830853,single,wearing_hat,pclarc,19,0.4759967780910189,0.005235602094240899,,
big_nose,0.6100076394194041,0.67296918767507,single,wearing_hat,pclarc,19,0.6067608861726509,0.0032467532467531646,,
black_hair,0.7141938250428816,0.8529159519725557,single,wearing_hat,pclarc,19,0.7118353344768439,0.002358490566037763,,
blond_hair,0.8548951048951049,0.9256021756021755,single,wearing_hat,pclarc,19,0.8527583527583528,0.002136752136752129,,
blurry,0.5900601456157012,0.6001899335232669,single,wearing_hat,pclarc,19,0.581829692940804,0.008230452674897193,,
brown_hair,0.6378291902535073,0.8048240216588728,single,wearing_hat,pclarc,19,0.6441053408811224,-0.006276150627615107,,
bushy_eyebrows,0.5367256637168142,0.5294985250737463,single,wearing_hat,pclarc,19,0.5256637168141592,0.01106194690265494,,
chubby,0.6687392795883362,0.75,single,wearing_hat,pclarc,19,0.6801029159519726,-0.011363636363636354,,
double_chin,0.6389380530973452,0.75,single,wearing_hat,pclarc,19,0.6389380530973452,0.0,,
eyeglasses,0.8789385630634817,0.9559438609536203,single,wearing_hat,pclarc,19,0.8670415466121386,0.011897016451343112,,
goatee,0.6217530001519065,0.6849460732188971,single,wearing_hat,pclarc,19,0.6323864499468328,-0.010633449794926308,,
gray_hair,0.8863636363636364,0.9693034238488784,single,wearing_hat,pclarc,19,0.8884297520661157,-0.0020661157024793875,,
heavy_makeup,0.5685300207039338,0.6125258799171842,single,wearing_hat,pclarc,19,0.5651138716356108,0.0034161490683229934,,
high_cheekbones,0.5168650793650793,0.47526041666666663,single,wearing_hat,pclarc,19,0.5223214285714286,-0.005456349206349298,,
male,0.9778481012658228,0.9786230948075433,single,wearing_hat,pclarc,19,0.9778481012658228,0.0,,
mouth_slightly_open,0.5481199779181746,0.5660921302827701,single,wearing_hat,pclarc,19,0.5481199779181746,0.0,,
mustache,0.7418875242404654,0.8262443438914028,single,wearing_hat,pclarc,19,0.7328377504848094,0.009049773755656076,,
narrow_eyes,0.6289424860853432,0.6623376623376623,single,wearing_hat,pclarc,19,0.6289424860853432,0.0,,
no_beard,0.5455553171708503,0.5027533433454909,single,wearing_hat,pclarc,19,0.5490595723378388,-0.0035042551669884903,,
oval_face,0.4896611768120148,0.4675324675324676,single,wearing_hat,pclarc,19,0.4896611768120148,0.0,,
pale_skin,0.6270971826527383,0.7806267806267806,single,wearing_hat,pclarc,19,0.6291547958214625,-0.002057613168724215,,
pointy_nose,0.4879931389365352,0.5004288164665524,single,wearing_hat,pclarc,19,0.4879931389365352,0.0,,
receding_hairline,0.5446911737264415,0.5999253592088076,single,wearing_hat,pclarc,19,0.5275237917521927,0.01716738197424883,,
rosy_cheeks,0.6295749704840614,0.7576741440377804,single,wearing_hat,pclarc,19,0.6000590318772137,0.029515938606847758,,
sideburns,0.6432282003710575,0.7580705009276438,single,wearing_hat,pclarc,19,0.6473098330241187,-0.004081632653061162,,
smiling,0.8630326508024351,0.9379573264465351,single,wearing_hat,pclarc,19,0.863709032773781,-0.0006763819713458963,,
straight_hair,0.6663203463203463,0.6677056277056278,single,wearing_hat,pclarc,19,0.661991341991342,0.0043290043290042934,,
wavy_hair,0.5601594060486953,0.6074899006441752,single,wearing_hat,pclarc,19,0.574134730865815,-0.013975324817119716,,
wearing_earrings,0.6350117240528199,0.7430581266197704,single,wearing_hat,pclarc,19,0.6529063309885228,-0.017894606935702884,,
wearing_hat,0.84375,0.9130859375,single,wearing_hat,pclarc,19,0.875,-0.03125,,
wearing_lipstick,0.49092615769712145,0.4819305381727159,single,wearing_hat,pclarc,19,0.49092615769712145,0.0,,
wearing_necklace,0.6001672240802676,0.703010033444816,single,wearing_hat,pclarc,19,0.5979933110367892,0.0021739130434783593,,
wearing_necktie,0.5635132134132801,0.590051077059738,single,wearing_hat,pclarc,19,0.5761714412613813,-0.012658227848101222,,
young,0.8120810313075506,0.887219152854512,single,wearing_hat,pclarc,19,0.8176058931860037,-0.005524861878453136,,
5_o_clock_shadow,0.6094329623741388,0.6593799682034976,single,wearing_hat,pclarc,20,0.5936671966083731,0.015765765765765716,,
arched_eyebrows,0.5400641025641025,0.5547876602564102,single,wearing_hat,pclarc,20,0.5336538461538461,0.0064102564102563875,,
attractive,0.5050505050505051,0.609406163546291,single,wearing_hat,pclarc,20,0.49868107829891267,0.006369426751592411,,
bags_under_eyes,0.518207515796475,0.4970069837046891,single,wearing_hat,pclarc,20,0.5104755570335883,0.0077319587628866815,,
bald,0.7077067669172932,0.7940162907268171,single,wearing_hat,pclarc,20,0.743421052631579,-0.03571428571428581,,
bangs,0.7681864235055724,0.8451874366767984,single,wearing_hat,pclarc,20,0.780952380952381,-0.012765957446808529,,
big_lips,0.46830447039871126,0.4856222311719694,single,wearing_hat,pclarc,20,0.4759967780910189,-0.007692307692307665,,
big_nose,0.6067608861726509,0.6730965113318055,single,wearing_hat,pclarc,20,0.6067608861726509,0.0,,
black_hair,0.7141938250428816,0.8521655231560892,single,wearing_hat,pclarc,20,0.7118353344768439,0.002358490566037763,,
blond_hair,0.8548951048951049,0.925990675990676,single,wearing_hat,pclarc,20,0.8527583527583528,0.002136752136752129,,
blurry,0.5131370686926242,0.5843621399176955,single,wearing_hat,pclarc,20,0.581829692940804,-0.06869262424817979,,
brown_hair,0.6336450898350972,0.7969480679301009,single,wearing_hat,pclarc,20,0.6441053408811224,-0.010460251046025215,,
bushy_eyebrows,0.5300884955752212,0.5297935103244837,single,wearing_hat,pclarc,20,0.5256637168141592,0.004424778761061954,,
chubby,0.6824614065180102,0.7506432246998286,single,wearing_hat,pclarc,20,0.6801029159519726,0.002358490566037652,,
double_chin,0.6367256637168142,0.7483775811209441,single,wearing_hat,pclarc,20,0.6389380530973452,-0.0022123893805310324,,
eyeglasses,0.874430709173715,0.9552002974254112,single,wearing_hat,pclarc,20,0.8670415466121386,0.007389162561576401,,
goatee,0.6239556433237126,0.6841865410906882,single,wearing_hat,pclarc,20,0.6323864499468328,-0.008430806623120235,,
gray_hair,0.8822314049586777,0.9669421487603306,single,wearing_hat,pclarc,20,0.8884297520661157,-0.006198347107438051,,
heavy_makeup,0.5685300207039338,0.6162525879917183,single,wearing_hat,pclarc,20,0.5651138716356108,0.0034161490683229934,,
high_cheekbones,0.5213293650793651,0.47606646825396826,single,wearing_hat,pclarc,20,0.5223214285714286,-0.0009920634920634885,,
male,0.9778481012658228,0.9781710152415398,single,wearing_hat,pclarc,20,0.9778481012658228,0.0,,
mouth_slightly_open,0.5439182972459057,0.5648040237993007,single,wearing_hat,pclarc,20,0.5481199779181746,-0.004201680672268893,,
mustache,0.7396250808015514,0.8255979314802844,single,wearing_hat,pclarc,20,0.7328377504848094,0.006787330316742057,,
narrow_eyes,0.6269016697588126,0.6623376623376623,single,wearing_hat,pclarc,20,0.6289424860853432,-0.0020408163265306367,,
no_beard,0.5512050346849746,0.5031109204033469,single,wearing_hat,pclarc,20,0.5490595723378388,0.0021454623471358625,,
oval_face,0.4896611768120148,0.46622651091924827,single,wearing_hat,pclarc,20,0.4896611768120148,0.0,,
pale_skin,0.6291547958214625,0.7799936688825578,single,wearing_hat,pclarc,20,0.6291547958214625,0.0,,
pointy_nose,0.4879931389365352,0.5032161234991424,single,wearing_hat,pclarc,20,0.4879931389365352,0.0,,
receding_hairline,0.5425452509796604,0.5958201156932263,single,wearing_hat,pclarc,20,0.5275237917521927,0.015021459227467782,,
rosy_cheeks,0.5938606847697757,0.7514757969303424,single,wearing_hat,pclarc,20,0.6000590318772137,-0.00619834710743794,,
sideburns,0.6554730983302413,0.7606679035250464,single,wearing_hat,pclarc,20,0.6473098330241187,0.008163265306122547,,
smiling,0.8594355285002767,0.9385107298776364,single,wearing_hat,pclarc,20,0.863709032773781,-0.004273504273504258,,
straight_hair,0.6598268398268399,0.6638961038961039,single,wearing_hat,pclarc,20,0.661991341991342,-0.0021645021645021467,,
wavy_hair,0.5625068238890709,0.6089092695709138,single,wearing_hat,pclarc,20,0.574134730865815,-0.011627906976744096,,
wearing_earrings,0.6508083425891645,0.7391089719856844,single,wearing_hat,pclarc,20,0.6529063309885228,-0.0020979883993582638,,
wearing_hat,0.8359375,0.90118408203125,single,wearing_hat,pclarc,20,0.875,-0.0390625,,
wearing_lipstick,0.48826658322903627,0.4826345431789737,single,wearing_hat,pclarc,20,0.49092615769712145,-0.0026595744680851796,,
wearing_necklace,0.6023411371237458,0.7071906354515051,single,wearing_hat,pclarc,20,0.5979933110367892,0.004347826086956608,,
wearing_necktie,0.5656229180546303,0.5951587830335332,single,wearing_hat,pclarc,20,0.5761714412613813,-0.010548523206751037,,
young,0.803793738489871,0.8850828729281768,single,wearing_hat,pclarc,20,0.8176058931860037,-0.013812154696132728,,
5_o_clock_shadow,0.5981717011128775,0.6588500264970854,single,wearing_hat,pclarc,21,0.5936671966083731,0.0045045045045044585,,
arched_eyebrows,0.5504807692307692,0.5503806089743589,single,wearing_hat,pclarc,21,0.5336538461538461,0.016826923076923017,,
attractive,0.5050505050505051,0.6115293057968217,single,wearing_hat,pclarc,21,0.49868107829891267,0.006369426751592411,,
bags_under_eyes,0.4917692051878949,0.49226804123711343,single,wearing_hat,pclarc,21,0.5104755570335883,-0.01870635184569336,,
bald,0.7211779448621554,0.7847744360902255,single,wearing_hat,pclarc,21,0.743421052631579,-0.02224310776942362,,
bangs,0.7660587639311043,0.845997973657548,single,wearing_hat,pclarc,21,0.780952380952381,-0.014893617021276673,,
big_lips,0.4759967780910189,0.48562223117196945,single,wearing_hat,pclarc,21,0.4759967780910189,0.0,,
big_nose,0.5921186656480775,0.6678125795772856,single,wearing_hat,pclarc,21,0.6067608861726509,-0.014642220524573424,,
black_hair,0.7189108061749572,0.8537735849056604,single,wearing_hat,pclarc,21,0.7118353344768439,0.007075471698113289,,
blond_hair,0.8548951048951049,0.9252136752136753,single,wearing_hat,pclarc,21,0.8527583527583528,0.002136752136752129,,
blurry,0.5172522950300729,0.5979740424184868,single,wearing_hat,pclarc,21,0.581829692940804,-0.06457739791073114,,
brown_hair,0.6357371400443023,0.7986709328082697,single,wearing_hat,pclarc,21,0.6441053408811224,-0.008368200836820106,,
bushy_eyebrows,0.5212389380530973,0.5185840707964601,single,wearing_hat,pclarc,21,0.5256637168141592,-0.004424778761061954,,
chubby,0.6824614065180102,0.7523584905660378,single,wearing_hat,pclarc,21,0.6801029159519726,0.002358490566037652,,
double_chin,0.6411504424778761,0.7464601769911505,single,wearing_hat,pclarc,21,0.6389380530973452,0.0022123893805309214,,
eyeglasses,0.8789385630634817,0.953434334045915,single,wearing_hat,pclarc,21,0.8670415466121386,0.011897016451343112,,
goatee,0.6433996658058636,0.689655172413793,single,wearing_hat,pclarc,21,0.6323864499468328,0.011013215859030812,,
gray_hair,0.878099173553719,0.9648760330578513,single,wearing_hat,pclarc,21,0.8884297520661157,-0.010330578512396715,,
heavy_makeup,0.5590062111801243,0.6111801242236026,single,wearing_hat,pclarc,21,0.5651138716356108,-0.006107660455486497,,
high_cheekbones,0.5257936507936508,0.4755084325396825,single,wearing_hat,pclarc,21,0.5223214285714286,0.00347222222222221,,
male,0.9778481012658228,0.9780418496512531,single,wearing_hat,pclarc,21,0.9778481012658228,0.0,,
mouth_slightly_open,0.5402686622094093,0.5689750352695823,single,wearing_hat,pclarc,21,0.5481199779181746,-0.007851315708765294,,
mustache,0.7464124111182935,0.8285714285714285,single,wearing_hat,pclarc,21,0.7328377504848094,0.013574660633484115,,
narrow_eyes,0.6207792207792208,0.6612244897959183,single,wearing_hat,pclarc,21,0.6289424860853432,-0.008163265306122436,,
no_beard,0.5413716655939355,0.5015375813487806,single,wearing_hat,pclarc,21,0.5490595723378388,-0.007687906743903294,,
oval_face,0.4896611768120148,0.4666618297903214,single,wearing_hat,pclarc,21,0.4896611768120148,0.0,,
pale_skin,0.6291547958214625,0.7708135485913263,single,wearing_hat,pclarc,21,0.6291547958214625,0.0,,
pointy_nose,0.49271012006861065,0.5021440823327616,single,wearing_hat,pclarc,21,0.4879931389365352,0.004716981132075471,,
receding_hairline,0.5511289419667849,0.6058966225041985,single,wearing_hat,pclarc,21,0.5275237917521927,0.023605150214592197,,
rosy_cheeks,0.589728453364817,0.7408500590318772,single,wearing_hat,pclarc,21,0.6000590318772137,-0.010330578512396604,,
sideburns,0.6411873840445269,0.7554730983302412,single,wearing_hat,pclarc,21,0.6473098330241187,-0.006122448979591799,,
smiling,0.8594355285002767,0.9370964766648219,single,wearing_hat,pclarc,21,0.863709032773781,-0.004273504273504258,,
straight_hair,0.6754978354978356,0.6619913419913419,single,wearing_hat,pclarc,21,0.661991341991342,0.013506493506493578,,
wavy_hair,0.5764821487061906,0.6178622120318812,single,wearing_hat,pclarc,21,0.574134730865815,0.0023474178403756207,,
wearing_earrings,0.6508083425891645,0.7338022954461311,single,wearing_hat,pclarc,21,0.6529063309885228,-0.0020979883993582638,,
wearing_hat,0.828125,0.86541748046875,single,wearing_hat,pclarc,21,0.875,-0.046875,,
wearing_lipstick,0.4782540675844806,0.48239987484355445,single,wearing_hat,pclarc,21,0.49092615769712145,-0.012672090112640866,,
wearing_necklace,0.6088628762541806,0.7038461538461539,single,wearing_hat,pclarc,21,0.5979933110367892,0.010869565217391353,,
wearing_necktie,0.5698423273373306,0.6047079724628026,single,wearing_hat,pclarc,21,0.5761714412613813,-0.006329113924050667,,
young,0.7844567219152854,0.881915285451197,single,wearing_hat,pclarc,21,0.8176058931860037,-0.03314917127071837,,
5_o_clock_shadow,0.5914149443561209,0.6531531531531531,single,wearing_hat,pclarc,22,0.5936671966083731,-0.0022522522522522292,,
arched_eyebrows,0.5352564102564102,0.554286858974359,single,wearing_hat,pclarc,22,0.5336538461538461,0.0016025641025640969,,
attractive,0.5050505050505051,0.617770057260503,single,wearing_hat,pclarc,22,0.49868107829891267,0.006369426751592411,,
bags_under_eyes,0.5078982374459594,0.4871965414033921,single,wearing_hat,pclarc,22,0.5104755570335883,-0.002577319587628857,,
bald,0.736842105263158,0.7786654135338346,single,wearing_hat,pclarc,22,0.743421052631579,-0.006578947368421018,,
bangs,0.7703140830800406,0.8484295845997974,single,wearing_hat,pclarc,22,0.780952380952381,-0.010638297872340385,,
big_lips,0.4812323801852598,0.4882803060813532,single,wearing_hat,pclarc,22,0.4759967780910189,0.005235602094240899,,
big_nose,0.5905271199388846,0.6625286478227654,single,wearing_hat,pclarc,22,0.6067608861726509,-0.016233766233766267,,
black_hair,0.7189108061749572,0.8566680960548886,single,wearing_hat,pclarc,22,0.7118353344768439,0.007075471698113289,,
blond_hair,0.8527583527583528,0.9252136752136753,single,wearing_hat,pclarc,22,0.8527583527583528,0.0,,
blurry,0.553656220322887,0.5501741057296613,single,wearing_hat,pclarc,22,0.581829692940804,-0.028173472617917028,,
brown_hair,0.6336450898350972,0.8016244154565592,single,wearing_hat,pclarc,22,0.6441053408811224,-0.010460251046025215,,
bushy_eyebrows,0.5067846607669616,0.5132743362831859,single,wearing_hat,pclarc,22,0.5256637168141592,-0.01887905604719764,,
chubby,0.6871783876500858,0.7566466552315609,single,wearing_hat,pclarc,22,0.6801029159519726,0.007075471698113178,,
double_chin,0.6345132743362832,0.7418879056047198,single,wearing_hat,pclarc,22,0.6389380530973452,-0.004424778761061954,,
eyeglasses,0.8637419834557115,0.9460916442048517,single,wearing_hat,pclarc,22,0.8670415466121386,-0.003299563156427099,,
goatee,0.6433996658058636,0.6937566459061218,single,wearing_hat,pclarc,22,0.6323864499468328,0.011013215859030812,,
gray_hair,0.8739669421487604,0.9634002361275089,single,wearing_hat,pclarc,22,0.8884297520661157,-0.01446280991735538,,
heavy_makeup,0.5532091097308489,0.5917184265010352,single,wearing_hat,pclarc,22,0.5651138716356108,-0.011904761904761862,,
high_cheekbones,0.5223214285714286,0.4736483134920635,single,wearing_hat,pclarc,22,0.5223214285714286,0.0,,
male,0.9778481012658228,0.977848101265823,single,wearing_hat,pclarc,22,0.9778481012658228,0.0,,
mouth_slightly_open,0.5360669815371404,0.5544991719315464,single,wearing_hat,pclarc,22,0.5481199779181746,-0.012052996381034187,,
mustache,0.7486748545572075,0.83710407239819,single,wearing_hat,pclarc,22,0.7328377504848094,0.015837104072398134,,
narrow_eyes,0.6166975881261596,0.6534322820037106,single,wearing_hat,pclarc,22,0.6289424860853432,-0.012244897959183598,,
no_beard,0.5413716655939355,0.5047557748694844,single,wearing_hat,pclarc,22,0.5490595723378388,-0.007687906743903294,,
oval_face,0.4840745846332439,0.46738736124210983,single,wearing_hat,pclarc,22,0.4896611768120148,-0.005586592178770944,,
pale_skin,0.625039569484014,0.7711301044634378,single,wearing_hat,pclarc,22,0.6291547958214625,-0.004115226337448541,,
pointy_nose,0.4879931389365352,0.5013936535162951,single,wearing_hat,pclarc,22,0.4879931389365352,0.0,,
receding_hairline,0.5640044784474716,0.61392050755738,single,wearing_hat,pclarc,22,0.5275237917521927,0.03648068669527893,,
rosy_cheeks,0.595926800472255,0.7497048406139315,single,wearing_hat,pclarc,22,0.6000590318772137,-0.004132231404958664,,
sideburns,0.65139146567718,0.7565862708719853,single,wearing_hat,pclarc,22,0.6473098330241187,0.004081632653061273,,
smiling,0.8594355285002767,0.9391871118489824,single,wearing_hat,pclarc,22,0.863709032773781,-0.004273504273504258,,
straight_hair,0.636017316017316,0.6661471861471863,single,wearing_hat,pclarc,22,0.661991341991342,-0.025974025974025983,,
wavy_hair,0.567201659569822,0.6323834479746698,single,wearing_hat,pclarc,22,0.574134730865815,-0.006933071295992965,,
wearing_earrings,0.6464272491669751,0.7357768727631742,single,wearing_hat,pclarc,22,0.6529063309885228,-0.006479081821547661,,
wearing_hat,0.79296875,0.79443359375,single,wearing_hat,pclarc,22,0.875,-0.08203125,,
wearing_lipstick,0.44555694618272845,0.46941489361702127,single,wearing_hat,pclarc,22,0.49092615769712145,-0.04536921151439299,,
wearing_necklace,0.6175585284280936,0.704515050167224,single,wearing_hat,pclarc,22,0.5979933110367892,0.019565217391304346,,
wearing_necktie,0.5677326226959805,0.6029313790806129,single,wearing_hat,pclarc,22,0.5761714412613813,-0.008438818565400852,,
young,0.7734069981583793,0.8719705340699815,single,wearing_hat,pclarc,22,0.8176058931860037,-0.04419889502762442,,
5_o_clock_shadow,0.5891626921038686,0.6565977742448331,single,wearing_hat,pclarc,23,0.5936671966083731,-0.0045045045045044585,,
arched_eyebrows,0.5448717948717949,0.5512820512820513,single,wearing_hat,pclarc,23,0.5336538461538461,0.011217948717948789,,
attractive,0.5050505050505051,0.6171266808209483,single,wearing_hat,pclarc,23,0.49868107829891267,0.006369426751592411,,
bags_under_eyes,0.502411040904556,0.4896907216494846,single,wearing_hat,pclarc,23,0.5104755570335883,-0.008064516129032251,,
bald,0.7412280701754386,0.7827380952380952,single,wearing_hat,pclarc,23,0.743421052631579,-0.002192982456140413,,
bangs,0.7852077001013171,0.8516717325227964,single,wearing_hat,pclarc,23,0.780952380952381,0.004255319148936176,,
big_lips,0.4833668948852195,0.48940797422472815,single,wearing_hat,pclarc,23,0.4759967780910189,0.007370116794200576,,
big_nose,0.5970206264323912,0.6697224344283169,single,wearing_hat,pclarc,23,0.6067608861726509,-0.009740259740259716,,
black_hair,0.7146226415094339,0.8617066895368782,single,wearing_hat,pclarc,23,0.7118353344768439,0.002787307032590003,,
blond_hair,0.8527583527583528,0.9254079254079254,single,wearing_hat,pclarc,23,0.8527583527583528,0.0,,
blurry,0.5982905982905983,0.5720164609053497,single,wearing_hat,pclarc,23,0.581829692940804,0.016460905349794275,,
brown_hair,0.6336450898350972,0.8013782919025351,single,wearing_hat,pclarc,23,0.6441053408811224,-0.010460251046025215,,
bushy_eyebrows,0.4912979351032448,0.5017699115044247,single,wearing_hat,pclarc,23,0.5256637168141592,-0.03436578171091442,,
chubby,0.6895368782161235,0.7641509433962265,single,wearing_hat,pclarc,23,0.6801029159519726,0.009433962264150941,,
double_chin,0.5969026548672567,0.7153392330383481,single,wearing_hat,pclarc,23,0.6389380530973452,-0.042035398230088505,,
eyeglasses,0.8440375499581745,0.9458128078817735,single,wearing_hat,pclarc,23,0.8670415466121386,-0.02300399665396413,,
goatee,0.6239556433237126,0.6891994531368677,single,wearing_hat,pclarc,23,0.6323864499468328,-0.008430806623120235,,
gray_hair,0.865702479338843,0.9560212514757969,single,wearing_hat,pclarc,23,0.8884297520661157,-0.022727272727272707,,
heavy_makeup,0.5555900621118013,0.5961697722567288,single,wearing_hat,pclarc,23,0.5651138716356108,-0.00952380952380949,,
high_cheekbones,0.5248015873015873,0.47805059523809523,single,wearing_hat,pclarc,23,0.5223214285714286,0.0024801587301587213,,
male,0.9778481012658228,0.9785585120123999,single,wearing_hat,pclarc,23,0.9778481012658228,0.0,,
mouth_slightly_open,0.531313255229099,0.556830031282586,single,wearing_hat,pclarc,23,0.5481199779181746,-0.01680672268907557,,
mustache,0.7434389140271493,0.823141564318035,single,wearing_hat,pclarc,23,0.7328377504848094,0.010601163542339975,,
narrow_eyes,0.6105751391465677,0.6619666048237477,single,wearing_hat,pclarc,23,0.6289424860853432,-0.01836734693877551,,
no_beard,0.544875920760924,0.5059715368661947,single,wearing_hat,pclarc,23,0.5490595723378388,-0.004183651576914804,,
oval_face,0.4812812885438584,0.48908075165058407,single,wearing_hat,pclarc,23,0.4896611768120148,-0.008379888268156443,,
pale_skin,0.6270971826527383,0.7717632162076606,single,wearing_hat,pclarc,23,0.6291547958214625,-0.002057613168724215,,
pointy_nose,0.48091766723842194,0.4901372212692967,single,wearing_hat,pclarc,23,0.4879931389365352,-0.007075471698113234,,
receding_hairline,0.5854637059152827,0.6314610934875909,single,wearing_hat,pclarc,23,0.5275237917521927,0.05793991416309008,,
rosy_cheeks,0.5938606847697757,0.7470484061393152,single,wearing_hat,pclarc,23,0.6000590318772137,-0.00619834710743794,,
sideburns,0.6432282003710575,0.7569573283858998,single,wearing_hat,pclarc,23,0.6473098330241187,-0.004081632653061162,,
smiling,0.863709032773781,0.9354977556416404,single,wearing_hat,pclarc,23,0.863709032773781,0.0,,
straight_hair,0.6425108225108225,0.6587012987012987,single,wearing_hat,pclarc,23,0.661991341991342,-0.019480519480519543,,
wavy_hair,0.574134730865815,0.6126214652254612,single,wearing_hat,pclarc,23,0.574134730865815,0.0,,
wearing_earrings,0.6509934592126373,0.735653461680859,single,wearing_hat,pclarc,23,0.6529063309885228,-0.0019128717758855052,,
wearing_hat,0.6640625,0.604736328125,single,wearing_hat,pclarc,23,0.875,-0.2109375,,
wearing_lipstick,0.4690237797246558,0.46839799749687105,single,wearing_hat,pclarc,23,0.49092615769712145,-0.021902377972465636,,
wearing_necklace,0.6389632107023411,0.7065217391304348,single,wearing_hat,pclarc,23,0.5979933110367892,0.04096989966555187,,
wearing_necktie,0.552964690206529,0.5753941816566733,single,wearing_hat,pclarc,23,0.5761714412613813,-0.02320675105485226,,
young,0.763499079189687,0.8638674033149171,single,wearing_hat,pclarc,23,0.8176058931860037,-0.05410681399631678,,
5_o_clock_shadow,0.5779014308426074,0.6596449390567037,sequential,wearing_hat,diff_means,-1,0.5936671966083731,-0.015765765765765716,,
arched_eyebrows,0.5128205128205128,0.5340544871794872,sequential,wearing_hat,diff_means,-1,0.5336538461538461,-0.02083333333333337,,
attractive,0.49868107829891267,0.6197001865791675,sequential,wearing_hat,diff_means,-1,0.49868107829891267,0.0,,
bags_under_eyes,0.5227801795809777,0.49293315596940473,sequential,wearing_hat,diff_means,-1,0.5104755570335883,0.012304622547389399,,
bald,0.7055137844611529,0.7990288220551379,sequential,wearing_hat,diff_means,-1,0.743421052631579,-0.03790726817042611,,
bangs,0.8043566362715299,0.8577507598784195,sequential,wearing_hat,diff_means,-1,0.780952380952381,0.023404255319148914,,
big_lips,0.48860249697946034,0.4730567861457914,sequential,wearing_hat,diff_means,-1,0.4759967780910189,0.01260571888844142,,
big_nose,0.5920550038197098,0.6594728800611154,sequential,wearing_hat,diff_means,-1,0.6067608861726509,-0.014705882352941124,,
black_hair,0.7208404802744426,0.8578473413379073,sequential,wearing_hat,diff_means,-1,0.7118353344768439,0.009005145797598701,,
blond_hair,0.8754856254856255,0.9226884226884227,sequential,wearing_hat,diff_means,-1,0.8527583527583528,0.022727272727272707,,
blurry,0.5433681544792656,0.5381449825894271,sequential,wearing_hat,diff_means,-1,0.581829692940804,-0.038461538461538436,,
brown_hair,0.6630568545409796,0.8018705390105834,sequential,wearing_hat,diff_means,-1,0.6441053408811224,0.018951513659857255,,
bushy_eyebrows,0.490117994100295,0.4952802359882006,sequential,wearing_hat,diff_means,-1,0.5256637168141592,-0.03554572271386425,,
chubby,0.6734562607204116,0.7701543739279588,sequential,wearing_hat,diff_means,-1,0.6801029159519726,-0.006646655231560938,,
double_chin,0.6190265486725663,0.7296460176991151,sequential,wearing_hat,diff_means,-1,0.6389380530973452,-0.019911504424778848,,
eyeglasses,0.8551445301607956,0.9389348452458408,sequential,wearing_hat,diff_means,-1,0.8670415466121386,-0.011897016451343001,,
goatee,0.621373234087802,0.6946680844599726,sequential,wearing_hat,diff_means,-1,0.6323864499468328,-0.011013215859030812,,
gray_hair,0.9028925619834711,0.968417945690673,sequential,wearing_hat,diff_means,-1,0.8884297520661157,0.01446280991735538,,
heavy_makeup,0.5851966873706005,0.6255693581780538,sequential,wearing_hat,diff_means,-1,0.5651138716356108,0.020082815734989712,,
high_cheekbones,0.527281746031746,0.47885664682539675,sequential,wearing_hat,diff_means,-1,0.5223214285714286,0.004960317460317443,,
male,0.9778481012658228,0.9790105915784036,sequential,wearing_hat,diff_means,-1,0.9778481012658228,0.0,,
mouth_slightly_open,0.5408207078451819,0.5781144574618168,sequential,wearing_hat,diff_means,-1,0.5481199779181746,-0.007299270072992692,,
mustache,0.7500969618616677,0.8193923723335488,sequential,wearing_hat,diff_means,-1,0.7328377504848094,0.017259211376858374,,
narrow_eyes,0.6309833024118738,0.6456400742115027,sequential,wearing_hat,diff_means,-1,0.6289424860853432,0.0020408163265306367,,
no_beard,0.539905599656726,0.5046127440463419,sequential,wearing_hat,diff_means,-1,0.5490595723378388,-0.009153972681112732,,
oval_face,0.4915475585866647,0.4924181963288109,sequential,wearing_hat,diff_means,-1,0.4896611768120148,0.0018863817746498923,,
pale_skin,0.5989237100348211,0.7581513137068693,sequential,wearing_hat,diff_means,-1,0.6291547958214625,-0.030231085786641354,,
pointy_nose,0.4903516295025729,0.47512864493996565,sequential,wearing_hat,diff_means,-1,0.4879931389365352,0.0023584905660377076,,
receding_hairline,0.5323754431796976,0.6342601231573054,sequential,wearing_hat,diff_means,-1,0.5275237917521927,0.004851651427504988,,
rosy_cheeks,0.6446280991735538,0.7585596221959858,sequential,wearing_hat,diff_means,-1,0.6000590318772137,0.04456906729634014,,
sideburns,0.6207792207792208,0.7658627087198516,sequential,wearing_hat,diff_means,-1,0.6473098330241187,-0.026530612244897944,,
smiling,0.8700116829613233,0.9463198671831765,sequential,wearing_hat,diff_means,-1,0.863709032773781,0.00630265018754228,,
straight_hair,0.6468398268398268,0.6767099567099567,sequential,wearing_hat,diff_means,-1,0.661991341991342,-0.015151515151515249,,
wavy_hair,0.5414892455508243,0.5869636423190304,sequential,wearing_hat,diff_means,-1,0.574134730865815,-0.032645485314990674,,
wearing_earrings,0.6572874244107121,0.737628038997902,sequential,wearing_hat,diff_means,-1,0.6529063309885228,0.004381093422189286,,
wearing_hat,0.61328125,0.6177978515625,sequential,wearing_hat,diff_means,-1,0.875,-0.26171875,,
wearing_lipstick,0.47809762202753436,0.467459324155194,sequential,wearing_hat,diff_means,-1,0.49092615769712145,-0.012828535669587082,,
wearing_necklace,0.5933110367892976,0.7005016722408026,sequential,wearing_hat,diff_means,-1,0.5979933110367892,-0.004682274247491569,,
wearing_necktie,0.5540750610703975,0.6131467910282034,sequential,wearing_hat,diff_means,-1,0.5761714412613813,-0.02209638019098381,,
young,0.7771270718232044,0.8539226519337016,sequential,wearing_hat,diff_means,-1,0.8176058931860037,-0.040478821362799344,,
5_o_clock_shadow,0.597111817700053,0.6636195018547959,sequential,wearing_hat,lr,-1,0.5936671966083731,0.003444621091679867,,
arched_eyebrows,0.530448717948718,0.5410657051282052,sequential,wearing_hat,lr,-1,0.5336538461538461,-0.0032051282051281937,,
attractive,0.49868107829891267,0.6139741362671299,sequential,wearing_hat,lr,-1,0.49868107829891267,0.0,,
bags_under_eyes,0.4869471233787828,0.4696541403392085,sequential,wearing_hat,lr,-1,0.5104755570335883,-0.023528433654805447,,
bald,0.7077067669172932,0.7916666666666667,sequential,wearing_hat,lr,-1,0.743421052631579,-0.03571428571428581,,
bangs,0.7724417426545086,0.8504559270516716,sequential,wearing_hat,lr,-1,0.780952380952381,-0.008510638297872353,,
big_lips,0.48614579138139347,0.4798227950060411,sequential,wearing_hat,lr,-1,0.4759967780910189,0.010149013290374542,,
big_nose,0.5937102113572702,0.6677489177489178,sequential,wearing_hat,lr,-1,0.6067608861726509,-0.013050674815380692,,
black_hair,0.7506432246998285,0.8617066895368782,sequential,wearing_hat,lr,-1,0.7118353344768439,0.03880789022298459,,
blond_hair,0.8733488733488733,0.9273504273504274,sequential,wearing_hat,lr,-1,0.8527583527583528,0.020590520590520578,,
blurry,0.5598290598290598,0.6293130737575182,sequential,wearing_hat,lr,-1,0.581829692940804,-0.02200063311174416,,
brown_hair,0.6378291902535073,0.7920255968496185,sequential,wearing_hat,lr,-1,0.6441053408811224,-0.006276150627615107,,
bushy_eyebrows,0.487905604719764,0.5079646017699115,sequential,wearing_hat,lr,-1,0.5256637168141592,-0.037758112094395224,,
chubby,0.684819897084048,0.7531089193825042,sequential,wearing_hat,lr,-1,0.6801029159519726,0.004716981132075415,,
double_chin,0.6367256637168142,0.7284660766961653,sequential,wearing_hat,lr,-1,0.6389380530973452,-0.0022123893805310324,,
eyeglasses,0.8592341295659448,0.9477646621433219,sequential,wearing_hat,lr,-1,0.8670415466121386,-0.00780741704619381,,
goatee,0.6323864499468328,0.6794774418957922,sequential,wearing_hat,lr,-1,0.6323864499468328,0.0,,
gray_hair,0.8987603305785123,0.9660566706021251,sequential,wearing_hat,lr,-1,0.8884297520661157,0.010330578512396604,,
heavy_makeup,0.5674948240165631,0.613871635610766,sequential,wearing_hat,lr,-1,0.5651138716356108,0.0023809523809523725,,
high_cheekbones,0.5257936507936508,0.4751984126984127,sequential,wearing_hat,lr,-1,0.5223214285714286,0.00347222222222221,,
male,0.9778481012658228,0.9784293464221131,sequential,wearing_hat,lr,-1,0.9778481012658228,0.0,,
mouth_slightly_open,0.5307612095933264,0.561798442004539,sequential,wearing_hat,lr,-1,0.5481199779181746,-0.017358768324848173,,
mustache,0.7523594053005818,0.8147382029734971,sequential,wearing_hat,lr,-1,0.7328377504848094,0.019521654815772393,,
narrow_eyes,0.6473098330241187,0.6311688311688312,sequential,wearing_hat,lr,-1,0.6289424860853432,0.01836734693877551,,
no_beard,0.5392262032467997,0.49688907959665307,sequential,wearing_hat,lr,-1,0.5490595723378388,-0.009833369091039046,,
oval_face,0.5064209533483276,0.5043894652833201,sequential,wearing_hat,lr,-1,0.4896611768120148,0.016759776536312776,,
pale_skin,0.6291547958214625,0.7502374169040835,sequential,wearing_hat,lr,-1,0.6291547958214625,0.0,,
pointy_nose,0.49935677530017153,0.4908876500857633,sequential,wearing_hat,lr,-1,0.4879931389365352,0.011363636363636354,,
receding_hairline,0.5428251539466318,0.643030416122411,sequential,wearing_hat,lr,-1,0.5275237917521927,0.015301362194439116,,
rosy_cheeks,0.6528925619834711,0.7411452184179457,sequential,wearing_hat,lr,-1,0.6000590318772137,0.052833530106257465,,
sideburns,0.6228200371057514,0.764378478664193,sequential,wearing_hat,lr,-1,0.6473098330241187,-0.024489795918367308,,
smiling,0.8722560413207895,0.9439832749185267,sequential,wearing_hat,lr,-1,0.863709032773781,0.008547008547008517,,
straight_hair,0.5960173160173161,0.6606060606060605,sequential,wearing_hat,lr,-1,0.661991341991342,-0.06597402597402591,,
wavy_hair,0.5555737525930778,0.595370673654329,sequential,wearing_hat,lr,-1,0.574134730865815,-0.018560978272737172,,
wearing_earrings,0.6369245958287054,0.731827718129088,sequential,wearing_hat,lr,-1,0.6529063309885228,-0.01598173515981738,,
wearing_hat,0.6015625,0.61236572265625,sequential,wearing_hat,lr,-1,0.875,-0.2734375,,
wearing_lipstick,0.46620775969962447,0.49546307884856067,sequential,wearing_hat,lr,-1,0.49092615769712145,-0.024718397997496977,,
wearing_necklace,0.6125418060200669,0.70685618729097,sequential,wearing_hat,lr,-1,0.5979933110367892,0.014548494983277704,,
wearing_necktie,0.5508549855651788,0.6153675327559405,sequential,wearing_hat,lr,-1,0.5761714412613813,-0.025316455696202556,,
young,0.8153222836095764,0.8821362799263353,sequential,wearing_hat,lr,-1,0.8176058931860037,-0.00228360957642737,,
5_o_clock_shadow,0.5936671966083731,0.642156862745098,sequential,wearing_hat,pclarc,-1,0.5936671966083731,0.0,,
arched_eyebrows,0.5600961538461539,0.55078125,sequential,wearing_hat,pclarc,-1,0.5336538461538461,0.02644230769230771,,
attractive,0.5050505050505051,0.6144888374187738,sequential,wearing_hat,pclarc,-1,0.49868107829891267,0.006369426751592411,,
bags_under_eyes,0.4866145660126372,0.48910874625872963,sequential,wearing_hat,pclarc,-1,0.5104755570335883,-0.023860991020951072,,
bald,0.7077067669172932,0.7915100250626567,sequential,wearing_hat,pclarc,-1,0.743421052631579,-0.03571428571428581,,
bangs,0.7915906788247213,0.8522796352583587,sequential,wearing_hat,pclarc,-1,0.780952380952381,0.010638297872340385,,
big_lips,0.48860249697946034,0.5092227144583166,sequential,wearing_hat,pclarc,-1,0.4759967780910189,0.01260571888844142,,
big_nose,0.5953654188948307,0.6519607843137254,sequential,wearing_hat,pclarc,-1,0.6067608861726509,-0.011395467277820148,,
black_hair,0.7122641509433962,0.8673885077186964,sequential,wearing_hat,pclarc,-1,0.7118353344768439,0.00042881646655235084,,
blond_hair,0.8506216006216006,0.920940170940171,sequential,wearing_hat,pclarc,-1,0.8527583527583528,-0.002136752136752129,,
blurry,0.4849635960747072,0.5201012978790757,sequential,wearing_hat,pclarc,-1,0.581829692940804,-0.09686609686609682,,
brown_hair,0.6273689392074822,0.7939945852818115,sequential,wearing_hat,pclarc,-1,0.6441053408811224,-0.01673640167364021,,
bushy_eyebrows,0.4957227138643068,0.5209439528023598,sequential,wearing_hat,pclarc,-1,0.5256637168141592,-0.02994100294985247,,
chubby,0.6942538593481989,0.7666166380789023,sequential,wearing_hat,pclarc,-1,0.6801029159519726,0.014150943396226356,,
double_chin,0.5946902654867257,0.7272861356932153,sequential,wearing_hat,pclarc,-1,0.6389380530973452,-0.04424778761061954,,
eyeglasses,0.8272144251324473,0.9375406636304489,sequential,wearing_hat,pclarc,-1,0.8670415466121386,-0.03982712147969136,,
goatee,0.6345890931186389,0.6893513595625094,sequential,wearing_hat,pclarc,-1,0.6323864499468328,0.0022026431718060735,,
gray_hair,0.8615702479338843,0.961038961038961,sequential,wearing_hat,pclarc,-1,0.8884297520661157,-0.026859504132231482,,
heavy_makeup,0.5532091097308489,0.5940993788819876,sequential,wearing_hat,pclarc,-1,0.5651138716356108,-0.011904761904761862,,
high_cheekbones,0.5282738095238095,0.47327628968253965,sequential,wearing_hat,pclarc,-1,0.5223214285714286,0.005952380952380931,,
male,0.9778481012658228,0.9779772668561095,sequential,wearing_hat,pclarc,-1,0.9778481012658228,0.0,,
mouth_slightly_open,0.5245660307918788,0.5513095749248604,sequential,wearing_hat,pclarc,-1,0.5481199779181746,-0.02355394712629577,,
mustache,0.7418875242404654,0.8349062702003878,sequential,wearing_hat,pclarc,-1,0.7328377504848094,0.009049773755656076,,
narrow_eyes,0.6064935064935065,0.660482374768089,sequential,wearing_hat,pclarc,-1,0.6289424860853432,-0.02244897959183667,,
no_beard,0.5413716655939355,0.5014660659372095,sequential,wearing_hat,pclarc,-1,0.5490595723378388,-0.007687906743903294,,
oval_face,0.48498149894797943,0.5007618080243779,sequential,wearing_hat,pclarc,-1,0.4896611768120148,-0.004679677864035392,,
pale_skin,0.6291547958214625,0.7834757834757834,sequential,wearing_hat,pclarc,-1,0.6291547958214625,0.0,,
pointy_nose,0.4691252144082333,0.4839193825042882,sequential,wearing_hat,pclarc,-1,0.4879931389365352,-0.018867924528301883,,
receding_hairline,0.5876096286620638,0.6378055607389438,sequential,wearing_hat,pclarc,-1,0.5275237917521927,0.060085836909871126,,
rosy_cheeks,0.6254427390791027,0.7547225501770957,sequential,wearing_hat,pclarc,-1,0.6000590318772137,0.025383707201889094,,
sideburns,0.624860853432282,0.7554730983302412,sequential,wearing_hat,pclarc,-1,0.6473098330241187,-0.02244897959183667,,
smiling,0.8551620242267723,0.9347598844001721,sequential,wearing_hat,pclarc,-1,0.863709032773781,-0.008547008547008628,,
straight_hair,0.6538528138528139,0.6761904761904762,sequential,wearing_hat,pclarc,-1,0.661991341991342,-0.008138528138528112,,
wavy_hair,0.5531171525275684,0.6234305055137024,sequential,wearing_hat,pclarc,-1,0.574134730865815,-0.02101757833824658,,
wearing_earrings,0.6532765642354683,0.7392323830679994,sequential,wearing_hat,pclarc,-1,0.6529063309885228,0.0003702332469455172,,
wearing_hat,0.6484375,0.614501953125,sequential,wearing_hat,pclarc,-1,0.875,-0.2265625,,
wearing_lipstick,0.4590112640801001,0.46589486858573215,sequential,wearing_hat,pclarc,-1,0.49092615769712145,-0.03191489361702132,,
wearing_necklace,0.6219063545150502,0.7073578595317725,sequential,wearing_hat,pclarc,-1,0.5979933110367892,0.023913043478260954,,
wearing_necktie,0.5487452809238286,0.5654008438818565,sequential,wearing_hat,pclarc,-1,0.5761714412613813,-0.02742616033755274,,
young,0.7579742173112338,0.8577532228360958,sequential,wearing_hat,pclarc,-1,0.8176058931860037,-0.05963167587476992,,
5_o_clock_shadow,0.6365924748277689,0.6669316375198728,iterative,wearing_hat,lr,12,0.5936671966083731,0.042925278219395846,5.0,
arched_eyebrows,0.5456730769230769,0.5627003205128206,iterative,wearing_hat,lr,12,0.5336538461538461,0.012019230769230727,5.0,
attractive,0.5050505050505051,0.6265199768384482,iterative,wearing_hat,lr,12,0.49868107829891267,0.006369426751592411,5.0,
bags_under_eyes,0.529847023611573,0.47888260724975057,iterative,wearing_hat,lr,12,0.5104755570335883,0.01937146657798472,5.0,
bald,0.7255639097744361,0.794016290726817,iterative,wearing_hat,lr,12,0.743421052631579,-0.017857142857142905,5.0,
bangs,0.7894630192502532,0.8382978723404256,iterative,wearing_hat,lr,12,0.780952380952381,0.008510638297872242,5.0,
big_lips,0.49710028191703587,0.495771244462344,iterative,wearing_hat,lr,12,0.4759967780910189,0.021103503826016945,5.0,
big_nose,0.587153043035396,0.6598548510313216,iterative,wearing_hat,lr,12,0.6067608861726509,-0.019607843137254943,5.0,
black_hair,0.7525728987993139,0.8468053173241853,iterative,wearing_hat,lr,12,0.7118353344768439,0.04073756432247,5.0,
blond_hair,0.8463480963480964,0.9156954156954157,iterative,wearing_hat,lr,12,0.8527583527583528,-0.0064102564102563875,5.0,
blurry,0.5859449192782527,0.6505223171889838,iterative,wearing_hat,lr,12,0.581829692940804,0.004115226337448652,5.0,
brown_hair,0.6777012060054147,0.7634752645828206,iterative,wearing_hat,lr,12,0.6441053408811224,0.03359586512429236,5.0,
bushy_eyebrows,0.5345132743362832,0.5293510324483777,iterative,wearing_hat,lr,12,0.5256637168141592,0.008849557522123908,5.0,
chubby,0.6710977701543739,0.7565394511149228,iterative,wearing_hat,lr,12,0.6801029159519726,-0.009005145797598701,5.0,
double_chin,0.6477876106194691,0.7514749262536873,iterative,wearing_hat,lr,12,0.6389380530973452,0.008849557522123908,5.0,
eyeglasses,0.8789385630634817,0.9538990612510456,iterative,wearing_hat,lr,12,0.8670415466121386,0.011897016451343112,5.0,
goatee,0.6540331156007899,0.6691478049521495,iterative,wearing_hat,lr,12,0.6323864499468328,0.02164666565395712,5.0,
gray_hair,0.8884297520661157,0.9512987012987013,iterative,wearing_hat,lr,12,0.8884297520661157,0.0,5.0,
heavy_makeup,0.5712215320910974,0.6366459627329193,iterative,wearing_hat,lr,12,0.5651138716356108,0.006107660455486608,5.0,
high_cheekbones,0.5233134920634921,0.4973338293650793,iterative,wearing_hat,lr,12,0.5223214285714286,0.0009920634920634885,5.0,
male,0.9778481012658228,0.9784939292172565,iterative,wearing_hat,lr,12,0.9778481012658228,0.0,5.0,
mouth_slightly_open,0.5523216585904435,0.5586701834018277,iterative,wearing_hat,lr,12,0.5481199779181746,0.004201680672268893,5.0,
mustache,0.716289592760181,0.8161603102779573,iterative,wearing_hat,lr,12,0.7328377504848094,-0.016548157724628365,5.0,
narrow_eyes,0.6641929499072357,0.6456400742115027,iterative,wearing_hat,lr,12,0.6289424860853432,0.03525046382189245,5.0,
no_beard,0.5483801759279124,0.5114782235571766,iterative,wearing_hat,lr,12,0.5490595723378388,-0.0006793964099263139,5.0,
oval_face,0.5008343611695567,0.45991438728868894,iterative,wearing_hat,lr,12,0.4896611768120148,0.011173184357541888,5.0,
pale_skin,0.5906932573599241,0.7784108895220007,iterative,wearing_hat,lr,12,0.6291547958214625,-0.038461538461538436,5.0,
pointy_nose,0.5060034305317325,0.5098627787307033,iterative,wearing_hat,lr,12,0.4879931389365352,0.018010291595197292,5.0,
receding_hairline,0.5667102071281955,0.6122410897555514,iterative,wearing_hat,lr,12,0.5275237917521927,0.03918641537600287,5.0,
rosy_cheeks,0.671487603305785,0.7904368358913814,iterative,wearing_hat,lr,12,0.6000590318772137,0.0714285714285714,5.0,
sideburns,0.6432282003710575,0.7473098330241188,iterative,wearing_hat,lr,12,0.6473098330241187,-0.004081632653061162,5.0,
smiling,0.8686589190186312,0.934882862940417,iterative,wearing_hat,lr,12,0.863709032773781,0.004949886244850266,5.0,
straight_hair,0.6425108225108225,0.686060606060606,iterative,wearing_hat,lr,12,0.661991341991342,-0.019480519480519543,5.0,
wavy_hair,0.5462932634567093,0.6172071186810787,iterative,wearing_hat,lr,12,0.574134730865815,-0.027841467409105758,5.0,
wearing_earrings,0.6664198445020363,0.7552758237689745,iterative,wearing_hat,lr,12,0.6529063309885228,0.013513513513513487,5.0,
wearing_hat,0.87109375,0.94464111328125,iterative,wearing_hat,lr,12,0.875,-0.00390625,5.0,
wearing_lipstick,0.4682415519399249,0.48474655819774726,iterative,wearing_hat,lr,12,0.49092615769712145,-0.022684605757196552,5.0,
wearing_necklace,0.6172240802675586,0.6906354515050167,iterative,wearing_hat,lr,12,0.5979933110367892,0.019230769230769384,5.0,
wearing_necktie,0.5898290028869642,0.6318010215411947,iterative,wearing_hat,lr,12,0.5761714412613813,0.013657561625582848,5.0,
young,0.8148434622467772,0.8944383057090239,iterative,wearing_hat,lr,12,0.8176058931860037,-0.002762430939226568,5.0,
5_o_clock_shadow,0.6478537360890302,0.6641494435612083,iterative,wearing_hat,pclarc,12,0.5936671966083731,0.0541865394806571,5.0,
arched_eyebrows,0.5817307692307692,0.5654046474358976,iterative,wearing_hat,pclarc,12,0.5336538461538461,0.04807692307692302,5.0,
attractive,0.5050505050505051,0.6248471980956057,iterative,wearing_hat,pclarc,12,0.49868107829891267,0.006369426751592411,5.0,
bags_under_eyes,0.5320917858330562,0.4837046890588626,iterative,wearing_hat,pclarc,12,0.5104755570335883,0.021616228799467896,5.0,
bald,0.7255639097744361,0.794486215538847,iterative,wearing_hat,pclarc,12,0.743421052631579,-0.017857142857142905,5.0,
bangs,0.780952380952381,0.8374873353596758,iterative,wearing_hat,pclarc,12,0.780952380952381,0.0,5.0,
big_lips,0.4995569875151027,0.5020539669754329,iterative,wearing_hat,pclarc,12,0.4759967780910189,0.023560209424083767,5.0,
big_nose,0.5903997962821492,0.6536796536796537,iterative,wearing_hat,pclarc,12,0.6067608861726509,-0.016361089890501668,5.0,
black_hair,0.7482847341337908,0.8488421955403088,iterative,wearing_hat,pclarc,12,0.7118353344768439,0.036449399656946935,5.0,
blond_hair,0.8442113442113441,0.9153069153069153,iterative,wearing_hat,pclarc,12,0.8527583527583528,-0.008547008547008628,5.0,
blurry,0.5577714466603355,0.6549540993985439,iterative,wearing_hat,pclarc,12,0.581829692940804,-0.024058246280468487,5.0,
brown_hair,0.6609648043317745,0.7587989170563623,iterative,wearing_hat,pclarc,12,0.6441053408811224,0.016859463450652146,5.0,
bushy_eyebrows,0.5489675516224188,0.5320058997050148,iterative,wearing_hat,pclarc,12,0.5256637168141592,0.023303834808259594,5.0,
chubby,0.6687392795883362,0.7533233276157805,iterative,wearing_hat,pclarc,12,0.6801029159519726,-0.011363636363636354,5.0,
double_chin,0.643362831858407,0.7474926253687316,iterative,wearing_hat,pclarc,12,0.6389380530973452,0.004424778761061843,5.0,
eyeglasses,0.883864671437866,0.9559438609536202,iterative,wearing_hat,pclarc,12,0.8670415466121386,0.016823124825727342,5.0,
goatee,0.6518304724289837,0.6708187756342093,iterative,wearing_hat,pclarc,12,0.6323864499468328,0.019444022482150936,5.0,
gray_hair,0.884297520661157,0.9515938606847698,iterative,wearing_hat,pclarc,12,0.8884297520661157,-0.004132231404958775,5.0,
heavy_makeup,0.560351966873706,0.6297101449275362,iterative,wearing_hat,pclarc,12,0.5651138716356108,-0.004761904761904745,5.0,
high_cheekbones,0.5188492063492064,0.49051339285714285,iterative,wearing_hat,pclarc,12,0.5223214285714286,-0.00347222222222221,5.0,
male,0.9778481012658228,0.9788814259881168,iterative,wearing_hat,pclarc,12,0.9778481012658228,0.0,5.0,
mouth_slightly_open,0.5576274305342575,0.5546831871434705,iterative,wearing_hat,pclarc,12,0.5481199779181746,0.009507452616082879,5.0,
mustache,0.7493859082094376,0.816677440206852,iterative,wearing_hat,pclarc,12,0.7328377504848094,0.016548157724628254,5.0,
narrow_eyes,0.6641929499072357,0.6393320964749536,iterative,wearing_hat,pclarc,12,0.6289424860853432,0.03525046382189245,5.0,
no_beard,0.5300722305656869,0.5093327612100409,iterative,wearing_hat,pclarc,12,0.5490595723378388,-0.01898734177215189,5.0,
oval_face,0.4980410650801712,0.46180076906333883,iterative,wearing_hat,pclarc,12,0.4896611768120148,0.008379888268156388,5.0,
pale_skin,0.5886356441911997,0.774928774928775,iterative,wearing_hat,pclarc,12,0.6291547958214625,-0.04051915163026276,5.0,
pointy_nose,0.4922813036020583,0.5023584905660378,iterative,wearing_hat,pclarc,12,0.4879931389365352,0.00428816466552312,5.0,
receding_hairline,0.5774398208621011,0.609255458107856,iterative,wearing_hat,pclarc,12,0.5275237917521927,0.049916029109908444,5.0,
rosy_cheeks,0.6694214876033058,0.7815820543093269,iterative,wearing_hat,pclarc,12,0.6000590318772137,0.06936245572609212,5.0,
sideburns,0.6452690166975881,0.7517625231910945,iterative,wearing_hat,pclarc,12,0.6473098330241187,-0.0020408163265306367,5.0,
smiling,0.864385414745127,0.9353747771013958,iterative,wearing_hat,pclarc,12,0.863709032773781,0.0006763819713460073,5.0,
straight_hair,0.6576623376623376,0.6805194805194805,iterative,wearing_hat,pclarc,12,0.661991341991342,-0.0043290043290044045,5.0,
wavy_hair,0.541598427775958,0.628780434545256,iterative,wearing_hat,pclarc,12,0.574134730865815,-0.032536303089857,5.0,
wearing_earrings,0.6732691595705295,0.7604590892262125,iterative,wearing_hat,pclarc,12,0.6529063309885228,0.020362828582006665,5.0,
wearing_hat,0.875,0.94342041015625,iterative,wearing_hat,pclarc,12,0.875,0.0,5.0,
wearing_lipstick,0.4782540675844806,0.4807571964956195,iterative,wearing_hat,pclarc,12,0.49092615769712145,-0.012672090112640866,5.0,
wearing_necklace,0.629933110367893,0.69314381270903,iterative,wearing_hat,pclarc,12,0.5979933110367892,0.0319397993311038,5.0,
wearing_necktie,0.6161447923606485,0.6304685765045525,iterative,wearing_hat,pclarc,12,0.5761714412613813,0.03997335109926714,5.0,
young,0.8159852670349907,0.8942909760589317,iterative,wearing_hat,pclarc,12,0.8176058931860037,-0.0016206261510129938,5.0,
5_o_clock_shadow,0.5891626921038686,0.6584525702172761,fixed_multi,wearing_hat,diff_means,6,0.5936671966083731,-0.0045045045045044585,,6.0
arched_eyebrows,0.5536858974358975,0.5440705128205128,fixed_multi,wearing_hat,diff_means,6,0.5336538461538461,0.020032051282051322,,6.0
attractive,0.5018657916747089,0.6135237727594415,fixed_multi,wearing_hat,diff_means,6,0.49868107829891267,0.003184713375796233,,6.0
bags_under_eyes,0.4972564017292983,0.4709843698037912,fixed_multi,wearing_hat,diff_means,6,0.5104755570335883,-0.013219155304289965,,6.0
bald,0.743421052631579,0.8004385964912281,fixed_multi,wearing_hat,diff_means,6,0.743421052631579,0.0,,6.0
bangs,0.7766970618034448,0.8541033434650455,fixed_multi,wearing_hat,diff_means,6,0.780952380952381,-0.004255319148936176,,6.0
big_lips,0.4838501812323802,0.48521949254933555,fixed_multi,wearing_hat,diff_means,6,0.4759967780910189,0.007853403141361293,,6.0
big_nose,0.6100713012477719,0.6751336898395721,fixed_multi,wearing_hat,diff_means,6,0.6067608861726509,0.003310415075120976,,6.0
black_hair,0.7435677530017153,0.8406946826758148,fixed_multi,wearing_hat,diff_means,6,0.7118353344768439,0.03173241852487141,,6.0
blond_hair,0.8548951048951049,0.9263791763791763,fixed_multi,wearing_hat,diff_means,6,0.8527583527583528,0.002136752136752129,,6.0
blurry,0.5797720797720798,0.6163342830009497,fixed_multi,wearing_hat,diff_means,6,0.581829692940804,-0.002057613168724215,,6.0
brown_hair,0.6420132906719173,0.8097464927393552,fixed_multi,wearing_hat,diff_means,6,0.6441053408811224,-0.0020920502092051096,,6.0
bushy_eyebrows,0.5256637168141592,0.5140117994100295,fixed_multi,wearing_hat,diff_means,6,0.5256637168141592,0.0,,6.0
chubby,0.6777444253859348,0.7447469982847341,fixed_multi,wearing_hat,diff_means,6,0.6801029159519726,-0.002358490566037763,,6.0
double_chin,0.643362831858407,0.7516224188790561,fixed_multi,wearing_hat,diff_means,6,0.6389380530973452,0.004424778761061843,,6.0
eyeglasses,0.8596523840505623,0.9494376800817921,fixed_multi,wearing_hat,diff_means,6,0.8670415466121386,-0.00738916256157629,,6.0
goatee,0.6474251860853714,0.6913261430958529,fixed_multi,wearing_hat,diff_means,6,0.6323864499468328,0.015038736138538567,,6.0
gray_hair,0.884297520661157,0.9675324675324676,fixed_multi,wearing_hat,diff_means,6,0.8884297520661157,-0.004132231404958775,,6.0
heavy_makeup,0.5555900621118013,0.6113871635610767,fixed_multi,wearing_hat,diff_means,6,0.5651138716356108,-0.00952380952380949,,6.0
high_cheekbones,0.5153769841269842,0.478546626984127,fixed_multi,wearing_hat,diff_means,6,0.5223214285714286,-0.00694444444444442,,6.0
male,0.9778481012658228,0.9792043399638337,fixed_multi,wearing_hat,diff_means,6,0.9778481012658228,0.0,,6.0
mouth_slightly_open,0.5481199779181746,0.5690977120775318,fixed_multi,wearing_hat,diff_means,6,0.5481199779181746,0.0,,6.0
mustache,0.7516483516483516,0.8157724628312863,fixed_multi,wearing_hat,diff_means,6,0.7328377504848094,0.018810601163542273,,6.0
narrow_eyes,0.6432282003710575,0.6289424860853432,fixed_multi,wearing_hat,diff_means,6,0.6289424860853432,0.014285714285714346,,6.0
no_beard,0.5405849960666523,0.5023242508760638,fixed_multi,wearing_hat,diff_means,6,0.5490595723378388,-0.008474576271186418,,6.0
oval_face,0.49524776899078576,0.46615395777406954,fixed_multi,wearing_hat,diff_means,6,0.4896611768120148,0.005586592178770944,,6.0
pale_skin,0.6270971826527383,0.7866413421968977,fixed_multi,wearing_hat,diff_means,6,0.6291547958214625,-0.002057613168724215,,6.0
pointy_nose,0.5126500857632933,0.49935677530017153,fixed_multi,wearing_hat,diff_means,6,0.4879931389365352,0.02465694682675812,,6.0
receding_hairline,0.5232319462586303,0.585930210860235,fixed_multi,wearing_hat,diff_means,6,0.5275237917521927,-0.0042918454935623185,,6.0
rosy_cheeks,0.6419716646989374,0.7668240850059033,fixed_multi,wearing_hat,diff_means,6,0.6000590318772137,0.04191263282172375,,6.0
sideburns,0.6452690166975881,0.7554730983302411,fixed_multi,wearing_hat,diff_means,6,0.6473098330241187,-0.0020408163265306367,,6.0
smiling,0.863709032773781,0.9387566869581259,fixed_multi,wearing_hat,diff_means,6,0.863709032773781,0.0,,6.0
straight_hair,0.6263203463203464,0.6581818181818182,fixed_multi,wearing_hat,diff_means,6,0.661991341991342,-0.03567099567099563,,6.0
wavy_hair,0.574134730865815,0.6055246205917676,fixed_multi,wearing_hat,diff_means,6,0.574134730865815,0.0,,6.0
wearing_earrings,0.664321856102678,0.7388621498210539,fixed_multi,wearing_hat,diff_means,6,0.6529063309885228,0.011415525114155223,,6.0
wearing_hat,0.86328125,0.935546875,fixed_multi,wearing_hat,diff_means,6,0.875,-0.01171875,,6.0
wearing_lipstick,0.4876408010012515,0.49499374217772213,fixed_multi,wearing_hat,diff_means,6,0.49092615769712145,-0.0032853566958699343,,6.0
wearing_necklace,0.6280936454849498,0.7081939799331103,fixed_multi,wearing_hat,diff_means,6,0.5979933110367892,0.030100334448160626,,6.0
wearing_necktie,0.5698423273373306,0.5971574505884966,fixed_multi,wearing_hat,diff_means,6,0.5761714412613813,-0.006329113924050667,,6.0
young,0.8231307550644567,0.883609576427256,fixed_multi,wearing_hat,diff_means,6,0.8176058931860037,0.0055248618784529135,,6.0
5_o_clock_shadow,0.5936671966083731,0.6569952305246424,fixed_multi,wearing_hat,lr,6,0.5936671966083731,0.0,,6.0
arched_eyebrows,0.5384615384615384,0.5422676282051282,fixed_multi,wearing_hat,lr,6,0.5336538461538461,0.004807692307692291,,6.0
attractive,0.5018657916747089,0.6043878273177636,fixed_multi,wearing_hat,lr,6,0.49868107829891267,0.003184713375796233,,6.0
bags_under_eyes,0.48370468905886266,0.484785500498836,fixed_multi,wearing_hat,lr,6,0.5104755570335883,-0.02677086797472561,,6.0
bald,0.743421052631579,0.7996553884711779,fixed_multi,wearing_hat,lr,6,0.743421052631579,0.0,,6.0
bangs,0.780952380952381,0.8502532928064843,fixed_multi,wearing_hat,lr,6,0.780952380952381,0.0,,6.0
big_lips,0.4759967780910189,0.48626661296818363,fixed_multi,wearing_hat,lr,6,0.4759967780910189,0.0,,6.0
big_nose,0.6116628469569646,0.6749427043544691,fixed_multi,wearing_hat,lr,6,0.6067608861726509,0.004901960784313708,,6.0
black_hair,0.7208404802744426,0.8432675814751287,fixed_multi,wearing_hat,lr,6,0.7118353344768439,0.009005145797598701,,6.0
blond_hair,0.8527583527583528,0.9263791763791763,fixed_multi,wearing_hat,lr,6,0.8527583527583528,0.0,,6.0
blurry,0.6182336182336182,0.6213991769547325,fixed_multi,wearing_hat,lr,6,0.581829692940804,0.03640392529281422,,6.0
brown_hair,0.6461973910903274,0.813684469603741,fixed_multi,wearing_hat,lr,6,0.6441053408811224,0.0020920502092049986,,6.0
bushy_eyebrows,0.5234513274336283,0.5159292035398231,fixed_multi,wearing_hat,lr,6,0.5256637168141592,-0.0022123893805309214,,6.0
chubby,0.6824614065180102,0.7467838765008576,fixed_multi,wearing_hat,lr,6,0.6801029159519726,0.002358490566037652,,6.0
double_chin,0.6411504424778761,0.7492625368731564,fixed_multi,wearing_hat,lr,6,0.6389380530973452,0.0022123893805309214,,6.0
eyeglasses,0.8621154382377545,0.9499953527279488,fixed_multi,wearing_hat,lr,6,0.8670415466121386,-0.004926108374384119,,6.0
goatee,0.6518304724289837,0.6873765760291661,fixed_multi,wearing_hat,lr,6,0.6323864499468328,0.019444022482150936,,6.0
gray_hair,0.8946280991735538,0.9675324675324675,fixed_multi,wearing_hat,lr,6,0.8884297520661157,0.006198347107438051,,6.0
heavy_makeup,0.5651138716356108,0.6114906832298136,fixed_multi,wearing_hat,lr,6,0.5651138716356108,0.0,,6.0
high_cheekbones,0.5223214285714286,0.47526041666666663,fixed_multi,wearing_hat,lr,6,0.5223214285714286,0.0,,6.0
male,0.9778481012658228,0.9781064324463964,fixed_multi,wearing_hat,lr,6,0.9778481012658228,0.0,,6.0
mouth_slightly_open,0.5481199779181746,0.5683003128258602,fixed_multi,wearing_hat,lr,6,0.5481199779181746,0.0,,6.0
mustache,0.7448610213316096,0.8131868131868132,fixed_multi,wearing_hat,lr,6,0.7328377504848094,0.012023270846800216,,6.0
narrow_eyes,0.6289424860853432,0.6500927643784786,fixed_multi,wearing_hat,lr,6,0.6289424860853432,0.0,,6.0
no_beard,0.5490595723378388,0.5050418365157692,fixed_multi,wearing_hat,lr,6,0.5490595723378388,0.0,,6.0
oval_face,0.4896611768120148,0.464993107451208,fixed_multi,wearing_hat,lr,6,0.4896611768120148,0.0,,6.0
pale_skin,0.625039569484014,0.7736625514403292,fixed_multi,wearing_hat,lr,6,0.6291547958214625,-0.004115226337448541,,6.0
pointy_nose,0.5036449399656947,0.5025728987993139,fixed_multi,wearing_hat,lr,6,0.4879931389365352,0.01565180102915953,,6.0
receding_hairline,0.5253778690054115,0.5838775891024445,fixed_multi,wearing_hat,lr,6,0.5275237917521927,-0.0021459227467811592,,6.0
rosy_cheeks,0.602125147579693,0.7600354191263282,fixed_multi,wearing_hat,lr,6,0.6000590318772137,0.0020661157024793875,,6.0
sideburns,0.6493506493506493,0.7525046382189239,fixed_multi,wearing_hat,lr,6,0.6473098330241187,0.0020408163265306367,,6.0
smiling,0.863709032773781,0.9400479616306955,fixed_multi,wearing_hat,lr,6,0.863709032773781,0.0,,6.0
straight_hair,0.661991341991342,0.6611255411255412,fixed_multi,wearing_hat,lr,6,0.661991341991342,0.0,,6.0
wavy_hair,0.574134730865815,0.6146959275030025,fixed_multi,wearing_hat,lr,6,0.574134730865815,0.0,,6.0
wearing_earrings,0.6529063309885228,0.735653461680859,fixed_multi,wearing_hat,lr,6,0.6529063309885228,0.0,,6.0
wearing_hat,0.87109375,0.9366455078125,fixed_multi,wearing_hat,lr,6,0.875,-0.00390625,,6.0
wearing_lipstick,0.48826658322903627,0.49014392991239053,fixed_multi,wearing_hat,lr,6,0.49092615769712145,-0.0026595744680851796,,6.0
wearing_necklace,0.6215719063545151,0.7035117056856187,fixed_multi,wearing_hat,lr,6,0.5979933110367892,0.02357859531772588,,6.0
wearing_necktie,0.5719520319786808,0.5967133022429492,fixed_multi,wearing_hat,lr,6,0.5761714412613813,-0.0042194092827004814,,6.0
young,0.81646408839779,0.8860405156537753,fixed_multi,wearing_hat,lr,6,0.8176058931860037,-0.001141804788213685,,6.0
5_o_clock_shadow,0.5879703232644409,0.6558028616852146,fixed_multi,wearing_hat,pclarc,6,0.5936671966083731,-0.005696873343932207,,6.0
arched_eyebrows,0.5328525641025641,0.5403645833333333,fixed_multi,wearing_hat,pclarc,6,0.5336538461538461,-0.0008012820512820484,,6.0
attractive,0.49868107829891267,0.6137167856913079,fixed_multi,wearing_hat,pclarc,6,0.49868107829891267,0.0,,6.0
bags_under_eyes,0.502411040904556,0.48786165613568333,fixed_multi,wearing_hat,pclarc,6,0.5104755570335883,-0.008064516129032251,,6.0
bald,0.7634711779448622,0.793389724310777,fixed_multi,wearing_hat,pclarc,6,0.743421052631579,0.020050125313283207,,6.0
bangs,0.780952380952381,0.8532928064842957,fixed_multi,wearing_hat,pclarc,6,0.780952380952381,0.0,,6.0
big_lips,0.48368908578332664,0.4827225130890052,fixed_multi,wearing_hat,pclarc,6,0.4759967780910189,0.0076923076923077205,,6.0
big_nose,0.6018589253883372,0.6730965113318055,fixed_multi,wearing_hat,pclarc,6,0.6067608861726509,-0.004901960784313708,,6.0
black_hair,0.7099056603773585,0.8460548885077187,fixed_multi,wearing_hat,pclarc,6,0.7118353344768439,-0.0019296740994854122,,6.0
blond_hair,0.8548951048951049,0.9232711732711733,fixed_multi,wearing_hat,pclarc,6,0.8527583527583528,0.002136752136752129,,6.0
blurry,0.5598290598290598,0.5925925925925927,fixed_multi,wearing_hat,pclarc,6,0.581829692940804,-0.02200063311174416,,6.0
brown_hair,0.6378291902535073,0.8144228402658135,fixed_multi,wearing_hat,pclarc,6,0.6441053408811224,-0.006276150627615107,,6.0
bushy_eyebrows,0.5256637168141592,0.5278761061946903,fixed_multi,wearing_hat,pclarc,6,0.5256637168141592,0.0,,6.0
chubby,0.6824614065180102,0.7560034305317324,fixed_multi,wearing_hat,pclarc,6,0.6801029159519726,0.002358490566037652,,6.0
double_chin,0.6256637168141593,0.7408554572271386,fixed_multi,wearing_hat,pclarc,6,0.6389380530973452,-0.013274336283185861,,6.0
eyeglasses,0.8768937633609072,0.9563156427177247,fixed_multi,wearing_hat,pclarc,6,0.8670415466121386,0.009852216748768572,,6.0
goatee,0.5934984049825308,0.6703630563572839,fixed_multi,wearing_hat,pclarc,6,0.6323864499468328,-0.03888804496430198,,6.0
gray_hair,0.890495867768595,0.9657615112160567,fixed_multi,wearing_hat,pclarc,6,0.8884297520661157,0.0020661157024792765,,6.0
heavy_makeup,0.5780538302277433,0.6048654244306418,fixed_multi,wearing_hat,pclarc,6,0.5651138716356108,0.012939958592132483,,6.0
high_cheekbones,0.5248015873015873,0.47836061507936506,fixed_multi,wearing_hat,pclarc,6,0.5223214285714286,0.0024801587301587213,,6.0
male,0.9778481012658228,0.9773314389046757,fixed_multi,wearing_hat,pclarc,6,0.9778481012658228,0.0,,6.0
mouth_slightly_open,0.5377231184444581,0.5713672330245967,fixed_multi,wearing_hat,pclarc,6,0.5481199779181746,-0.010396859473716491,,6.0
mustache,0.7305753070458954,0.8071105365223012,fixed_multi,wearing_hat,pclarc,6,0.7328377504848094,-0.002262443438914019,,6.0
narrow_eyes,0.6207792207792208,0.6430426716141002,fixed_multi,wearing_hat,pclarc,6,0.6289424860853432,-0.008163265306122436,,6.0
no_beard,0.5462347135807767,0.5023242508760638,fixed_multi,wearing_hat,pclarc,6,0.5490595723378388,-0.0028248587570620654,,6.0
oval_face,0.4868678807226293,0.46274395995066386,fixed_multi,wearing_hat,pclarc,6,0.4896611768120148,-0.0027932960893854997,,6.0
pale_skin,0.6312124089901867,0.776511554289332,fixed_multi,wearing_hat,pclarc,6,0.6291547958214625,0.002057613168724215,,6.0
pointy_nose,0.483704974271012,0.5021440823327616,fixed_multi,wearing_hat,pclarc,6,0.4879931389365352,-0.004288164665523175,,6.0
receding_hairline,0.5361074827393171,0.5773465198731107,fixed_multi,wearing_hat,pclarc,6,0.5275237917521927,0.008583690987124415,,6.0
rosy_cheeks,0.6570247933884297,0.7461629279811097,fixed_multi,wearing_hat,pclarc,6,0.6000590318772137,0.05696576151121602,,6.0
sideburns,0.6411873840445269,0.7551020408163266,fixed_multi,wearing_hat,pclarc,6,0.6473098330241187,-0.006122448979591799,,6.0
smiling,0.8551620242267723,0.9372809444751892,fixed_multi,wearing_hat,pclarc,6,0.863709032773781,-0.008547008547008628,,6.0
straight_hair,0.6646753246753248,0.6649350649350649,fixed_multi,wearing_hat,pclarc,6,0.661991341991342,0.002683982683982733,,6.0
wavy_hair,0.5764821487061906,0.6272518833933836,fixed_multi,wearing_hat,pclarc,6,0.574134730865815,0.0023474178403756207,,6.0
wearing_earrings,0.6460570159200296,0.7245464642724917,fixed_multi,wearing_hat,pclarc,6,0.6529063309885228,-0.006849315068493178,,6.0
wearing_hat,0.87109375,0.93701171875,fixed_multi,wearing_hat,pclarc,6,0.875,-0.00390625,,6.0
wearing_lipstick,0.4856070087609512,0.46808510638297873,fixed_multi,wearing_hat,pclarc,6,0.49092615769712145,-0.005319148936170248,,6.0
wearing_necklace,0.5744147157190636,0.6948160535117057,fixed_multi,wearing_hat,pclarc,6,0.5979933110367892,-0.02357859531772566,,6.0
wearing_necktie,0.5919387075283145,0.6049300466355763,fixed_multi,wearing_hat,pclarc,6,0.5761714412613813,0.015767266266933144,,6.0
young,0.8176058931860037,0.8853038674033149,fixed_multi,wearing_hat,pclarc,6,0.8176058931860037,0.0,,6.0
5_o_clock_shadow,0.5936671966083731,0.6571277159512453,iterative_all_layers,wearing_hat,lr,0,0.5936671966083731,0.0,2.0,
arched_eyebrows,0.530448717948718,0.5454727564102564,iterative_all_layers,wearing_hat,lr,0,0.5336538461538461,-0.0032051282051281937,2.0,
attractive,0.5018657916747089,0.6098565270539793,iterative_all_layers,wearing_hat,lr,0,0.49868107829891267,0.003184713375796233,2.0,
bags_under_eyes,0.49983372131692716,0.4827901563019621,iterative_all_layers,wearing_hat,lr,0,0.5104755570335883,-0.010641835716661108,2.0,
bald,0.743421052631579,0.7968358395989975,iterative_all_layers,wearing_hat,lr,0,0.743421052631579,0.0,2.0,
bangs,0.780952380952381,0.851063829787234,iterative_all_layers,wearing_hat,lr,0,0.780952380952381,0.0,2.0,
big_lips,0.4786145791381393,0.48570277889649627,iterative_all_layers,wearing_hat,lr,0,0.4759967780910189,0.002617801047120394,2.0,
big_nose,0.6116628469569646,0.674942704354469,iterative_all_layers,wearing_hat,lr,0,0.6067608861726509,0.004901960784313708,2.0,
black_hair,0.725557461406518,0.8429459691252145,iterative_all_layers,wearing_hat,lr,0,0.7118353344768439,0.013722126929674117,2.0,
blond_hair,0.8527583527583528,0.9261849261849262,iterative_all_layers,wearing_hat,lr,0,0.8527583527583528,0.0,2.0,
blurry,0.5838873061095283,0.6039886039886041,iterative_all_layers,wearing_hat,lr,0,0.581829692940804,0.002057613168724326,2.0,
brown_hair,0.6420132906719173,0.8099926162933792,iterative_all_layers,wearing_hat,lr,0,0.6441053408811224,-0.0020920502092051096,2.0,
bushy_eyebrows,0.5256637168141592,0.51976401179941,iterative_all_layers,wearing_hat,lr,0,0.5256637168141592,0.0,2.0,
chubby,0.6801029159519726,0.7498927958833619,iterative_all_layers,wearing_hat,lr,0,0.6801029159519726,0.0,2.0,
double_chin,0.6389380530973452,0.742330383480826,iterative_all_layers,wearing_hat,lr,0,0.6389380530973452,0.0,2.0,
eyeglasses,0.8764755088762897,0.9519472069894972,iterative_all_layers,wearing_hat,lr,0,0.8670415466121386,0.009433962264151052,2.0,
goatee,0.6496278292571775,0.6849460732188971,iterative_all_layers,wearing_hat,lr,0,0.6323864499468328,0.01724137931034475,2.0,
gray_hair,0.8884297520661157,0.9669421487603306,iterative_all_layers,wearing_hat,lr,0,0.8884297520661157,0.0,2.0,
heavy_makeup,0.5627329192546584,0.6076604554865425,iterative_all_layers,wearing_hat,lr,0,0.5651138716356108,-0.0023809523809523725,2.0,
high_cheekbones,0.5178571428571429,0.4771205357142857,iterative_all_layers,wearing_hat,lr,0,0.5223214285714286,-0.004464285714285698,2.0,
male,0.9778481012658228,0.9777835184706796,iterative_all_layers,wearing_hat,lr,0,0.9778481012658228,0.0,2.0,
mouth_slightly_open,0.5397166165736368,0.5643133165675028,iterative_all_layers,wearing_hat,lr,0,0.5481199779181746,-0.008403361344537785,2.0,
mustache,0.7351001939237234,0.8104718810601163,iterative_all_layers,wearing_hat,lr,0,0.7328377504848094,0.002262443438914019,2.0,
narrow_eyes,0.6269016697588126,0.638961038961039,iterative_all_layers,wearing_hat,lr,0,0.6289424860853432,-0.0020408163265306367,2.0,
no_beard,0.5518844310949009,0.5046842594579133,iterative_all_layers,wearing_hat,lr,0,0.5490595723378388,0.0028248587570621764,2.0,
oval_face,0.4896611768120148,0.46361459769281,iterative_all_layers,wearing_hat,lr,0,0.4896611768120148,0.0,2.0,
pale_skin,0.6270971826527383,0.769863880974992,iterative_all_layers,wearing_hat,lr,0,0.6291547958214625,-0.002057613168724215,2.0,
pointy_nose,0.4879931389365352,0.49914236706689535,iterative_all_layers,wearing_hat,lr,0,0.4879931389365352,0.0,2.0,
receding_hairline,0.5492629221869751,0.5818249673446538,iterative_all_layers,wearing_hat,lr,0,0.5275237917521927,0.021739130434782483,2.0,
rosy_cheeks,0.5979929161747344,0.7532467532467533,iterative_all_layers,wearing_hat,lr,0,0.6000590318772137,-0.0020661157024792765,2.0,
sideburns,0.6391465677179963,0.7584415584415585,iterative_all_layers,wearing_hat,lr,0,0.6473098330241187,-0.008163265306122436,2.0,
smiling,0.863709032773781,0.938141794256902,iterative_all_layers,wearing_hat,lr,0,0.863709032773781,0.0,2.0,
straight_hair,0.661991341991342,0.6587012987012987,iterative_all_layers,wearing_hat,lr,0,0.661991341991342,0.0,2.0,
wavy_hair,0.5717873130254395,0.61840812315755,iterative_all_layers,wearing_hat,lr,0,0.574134730865815,-0.0023474178403755097,2.0,
wearing_earrings,0.6529063309885228,0.7315808959644576,iterative_all_layers,wearing_hat,lr,0,0.6529063309885228,0.0,2.0,
wearing_hat,0.87109375,0.9375,iterative_all_layers,wearing_hat,lr,0,0.875,-0.00390625,2.0,
wearing_lipstick,0.4856070087609512,0.48083541927409257,iterative_all_layers,wearing_hat,lr,0,0.49092615769712145,-0.005319148936170248,2.0,
wearing_necklace,0.5914715719063545,0.7005016722408026,iterative_all_layers,wearing_hat,lr,0,0.5979933110367892,-0.006521739130434745,2.0,
wearing_necktie,0.5656229180546303,0.599822340661781,iterative_all_layers,wearing_hat,lr,0,0.5761714412613813,-0.010548523206751037,2.0,
young,0.8176058931860037,0.885598526703499,iterative_all_layers,wearing_hat,lr,0,0.8176058931860037,0.0,2.0,
5_o_clock_shadow,0.5891626921038686,0.6596449390567037,iterative_all_layers,wearing_hat,lr,1,0.5936671966083731,-0.0045045045045044585,2.0,
arched_eyebrows,0.5376602564102564,0.5450721153846154,iterative_all_layers,wearing_hat,lr,1,0.5336538461538461,0.004006410256410242,2.0,
attractive,0.5018657916747089,0.6099852023418901,iterative_all_layers,wearing_hat,lr,1,0.49868107829891267,0.003184713375796233,2.0,
bags_under_eyes,0.5078982374459594,0.4806285334220153,iterative_all_layers,wearing_hat,lr,1,0.5104755570335883,-0.002577319587628857,2.0,
bald,0.743421052631579,0.7988721804511278,iterative_all_layers,wearing_hat,lr,1,0.743421052631579,0.0,2.0,
bangs,0.7766970618034448,0.8494427558257345,iterative_all_layers,wearing_hat,lr,1,0.780952380952381,-0.004255319148936176,2.0,
big_lips,0.4786145791381393,0.4837696335078534,iterative_all_layers,wearing_hat,lr,1,0.4759967780910189,0.002617801047120394,2.0,
big_nose,0.6035141329258976,0.6764069264069265,iterative_all_layers,wearing_hat,lr,1,0.6067608861726509,-0.0032467532467532756,2.0,
black_hair,0.7208404802744426,0.8411234991423671,iterative_all_layers,wearing_hat,lr,1,0.7118353344768439,0.009005145797598701,2.0,
blond_hair,0.8527583527583528,0.9261849261849262,iterative_all_layers,wearing_hat,lr,1,0.8527583527583528,0.0,2.0,
blurry,0.553656220322887,0.6084203861981641,iterative_all_layers,wearing_hat,lr,1,0.581829692940804,-0.028173472617917028,2.0,
brown_hair,0.6357371400443023,0.8119616047255723,iterative_all_layers,wearing_hat,lr,1,0.6441053408811224,-0.008368200836820106,2.0,
bushy_eyebrows,0.5278761061946903,0.5182890855457227,iterative_all_layers,wearing_hat,lr,1,0.5256637168141592,0.0022123893805310324,2.0,
chubby,0.6801029159519726,0.7518224699828473,iterative_all_layers,wearing_hat,lr,1,0.6801029159519726,0.0,2.0,
double_chin,0.6345132743362832,0.7433628318584071,iterative_all_layers,wearing_hat,lr,1,0.6389380530973452,-0.004424778761061954,2.0,
eyeglasses,0.8740124546890975,0.9520401524305233,iterative_all_layers,wearing_hat,lr,1,0.8670415466121386,0.006970908076958882,2.0,
goatee,0.6646665653957162,0.6844903539419718,iterative_all_layers,wearing_hat,lr,1,0.6323864499468328,0.03228011544888343,2.0,
gray_hair,0.8925619834710744,0.9639905548996458,iterative_all_layers,wearing_hat,lr,1,0.8884297520661157,0.004132231404958664,2.0,
heavy_makeup,0.5698757763975155,0.6094202898550725,iterative_all_layers,wearing_hat,lr,1,0.5651138716356108,0.004761904761904745,2.0,
high_cheekbones,0.5257936507936508,0.47705853174603174,iterative_all_layers,wearing_hat,lr,1,0.5223214285714286,0.00347222222222221,2.0,
male,0.9778481012658228,0.9776543528803927,iterative_all_layers,wearing_hat,lr,1,0.9778481012658228,0.0,2.0,
mouth_slightly_open,0.5439182972459057,0.5678096055940623,iterative_all_layers,wearing_hat,lr,1,0.5481199779181746,-0.004201680672268893,2.0,
mustache,0.7403361344537815,0.8080155138978669,iterative_all_layers,wearing_hat,lr,1,0.7328377504848094,0.007498383968972178,2.0,
narrow_eyes,0.6411873840445269,0.6293135435992578,iterative_all_layers,wearing_hat,lr,1,0.6289424860853432,0.01224489795918371,2.0,
no_beard,0.5518844310949009,0.5044697132231997,iterative_all_layers,wearing_hat,lr,1,0.5490595723378388,0.0028248587570621764,2.0,
oval_face,0.49245447290140026,0.46252630051512733,iterative_all_layers,wearing_hat,lr,1,0.4896611768120148,0.002793296089385444,2.0,
pale_skin,0.6291547958214625,0.7660652105096549,iterative_all_layers,wearing_hat,lr,1,0.6291547958214625,0.0,2.0,
pointy_nose,0.4879931389365352,0.49635506003430535,iterative_all_layers,wearing_hat,lr,1,0.4879931389365352,0.0,2.0,
receding_hairline,0.5449710766934129,0.581451763388692,iterative_all_layers,wearing_hat,lr,1,0.5275237917521927,0.017447284941220276,2.0,
rosy_cheeks,0.5979929161747344,0.7547225501770956,iterative_all_layers,wearing_hat,lr,1,0.6000590318772137,-0.0020661157024792765,2.0,
sideburns,0.6411873840445269,0.7565862708719853,iterative_all_layers,wearing_hat,lr,1,0.6473098330241187,-0.006122448979591799,2.0,
smiling,0.863709032773781,0.9396790260099613,iterative_all_layers,wearing_hat,lr,1,0.863709032773781,0.0,2.0,
straight_hair,0.6576623376623376,0.658008658008658,iterative_all_layers,wearing_hat,lr,1,0.661991341991342,-0.0043290043290044045,2.0,
wavy_hair,0.5717873130254395,0.6149142919532701,iterative_all_layers,wearing_hat,lr,1,0.574134730865815,-0.0023474178403755097,2.0,
wearing_earrings,0.6529063309885228,0.726027397260274,iterative_all_layers,wearing_hat,lr,1,0.6529063309885228,0.0,2.0,
wearing_hat,0.87109375,0.93878173828125,iterative_all_layers,wearing_hat,lr,1,0.875,-0.00390625,2.0,
wearing_lipstick,0.4776282853566959,0.48318210262828537,iterative_all_layers,wearing_hat,lr,1,0.49092615769712145,-0.013297872340425565,2.0,
wearing_necklace,0.5849498327759197,0.697324414715719,iterative_all_layers,wearing_hat,lr,1,0.5979933110367892,-0.01304347826086949,2.0,
wearing_necktie,0.5550743948478792,0.6102598267821452,iterative_all_layers,wearing_hat,lr,1,0.5761714412613813,-0.021097046413502074,2.0,
young,0.8176058931860037,0.8855985267034991,iterative_all_layers,wearing_hat,lr,1,0.8176058931860037,0.0,2.0,
5_o_clock_shadow,0.6016163222045575,0.6595124536301007,iterative_all_layers,wearing_hat,lr,2,0.5936671966083731,0.007949125596184436,2.0,
arched_eyebrows,0.5456730769230769,0.5506810897435898,iterative_all_layers,wearing_hat,lr,2,0.5336538461538461,0.012019230769230727,2.0,
attractive,0.5018657916747089,0.6067039825001609,iterative_all_layers,wearing_hat,lr,2,0.49868107829891267,0.003184713375796233,2.0,
bags_under_eyes,0.5053209178583306,0.4802128367143332,iterative_all_layers,wearing_hat,lr,2,0.5104755570335883,-0.005154639175257714,2.0,
bald,0.743421052631579,0.8004385964912282,iterative_all_layers,wearing_hat,lr,2,0.743421052631579,0.0,2.0,
bangs,0.780952380952381,0.8490374873353597,iterative_all_layers,wearing_hat,lr,2,0.780952380952381,0.0,2.0,
big_lips,0.4759967780910189,0.4803060813532018,iterative_all_layers,wearing_hat,lr,2,0.4759967780910189,0.0,2.0,
big_nose,0.6084160937102113,0.6722689075630253,iterative_all_layers,wearing_hat,lr,2,0.6067608861726509,0.0016552075375604325,2.0,
black_hair,0.7137650085763293,0.8430531732418525,iterative_all_layers,wearing_hat,lr,2,0.7118353344768439,0.0019296740994854122,2.0,
blond_hair,0.8506216006216006,0.9289044289044289,iterative_all_layers,wearing_hat,lr,2,0.8527583527583528,-0.002136752136752129,2.0,
blurry,0.5557138334916113,0.615068059512504,iterative_all_layers,wearing_hat,lr,2,0.581829692940804,-0.026115859449192702,2.0,
brown_hair,0.6378291902535073,0.8085158749692346,iterative_all_layers,wearing_hat,lr,2,0.6441053408811224,-0.006276150627615107,2.0,
bushy_eyebrows,0.5134218289085546,0.5174041297935104,iterative_all_layers,wearing_hat,lr,2,0.5256637168141592,-0.012241887905604654,2.0,
chubby,0.6824614065180102,0.7495711835334476,iterative_all_layers,wearing_hat,lr,2,0.6801029159519726,0.002358490566037652,2.0,
double_chin,0.6477876106194691,0.7426253687315635,iterative_all_layers,wearing_hat,lr,2,0.6389380530973452,0.008849557522123908,2.0,
eyeglasses,0.8809833627660564,0.9503671344920531,iterative_all_layers,wearing_hat,lr,2,0.8670415466121386,0.013941816153917763,2.0,
goatee,0.6646665653957162,0.6846422603676134,iterative_all_layers,wearing_hat,lr,2,0.6323864499468328,0.03228011544888343,2.0,
gray_hair,0.8946280991735538,0.9616292798110979,iterative_all_layers,wearing_hat,lr,2,0.8884297520661157,0.006198347107438051,2.0,
heavy_makeup,0.5722567287784679,0.6128364389233956,iterative_all_layers,wearing_hat,lr,2,0.5651138716356108,0.0071428571428571175,2.0,
high_cheekbones,0.5302579365079365,0.47550843253968256,iterative_all_layers,wearing_hat,lr,2,0.5223214285714286,0.007936507936507908,2.0,
male,0.9778481012658228,0.9778481012658228,iterative_all_layers,wearing_hat,lr,2,0.9778481012658228,0.0,2.0,
mouth_slightly_open,0.5548672023553948,0.5673188983622646,iterative_all_layers,wearing_hat,lr,2,0.5481199779181746,0.006747224437220201,2.0,
mustache,0.7546218487394958,0.8117647058823529,iterative_all_layers,wearing_hat,lr,2,0.7328377504848094,0.021784098254686413,2.0,
narrow_eyes,0.6018552875695733,0.6230055658627087,iterative_all_layers,wearing_hat,lr,2,0.6289424860853432,-0.027087198515769906,2.0,
no_beard,0.5490595723378388,0.5059715368661948,iterative_all_layers,wearing_hat,lr,2,0.5490595723378388,0.0,2.0,
oval_face,0.49245447290140026,0.46245374736994843,iterative_all_layers,wearing_hat,lr,2,0.4896611768120148,0.002793296089385444,2.0,
pale_skin,0.6270971826527383,0.7600506489395378,iterative_all_layers,wearing_hat,lr,2,0.6291547958214625,-0.002057613168724215,2.0,
pointy_nose,0.47855917667238423,0.4923885077186963,iterative_all_layers,wearing_hat,lr,2,0.4879931389365352,-0.009433962264150941,2.0,
receding_hairline,0.5492629221869751,0.5902220563537973,iterative_all_layers,wearing_hat,lr,2,0.5275237917521927,0.021739130434782483,2.0,
rosy_cheeks,0.6673553719008265,0.7618063754427391,iterative_all_layers,wearing_hat,lr,2,0.6000590318772137,0.06729634002361284,2.0,
sideburns,0.6350649350649351,0.7539888682745826,iterative_all_layers,wearing_hat,lr,2,0.6473098330241187,-0.012244897959183598,2.0,
smiling,0.8594355285002767,0.9397405152800836,iterative_all_layers,wearing_hat,lr,2,0.863709032773781,-0.004273504273504258,2.0,
straight_hair,0.6333333333333333,0.6555844155844156,iterative_all_layers,wearing_hat,lr,2,0.661991341991342,-0.028658008658008716,2.0,
wavy_hair,0.5485314990719511,0.6073807184190413,iterative_all_layers,wearing_hat,lr,2,0.574134730865815,-0.025603231793863923,2.0,
wearing_earrings,0.6551894360113538,0.7262742194249043,iterative_all_layers,wearing_hat,lr,2,0.6529063309885228,0.0022831050228310223,2.0,
wearing_hat,0.875,0.9383544921875,iterative_all_layers,wearing_hat,lr,2,0.875,0.0,2.0,
wearing_lipstick,0.49561952440550683,0.4861545682102628,iterative_all_layers,wearing_hat,lr,2,0.49092615769712145,0.0046933667083853825,2.0,
wearing_necklace,0.5849498327759197,0.6887959866220735,iterative_all_layers,wearing_hat,lr,2,0.5979933110367892,-0.01304347826086949,2.0,
wearing_necktie,0.5592938041305796,0.6258050188763047,iterative_all_layers,wearing_hat,lr,2,0.5761714412613813,-0.016877637130801704,2.0,
young,0.8231307550644567,0.8842725598526704,iterative_all_layers,wearing_hat,lr,2,0.8176058931860037,0.0055248618784529135,2.0,
5_o_clock_shadow,0.6038685744568097,0.6526232114467408,iterative_all_layers,wearing_hat,lr,3,0.5936671966083731,0.010201377848436666,2.0,
arched_eyebrows,0.5400641025641025,0.5436698717948718,iterative_all_layers,wearing_hat,lr,3,0.5336538461538461,0.0064102564102563875,2.0,
attractive,0.5069162967252139,0.6054172296210513,iterative_all_layers,wearing_hat,lr,3,0.49868107829891267,0.008235218426301205,2.0,
bags_under_eyes,0.497588959095444,0.47115064848686394,iterative_all_layers,wearing_hat,lr,3,0.5104755570335883,-0.012886597938144284,2.0,
bald,0.743421052631579,0.8054511278195489,iterative_all_layers,wearing_hat,lr,3,0.743421052631579,0.0,2.0,
bangs,0.7766970618034448,0.8474164133738602,iterative_all_layers,wearing_hat,lr,3,0.780952380952381,-0.004255319148936176,2.0,
big_lips,0.47076117599677814,0.48191703584373735,iterative_all_layers,wearing_hat,lr,3,0.4759967780910189,-0.005235602094240788,2.0,
big_nose,0.6067608861726509,0.674942704354469,iterative_all_layers,wearing_hat,lr,3,0.6067608861726509,0.0,2.0,
black_hair,0.7251286449399656,0.8365137221269296,iterative_all_layers,wearing_hat,lr,3,0.7118353344768439,0.013293310463121766,2.0,
blond_hair,0.8733488733488733,0.9302641802641802,iterative_all_layers,wearing_hat,lr,3,0.8527583527583528,0.020590520590520578,2.0,
blurry,0.5515986071541628,0.6312124089901868,iterative_all_layers,wearing_hat,lr,3,0.581829692940804,-0.030231085786641243,2.0,
brown_hair,0.6672409549593896,0.8085158749692345,iterative_all_layers,wearing_hat,lr,3,0.6441053408811224,0.023135614078267253,2.0,
bushy_eyebrows,0.5156342182890855,0.5171091445427728,iterative_all_layers,wearing_hat,lr,3,0.5256637168141592,-0.010029498525073732,2.0,
chubby,0.6824614065180102,0.7451758147512865,iterative_all_layers,wearing_hat,lr,3,0.6801029159519726,0.002358490566037652,2.0,
double_chin,0.65,0.744542772861357,iterative_all_layers,wearing_hat,lr,3,0.6389380530973452,0.011061946902654829,2.0,
eyeglasses,0.8616971837531369,0.9465563714099823,iterative_all_layers,wearing_hat,lr,3,0.8670415466121386,-0.00534436285900175,2.0,
goatee,0.6430198997417591,0.6887437338599423,iterative_all_layers,wearing_hat,lr,3,0.6323864499468328,0.010633449794926308,2.0,
gray_hair,0.8822314049586777,0.9645808736717828,iterative_all_layers,wearing_hat,lr,3,0.8884297520661157,-0.006198347107438051,2.0,
heavy_makeup,0.5627329192546584,0.6110766045548655,iterative_all_layers,wearing_hat,lr,3,0.5651138716356108,-0.0023809523809523725,2.0,
high_cheekbones,0.5267857142857143,0.4812748015873016,iterative_all_layers,wearing_hat,lr,3,0.5223214285714286,0.004464285714285698,2.0,
male,0.9778481012658228,0.9795918367346939,iterative_all_layers,wearing_hat,lr,3,0.9778481012658228,0.0,2.0,
mouth_slightly_open,0.5512175673188984,0.5645586701834019,iterative_all_layers,wearing_hat,lr,3,0.5481199779181746,0.003097589400723799,2.0,
mustache,0.7546218487394958,0.8126696832579186,iterative_all_layers,wearing_hat,lr,3,0.7328377504848094,0.021784098254686413,2.0,
narrow_eyes,0.6059369202226346,0.6029684601113173,iterative_all_layers,wearing_hat,lr,3,0.6289424860853432,-0.023005565862708632,2.0,
no_beard,0.5462347135807767,0.49839090323964813,iterative_all_layers,wearing_hat,lr,3,0.5490595723378388,-0.0028248587570620654,2.0,
oval_face,0.4980410650801712,0.46042225930494085,iterative_all_layers,wearing_hat,lr,3,0.4896611768120148,0.008379888268156388,2.0,
pale_skin,0.5927508705286483,0.7676479898702121,iterative_all_layers,wearing_hat,lr,3,0.6291547958214625,-0.03640392529281422,2.0,
pointy_nose,0.49463979416809606,0.4952830188679246,iterative_all_layers,wearing_hat,lr,3,0.4879931389365352,0.006646655231560883,2.0,
receding_hairline,0.5471169994401941,0.5889158425079305,iterative_all_layers,wearing_hat,lr,3,0.5275237917521927,0.019593207688001435,2.0,
rosy_cheeks,0.6694214876033058,0.7750885478158206,iterative_all_layers,wearing_hat,lr,3,0.6000590318772137,0.06936245572609212,2.0,
sideburns,0.6330241187384045,0.7595547309833025,iterative_all_layers,wearing_hat,lr,3,0.6473098330241187,-0.014285714285714235,2.0,
smiling,0.863709032773781,0.9395560474697165,iterative_all_layers,wearing_hat,lr,3,0.863709032773781,0.0,2.0,
straight_hair,0.6219913419913421,0.6578354978354979,iterative_all_layers,wearing_hat,lr,3,0.661991341991342,-0.039999999999999925,2.0,
wavy_hair,0.5229282672780872,0.5927503002511192,iterative_all_layers,wearing_hat,lr,3,0.574134730865815,-0.051206463587727846,2.0,
wearing_earrings,0.6506232259656917,0.731827718129088,iterative_all_layers,wearing_hat,lr,3,0.6529063309885228,-0.0022831050228311334,2.0,
wearing_hat,0.875,0.938720703125,iterative_all_layers,wearing_hat,lr,3,0.875,0.0,2.0,
wearing_lipstick,0.4949937421777222,0.49460262828535667,iterative_all_layers,wearing_hat,lr,3,0.49092615769712145,0.004067584480600739,2.0,
wearing_necklace,0.5784280936454849,0.6949832775919732,iterative_all_layers,wearing_hat,lr,3,0.5979933110367892,-0.019565217391304346,2.0,
wearing_necktie,0.5813901843215634,0.6269153897401732,iterative_all_layers,wearing_hat,lr,3,0.5761714412613813,0.005218743060182107,2.0,
young,0.81646408839779,0.88353591160221,iterative_all_layers,wearing_hat,lr,3,0.8176058931860037,-0.001141804788213685,2.0,
5_o_clock_shadow,0.6038685744568097,0.6534181240063592,iterative_all_layers,wearing_hat,lr,4,0.5936671966083731,0.010201377848436666,2.0,
arched_eyebrows,0.5432692307692308,0.5453725961538461,iterative_all_layers,wearing_hat,lr,4,0.5336538461538461,0.009615384615384692,2.0,
attractive,0.5018657916747089,0.6048381908254519,iterative_all_layers,wearing_hat,lr,4,0.49868107829891267,0.003184713375796233,2.0,
bags_under_eyes,0.49467908214166945,0.4822081809112072,iterative_all_layers,wearing_hat,lr,4,0.5104755570335883,-0.01579647489191882,2.0,
bald,0.743421052631579,0.8037280701754388,iterative_all_layers,wearing_hat,lr,4,0.743421052631579,0.0,2.0,
bangs,0.780952380952381,0.851063829787234,iterative_all_layers,wearing_hat,lr,4,0.780952380952381,0.0,2.0,
big_lips,0.4864679822795006,0.4860249697946033,iterative_all_layers,wearing_hat,lr,4,0.4759967780910189,0.010471204188481686,2.0,
big_nose,0.6116628469569646,0.6706773618538325,iterative_all_layers,wearing_hat,lr,4,0.6067608861726509,0.004901960784313708,2.0,
black_hair,0.7274871355060035,0.8418739279588336,iterative_all_layers,wearing_hat,lr,4,0.7118353344768439,0.01565180102915964,2.0,
blond_hair,0.8506216006216006,0.9292929292929293,iterative_all_layers,wearing_hat,lr,4,0.8527583527583528,-0.002136752136752129,2.0,
blurry,0.5900601456157012,0.6014561570117125,iterative_all_layers,wearing_hat,lr,4,0.581829692940804,0.008230452674897193,2.0,
brown_hair,0.6378291902535073,0.8026089096726557,iterative_all_layers,wearing_hat,lr,4,0.6441053408811224,-0.006276150627615107,2.0,
bushy_eyebrows,0.5278761061946903,0.5210914454277287,iterative_all_layers,wearing_hat,lr,4,0.5256637168141592,0.0022123893805310324,2.0,
chubby,0.6801029159519726,0.7511792452830188,iterative_all_layers,wearing_hat,lr,4,0.6801029159519726,0.0,2.0,
double_chin,0.6522123893805309,0.7432153392330384,iterative_all_layers,wearing_hat,lr,4,0.6389380530973452,0.01327433628318575,2.0,
eyeglasses,0.8834464169532484,0.949344734640766,iterative_all_layers,wearing_hat,lr,4,0.8670415466121386,0.016404870341109823,2.0,
goatee,0.6430198997417591,0.6888956402855841,iterative_all_layers,wearing_hat,lr,4,0.6323864499468328,0.010633449794926308,2.0,
gray_hair,0.8863636363636364,0.9648760330578512,iterative_all_layers,wearing_hat,lr,4,0.8884297520661157,-0.0020661157024793875,2.0,
heavy_makeup,0.5627329192546584,0.6098343685300207,iterative_all_layers,wearing_hat,lr,4,0.5651138716356108,-0.0023809523809523725,2.0,
high_cheekbones,0.5119047619047619,0.4775545634920635,iterative_all_layers,wearing_hat,lr,4,0.5223214285714286,-0.01041666666666674,2.0,
male,0.9778481012658228,0.9799147507104108,iterative_all_layers,wearing_hat,lr,4,0.9778481012658228,0.0,2.0,
mouth_slightly_open,0.551769612954671,0.5659081150708459,iterative_all_layers,wearing_hat,lr,4,0.5481199779181746,0.0036496350364964014,2.0,
mustache,0.7425985778926956,0.8130575307045895,iterative_all_layers,wearing_hat,lr,4,0.7328377504848094,0.009760827407886197,2.0,
narrow_eyes,0.6473098330241187,0.6178107606679035,iterative_all_layers,wearing_hat,lr,4,0.6289424860853432,0.01836734693877551,2.0,
no_beard,0.5462347135807767,0.5013945505256383,iterative_all_layers,wearing_hat,lr,4,0.5490595723378388,-0.0028248587570620654,2.0,
oval_face,0.49245447290140026,0.45976928099833125,iterative_all_layers,wearing_hat,lr,4,0.4896611768120148,0.002793296089385444,2.0,
pale_skin,0.6270971826527383,0.7736625514403292,iterative_all_layers,wearing_hat,lr,4,0.6291547958214625,-0.002057613168724215,2.0,
pointy_nose,0.47855917667238423,0.5016080617495712,iterative_all_layers,wearing_hat,lr,4,0.4879931389365352,-0.009433962264150941,2.0,
receding_hairline,0.5428251539466318,0.591528270199664,iterative_all_layers,wearing_hat,lr,4,0.5275237917521927,0.015301362194439116,2.0,
rosy_cheeks,0.6756198347107438,0.7733175914994097,iterative_all_layers,wearing_hat,lr,4,0.6000590318772137,0.07556080283353017,2.0,
sideburns,0.6452690166975881,0.7591836734693879,iterative_all_layers,wearing_hat,lr,4,0.6473098330241187,-0.0020408163265306367,2.0,
smiling,0.8594355285002767,0.9402324294410624,iterative_all_layers,wearing_hat,lr,4,0.863709032773781,-0.004273504273504258,2.0,
straight_hair,0.6263203463203464,0.6583549783549784,iterative_all_layers,wearing_hat,lr,4,0.661991341991342,-0.03567099567099563,2.0,
wavy_hair,0.5532263347527022,0.6049787094660989,iterative_all_layers,wearing_hat,lr,4,0.574134730865815,-0.020908396113112793,2.0,
wearing_earrings,0.6483401209428606,0.7320745402937183,iterative_all_layers,wearing_hat,lr,4,0.6529063309885228,-0.004566210045662156,2.0,
wearing_hat,0.875,0.9378662109375,iterative_all_layers,wearing_hat,lr,4,0.875,0.0,2.0,
wearing_lipstick,0.5003128911138923,0.4920212765957447,iterative_all_layers,wearing_hat,lr,4,0.49092615769712145,0.009386733416770876,2.0,
wearing_necklace,0.6107023411371237,0.7,iterative_all_layers,wearing_hat,lr,4,0.5979933110367892,0.012709030100334529,2.0,
wearing_necktie,0.5614035087719298,0.6095936042638241,iterative_all_layers,wearing_hat,lr,4,0.5761714412613813,-0.014767932489451518,2.0,
young,0.810939226519337,0.8856721915285451,iterative_all_layers,wearing_hat,lr,4,0.8176058931860037,-0.00666666666666671,2.0,
5_o_clock_shadow,0.5936671966083731,0.6548754636989931,iterative_all_layers,wearing_hat,lr,5,0.5936671966083731,0.0,2.0,
arched_eyebrows,0.561698717948718,0.54296875,iterative_all_layers,wearing_hat,lr,5,0.5336538461538461,0.028044871794871806,2.0,
attractive,0.5018657916747089,0.6054172296210512,iterative_all_layers,wearing_hat,lr,5,0.49868107829891267,0.003184713375796233,2.0,
bags_under_eyes,0.510808114399734,0.48860991020951106,iterative_all_layers,wearing_hat,lr,5,0.5104755570335883,0.00033255736614568043,2.0,
bald,0.743421052631579,0.8018483709273183,iterative_all_layers,wearing_hat,lr,5,0.743421052631579,0.0,2.0,
bangs,0.7788247213779129,0.8518743667679837,iterative_all_layers,wearing_hat,lr,5,0.780952380952381,-0.0021276595744680327,2.0,
big_lips,0.4864679822795006,0.4881192106322997,iterative_all_layers,wearing_hat,lr,5,0.4759967780910189,0.010471204188481686,2.0,
big_nose,0.6018589253883372,0.6689584924879043,iterative_all_layers,wearing_hat,lr,5,0.6067608861726509,-0.004901960784313708,2.0,
black_hair,0.7137650085763293,0.8415523156089193,iterative_all_layers,wearing_hat,lr,5,0.7118353344768439,0.0019296740994854122,2.0,
blond_hair,0.8506216006216006,0.9269619269619269,iterative_all_layers,wearing_hat,lr,5,0.8527583527583528,-0.002136752136752129,2.0,
blurry,0.553656220322887,0.5691674580563469,iterative_all_layers,wearing_hat,lr,5,0.581829692940804,-0.028173472617917028,2.0,
brown_hair,0.6378291902535073,0.8035934038887521,iterative_all_layers,wearing_hat,lr,5,0.6441053408811224,-0.006276150627615107,2.0,
bushy_eyebrows,0.5256637168141592,0.5274336283185841,iterative_all_layers,wearing_hat,lr,5,0.5256637168141592,0.0,2.0,
chubby,0.6687392795883362,0.7539665523156089,iterative_all_layers,wearing_hat,lr,5,0.6801029159519726,-0.011363636363636354,2.0,
double_chin,0.6323008849557522,0.7420353982300887,iterative_all_layers,wearing_hat,lr,5,0.6389380530973452,-0.006637168141592986,2.0,
eyeglasses,0.8789385630634817,0.9511106980202622,iterative_all_layers,wearing_hat,lr,5,0.8670415466121386,0.011897016451343112,2.0,
goatee,0.6452225429135653,0.6854017924958226,iterative_all_layers,wearing_hat,lr,5,0.6323864499468328,0.012836092966732493,2.0,
gray_hair,0.8863636363636364,0.9642857142857143,iterative_all_layers,wearing_hat,lr,5,0.8884297520661157,-0.0020661157024793875,2.0,
heavy_makeup,0.5674948240165631,0.6082815734989648,iterative_all_layers,wearing_hat,lr,5,0.5651138716356108,0.0023809523809523725,2.0,
high_cheekbones,0.5109126984126985,0.4761904761904762,iterative_all_layers,wearing_hat,lr,5,0.5223214285714286,-0.011408730158730118,2.0,
male,0.9778481012658228,0.9799147507104108,iterative_all_layers,wearing_hat,lr,5,0.9778481012658228,0.0,2.0,
mouth_slightly_open,0.5439182972459057,0.5691590504815065,iterative_all_layers,wearing_hat,lr,5,0.5481199779181746,-0.004201680672268893,2.0,
mustache,0.7425985778926956,0.8071105365223012,iterative_all_layers,wearing_hat,lr,5,0.7328377504848094,0.009760827407886197,2.0,
narrow_eyes,0.6330241187384045,0.638961038961039,iterative_all_layers,wearing_hat,lr,5,0.6289424860853432,0.004081632653061273,2.0,
no_beard,0.5370807408996638,0.5060430522777659,iterative_all_layers,wearing_hat,lr,5,0.5490595723378388,-0.011978831438174908,2.0,
oval_face,0.49524776899078576,0.4645577885801349,iterative_all_layers,wearing_hat,lr,5,0.4896611768120148,0.005586592178770944,2.0,
pale_skin,0.6188667299778411,0.7752453308008863,iterative_all_layers,wearing_hat,lr,5,0.6291547958214625,-0.010288065843621408,2.0,
pointy_nose,0.47855917667238423,0.5035377358490566,iterative_all_layers,wearing_hat,lr,5,0.4879931389365352,-0.009433962264150941,2.0,
receding_hairline,0.5535547676805375,0.5941406978913977,iterative_all_layers,wearing_hat,lr,5,0.5275237917521927,0.0260309759283448,2.0,
rosy_cheeks,0.6419716646989374,0.7730224321133412,iterative_all_layers,wearing_hat,lr,5,0.6000590318772137,0.04191263282172375,2.0,
sideburns,0.6432282003710575,0.7628942486085343,iterative_all_layers,wearing_hat,lr,5,0.6473098330241187,-0.004081632653061162,2.0,
smiling,0.8630326508024351,0.9391871118489824,iterative_all_layers,wearing_hat,lr,5,0.863709032773781,-0.0006763819713458963,2.0,
straight_hair,0.6711688311688312,0.6651082251082251,iterative_all_layers,wearing_hat,lr,5,0.661991341991342,0.009177489177489173,2.0,
wavy_hair,0.5625068238890709,0.6104378207227863,iterative_all_layers,wearing_hat,lr,5,0.574134730865815,-0.011627906976744096,2.0,
wearing_earrings,0.6348266074293472,0.7262742194249043,iterative_all_layers,wearing_hat,lr,5,0.6529063309885228,-0.018079723559175642,2.0,
wearing_hat,0.875,0.9403076171875,iterative_all_layers,wearing_hat,lr,5,0.875,0.0,2.0,
wearing_lipstick,0.5062578222778473,0.48521589486858574,iterative_all_layers,wearing_hat,lr,5,0.49092615769712145,0.015331664580725879,2.0,
wearing_necklace,0.5979933110367892,0.7015050167224081,iterative_all_layers,wearing_hat,lr,5,0.5979933110367892,0.0,2.0,
wearing_necktie,0.5740617366200311,0.6104819009549189,iterative_all_layers,wearing_hat,lr,5,0.5761714412613813,-0.002109704641350185,2.0,
young,0.8176058931860037,0.8844198895027624,iterative_all_layers,wearing_hat,lr,5,0.8176058931860037,0.0,2.0,
5_o_clock_shadow,0.578961314255432,0.647456279809221,iterative_all_layers,wearing_hat,lr,6,0.5936671966083731,-0.014705882352941124,2.0,
arched_eyebrows,0.5568910256410257,0.5497796474358975,iterative_all_layers,wearing_hat,lr,6,0.5336538461538461,0.023237179487179516,2.0,
attractive,0.5069162967252139,0.6188637972077462,iterative_all_layers,wearing_hat,lr,6,0.49868107829891267,0.008235218426301205,2.0,
bags_under_eyes,0.4811273694712338,0.4768041237113402,iterative_all_layers,wearing_hat,lr,6,0.5104755570335883,-0.029348187562354466,2.0,
bald,0.743421052631579,0.8027882205513786,iterative_all_layers,wearing_hat,lr,6,0.743421052631579,0.0,2.0,
bangs,0.7745694022289766,0.8470111448834853,iterative_all_layers,wearing_hat,lr,6,0.780952380952381,-0.00638297872340432,2.0,
big_lips,0.489085783326621,0.49246878775674585,iterative_all_layers,wearing_hat,lr,6,0.4759967780910189,0.01308900523560208,2.0,
big_nose,0.5986758339699516,0.6653934300993125,iterative_all_layers,wearing_hat,lr,6,0.6067608861726509,-0.008085052202699283,2.0,
black_hair,0.7341337907375644,0.8388722126929675,iterative_all_layers,wearing_hat,lr,6,0.7118353344768439,0.022298456260720467,2.0,
blond_hair,0.8548951048951049,0.9224941724941724,iterative_all_layers,wearing_hat,lr,6,0.8527583527583528,0.002136752136752129,2.0,
blurry,0.5859449192782527,0.5517568850902184,iterative_all_layers,wearing_hat,lr,6,0.581829692940804,0.004115226337448652,2.0,
brown_hair,0.6399212404627123,0.7962096972680285,iterative_all_layers,wearing_hat,lr,6,0.6441053408811224,-0.004184100418410108,2.0,
bushy_eyebrows,0.5323008849557522,0.521976401179941,iterative_all_layers,wearing_hat,lr,6,0.5256637168141592,0.006637168141592986,2.0,
chubby,0.6640222984562607,0.7505360205831904,iterative_all_layers,wearing_hat,lr,6,0.6801029159519726,-0.01608061749571188,2.0,
double_chin,0.643362831858407,0.7452802359882007,iterative_all_layers,wearing_hat,lr,6,0.6389380530973452,0.004424778761061843,2.0,
eyeglasses,0.8547262756761781,0.942280881122781,iterative_all_layers,wearing_hat,lr,6,0.8670415466121386,-0.01231527093596052,2.0,
goatee,0.6408172565699529,0.6837308218137628,iterative_all_layers,wearing_hat,lr,6,0.6323864499468328,0.008430806623120124,2.0,
gray_hair,0.8863636363636364,0.9657615112160566,iterative_all_layers,wearing_hat,lr,6,0.8884297520661157,-0.0020661157024793875,2.0,
heavy_makeup,0.5433747412008281,0.6071428571428572,iterative_all_layers,wearing_hat,lr,6,0.5651138716356108,-0.021739130434782705,2.0,
high_cheekbones,0.5049603174603174,0.47910466269841273,iterative_all_layers,wearing_hat,lr,6,0.5223214285714286,-0.01736111111111116,2.0,
male,0.9778481012658228,0.9830793076724361,iterative_all_layers,wearing_hat,lr,6,0.9778481012658228,0.0,2.0,
mouth_slightly_open,0.5506655216831258,0.5684229896338097,iterative_all_layers,wearing_hat,lr,6,0.5481199779181746,0.002545543764951197,2.0,
mustache,0.7614091790562378,0.8120232708468003,iterative_all_layers,wearing_hat,lr,6,0.7328377504848094,0.02857142857142847,2.0,
narrow_eyes,0.6493506493506493,0.6163265306122448,iterative_all_layers,wearing_hat,lr,6,0.6289424860853432,0.020408163265306145,2.0,
no_beard,0.5349352785525281,0.5018951584066367,iterative_all_layers,wearing_hat,lr,6,0.5490595723378388,-0.01412429378531066,2.0,
oval_face,0.4980410650801712,0.46426757599941954,iterative_all_layers,wearing_hat,lr,6,0.4896611768120148,0.008379888268156388,2.0,
pale_skin,0.625039569484014,0.7793605571383349,iterative_all_layers,wearing_hat,lr,6,0.6291547958214625,-0.004115226337448541,2.0,
pointy_nose,0.4989279588336192,0.498713550600343,iterative_all_layers,wearing_hat,lr,6,0.4879931389365352,0.010934819897084003,2.0,
receding_hairline,0.5599925359208808,0.5980593394289979,iterative_all_layers,wearing_hat,lr,6,0.5275237917521927,0.03246874416868817,2.0,
rosy_cheeks,0.6776859504132231,0.7806965761511216,iterative_all_layers,wearing_hat,lr,6,0.6000590318772137,0.07762691853600945,2.0,
sideburns,0.6371057513914657,0.7625231910946196,iterative_all_layers,wearing_hat,lr,6,0.6473098330241187,-0.010204081632652962,2.0,
smiling,0.8673061550759393,0.9393715796593495,iterative_all_layers,wearing_hat,lr,6,0.863709032773781,0.003597122302158362,2.0,
straight_hair,0.641991341991342,0.6642424242424243,iterative_all_layers,wearing_hat,lr,6,0.661991341991342,-0.020000000000000018,2.0,
wavy_hair,0.5438366633912,0.6020307893874877,iterative_all_layers,wearing_hat,lr,6,0.574134730865815,-0.030298067474615054,2.0,
wearing_earrings,0.6348266074293472,0.7338022954461311,iterative_all_layers,wearing_hat,lr,6,0.6529063309885228,-0.018079723559175642,2.0,
wearing_hat,0.87109375,0.939697265625,iterative_all_layers,wearing_hat,lr,6,0.875,-0.00390625,2.0,
wearing_lipstick,0.49765331664580725,0.4920994993742178,iterative_all_layers,wearing_hat,lr,6,0.49092615769712145,0.0067271589486858074,2.0,
wearing_necklace,0.6023411371237458,0.704180602006689,iterative_all_layers,wearing_hat,lr,6,0.5979933110367892,0.004347826086956608,2.0,
wearing_necktie,0.5245391960914946,0.6035976015989339,iterative_all_layers,wearing_hat,lr,6,0.5761714412613813,-0.05163224516988674,2.0,
young,0.8270349907918968,0.8820626151012891,iterative_all_layers,wearing_hat,lr,6,0.8176058931860037,0.009429097605893055,2.0,
5_o_clock_shadow,0.5767090620031796,0.6551404345521993,iterative_all_layers,wearing_hat,lr,7,0.5936671966083731,-0.016958134605193464,2.0,
arched_eyebrows,0.5560897435897436,0.5541866987179488,iterative_all_layers,wearing_hat,lr,7,0.5336538461538461,0.022435897435897467,2.0,
attractive,0.5018657916747089,0.6173840313967702,iterative_all_layers,wearing_hat,lr,7,0.49868107829891267,0.003184713375796233,2.0,
bags_under_eyes,0.510808114399734,0.4856168939142002,iterative_all_layers,wearing_hat,lr,7,0.5104755570335883,0.00033255736614568043,2.0,
bald,0.7255639097744361,0.8073308270676691,iterative_all_layers,wearing_hat,lr,7,0.743421052631579,-0.017857142857142905,2.0,
bangs,0.7894630192502532,0.8403242147922999,iterative_all_layers,wearing_hat,lr,7,0.780952380952381,0.008510638297872242,2.0,
big_lips,0.4810712847362062,0.480225533628675,iterative_all_layers,wearing_hat,lr,7,0.4759967780910189,0.005074506645187271,2.0,
big_nose,0.6067608861726509,0.6656480774127832,iterative_all_layers,wearing_hat,lr,7,0.6067608861726509,0.0,2.0,
black_hair,0.722770154373928,0.8394082332761579,iterative_all_layers,wearing_hat,lr,7,0.7118353344768439,0.010934819897084114,2.0,
blond_hair,0.8548951048951049,0.9271561771561772,iterative_all_layers,wearing_hat,lr,7,0.8527583527583528,0.002136752136752129,2.0,
blurry,0.5454257676479899,0.5245330800886356,iterative_all_layers,wearing_hat,lr,7,0.581829692940804,-0.03640392529281411,2.0,
brown_hair,0.6357371400443023,0.7925178439576668,iterative_all_layers,wearing_hat,lr,7,0.6441053408811224,-0.008368200836820106,2.0,
bushy_eyebrows,0.5278761061946903,0.5215339233038349,iterative_all_layers,wearing_hat,lr,7,0.5256637168141592,0.0022123893805310324,2.0,
chubby,0.6640222984562607,0.7515008576329331,iterative_all_layers,wearing_hat,lr,7,0.6801029159519726,-0.01608061749571188,2.0,
double_chin,0.643362831858407,0.7412979351032449,iterative_all_layers,wearing_hat,lr,7,0.6389380530973452,0.004424778761061843,2.0,
eyeglasses,0.864160237940329,0.9489729528766615,iterative_all_layers,wearing_hat,lr,7,0.8670415466121386,-0.0028813086718095793,2.0,
goatee,0.6536533495366854,0.6828193832599119,iterative_all_layers,wearing_hat,lr,7,0.6323864499468328,0.021266899589852617,2.0,
gray_hair,0.8884297520661157,0.9651711924439197,iterative_all_layers,wearing_hat,lr,7,0.8884297520661157,0.0,2.0,
heavy_makeup,0.5746376811594203,0.6213250517598343,iterative_all_layers,wearing_hat,lr,7,0.5651138716356108,0.00952380952380949,2.0,
high_cheekbones,0.5074404761904762,0.47997271825396826,iterative_all_layers,wearing_hat,lr,7,0.5223214285714286,-0.014880952380952439,2.0,
male,0.9778481012658228,0.9812709894084215,iterative_all_layers,wearing_hat,lr,7,0.9778481012658228,0.0,2.0,
mouth_slightly_open,0.5439182972459057,0.5654787462430229,iterative_all_layers,wearing_hat,lr,7,0.5481199779181746,-0.004201680672268893,2.0,
mustache,0.7448610213316096,0.805688429217841,iterative_all_layers,wearing_hat,lr,7,0.7328377504848094,0.012023270846800216,2.0,
narrow_eyes,0.6411873840445269,0.6263450834879406,iterative_all_layers,wearing_hat,lr,7,0.6289424860853432,0.01224489795918371,2.0,
no_beard,0.5525638275048272,0.5057569906314812,iterative_all_layers,wearing_hat,lr,7,0.5490595723378388,0.0035042551669884903,2.0,
oval_face,0.5036276572589422,0.4647754480156715,iterative_all_layers,wearing_hat,lr,7,0.4896611768120148,0.013966480446927387,2.0,
pale_skin,0.6209243431465654,0.7755618866729979,iterative_all_layers,wearing_hat,lr,7,0.6291547958214625,-0.008230452674897082,2.0,
pointy_nose,0.5036449399656947,0.4978559176672384,iterative_all_layers,wearing_hat,lr,7,0.4879931389365352,0.01565180102915953,2.0,
receding_hairline,0.5578466131740997,0.5960067176712073,iterative_all_layers,wearing_hat,lr,7,0.5275237917521927,0.03032282142190701,2.0,
rosy_cheeks,0.6461038961038961,0.7801062573789846,iterative_all_layers,wearing_hat,lr,7,0.6000590318772137,0.046044864226682414,2.0,
sideburns,0.624860853432282,0.7595547309833024,iterative_all_layers,wearing_hat,lr,7,0.6473098330241187,-0.02244897959183667,2.0,
smiling,0.8715796593494436,0.9418926397343663,iterative_all_layers,wearing_hat,lr,7,0.863709032773781,0.00787062657566262,2.0,
straight_hair,0.6468398268398268,0.663896103896104,iterative_all_layers,wearing_hat,lr,7,0.661991341991342,-0.015151515151515249,2.0,
wavy_hair,0.541598427775958,0.6066164428431051,iterative_all_layers,wearing_hat,lr,7,0.574134730865815,-0.032536303089857,2.0,
wearing_earrings,0.6483401209428606,0.7357768727631742,iterative_all_layers,wearing_hat,lr,7,0.6529063309885228,-0.004566210045662156,2.0,
wearing_hat,0.875,0.94171142578125,iterative_all_layers,wearing_hat,lr,7,0.875,0.0,2.0,
wearing_lipstick,0.49765331664580725,0.49006570713391745,iterative_all_layers,wearing_hat,lr,7,0.49092615769712145,0.0067271589486858074,2.0,
wearing_necklace,0.5936454849498327,0.6862876254180603,iterative_all_layers,wearing_hat,lr,7,0.5979933110367892,-0.004347826086956497,2.0,
wearing_necktie,0.5139906728847434,0.6213635354208306,iterative_all_layers,wearing_hat,lr,7,0.5761714412613813,-0.062180768376637885,2.0,
young,0.8231307550644567,0.8858931860036832,iterative_all_layers,wearing_hat,lr,7,0.8176058931860037,0.0055248618784529135,2.0,
5_o_clock_shadow,0.5642554319024907,0.6486486486486487,iterative_all_layers,wearing_hat,lr,8,0.5936671966083731,-0.02941176470588236,2.0,
arched_eyebrows,0.5608974358974359,0.5502804487179488,iterative_all_layers,wearing_hat,lr,8,0.5336538461538461,0.027243589743589758,2.0,
attractive,0.49868107829891267,0.613588110403397,iterative_all_layers,wearing_hat,lr,8,0.49868107829891267,0.0,2.0,
bags_under_eyes,0.5111406717658796,0.4960924509477885,iterative_all_layers,wearing_hat,lr,8,0.5104755570335883,0.0006651147322913609,2.0,
bald,0.7255639097744361,0.806704260651629,iterative_all_layers,wearing_hat,lr,8,0.743421052631579,-0.017857142857142905,2.0,
bangs,0.7915906788247213,0.8419452887537994,iterative_all_layers,wearing_hat,lr,8,0.780952380952381,0.010638297872340385,2.0,
big_lips,0.47337897704389853,0.4828836085380588,iterative_all_layers,wearing_hat,lr,8,0.4759967780910189,-0.002617801047120394,2.0,
big_nose,0.6002673796791445,0.6641201935319583,iterative_all_layers,wearing_hat,lr,8,0.6067608861726509,-0.00649350649350644,2.0,
black_hair,0.7114065180102915,0.8398370497427101,iterative_all_layers,wearing_hat,lr,8,0.7118353344768439,-0.00042881646655235084,2.0,
blond_hair,0.8548951048951049,0.9244366744366744,iterative_all_layers,wearing_hat,lr,8,0.8527583527583528,0.002136752136752129,2.0,
blurry,0.5474833808167141,0.5109211775878443,iterative_all_layers,wearing_hat,lr,8,0.581829692940804,-0.034346312124089895,2.0,
brown_hair,0.6378291902535073,0.797440315038149,iterative_all_layers,wearing_hat,lr,8,0.6441053408811224,-0.006276150627615107,2.0,
bushy_eyebrows,0.5323008849557522,0.5289085545722714,iterative_all_layers,wearing_hat,lr,8,0.5256637168141592,0.006637168141592986,2.0,
chubby,0.6710977701543739,0.7543953687821612,iterative_all_layers,wearing_hat,lr,8,0.6801029159519726,-0.009005145797598701,2.0,
double_chin,0.6256637168141593,0.7414454277286137,iterative_all_layers,wearing_hat,lr,8,0.6389380530973452,-0.013274336283185861,2.0,
eyeglasses,0.8621154382377545,0.943117390092016,iterative_all_layers,wearing_hat,lr,8,0.8670415466121386,-0.004926108374384119,2.0,
goatee,0.6536533495366854,0.6787179097675832,iterative_all_layers,wearing_hat,lr,8,0.6323864499468328,0.021266899589852617,2.0,
gray_hair,0.8863636363636364,0.9663518299881936,iterative_all_layers,wearing_hat,lr,8,0.8884297520661157,-0.0020661157024793875,2.0,
heavy_makeup,0.5651138716356108,0.6193064182194618,iterative_all_layers,wearing_hat,lr,8,0.5651138716356108,0.0,2.0,
high_cheekbones,0.5059523809523809,0.4794766865079365,iterative_all_layers,wearing_hat,lr,8,0.5223214285714286,-0.016369047619047672,2.0,
male,0.9778481012658228,0.980818909842418,iterative_all_layers,wearing_hat,lr,8,0.9778481012658228,0.0,2.0,
mouth_slightly_open,0.551769612954671,0.5616144267926149,iterative_all_layers,wearing_hat,lr,8,0.5481199779181746,0.0036496350364964014,2.0,
mustache,0.7328377504848094,0.8021978021978022,iterative_all_layers,wearing_hat,lr,8,0.7328377504848094,0.0,2.0,
narrow_eyes,0.6432282003710575,0.6196660482374767,iterative_all_layers,wearing_hat,lr,8,0.6289424860853432,0.014285714285714346,2.0,
no_beard,0.5314310233855396,0.5048272902810556,iterative_all_layers,wearing_hat,lr,8,0.5490595723378388,-0.01762854895229915,2.0,
oval_face,0.4980410650801712,0.4619458753536966,iterative_all_layers,wearing_hat,lr,8,0.4896611768120148,0.008379888268156388,2.0,
pale_skin,0.625039569484014,0.7575182019626464,iterative_all_layers,wearing_hat,lr,8,0.6291547958214625,-0.004115226337448541,2.0,
pointy_nose,0.49463979416809606,0.5065394511149228,iterative_all_layers,wearing_hat,lr,8,0.4879931389365352,0.006646655231560883,2.0,
receding_hairline,0.564284381414443,0.6038440007464079,iterative_all_layers,wearing_hat,lr,8,0.5275237917521927,0.036760589662250376,2.0,
rosy_cheeks,0.6502361275088547,0.7768595041322314,iterative_all_layers,wearing_hat,lr,8,0.6000590318772137,0.05017709563164108,2.0,
sideburns,0.6187384044526902,0.7510204081632652,iterative_all_layers,wearing_hat,lr,8,0.6473098330241187,-0.02857142857142847,2.0,
smiling,0.8679825370472852,0.9408473221422862,iterative_all_layers,wearing_hat,lr,8,0.863709032773781,0.004273504273504258,2.0,
straight_hair,0.669004329004329,0.660952380952381,iterative_all_layers,wearing_hat,lr,8,0.661991341991342,0.007012987012987026,2.0,
wavy_hair,0.5323179386395895,0.6105470029479201,iterative_all_layers,wearing_hat,lr,8,0.574134730865815,-0.041816792226225474,2.0,
wearing_earrings,0.6776502529927187,0.7451561150191287,iterative_all_layers,wearing_hat,lr,8,0.6529063309885228,0.02474392200419595,2.0,
wearing_hat,0.88671875,0.9434814453125,iterative_all_layers,wearing_hat,lr,8,0.875,0.01171875,2.0,
wearing_lipstick,0.5050062578222778,0.48357321652065083,iterative_all_layers,wearing_hat,lr,8,0.49092615769712145,0.01408010012515637,2.0,
wearing_necklace,0.587123745819398,0.6831103678929766,iterative_all_layers,wearing_hat,lr,8,0.5979933110367892,-0.010869565217391242,2.0,
wearing_necktie,0.5329780146568954,0.6127026426826561,iterative_all_layers,wearing_hat,lr,8,0.5761714412613813,-0.043193426604485885,2.0,
young,0.8270349907918968,0.8895027624309393,iterative_all_layers,wearing_hat,lr,8,0.8176058931860037,0.009429097605893055,2.0,
5_o_clock_shadow,0.5812135665076842,0.6507684154742979,iterative_all_layers,wearing_hat,lr,9,0.5936671966083731,-0.012453630100688895,2.0,
arched_eyebrows,0.5248397435897436,0.5553886217948718,iterative_all_layers,wearing_hat,lr,9,0.5336538461538461,-0.008814102564102533,2.0,
attractive,0.49868107829891267,0.6114006305089108,iterative_all_layers,wearing_hat,lr,9,0.49868107829891267,0.0,2.0,
bags_under_eyes,0.5140505487196542,0.49168606584635843,iterative_all_layers,wearing_hat,lr,9,0.5104755570335883,0.003574991686065898,2.0,
bald,0.743421052631579,0.8015350877192984,iterative_all_layers,wearing_hat,lr,9,0.743421052631579,0.0,2.0,
bangs,0.783080040526849,0.8427558257345491,iterative_all_layers,wearing_hat,lr,9,0.780952380952381,0.0021276595744680327,2.0,
big_lips,0.4969391864679823,0.492066049134112,iterative_all_layers,wearing_hat,lr,9,0.4759967780910189,0.020942408376963373,2.0,
big_nose,0.6002673796791445,0.663037942449707,iterative_all_layers,wearing_hat,lr,9,0.6067608861726509,-0.00649350649350644,2.0,
black_hair,0.7274871355060035,0.8373713550600344,iterative_all_layers,wearing_hat,lr,9,0.7118353344768439,0.01565180102915964,2.0,
blond_hair,0.8506216006216006,0.925019425019425,iterative_all_layers,wearing_hat,lr,9,0.8527583527583528,-0.002136752136752129,2.0,
blurry,0.5110794555239,0.5330800886356442,iterative_all_layers,wearing_hat,lr,9,0.581829692940804,-0.070750237416904,2.0,
brown_hair,0.6420132906719173,0.7907949790794979,iterative_all_layers,wearing_hat,lr,9,0.6441053408811224,-0.0020920502092051096,2.0,
bushy_eyebrows,0.5367256637168142,0.5207964601769912,iterative_all_layers,wearing_hat,lr,9,0.5256637168141592,0.01106194690265494,2.0,
chubby,0.6663807890222985,0.7506432246998285,iterative_all_layers,wearing_hat,lr,9,0.6801029159519726,-0.013722126929674117,2.0,
double_chin,0.6300884955752213,0.7424778761061948,iterative_all_layers,wearing_hat,lr,9,0.6389380530973452,-0.008849557522123908,2.0,
eyeglasses,0.8670415466121386,0.9458128078817734,iterative_all_layers,wearing_hat,lr,9,0.8670415466121386,0.0,2.0,
goatee,0.6342093270545344,0.6702111499316421,iterative_all_layers,wearing_hat,lr,9,0.6323864499468328,0.0018228771077015704,2.0,
gray_hair,0.890495867768595,0.9645808736717827,iterative_all_layers,wearing_hat,lr,9,0.8884297520661157,0.0020661157024792765,2.0,
heavy_makeup,0.5593167701863354,0.6268115942028986,iterative_all_layers,wearing_hat,lr,9,0.5651138716356108,-0.005797101449275366,2.0,
high_cheekbones,0.5004960317460317,0.48387896825396826,iterative_all_layers,wearing_hat,lr,9,0.5223214285714286,-0.02182539682539686,2.0,
male,0.9778481012658228,0.9798501679152674,iterative_all_layers,wearing_hat,lr,9,0.9778481012658228,0.0,2.0,
mouth_slightly_open,0.5486720235539471,0.5602649819051708,iterative_all_layers,wearing_hat,lr,9,0.5481199779181746,0.0005520456357724912,2.0,
mustache,0.7305753070458954,0.8018099547511313,iterative_all_layers,wearing_hat,lr,9,0.7328377504848094,-0.002262443438914019,2.0,
narrow_eyes,0.6764378478664193,0.6352504638218923,iterative_all_layers,wearing_hat,lr,9,0.6289424860853432,0.04749536178107605,2.0,
no_beard,0.5307516269756132,0.5039691053422012,iterative_all_layers,wearing_hat,lr,9,0.5490595723378388,-0.018307945362225575,2.0,
oval_face,0.5008343611695567,0.4670245955162156,iterative_all_layers,wearing_hat,lr,9,0.4896611768120148,0.011173184357541888,2.0,
pale_skin,0.6229819563152896,0.7657486546375436,iterative_all_layers,wearing_hat,lr,9,0.6291547958214625,-0.006172839506172867,2.0,
pointy_nose,0.5017152658662093,0.5,iterative_all_layers,wearing_hat,lr,9,0.4879931389365352,0.013722126929674117,2.0,
receding_hairline,0.5428251539466318,0.5971263295390932,iterative_all_layers,wearing_hat,lr,9,0.5275237917521927,0.015301362194439116,2.0,
rosy_cheeks,0.6440377804014168,0.7842384887839434,iterative_all_layers,wearing_hat,lr,9,0.6000590318772137,0.04397874852420314,2.0,
sideburns,0.6228200371057514,0.7521335807050092,iterative_all_layers,wearing_hat,lr,9,0.6473098330241187,-0.024489795918367308,2.0,
smiling,0.863709032773781,0.9378343479062904,iterative_all_layers,wearing_hat,lr,9,0.863709032773781,0.0,2.0,
straight_hair,0.6225108225108225,0.6607792207792208,iterative_all_layers,wearing_hat,lr,9,0.661991341991342,-0.03948051948051956,2.0,
wavy_hair,0.5392510099355825,0.6107653673981877,iterative_all_layers,wearing_hat,lr,9,0.574134730865815,-0.03488372093023251,2.0,
wearing_earrings,0.6753671479698877,0.7492286807355301,iterative_all_layers,wearing_hat,lr,9,0.6529063309885228,0.02246081698136493,2.0,
wearing_hat,0.87109375,0.94549560546875,iterative_all_layers,wearing_hat,lr,9,0.875,-0.00390625,2.0,
wearing_lipstick,0.48028785982478095,0.47833229036295366,iterative_all_layers,wearing_hat,lr,9,0.49092615769712145,-0.010638297872340496,2.0,
wearing_necklace,0.604180602006689,0.695819397993311,iterative_all_layers,wearing_hat,lr,9,0.5979933110367892,0.0061872909698997836,2.0,
wearing_necktie,0.5456362425049966,0.6195869420386408,iterative_all_layers,wearing_hat,lr,9,0.5761714412613813,-0.030535198756384663,2.0,
young,0.8093186003683241,0.8892817679558012,iterative_all_layers,wearing_hat,lr,9,0.8176058931860037,-0.008287292817679592,2.0,
5_o_clock_shadow,0.5981717011128775,0.6614997350291468,iterative_all_layers,wearing_hat,lr,10,0.5936671966083731,0.0045045045045044585,2.0,
arched_eyebrows,0.5352564102564102,0.555088141025641,iterative_all_layers,wearing_hat,lr,10,0.5336538461538461,0.0016025641025640969,2.0,
attractive,0.49868107829891267,0.6248471980956057,iterative_all_layers,wearing_hat,lr,10,0.49868107829891267,0.0,2.0,
bags_under_eyes,0.5217825074825407,0.5014133688061191,iterative_all_layers,wearing_hat,lr,10,0.5104755570335883,0.011306950448952469,2.0,
bald,0.743421052631579,0.7947994987468672,iterative_all_layers,wearing_hat,lr,10,0.743421052631579,0.0,2.0,
bangs,0.780952380952381,0.8423505572441743,iterative_all_layers,wearing_hat,lr,10,0.780952380952381,0.0,2.0,
big_lips,0.5020136931131696,0.48876359242851397,iterative_all_layers,wearing_hat,lr,10,0.4759967780910189,0.026016915022150644,2.0,
big_nose,0.5855614973262032,0.6580723198370257,iterative_all_layers,wearing_hat,lr,10,0.6067608861726509,-0.021199388846447675,2.0,
black_hair,0.7388507718696398,0.8417667238421955,iterative_all_layers,wearing_hat,lr,10,0.7118353344768439,0.027015437392795882,2.0,
blond_hair,0.8463480963480964,0.9238539238539238,iterative_all_layers,wearing_hat,lr,10,0.8527583527583528,-0.0064102564102563875,2.0,
blurry,0.5838873061095283,0.5967078189300412,iterative_all_layers,wearing_hat,lr,10,0.581829692940804,0.002057613168724326,2.0,
brown_hair,0.6672409549593896,0.7868570022151119,iterative_all_layers,wearing_hat,lr,10,0.6441053408811224,0.023135614078267253,2.0,
bushy_eyebrows,0.5323008849557522,0.5148230088495576,iterative_all_layers,wearing_hat,lr,10,0.5256637168141592,0.006637168141592986,2.0,
chubby,0.6734562607204116,0.7515008576329331,iterative_all_layers,wearing_hat,lr,10,0.6801029159519726,-0.006646655231560938,2.0,
double_chin,0.6256637168141593,0.7438053097345133,iterative_all_layers,wearing_hat,lr,10,0.6389380530973452,-0.013274336283185861,2.0,
eyeglasses,0.8621154382377545,0.9445115717074077,iterative_all_layers,wearing_hat,lr,10,0.8670415466121386,-0.004926108374384119,2.0,
goatee,0.6408172565699529,0.6676287406957315,iterative_all_layers,wearing_hat,lr,10,0.6323864499468328,0.008430806623120124,2.0,
gray_hair,0.8884297520661157,0.9586776859504132,iterative_all_layers,wearing_hat,lr,10,0.8884297520661157,0.0,2.0,
heavy_makeup,0.5664596273291925,0.6299171842650103,iterative_all_layers,wearing_hat,lr,10,0.5651138716356108,0.0013457556935817516,2.0,
high_cheekbones,0.5198412698412699,0.48158482142857145,iterative_all_layers,wearing_hat,lr,10,0.5223214285714286,-0.0024801587301587213,2.0,
male,0.9810126582278481,0.9808189098424179,iterative_all_layers,wearing_hat,lr,10,0.9778481012658228,0.0031645569620253333,2.0,
mouth_slightly_open,0.557075384898485,0.5551738943752684,iterative_all_layers,wearing_hat,lr,10,0.5481199779181746,0.008955406980310388,2.0,
mustache,0.7448610213316096,0.8069812540400776,iterative_all_layers,wearing_hat,lr,10,0.7328377504848094,0.012023270846800216,2.0,
narrow_eyes,0.6805194805194805,0.6374768089053803,iterative_all_layers,wearing_hat,lr,10,0.6289424860853432,0.051576994434137324,2.0,
no_beard,0.5215976542945004,0.5019666738182078,iterative_all_layers,wearing_hat,lr,10,0.5490595723378388,-0.027461918043338307,2.0,
oval_face,0.5036276572589422,0.4657186389029965,iterative_all_layers,wearing_hat,lr,10,0.4896611768120148,0.013966480446927387,2.0,
pale_skin,0.5886356441911997,0.768281101614435,iterative_all_layers,wearing_hat,lr,10,0.6291547958214625,-0.04051915163026276,2.0,
pointy_nose,0.4974271012006861,0.5028945111492281,iterative_all_layers,wearing_hat,lr,10,0.4879931389365352,0.009433962264150941,2.0,
receding_hairline,0.5471169994401941,0.6053368165702556,iterative_all_layers,wearing_hat,lr,10,0.5275237917521927,0.019593207688001435,2.0,
rosy_cheeks,0.6735537190082644,0.7750885478158205,iterative_all_layers,wearing_hat,lr,10,0.6000590318772137,0.07349468713105078,2.0,
sideburns,0.6309833024118738,0.7465677179962894,iterative_all_layers,wearing_hat,lr,10,0.6473098330241187,-0.01632653061224487,2.0,
smiling,0.8558384061981185,0.9383262620672693,iterative_all_layers,wearing_hat,lr,10,0.863709032773781,-0.00787062657566251,2.0,
straight_hair,0.6246753246753247,0.6567965367965368,iterative_all_layers,wearing_hat,lr,10,0.661991341991342,-0.0373160173160173,2.0,
wavy_hair,0.541598427775958,0.6119663718746589,iterative_all_layers,wearing_hat,lr,10,0.574134730865815,-0.032536303089857,2.0,
wearing_earrings,0.6888806614834012,0.7579908675799087,iterative_all_layers,wearing_hat,lr,10,0.6529063309885228,0.035974330494878415,2.0,
wearing_hat,0.86328125,0.94677734375,iterative_all_layers,wearing_hat,lr,10,0.875,-0.01171875,2.0,
wearing_lipstick,0.4856070087609512,0.48396433041301623,iterative_all_layers,wearing_hat,lr,10,0.49092615769712145,-0.005319148936170248,2.0,
wearing_necklace,0.5933110367892976,0.690133779264214,iterative_all_layers,wearing_hat,lr,10,0.5979933110367892,-0.004682274247491569,2.0,
wearing_necktie,0.5898290028869642,0.655785032200755,iterative_all_layers,wearing_hat,lr,10,0.5761714412613813,0.013657561625582848,2.0,
young,0.8148434622467772,0.8889134438305708,iterative_all_layers,wearing_hat,lr,10,0.8176058931860037,-0.002762430939226568,2.0,
5_o_clock_shadow,0.6094329623741388,0.6538155802861685,iterative_all_layers,wearing_hat,lr,11,0.5936671966083731,0.015765765765765716,2.0,
arched_eyebrows,0.5512820512820513,0.5558894230769231,iterative_all_layers,wearing_hat,lr,11,0.5336538461538461,0.017628205128205177,2.0,
attractive,0.5018657916747089,0.6270990156340475,iterative_all_layers,wearing_hat,lr,11,0.49868107829891267,0.003184713375796233,2.0,
bags_under_eyes,0.5295144662454273,0.48511805786498163,iterative_all_layers,wearing_hat,lr,11,0.5104755570335883,0.01903890921183904,2.0,
bald,0.743421052631579,0.7911967418546365,iterative_all_layers,wearing_hat,lr,11,0.743421052631579,0.0,2.0,
bangs,0.783080040526849,0.8405268490374872,iterative_all_layers,wearing_hat,lr,11,0.780952380952381,0.0021276595744680327,2.0,
big_lips,0.5227950060410793,0.5077728554168345,iterative_all_layers,wearing_hat,lr,11,0.4759967780910189,0.04679822795006039,2.0,
big_nose,0.579004329004329,0.6536159918512859,iterative_all_layers,wearing_hat,lr,11,0.6067608861726509,-0.027756557168321927,2.0,
black_hair,0.7184819897084047,0.8434819897084048,iterative_all_layers,wearing_hat,lr,11,0.7118353344768439,0.006646655231560827,2.0,
blond_hair,0.842074592074592,0.9197746697746698,iterative_all_layers,wearing_hat,lr,11,0.8527583527583528,-0.010683760683760757,2.0,
blurry,0.5454257676479899,0.6293130737575182,iterative_all_layers,wearing_hat,lr,11,0.581829692940804,-0.03640392529281411,2.0,
brown_hair,0.6651489047501846,0.7649520059069652,iterative_all_layers,wearing_hat,lr,11,0.6441053408811224,0.021043563869062254,2.0,
bushy_eyebrows,0.5200589970501475,0.5237463126843659,iterative_all_layers,wearing_hat,lr,11,0.5256637168141592,-0.0056047197640117785,2.0,
chubby,0.6734562607204116,0.7503216123499142,iterative_all_layers,wearing_hat,lr,11,0.6801029159519726,-0.006646655231560938,2.0,
double_chin,0.6278761061946903,0.7517699115044248,iterative_all_layers,wearing_hat,lr,11,0.6389380530973452,-0.01106194690265494,2.0,
eyeglasses,0.8814016172506738,0.9542708430151501,iterative_all_layers,wearing_hat,lr,11,0.8670415466121386,0.014360070638535172,2.0,
goatee,0.6518304724289837,0.6645906121828953,iterative_all_layers,wearing_hat,lr,11,0.6323864499468328,0.019444022482150936,2.0,
gray_hair,0.8925619834710744,0.9542502951593861,iterative_all_layers,wearing_hat,lr,11,0.8884297520661157,0.004132231404958664,2.0,
heavy_makeup,0.5423395445134576,0.6284679089026916,iterative_all_layers,wearing_hat,lr,11,0.5651138716356108,-0.022774327122153215,2.0,
high_cheekbones,0.5178571428571429,0.49088541666666663,iterative_all_layers,wearing_hat,lr,11,0.5223214285714286,-0.004464285714285698,2.0,
male,0.9778481012658228,0.9810126582278481,iterative_all_layers,wearing_hat,lr,11,0.9778481012658228,0.0,2.0,
mouth_slightly_open,0.5601729742992088,0.5500828068453658,iterative_all_layers,wearing_hat,lr,11,0.5481199779181746,0.012052996381034187,2.0,
mustache,0.7471234647705236,0.8192630898513251,iterative_all_layers,wearing_hat,lr,11,0.7328377504848094,0.014285714285714235,2.0,
narrow_eyes,0.7218923933209647,0.6597402597402597,iterative_all_layers,wearing_hat,lr,11,0.6289424860853432,0.09294990723562147,2.0,
no_beard,0.5392262032467997,0.5070442680397625,iterative_all_layers,wearing_hat,lr,11,0.5490595723378388,-0.009833369091039046,2.0,
oval_face,0.4980410650801712,0.4517884350286585,iterative_all_layers,wearing_hat,lr,11,0.4896611768120148,0.008379888268156388,2.0,
pale_skin,0.5906932573599241,0.7787274453941121,iterative_all_layers,wearing_hat,lr,11,0.6291547958214625,-0.038461538461538436,2.0,
pointy_nose,0.49935677530017153,0.5016080617495712,iterative_all_layers,wearing_hat,lr,11,0.4879931389365352,0.011363636363636354,2.0,
receding_hairline,0.57529389811532,0.6113080798656466,iterative_all_layers,wearing_hat,lr,11,0.5275237917521927,0.047770106363127285,2.0,
rosy_cheeks,0.6735537190082644,0.7656434474616293,iterative_all_layers,wearing_hat,lr,11,0.6000590318772137,0.07349468713105078,2.0,
sideburns,0.6473098330241187,0.7424860853432284,iterative_all_layers,wearing_hat,lr,11,0.6473098330241187,0.0,2.0,
smiling,0.8515649019246141,0.936420094693476,iterative_all_layers,wearing_hat,lr,11,0.863709032773781,-0.012144130849166879,2.0,
straight_hair,0.6246753246753247,0.673073593073593,iterative_all_layers,wearing_hat,lr,11,0.661991341991342,-0.0373160173160173,2.0,
wavy_hair,0.541598427775958,0.6236488699639698,iterative_all_layers,wearing_hat,lr,11,0.574134730865815,-0.032536303089857,2.0,
wearing_earrings,0.6936319881525361,0.7597186227323214,iterative_all_layers,wearing_hat,lr,11,0.6529063309885228,0.04072565716401333,2.0,
wearing_hat,0.87109375,0.9429931640625,iterative_all_layers,wearing_hat,lr,11,0.875,-0.00390625,2.0,
wearing_lipstick,0.4903003754693367,0.4808354192740926,iterative_all_layers,wearing_hat,lr,11,0.49092615769712145,-0.0006257822277847547,2.0,
wearing_necklace,0.5998327759197325,0.6849498327759197,iterative_all_layers,wearing_hat,lr,11,0.5979933110367892,0.001839464882943287,2.0,
wearing_necktie,0.6288030202087498,0.6357983566511215,iterative_all_layers,wearing_hat,lr,11,0.5761714412613813,0.052631578947368474,2.0,
young,0.8120810313075506,0.8912707182320442,iterative_all_layers,wearing_hat,lr,11,0.8176058931860037,-0.005524861878453136,2.0,
5_o_clock_shadow,0.6365924748277689,0.6650768415474299,iterative_all_layers,wearing_hat,lr,12,0.5936671966083731,0.042925278219395846,2.0,
arched_eyebrows,0.5641025641025641,0.5647035256410257,iterative_all_layers,wearing_hat,lr,12,0.5336538461538461,0.03044871794871795,2.0,
attractive,0.5050505050505051,0.628643119088979,iterative_all_layers,wearing_hat,lr,12,0.49868107829891267,0.006369426751592411,2.0,
bags_under_eyes,0.5324243431992018,0.48628200864649146,iterative_all_layers,wearing_hat,lr,12,0.5104755570335883,0.021948786165613576,2.0,
bald,0.7255639097744361,0.794172932330827,iterative_all_layers,wearing_hat,lr,12,0.743421052631579,-0.017857142857142905,2.0,
bangs,0.7852077001013171,0.8397163120567377,iterative_all_layers,wearing_hat,lr,12,0.780952380952381,0.004255319148936176,2.0,
big_lips,0.5047925896093436,0.503503826016915,iterative_all_layers,wearing_hat,lr,12,0.4759967780910189,0.028795811518324665,2.0,
big_nose,0.587153043035396,0.6541252864782277,iterative_all_layers,wearing_hat,lr,12,0.6067608861726509,-0.019607843137254943,2.0,
black_hair,0.7572898799313894,0.8493782161234992,iterative_all_layers,wearing_hat,lr,12,0.7118353344768439,0.045454545454545525,2.0,
blond_hair,0.8442113442113441,0.9164724164724165,iterative_all_layers,wearing_hat,lr,12,0.8527583527583528,-0.008547008547008628,2.0,
blurry,0.5880025324469769,0.6593858816081039,iterative_all_layers,wearing_hat,lr,12,0.581829692940804,0.006172839506172867,2.0,
brown_hair,0.6630568545409796,0.760275658380507,iterative_all_layers,wearing_hat,lr,12,0.6441053408811224,0.018951513659857255,2.0,
bushy_eyebrows,0.5323008849557522,0.5293510324483777,iterative_all_layers,wearing_hat,lr,12,0.5256637168141592,0.006637168141592986,2.0,
chubby,0.6687392795883362,0.7532161234991424,iterative_all_layers,wearing_hat,lr,12,0.6801029159519726,-0.011363636363636354,2.0,
double_chin,0.6389380530973452,0.7485250737463127,iterative_all_layers,wearing_hat,lr,12,0.6389380530973452,0.0,2.0,
eyeglasses,0.8789385630634817,0.9545496793382284,iterative_all_layers,wearing_hat,lr,12,0.8670415466121386,0.011897016451343112,2.0,
goatee,0.6518304724289837,0.665653957162388,iterative_all_layers,wearing_hat,lr,12,0.6323864499468328,0.019444022482150936,2.0,
gray_hair,0.884297520661157,0.9489374262101535,iterative_all_layers,wearing_hat,lr,12,0.8884297520661157,-0.004132231404958775,2.0,
heavy_makeup,0.5627329192546584,0.6301242236024844,iterative_all_layers,wearing_hat,lr,12,0.5651138716356108,-0.0023809523809523725,2.0,
high_cheekbones,0.5223214285714286,0.49286954365079366,iterative_all_layers,wearing_hat,lr,12,0.5223214285714286,0.0,2.0,
male,0.9778481012658228,0.9789460087832601,iterative_all_layers,wearing_hat,lr,12,0.9778481012658228,0.0,2.0,
mouth_slightly_open,0.5534257498619886,0.5546831871434705,iterative_all_layers,wearing_hat,lr,12,0.5481199779181746,0.005305771943813986,2.0,
mustache,0.7328377504848094,0.8175824175824176,iterative_all_layers,wearing_hat,lr,12,0.7328377504848094,0.0,2.0,
narrow_eyes,0.6723562152133581,0.653061224489796,iterative_all_layers,wearing_hat,lr,12,0.6289424860853432,0.04341372912801489,2.0,
no_beard,0.5364013444897375,0.5077594221554745,iterative_all_layers,wearing_hat,lr,12,0.5490595723378388,-0.012658227848101222,2.0,
oval_face,0.4980410650801712,0.4593339621272583,iterative_all_layers,wearing_hat,lr,12,0.4896611768120148,0.008379888268156388,2.0,
pale_skin,0.5906932573599241,0.7736625514403292,iterative_all_layers,wearing_hat,lr,12,0.6291547958214625,-0.038461538461538436,2.0,
pointy_nose,0.5036449399656947,0.5055746140651801,iterative_all_layers,wearing_hat,lr,12,0.4879931389365352,0.01565180102915953,2.0,
receding_hairline,0.5688561298749767,0.615226721403247,iterative_all_layers,wearing_hat,lr,12,0.5275237917521927,0.04133233812278403,2.0,
rosy_cheeks,0.6735537190082644,0.7804014167650531,iterative_all_layers,wearing_hat,lr,12,0.6000590318772137,0.07349468713105078,2.0,
sideburns,0.6391465677179963,0.7510204081632654,iterative_all_layers,wearing_hat,lr,12,0.6473098330241187,-0.008163265306122436,2.0,
smiling,0.864385414745127,0.9342679702391933,iterative_all_layers,wearing_hat,lr,12,0.863709032773781,0.0006763819713460073,2.0,
straight_hair,0.6468398268398268,0.6865800865800866,iterative_all_layers,wearing_hat,lr,12,0.661991341991342,-0.015151515151515249,2.0,
wavy_hair,0.5392510099355825,0.6241947810896386,iterative_all_layers,wearing_hat,lr,12,0.574134730865815,-0.03488372093023251,2.0,
wearing_earrings,0.7048623966432186,0.7632975441194619,iterative_all_layers,wearing_hat,lr,12,0.6529063309885228,0.05195606565469579,2.0,
wearing_hat,0.87890625,0.9447021484375,iterative_all_layers,wearing_hat,lr,12,0.875,0.00390625,2.0,
wearing_lipstick,0.48028785982478095,0.4806789737171464,iterative_all_layers,wearing_hat,lr,12,0.49092615769712145,-0.010638297872340496,2.0,
wearing_necklace,0.612876254180602,0.692809364548495,iterative_all_layers,wearing_hat,lr,12,0.5979933110367892,0.014882943143812777,2.0,
wearing_necktie,0.5614035087719298,0.629358205640684,iterative_all_layers,wearing_hat,lr,12,0.5761714412613813,-0.014767932489451518,2.0,
young,0.8120810313075506,0.8937016574585636,iterative_all_layers,wearing_hat,lr,12,0.8176058931860037,-0.005524861878453136,2.0,
5_o_clock_shadow,0.6308956014838367,0.6569952305246423,iterative_all_layers,wearing_hat,lr,13,0.5936671966083731,0.03722840487546364,2.0,
arched_eyebrows,0.5560897435897436,0.563301282051282,iterative_all_layers,wearing_hat,lr,13,0.5336538461538461,0.022435897435897467,2.0,
attractive,0.5050505050505051,0.6269060027021811,iterative_all_layers,wearing_hat,lr,13,0.49868107829891267,0.006369426751592411,2.0,
bags_under_eyes,0.5350016627868307,0.48121050881277017,iterative_all_layers,wearing_hat,lr,13,0.5104755570335883,0.024526105753242433,2.0,
bald,0.743421052631579,0.7926065162907269,iterative_all_layers,wearing_hat,lr,13,0.743421052631579,0.0,2.0,
bangs,0.7894630192502532,0.8358662613981763,iterative_all_layers,wearing_hat,lr,13,0.780952380952381,0.008510638297872242,2.0,
big_lips,0.4943213854208619,0.5006041079339509,iterative_all_layers,wearing_hat,lr,13,0.4759967780910189,0.01832460732984298,2.0,
big_nose,0.5903997962821492,0.6518971224853578,iterative_all_layers,wearing_hat,lr,13,0.6067608861726509,-0.016361089890501668,2.0,
black_hair,0.7322041166380789,0.8472341337907375,iterative_all_layers,wearing_hat,lr,13,0.7118353344768439,0.020368782161235055,2.0,
blond_hair,0.8442113442113441,0.9153069153069153,iterative_all_layers,wearing_hat,lr,13,0.8527583527583528,-0.008547008547008628,2.0,
blurry,0.5900601456157012,0.6774295663184552,iterative_all_layers,wearing_hat,lr,13,0.581829692940804,0.008230452674897193,2.0,
brown_hair,0.6630568545409796,0.7546148166379523,iterative_all_layers,wearing_hat,lr,13,0.6441053408811224,0.018951513659857255,2.0,
bushy_eyebrows,0.5367256637168142,0.5278761061946903,iterative_all_layers,wearing_hat,lr,13,0.5256637168141592,0.01106194690265494,2.0,
chubby,0.6710977701543739,0.7546097770154374,iterative_all_layers,wearing_hat,lr,13,0.6801029159519726,-0.009005145797598701,2.0,
double_chin,0.6389380530973452,0.7495575221238939,iterative_all_layers,wearing_hat,lr,13,0.6389380530973452,0.0,2.0,
eyeglasses,0.8814016172506738,0.9570592062459338,iterative_all_layers,wearing_hat,lr,13,0.8670415466121386,0.014360070638535172,2.0,
goatee,0.6518304724289837,0.6598815129879994,iterative_all_layers,wearing_hat,lr,13,0.6323864499468328,0.019444022482150936,2.0,
gray_hair,0.884297520661157,0.9474616292798111,iterative_all_layers,wearing_hat,lr,13,0.8884297520661157,-0.004132231404958775,2.0,
heavy_makeup,0.5698757763975155,0.6305383022774327,iterative_all_layers,wearing_hat,lr,13,0.5651138716356108,0.004761904761904745,2.0,
high_cheekbones,0.5109126984126985,0.4858010912698412,iterative_all_layers,wearing_hat,lr,13,0.5223214285714286,-0.011408730158730118,2.0,
male,0.9778481012658228,0.9796564195298373,iterative_all_layers,wearing_hat,lr,13,0.9778481012658228,0.0,2.0,
mouth_slightly_open,0.5618291112065263,0.5570140464945103,iterative_all_layers,wearing_hat,lr,13,0.5481199779181746,0.013709133288351771,2.0,
mustache,0.7471234647705236,0.816289592760181,iterative_all_layers,wearing_hat,lr,13,0.7328377504848094,0.014285714285714235,2.0,
narrow_eyes,0.6682745825602969,0.686456400742115,iterative_all_layers,wearing_hat,lr,13,0.6289424860853432,0.039332096474953726,2.0,
no_beard,0.5490595723378388,0.5043981978116284,iterative_all_layers,wearing_hat,lr,13,0.5490595723378388,0.0,2.0,
oval_face,0.4980410650801712,0.4644126822897773,iterative_all_layers,wearing_hat,lr,13,0.4896611768120148,0.008379888268156388,2.0,
pale_skin,0.5927508705286483,0.7521367521367521,iterative_all_layers,wearing_hat,lr,13,0.6291547958214625,-0.03640392529281422,2.0,
pointy_nose,0.49463979416809606,0.5005360205831905,iterative_all_layers,wearing_hat,lr,13,0.4879931389365352,0.006646655231560883,2.0,
receding_hairline,0.5667102071281955,0.6178391490949804,iterative_all_layers,wearing_hat,lr,13,0.5275237917521927,0.03918641537600287,2.0,
rosy_cheeks,0.7092680047225501,0.7842384887839433,iterative_all_layers,wearing_hat,lr,13,0.6000590318772137,0.10920897284533648,2.0,
sideburns,0.6493506493506493,0.7521335807050092,iterative_all_layers,wearing_hat,lr,13,0.6473098330241187,0.0020408163265306367,2.0,
smiling,0.8594355285002767,0.9374039230154338,iterative_all_layers,wearing_hat,lr,13,0.863709032773781,-0.004273504273504258,2.0,
straight_hair,0.6511688311688312,0.676883116883117,iterative_all_layers,wearing_hat,lr,13,0.661991341991342,-0.010822510822510845,2.0,
wavy_hair,0.541598427775958,0.6172071186810787,iterative_all_layers,wearing_hat,lr,13,0.574134730865815,-0.032536303089857,2.0,
wearing_earrings,0.7162779217573738,0.7671232876712328,iterative_all_layers,wearing_hat,lr,13,0.6529063309885228,0.06337159076885102,2.0,
wearing_hat,0.875,0.943115234375,iterative_all_layers,wearing_hat,lr,13,0.875,0.0,2.0,
wearing_lipstick,0.47027534418022526,0.48818836045056313,iterative_all_layers,wearing_hat,lr,13,0.49092615769712145,-0.020650813516896183,2.0,
wearing_necklace,0.6107023411371237,0.7001672240802674,iterative_all_layers,wearing_hat,lr,13,0.5979933110367892,0.012709030100334529,2.0,
wearing_necktie,0.5719520319786808,0.6366866533422163,iterative_all_layers,wearing_hat,lr,13,0.5761714412613813,-0.0042194092827004814,2.0,
young,0.8132228360957643,0.8970902394106814,iterative_all_layers,wearing_hat,lr,13,0.8176058931860037,-0.0043830570902394506,2.0,
5_o_clock_shadow,0.6331478537360891,0.6540805511393747,iterative_all_layers,wearing_hat,lr,14,0.5936671966083731,0.03948065712771598,2.0,
arched_eyebrows,0.5456730769230769,0.5627003205128206,iterative_all_layers,wearing_hat,lr,14,0.5336538461538461,0.012019230769230727,2.0,
attractive,0.5050505050505051,0.6336614553175062,iterative_all_layers,wearing_hat,lr,14,0.49868107829891267,0.006369426751592411,2.0,
bags_under_eyes,0.5269371466577984,0.47705354173594944,iterative_all_layers,wearing_hat,lr,14,0.5104755570335883,0.016461589624210182,2.0,
bald,0.743421052631579,0.7880639097744361,iterative_all_layers,wearing_hat,lr,14,0.743421052631579,0.0,2.0,
bangs,0.7873353596757852,0.8348530901722391,iterative_all_layers,wearing_hat,lr,14,0.780952380952381,0.006382978723404209,2.0,
big_lips,0.5021747885622231,0.49762384212645994,iterative_all_layers,wearing_hat,lr,14,0.4759967780910189,0.02617801047120416,2.0,
big_nose,0.5888082505729565,0.6524700789406672,iterative_all_layers,wearing_hat,lr,14,0.6067608861726509,-0.0179526355996944,2.0,
black_hair,0.7231989708404802,0.8492710120068611,iterative_all_layers,wearing_hat,lr,14,0.7118353344768439,0.011363636363636354,2.0,
blond_hair,0.8442113442113441,0.9147241647241647,iterative_all_layers,wearing_hat,lr,14,0.8527583527583528,-0.008547008547008628,2.0,
blurry,0.5982905982905983,0.6745805634694524,iterative_all_layers,wearing_hat,lr,14,0.581829692940804,0.016460905349794275,2.0,
brown_hair,0.6651489047501846,0.7578144228402658,iterative_all_layers,wearing_hat,lr,14,0.6441053408811224,0.021043563869062254,2.0,
bushy_eyebrows,0.5323008849557522,0.528023598820059,iterative_all_layers,wearing_hat,lr,14,0.5256637168141592,0.006637168141592986,2.0,
chubby,0.6710977701543739,0.7542881646655232,iterative_all_layers,wearing_hat,lr,14,0.6801029159519726,-0.009005145797598701,2.0,
double_chin,0.6367256637168142,0.755457227138643,iterative_all_layers,wearing_hat,lr,14,0.6389380530973452,-0.0022123893805310324,2.0,
eyeglasses,0.8789385630634817,0.959661678594665,iterative_all_layers,wearing_hat,lr,14,0.8670415466121386,0.011897016451343112,2.0,
goatee,0.6496278292571775,0.6541090688136109,iterative_all_layers,wearing_hat,lr,14,0.6323864499468328,0.01724137931034475,2.0,
gray_hair,0.8863636363636364,0.9474616292798111,iterative_all_layers,wearing_hat,lr,14,0.8884297520661157,-0.0020661157024793875,2.0,
heavy_makeup,0.5746376811594203,0.6316770186335403,iterative_all_layers,wearing_hat,lr,14,0.5651138716356108,0.00952380952380949,2.0,
high_cheekbones,0.5099206349206349,0.4879092261904762,iterative_all_layers,wearing_hat,lr,14,0.5223214285714286,-0.012400793650793718,2.0,
male,0.9810126582278481,0.9800439163006975,iterative_all_layers,wearing_hat,lr,14,0.9778481012658228,0.0031645569620253333,2.0,
mouth_slightly_open,0.5660307918787952,0.5632705636999326,iterative_all_layers,wearing_hat,lr,14,0.5481199779181746,0.017910813960620664,2.0,
mustache,0.7351001939237234,0.8096961861667743,iterative_all_layers,wearing_hat,lr,14,0.7328377504848094,0.002262443438914019,2.0,
narrow_eyes,0.6662337662337663,0.6675324675324675,iterative_all_layers,wearing_hat,lr,14,0.6289424860853432,0.03729128014842309,2.0,
no_beard,0.5518844310949009,0.504612744046342,iterative_all_layers,wearing_hat,lr,14,0.5490595723378388,0.0028248587570621764,2.0,
oval_face,0.5008343611695567,0.4620184284988755,iterative_all_layers,wearing_hat,lr,14,0.4896611768120148,0.011173184357541888,2.0,
pale_skin,0.5906932573599241,0.7546691991136436,iterative_all_layers,wearing_hat,lr,14,0.6291547958214625,-0.038461538461538436,2.0,
pointy_nose,0.4922813036020583,0.5011792452830188,iterative_all_layers,wearing_hat,lr,14,0.4879931389365352,0.00428816466552312,2.0,
receding_hairline,0.5624183616346333,0.6221309945885426,iterative_all_layers,wearing_hat,lr,14,0.5275237917521927,0.03489456988244066,2.0,
rosy_cheeks,0.671487603305785,0.7865997638724911,iterative_all_layers,wearing_hat,lr,14,0.6000590318772137,0.0714285714285714,2.0,
sideburns,0.6473098330241187,0.7506493506493507,iterative_all_layers,wearing_hat,lr,14,0.6473098330241187,0.0,2.0,
smiling,0.8558384061981185,0.9372194552050668,iterative_all_layers,wearing_hat,lr,14,0.863709032773781,-0.00787062657566251,2.0,
straight_hair,0.6225108225108225,0.66995670995671,iterative_all_layers,wearing_hat,lr,14,0.661991341991342,-0.03948051948051956,2.0,
wavy_hair,0.5439458456163336,0.6187356698329513,iterative_all_layers,wearing_hat,lr,14,0.574134730865815,-0.03018888524948138,2.0,
wearing_earrings,0.7027644082438602,0.7669998765889177,iterative_all_layers,wearing_hat,lr,14,0.6529063309885228,0.04985807725533742,2.0,
wearing_hat,0.875,0.94378662109375,iterative_all_layers,wearing_hat,lr,14,0.875,0.0,2.0,
wearing_lipstick,0.48028785982478095,0.4964799749687109,iterative_all_layers,wearing_hat,lr,14,0.49092615769712145,-0.010638297872340496,2.0,
wearing_necklace,0.6107023411371237,0.7080267558528428,iterative_all_layers,wearing_hat,lr,14,0.5979933110367892,0.012709030100334529,2.0,
wearing_necktie,0.5961581168110148,0.6364645791694425,iterative_all_layers,wearing_hat,lr,14,0.5761714412613813,0.019986675549633515,2.0,
young,0.8065561694290976,0.8970902394106814,iterative_all_layers,wearing_hat,lr,14,0.8176058931860037,-0.01104972375690616,2.0,
5_o_clock_shadow,0.6014838367779545,0.6481187069422364,iterative_all_layers,wearing_hat,lr,15,0.5936671966083731,0.00781664016958139,2.0,
arched_eyebrows,0.5232371794871795,0.5482772435897436,iterative_all_layers,wearing_hat,lr,15,0.5336538461538461,-0.01041666666666663,2.0,
attractive,0.5050505050505051,0.6193784983593902,iterative_all_layers,wearing_hat,lr,15,0.49868107829891267,0.006369426751592411,2.0,
bags_under_eyes,0.5350016627868307,0.47472564017292984,iterative_all_layers,wearing_hat,lr,15,0.5104755570335883,0.024526105753242433,2.0,
bald,0.7412280701754386,0.7933897243107769,iterative_all_layers,wearing_hat,lr,15,0.743421052631579,-0.002192982456140413,2.0,
bangs,0.7766970618034448,0.8340425531914893,iterative_all_layers,wearing_hat,lr,15,0.780952380952381,-0.004255319148936176,2.0,
big_lips,0.5278695126862667,0.4903745469190495,iterative_all_layers,wearing_hat,lr,15,0.4759967780910189,0.05187273459524777,2.0,
big_nose,0.5986121721415839,0.6648204736440032,iterative_all_layers,wearing_hat,lr,15,0.6067608861726509,-0.008148714031066984,2.0,
black_hair,0.7298456260720412,0.8554888507718696,iterative_all_layers,wearing_hat,lr,15,0.7118353344768439,0.018010291595197292,2.0,
blond_hair,0.8712121212121212,0.9170551670551671,iterative_all_layers,wearing_hat,lr,15,0.8527583527583528,0.01845376845376845,2.0,
blurry,0.5495409939854384,0.6492560937005382,iterative_all_layers,wearing_hat,lr,15,0.581829692940804,-0.03228869895536557,2.0,
brown_hair,0.6505045532857494,0.7740585774058577,iterative_all_layers,wearing_hat,lr,15,0.6441053408811224,0.0063992124046270416,2.0,
bushy_eyebrows,0.5300884955752212,0.5290560471976401,iterative_all_layers,wearing_hat,lr,15,0.5256637168141592,0.004424778761061954,2.0,
chubby,0.6710977701543739,0.7583619210977701,iterative_all_layers,wearing_hat,lr,15,0.6801029159519726,-0.009005145797598701,2.0,
double_chin,0.6212389380530974,0.754424778761062,iterative_all_layers,wearing_hat,lr,15,0.6389380530973452,-0.017699115044247815,2.0,
eyeglasses,0.8740124546890975,0.9634724416767357,iterative_all_layers,wearing_hat,lr,15,0.8670415466121386,0.006970908076958882,2.0,
goatee,0.6386146133981467,0.66246392222391,iterative_all_layers,wearing_hat,lr,15,0.6323864499468328,0.0062281634513139394,2.0,
gray_hair,0.8884297520661157,0.9507083825265643,iterative_all_layers,wearing_hat,lr,15,0.8884297520661157,0.0,2.0,
heavy_makeup,0.5698757763975155,0.6116977225672877,iterative_all_layers,wearing_hat,lr,15,0.5651138716356108,0.004761904761904745,2.0,
high_cheekbones,0.5143849206349207,0.4849950396825397,iterative_all_layers,wearing_hat,lr,15,0.5223214285714286,-0.007936507936507908,2.0,
male,0.9778481012658228,0.9806897442521312,iterative_all_layers,wearing_hat,lr,15,0.9778481012658228,0.0,2.0,
mouth_slightly_open,0.5545298411335337,0.5730233699319144,iterative_all_layers,wearing_hat,lr,15,0.5481199779181746,0.0064098632153590795,2.0,
mustache,0.6974789915966386,0.8038784744667097,iterative_all_layers,wearing_hat,lr,15,0.7328377504848094,-0.03535875888817075,2.0,
narrow_eyes,0.6187384044526902,0.6526901669758813,iterative_all_layers,wearing_hat,lr,15,0.6289424860853432,-0.010204081632652962,2.0,
no_beard,0.5370807408996638,0.5014660659372094,iterative_all_layers,wearing_hat,lr,15,0.5490595723378388,-0.011978831438174908,2.0,
oval_face,0.5101211637524486,0.4518609881738373,iterative_all_layers,wearing_hat,lr,15,0.4896611768120148,0.020459986940433827,2.0,
pale_skin,0.6009813232035455,0.7404241848686294,iterative_all_layers,wearing_hat,lr,15,0.6291547958214625,-0.028173472617917028,2.0,
pointy_nose,0.47855917667238423,0.49035162950257294,iterative_all_layers,wearing_hat,lr,15,0.4879931389365352,-0.009433962264150941,2.0,
receding_hairline,0.5731479753685389,0.6284754618398954,iterative_all_layers,wearing_hat,lr,15,0.5275237917521927,0.04562418361634624,2.0,
rosy_cheeks,0.6756198347107438,0.7736127508854782,iterative_all_layers,wearing_hat,lr,15,0.6000590318772137,0.07556080283353017,2.0,
sideburns,0.6371057513914657,0.7454545454545455,iterative_all_layers,wearing_hat,lr,15,0.6473098330241187,-0.010204081632652962,2.0,
smiling,0.8508885199532681,0.9356207341818853,iterative_all_layers,wearing_hat,lr,15,0.863709032773781,-0.012820512820512886,2.0,
straight_hair,0.6468398268398268,0.6689177489177489,iterative_all_layers,wearing_hat,lr,15,0.661991341991342,-0.015151515151515249,2.0,
wavy_hair,0.5555737525930778,0.6199366743094225,iterative_all_layers,wearing_hat,lr,15,0.574134730865815,-0.018560978272737172,2.0,
wearing_earrings,0.7117117117117118,0.7768727631741331,iterative_all_layers,wearing_hat,lr,15,0.6529063309885228,0.05880538072318897,2.0,
wearing_hat,0.890625,0.94940185546875,iterative_all_layers,wearing_hat,lr,15,0.875,0.015625,2.0,
wearing_lipstick,0.5156445556946183,0.49593241551939926,iterative_all_layers,wearing_hat,lr,15,0.49092615769712145,0.024718397997496866,2.0,
wearing_necklace,0.6172240802675586,0.7081939799331103,iterative_all_layers,wearing_hat,lr,15,0.5979933110367892,0.019230769230769384,2.0,
wearing_necktie,0.5656229180546303,0.607372862536087,iterative_all_layers,wearing_hat,lr,15,0.5761714412613813,-0.010548523206751037,2.0,
young,0.7971270718232044,0.8959116022099447,iterative_all_layers,wearing_hat,lr,15,0.8176058931860037,-0.020478821362799327,2.0,
5_o_clock_shadow,0.5947270800211977,0.6633545310015898,iterative_all_layers,wearing_hat,lr,16,0.5936671966083731,0.0010598834128245915,2.0,
arched_eyebrows,0.5456730769230769,0.5512820512820513,iterative_all_layers,wearing_hat,lr,16,0.5336538461538461,0.012019230769230727,2.0,
attractive,0.5050505050505051,0.6213086276780545,iterative_all_layers,wearing_hat,lr,16,0.49868107829891267,0.006369426751592411,2.0,
bags_under_eyes,0.534669105420685,0.4696541403392085,iterative_all_layers,wearing_hat,lr,16,0.5104755570335883,0.024193548387096753,2.0,
bald,0.7390350877192983,0.7916666666666666,iterative_all_layers,wearing_hat,lr,16,0.743421052631579,-0.004385964912280715,2.0,
bangs,0.7852077001013171,0.8348530901722391,iterative_all_layers,wearing_hat,lr,16,0.780952380952381,0.004255319148936176,2.0,
big_lips,0.5123238018525976,0.48844140153040677,iterative_all_layers,wearing_hat,lr,16,0.4759967780910189,0.0363270237615787,2.0,
big_nose,0.5986121721415839,0.6614463967405143,iterative_all_layers,wearing_hat,lr,16,0.6067608861726509,-0.008148714031066984,2.0,
black_hair,0.7345626072041167,0.8509862778730704,iterative_all_layers,wearing_hat,lr,16,0.7118353344768439,0.022727272727272818,2.0,
blond_hair,0.8754856254856255,0.9191919191919192,iterative_all_layers,wearing_hat,lr,16,0.8527583527583528,0.022727272727272707,2.0,
blurry,0.5413105413105413,0.6710984488762267,iterative_all_layers,wearing_hat,lr,16,0.581829692940804,-0.04051915163026265,2.0,
brown_hair,0.6525966034949544,0.7711050947575684,iterative_all_layers,wearing_hat,lr,16,0.6441053408811224,0.00849126261383204,2.0,
bushy_eyebrows,0.5134218289085546,0.5305309734513275,iterative_all_layers,wearing_hat,lr,16,0.5256637168141592,-0.012241887905604654,2.0,
chubby,0.6710977701543739,0.7557890222984563,iterative_all_layers,wearing_hat,lr,16,0.6801029159519726,-0.009005145797598701,2.0,
double_chin,0.6190265486725663,0.7497050147492625,iterative_all_layers,wearing_hat,lr,16,0.6389380530973452,-0.019911504424778848,2.0,
eyeglasses,0.871967654986523,0.9618923691792918,iterative_all_layers,wearing_hat,lr,16,0.8670415466121386,0.0049261083743843415,2.0,
goatee,0.6496278292571775,0.6691478049521495,iterative_all_layers,wearing_hat,lr,16,0.6323864499468328,0.01724137931034475,2.0,
gray_hair,0.8925619834710744,0.9439197166469895,iterative_all_layers,wearing_hat,lr,16,0.8884297520661157,0.004132231404958664,2.0,
heavy_makeup,0.5698757763975155,0.6069358178053831,iterative_all_layers,wearing_hat,lr,16,0.5651138716356108,0.004761904761904745,2.0,
high_cheekbones,0.5089285714285714,0.4840649801587301,iterative_all_layers,wearing_hat,lr,16,0.5223214285714286,-0.013392857142857206,2.0,
male,0.9778481012658228,0.9806897442521313,iterative_all_layers,wearing_hat,lr,16,0.9778481012658228,0.0,2.0,
mouth_slightly_open,0.55817947617003,0.5727166779120407,iterative_all_layers,wearing_hat,lr,16,0.5481199779181746,0.010059498251855481,2.0,
mustache,0.6997414350355526,0.8033613445378152,iterative_all_layers,wearing_hat,lr,16,0.7328377504848094,-0.03309631544925673,2.0,
narrow_eyes,0.6126159554730983,0.6619666048237477,iterative_all_layers,wearing_hat,lr,16,0.6289424860853432,-0.01632653061224487,2.0,
no_beard,0.5244225130515626,0.49917757276693125,iterative_all_layers,wearing_hat,lr,16,0.5490595723378388,-0.02463705928627613,2.0,
oval_face,0.5064209533483276,0.45251396648044695,iterative_all_layers,wearing_hat,lr,16,0.4896611768120148,0.016759776536312776,2.0,
pale_skin,0.5968660968660968,0.7480215257993036,iterative_all_layers,wearing_hat,lr,16,0.6291547958214625,-0.03228869895536568,2.0,
pointy_nose,0.4922813036020583,0.4872427101200686,iterative_all_layers,wearing_hat,lr,16,0.4879931389365352,0.00428816466552312,2.0,
receding_hairline,0.5838775891024445,0.6254898301922,iterative_all_layers,wearing_hat,lr,16,0.5275237917521927,0.05635379735025181,2.0,
rosy_cheeks,0.6838842975206612,0.7653482880755609,iterative_all_layers,wearing_hat,lr,16,0.6000590318772137,0.0838252656434475,2.0,
sideburns,0.6330241187384045,0.7547309833024118,iterative_all_layers,wearing_hat,lr,16,0.6473098330241187,-0.014285714285714235,2.0,
smiling,0.8295209985857468,0.9363586054233537,iterative_all_layers,wearing_hat,lr,16,0.863709032773781,-0.03418803418803418,2.0,
straight_hair,0.6333333333333333,0.6701298701298701,iterative_all_layers,wearing_hat,lr,16,0.661991341991342,-0.028658008658008716,2.0,
wavy_hair,0.541598427775958,0.6074899006441751,iterative_all_layers,wearing_hat,lr,16,0.574134730865815,-0.032536303089857,2.0,
wearing_earrings,0.7117117117117118,0.7697149203998519,iterative_all_layers,wearing_hat,lr,16,0.6529063309885228,0.05880538072318897,2.0,
wearing_hat,0.890625,0.947998046875,iterative_all_layers,wearing_hat,lr,16,0.875,0.015625,2.0,
wearing_lipstick,0.4862327909887359,0.4946026282853567,iterative_all_layers,wearing_hat,lr,16,0.49092615769712145,-0.004693366708385549,2.0,
wearing_necklace,0.6429765886287626,0.7093645484949832,iterative_all_layers,wearing_hat,lr,16,0.5979933110367892,0.0449832775919734,2.0,
wearing_necktie,0.6003775260937153,0.618698645347546,iterative_all_layers,wearing_hat,lr,16,0.5761714412613813,0.024206084832333996,2.0,
young,0.8104604051565377,0.8976795580110497,iterative_all_layers,wearing_hat,lr,16,0.8176058931860037,-0.007145488029466018,2.0,
5_o_clock_shadow,0.6014838367779545,0.6596449390567037,iterative_all_layers,wearing_hat,lr,17,0.5936671966083731,0.00781664016958139,2.0,
arched_eyebrows,0.5240384615384616,0.5552884615384615,iterative_all_layers,wearing_hat,lr,17,0.5336538461538461,-0.009615384615384581,2.0,
attractive,0.5018657916747089,0.6189924724956571,iterative_all_layers,wearing_hat,lr,17,0.49868107829891267,0.003184713375796233,2.0,
bags_under_eyes,0.5159627535749917,0.4679913535084802,iterative_all_layers,wearing_hat,lr,17,0.5104755570335883,0.005487196541403394,2.0,
bald,0.7211779448621554,0.7941729323308271,iterative_all_layers,wearing_hat,lr,17,0.743421052631579,-0.02224310776942362,2.0,
bangs,0.7766970618034448,0.8291793313069908,iterative_all_layers,wearing_hat,lr,17,0.780952380952381,-0.004255319148936176,2.0,
big_lips,0.50463149416029,0.4967378171566653,iterative_all_layers,wearing_hat,lr,17,0.4759967780910189,0.028634716069271038,2.0,
big_nose,0.5904634581105169,0.6601731601731602,iterative_all_layers,wearing_hat,lr,17,0.6067608861726509,-0.016297428062133967,2.0,
black_hair,0.7047598627787307,0.8449828473413379,iterative_all_layers,wearing_hat,lr,17,0.7118353344768439,-0.007075471698113178,2.0,
blond_hair,0.8776223776223776,0.9182206682206683,iterative_all_layers,wearing_hat,lr,17,0.8527583527583528,0.024864024864024836,2.0,
blurry,0.553656220322887,0.6726812282367838,iterative_all_layers,wearing_hat,lr,17,0.581829692940804,-0.028173472617917028,2.0,
brown_hair,0.6567807039133645,0.7752891951759784,iterative_all_layers,wearing_hat,lr,17,0.6441053408811224,0.012675363032242148,2.0,
bushy_eyebrows,0.4790560471976401,0.534070796460177,iterative_all_layers,wearing_hat,lr,17,0.5256637168141592,-0.04660766961651913,2.0,
chubby,0.6824614065180102,0.7530017152658662,iterative_all_layers,wearing_hat,lr,17,0.6801029159519726,0.002358490566037652,2.0,
double_chin,0.6146017699115045,0.7513274336283187,iterative_all_layers,wearing_hat,lr,17,0.6389380530973452,-0.02433628318584069,2.0,
eyeglasses,0.8883725253276327,0.9634724416767357,iterative_all_layers,wearing_hat,lr,17,0.8670415466121386,0.021330978715494053,2.0,
goatee,0.6474251860853714,0.6832751025368373,iterative_all_layers,wearing_hat,lr,17,0.6323864499468328,0.015038736138538567,2.0,
gray_hair,0.8506493506493507,0.9397874852420307,iterative_all_layers,wearing_hat,lr,17,0.8884297520661157,-0.037780401416765086,2.0,
heavy_makeup,0.5698757763975155,0.5952380952380953,iterative_all_layers,wearing_hat,lr,17,0.5651138716356108,0.004761904761904745,2.0,
high_cheekbones,0.5238095238095238,0.48009672619047616,iterative_all_layers,wearing_hat,lr,17,0.5223214285714286,0.0014880952380952328,2.0,
male,0.9778481012658228,0.9800439163006974,iterative_all_layers,wearing_hat,lr,17,0.9778481012658228,0.0,2.0,
mouth_slightly_open,0.5550818867693063,0.571305894620622,iterative_all_layers,wearing_hat,lr,17,0.5481199779181746,0.006961908851131682,2.0,
mustache,0.716289592760181,0.8125404007756949,iterative_all_layers,wearing_hat,lr,17,0.7328377504848094,-0.016548157724628365,2.0,
narrow_eyes,0.5671614100185529,0.6493506493506493,iterative_all_layers,wearing_hat,lr,17,0.6289424860853432,-0.061781076066790286,2.0,
no_beard,0.518093399127512,0.5097618536794679,iterative_all_layers,wearing_hat,lr,17,0.5490595723378388,-0.030966173210326797,2.0,
oval_face,0.5036276572589422,0.4588986432561852,iterative_all_layers,wearing_hat,lr,17,0.4896611768120148,0.013966480446927387,2.0,
pale_skin,0.6009813232035455,0.7420069642291864,iterative_all_layers,wearing_hat,lr,17,0.6291547958214625,-0.028173472617917028,2.0,
pointy_nose,0.4875643224699828,0.46344339622641506,iterative_all_layers,wearing_hat,lr,17,0.4879931389365352,-0.00042881646655235084,2.0,
receding_hairline,0.5599925359208808,0.6208247807426758,iterative_all_layers,wearing_hat,lr,17,0.5275237917521927,0.03246874416868817,2.0,
rosy_cheeks,0.6735537190082644,0.7491145218417946,iterative_all_layers,wearing_hat,lr,17,0.6000590318772137,0.07349468713105078,2.0,
sideburns,0.6391465677179963,0.7614100185528757,iterative_all_layers,wearing_hat,lr,17,0.6473098330241187,-0.008163265306122436,2.0,
smiling,0.8459386337084179,0.9349443522105394,iterative_all_layers,wearing_hat,lr,17,0.863709032773781,-0.01777039906536304,2.0,
straight_hair,0.6154978354978355,0.6595670995670995,iterative_all_layers,wearing_hat,lr,17,0.661991341991342,-0.046493506493506476,2.0,
wavy_hair,0.5439458456163336,0.5996287804345453,iterative_all_layers,wearing_hat,lr,17,0.574134730865815,-0.03018888524948138,2.0,
wearing_earrings,0.7002961865975565,0.7730470196223621,iterative_all_layers,wearing_hat,lr,17,0.6529063309885228,0.04738985560903375,2.0,
wearing_hat,0.890625,0.9481201171875,iterative_all_layers,wearing_hat,lr,17,0.875,0.015625,2.0,
wearing_lipstick,0.4915519399249061,0.488892365456821,iterative_all_layers,wearing_hat,lr,17,0.49092615769712145,0.0006257822277846437,2.0,
wearing_necklace,0.6473244147157191,0.7085284280936455,iterative_all_layers,wearing_hat,lr,17,0.5979933110367892,0.0493311036789299,2.0,
wearing_necktie,0.587719298245614,0.6213635354208306,iterative_all_layers,wearing_hat,lr,17,0.5761714412613813,0.011547856984232663,2.0,
young,0.8187476979742173,0.8983425414364641,iterative_all_layers,wearing_hat,lr,17,0.8176058931860037,0.001141804788213574,2.0,
5_o_clock_shadow,0.6139374668786434,0.6658717541070482,iterative_all_layers,wearing_hat,lr,18,0.5936671966083731,0.020270270270270285,2.0,
arched_eyebrows,0.5456730769230769,0.5621995192307693,iterative_all_layers,wearing_hat,lr,18,0.5336538461538461,0.012019230769230727,2.0,
attractive,0.5050505050505051,0.6170623431769929,iterative_all_layers,wearing_hat,lr,18,0.49868107829891267,0.006369426751592411,2.0,
bags_under_eyes,0.5317592284669106,0.4861988693049551,iterative_all_layers,wearing_hat,lr,18,0.5104755570335883,0.021283671433322326,2.0,
bald,0.7211779448621554,0.7910401002506267,iterative_all_layers,wearing_hat,lr,18,0.743421052631579,-0.02224310776942362,2.0,
bangs,0.7703140830800406,0.8332320162107395,iterative_all_layers,wearing_hat,lr,18,0.780952380952381,-0.010638297872340385,2.0,
big_lips,0.5201772049939589,0.5091421667337898,iterative_all_layers,wearing_hat,lr,18,0.4759967780910189,0.044180426902939995,2.0,
big_nose,0.5855614973262032,0.6580723198370257,iterative_all_layers,wearing_hat,lr,18,0.6067608861726509,-0.021199388846447675,2.0,
black_hair,0.7047598627787307,0.8419811320754716,iterative_all_layers,wearing_hat,lr,18,0.7118353344768439,-0.007075471698113178,2.0,
blond_hair,0.8527583527583528,0.9139471639471639,iterative_all_layers,wearing_hat,lr,18,0.8527583527583528,0.0,2.0,
blurry,0.5110794555239,0.6495726495726496,iterative_all_layers,wearing_hat,lr,18,0.581829692940804,-0.070750237416904,2.0,
brown_hair,0.6484125030765444,0.7819345311346296,iterative_all_layers,wearing_hat,lr,18,0.6441053408811224,0.004307162195422043,2.0,
bushy_eyebrows,0.5089970501474926,0.5343657817109144,iterative_all_layers,wearing_hat,lr,18,0.5256637168141592,-0.016666666666666607,2.0,
chubby,0.6801029159519726,0.7431389365351629,iterative_all_layers,wearing_hat,lr,18,0.6801029159519726,0.0,2.0,
double_chin,0.6212389380530974,0.7463126843657817,iterative_all_layers,wearing_hat,lr,18,0.6389380530973452,-0.017699115044247815,2.0,
eyeglasses,0.8908355795148248,0.9624500418254485,iterative_all_layers,wearing_hat,lr,18,0.8670415466121386,0.023794032902686224,2.0,
goatee,0.675679781254747,0.6844903539419717,iterative_all_layers,wearing_hat,lr,18,0.6323864499468328,0.04329333130791424,2.0,
gray_hair,0.8568476977567887,0.9442148760330578,iterative_all_layers,wearing_hat,lr,18,0.8884297520661157,-0.031582054309327035,2.0,
heavy_makeup,0.5939958592132505,0.5981366459627329,iterative_all_layers,wearing_hat,lr,18,0.5651138716356108,0.02888198757763971,2.0,
high_cheekbones,0.5124007936507936,0.4822668650793651,iterative_all_layers,wearing_hat,lr,18,0.5223214285714286,-0.009920634920634996,2.0,
male,0.9778481012658228,0.9796564195298373,iterative_all_layers,wearing_hat,lr,18,0.9778481012658228,0.0,2.0,
mouth_slightly_open,0.5483346623320862,0.5735754155676869,iterative_all_layers,wearing_hat,lr,18,0.5481199779181746,0.0002146844139115922,2.0,
mustache,0.7283128636069812,0.8228183581124757,iterative_all_layers,wearing_hat,lr,18,0.7328377504848094,-0.004524886877828149,2.0,
narrow_eyes,0.5094619666048237,0.6332096474953617,iterative_all_layers,wearing_hat,lr,18,0.6289424860853432,-0.11948051948051952,2.0,
no_beard,0.518093399127512,0.5054709289851963,iterative_all_layers,wearing_hat,lr,18,0.5490595723378388,-0.030966173210326797,2.0,
oval_face,0.5101211637524486,0.46390481027352537,iterative_all_layers,wearing_hat,lr,18,0.4896611768120148,0.020459986940433827,2.0,
pale_skin,0.5604621715732827,0.7606837606837606,iterative_all_layers,wearing_hat,lr,18,0.6291547958214625,-0.06869262424817979,2.0,
pointy_nose,0.49699828473413377,0.45969125214408235,iterative_all_layers,wearing_hat,lr,18,0.4879931389365352,0.00900514579759859,2.0,
receding_hairline,0.5621384586676619,0.6329539093114388,iterative_all_layers,wearing_hat,lr,18,0.5275237917521927,0.03461466691546922,2.0,
rosy_cheeks,0.6378394332939787,0.7532467532467533,iterative_all_layers,wearing_hat,lr,18,0.6000590318772137,0.037780401416765086,2.0,
sideburns,0.6493506493506493,0.7732838589981447,iterative_all_layers,wearing_hat,lr,18,0.6473098330241187,0.0020408163265306367,2.0,
smiling,0.8445858697657258,0.9377113693660456,iterative_all_layers,wearing_hat,lr,18,0.863709032773781,-0.019123163008055166,2.0,
straight_hair,0.6263203463203464,0.661991341991342,iterative_all_layers,wearing_hat,lr,18,0.661991341991342,-0.03567099567099563,2.0,
wavy_hair,0.5625068238890709,0.6211376787858937,iterative_all_layers,wearing_hat,lr,18,0.574134730865815,-0.011627906976744096,2.0,
wearing_earrings,0.7183759101567321,0.785758361100827,iterative_all_layers,wearing_hat,lr,18,0.6529063309885228,0.06546957916820928,2.0,
wearing_hat,0.8984375,0.94873046875,iterative_all_layers,wearing_hat,lr,18,0.875,0.0234375,2.0,
wearing_lipstick,0.49295994993742176,0.48998748435544426,iterative_all_layers,wearing_hat,lr,18,0.49092615769712145,0.002033792240300314,2.0,
wearing_necklace,0.6665551839464883,0.7279264214046822,iterative_all_layers,wearing_hat,lr,18,0.5979933110367892,0.06856187290969906,2.0,
wearing_necktie,0.5982678214523651,0.627803686431268,iterative_all_layers,wearing_hat,lr,18,0.5761714412613813,0.02209638019098381,2.0,
young,0.8215101289134439,0.9024677716390423,iterative_all_layers,wearing_hat,lr,18,0.8176058931860037,0.003904235727440142,2.0,
5_o_clock_shadow,0.6037360890302067,0.6562003179650239,iterative_all_layers,wearing_hat,lr,19,0.5936671966083731,0.01006889242183362,2.0,
arched_eyebrows,0.5088141025641025,0.5552884615384616,iterative_all_layers,wearing_hat,lr,19,0.5336538461538461,-0.024839743589743613,2.0,
attractive,0.51010101010101,0.604452164961719,iterative_all_layers,wearing_hat,lr,19,0.49868107829891267,0.011419931802097383,2.0,
bags_under_eyes,0.4869471233787828,0.4699035583638178,iterative_all_layers,wearing_hat,lr,19,0.5104755570335883,-0.023528433654805447,2.0,
bald,0.7255639097744361,0.7977756892230576,iterative_all_layers,wearing_hat,lr,19,0.743421052631579,-0.017857142857142905,2.0,
bangs,0.7443768996960487,0.8097264437689969,iterative_all_layers,wearing_hat,lr,19,0.780952380952381,-0.036575481256332254,2.0,
big_lips,0.49416028997180833,0.4994764397905759,iterative_all_layers,wearing_hat,lr,19,0.4759967780910189,0.018163511880789407,2.0,
big_nose,0.5823147440794499,0.64877769289534,iterative_all_layers,wearing_hat,lr,19,0.6067608861726509,-0.02444614209320095,2.0,
black_hair,0.6593053173241853,0.8215051457975986,iterative_all_layers,wearing_hat,lr,19,0.7118353344768439,-0.05253001715265859,2.0,
blond_hair,0.8321678321678322,0.8997668997668997,iterative_all_layers,wearing_hat,lr,19,0.8527583527583528,-0.020590520590520578,2.0,
blurry,0.47056030389363723,0.6033554922443811,iterative_all_layers,wearing_hat,lr,19,0.581829692940804,-0.11126938904716677,2.0,
brown_hair,0.6609648043317745,0.7361555500861432,iterative_all_layers,wearing_hat,lr,19,0.6441053408811224,0.016859463450652146,2.0,
bushy_eyebrows,0.542330383480826,0.5494100294985251,iterative_all_layers,wearing_hat,lr,19,0.5256637168141592,0.01666666666666672,2.0,
chubby,0.6710977701543739,0.7487135506003431,iterative_all_layers,wearing_hat,lr,19,0.6801029159519726,-0.009005145797598701,2.0,
double_chin,0.6079646017699115,0.7576696165191742,iterative_all_layers,wearing_hat,lr,19,0.6389380530973452,-0.030973451327433676,2.0,
eyeglasses,0.8793568175480992,0.9473928803792174,iterative_all_layers,wearing_hat,lr,19,0.8670415466121386,0.012315270935960632,2.0,
goatee,0.6456023089776697,0.6936047394804801,iterative_all_layers,wearing_hat,lr,19,0.6323864499468328,0.013215859030836885,2.0,
gray_hair,0.8568476977567887,0.9268004722550178,iterative_all_layers,wearing_hat,lr,19,0.8884297520661157,-0.031582054309327035,2.0,
heavy_makeup,0.5471014492753623,0.5790890269151139,iterative_all_layers,wearing_hat,lr,19,0.5651138716356108,-0.01801242236024847,2.0,
high_cheekbones,0.5124007936507936,0.47997271825396826,iterative_all_layers,wearing_hat,lr,19,0.5223214285714286,-0.009920634920634996,2.0,
male,0.9778481012658228,0.980108499095841,iterative_all_layers,wearing_hat,lr,19,0.9778481012658228,0.0,2.0,
mouth_slightly_open,0.5466785254247685,0.5738207691835859,iterative_all_layers,wearing_hat,lr,19,0.5481199779181746,-0.0014414524934061035,2.0,
mustache,0.7253393665158371,0.8205559146735617,iterative_all_layers,wearing_hat,lr,19,0.7328377504848094,-0.007498383968972289,2.0,
narrow_eyes,0.6560296846011132,0.6549165120593692,iterative_all_layers,wearing_hat,lr,19,0.6289424860853432,0.027087198515770017,2.0,
no_beard,0.5392262032467997,0.497961810770221,iterative_all_layers,wearing_hat,lr,19,0.5490595723378388,-0.009833369091039046,2.0,
oval_face,0.5129144598418341,0.46042225930494085,iterative_all_layers,wearing_hat,lr,19,0.4896611768120148,0.023253283029819327,2.0,
pale_skin,0.5625197847420069,0.7252295030072808,iterative_all_layers,wearing_hat,lr,19,0.6291547958214625,-0.06663501107945558,2.0,
pointy_nose,0.4236706689536878,0.44157375643224706,iterative_all_layers,wearing_hat,lr,19,0.4879931389365352,-0.06432246998284735,2.0,
receding_hairline,0.6077626422840082,0.664676245568203,iterative_all_layers,wearing_hat,lr,19,0.5275237917521927,0.08023885053181556,2.0,
rosy_cheeks,0.602125147579693,0.692443919716647,iterative_all_layers,wearing_hat,lr,19,0.6000590318772137,0.0020661157024793875,2.0,
sideburns,0.6411873840445269,0.789239332096475,iterative_all_layers,wearing_hat,lr,19,0.6473098330241187,-0.006122448979591799,2.0,
smiling,0.8268154707003628,0.9203713951915391,iterative_all_layers,wearing_hat,lr,19,0.863709032773781,-0.03689356207341821,2.0,
straight_hair,0.6446753246753247,0.6519480519480519,iterative_all_layers,wearing_hat,lr,19,0.661991341991342,-0.017316017316017285,2.0,
wavy_hair,0.5648542417294464,0.6148051097281363,iterative_all_layers,wearing_hat,lr,19,0.574134730865815,-0.009280489136368586,2.0,
wearing_earrings,0.6755522645933605,0.7681105763297544,iterative_all_layers,wearing_hat,lr,19,0.6529063309885228,0.022645933604837687,2.0,
wearing_hat,0.8984375,0.9495849609375,iterative_all_layers,wearing_hat,lr,19,0.875,0.0234375,2.0,
wearing_lipstick,0.4796620775969962,0.4664424280350438,iterative_all_layers,wearing_hat,lr,19,0.49092615769712145,-0.011264080100125251,2.0,
wearing_necklace,0.6578595317725753,0.717056856187291,iterative_all_layers,wearing_hat,lr,19,0.5979933110367892,0.05986622073578607,2.0,
wearing_necktie,0.5698423273373306,0.6035976015989339,iterative_all_layers,wearing_hat,lr,19,0.5761714412613813,-0.006329113924050667,2.0,
young,0.8458931860036832,0.9093186003683242,iterative_all_layers,wearing_hat,lr,19,0.8176058931860037,0.0282872928176795,2.0,
5_o_clock_shadow,0.6127450980392157,0.6662692103868575,iterative_all_layers,wearing_hat,lr,20,0.5936671966083731,0.019077901430842648,2.0,
arched_eyebrows,0.5248397435897436,0.546073717948718,iterative_all_layers,wearing_hat,lr,20,0.5336538461538461,-0.008814102564102533,2.0,
attractive,0.51010101010101,0.5827060413047674,iterative_all_layers,wearing_hat,lr,20,0.49868107829891267,0.011419931802097383,2.0,
bags_under_eyes,0.46242101762554044,0.4676587961423346,iterative_all_layers,wearing_hat,lr,20,0.5104755570335883,-0.048054539408047825,2.0,
bald,0.7077067669172932,0.792763157894737,iterative_all_layers,wearing_hat,lr,20,0.743421052631579,-0.03571428571428581,2.0,
bangs,0.7290780141843971,0.8145896656534953,iterative_all_layers,wearing_hat,lr,20,0.780952380952381,-0.05187436676798385,2.0,
big_lips,0.5069271043093033,0.5056786145791382,iterative_all_layers,wearing_hat,lr,20,0.4759967780910189,0.0309303262182844,2.0,
big_nose,0.5970206264323912,0.6317163228927933,iterative_all_layers,wearing_hat,lr,20,0.6067608861726509,-0.009740259740259716,2.0,
black_hair,0.6663807890222985,0.8210763293310464,iterative_all_layers,wearing_hat,lr,20,0.7118353344768439,-0.045454545454545414,2.0,
blond_hair,0.8527583527583528,0.9032634032634033,iterative_all_layers,wearing_hat,lr,20,0.8527583527583528,0.0,2.0,
blurry,0.46438746438746437,0.5432098765432098,iterative_all_layers,wearing_hat,lr,20,0.581829692940804,-0.11744222855333963,2.0,
brown_hair,0.6315530396258922,0.7304947083435885,iterative_all_layers,wearing_hat,lr,20,0.6441053408811224,-0.012552301255230214,2.0,
bushy_eyebrows,0.531268436578171,0.5485250737463127,iterative_all_layers,wearing_hat,lr,20,0.5256637168141592,0.0056047197640117785,2.0,
chubby,0.6573756432246999,0.7510720411663807,iterative_all_layers,wearing_hat,lr,20,0.6801029159519726,-0.022727272727272707,2.0,
double_chin,0.6057522123893806,0.7501474926253688,iterative_all_layers,wearing_hat,lr,20,0.6389380530973452,-0.0331858407079646,2.0,
eyeglasses,0.8600706385351798,0.9351240821637699,iterative_all_layers,wearing_hat,lr,20,0.8670415466121386,-0.006970908076958771,2.0,
goatee,0.6456023089776697,0.6887437338599423,iterative_all_layers,wearing_hat,lr,20,0.6323864499468328,0.013215859030836885,2.0,
gray_hair,0.8547815820543093,0.9327036599763872,iterative_all_layers,wearing_hat,lr,20,0.8884297520661157,-0.03364817001180642,2.0,
heavy_makeup,0.5484472049689442,0.5421325051759834,iterative_all_layers,wearing_hat,lr,20,0.5651138716356108,-0.016666666666666607,2.0,
high_cheekbones,0.4910714285714286,0.4805927579365079,iterative_all_layers,wearing_hat,lr,20,0.5223214285714286,-0.03125,2.0,
male,0.9778481012658228,0.9779772668561096,iterative_all_layers,wearing_hat,lr,20,0.9778481012658228,0.0,2.0,
mouth_slightly_open,0.5404833466233209,0.5762129669386002,iterative_all_layers,wearing_hat,lr,20,0.5481199779181746,-0.007636631294853702,2.0,
mustache,0.7343891402714933,0.8069812540400776,iterative_all_layers,wearing_hat,lr,20,0.7328377504848094,0.0015513897866838988,2.0,
narrow_eyes,0.6166975881261596,0.6330241187384045,iterative_all_layers,wearing_hat,lr,20,0.6289424860853432,-0.012244897959183598,2.0,
no_beard,0.5230637202317099,0.49831938782807694,iterative_all_layers,wearing_hat,lr,20,0.5490595723378388,-0.02599585210612887,2.0,
oval_face,0.5064209533483276,0.46789523325836174,iterative_all_layers,wearing_hat,lr,20,0.4896611768120148,0.016759776536312776,2.0,
pale_skin,0.5584045584045584,0.6951566951566952,iterative_all_layers,wearing_hat,lr,20,0.6291547958214625,-0.07075023741690412,2.0,
pointy_nose,0.45819039451114923,0.45583190394511147,iterative_all_layers,wearing_hat,lr,20,0.4879931389365352,-0.02980274442538594,2.0,
receding_hairline,0.5817316663556633,0.6521739130434783,iterative_all_layers,wearing_hat,lr,20,0.5275237917521927,0.05420787460347065,2.0,
rosy_cheeks,0.6652892561983471,0.7139905548996458,iterative_all_layers,wearing_hat,lr,20,0.6000590318772137,0.06523022432113346,2.0,
sideburns,0.6493506493506493,0.7910946196660483,iterative_all_layers,wearing_hat,lr,20,0.6473098330241187,0.0020408163265306367,2.0,
smiling,0.815347721822542,0.9198794810305602,iterative_all_layers,wearing_hat,lr,20,0.863709032773781,-0.04836131095123897,2.0,
straight_hair,0.6354978354978356,0.6474458874458874,iterative_all_layers,wearing_hat,lr,20,0.661991341991342,-0.026493506493506458,2.0,
wavy_hair,0.5532263347527022,0.6241947810896387,iterative_all_layers,wearing_hat,lr,20,0.574134730865815,-0.020908396113112793,2.0,
wearing_earrings,0.6778353696161916,0.763297544119462,iterative_all_layers,wearing_hat,lr,20,0.6529063309885228,0.02492903862766882,2.0,
wearing_hat,0.8984375,0.94903564453125,iterative_all_layers,wearing_hat,lr,20,0.875,0.0234375,2.0,
wearing_lipstick,0.43491864831038796,0.4414111389236547,iterative_all_layers,wearing_hat,lr,20,0.49092615769712145,-0.05600750938673349,2.0,
wearing_necklace,0.6321070234113713,0.7359531772575252,iterative_all_layers,wearing_hat,lr,20,0.5979933110367892,0.03411371237458205,2.0,
wearing_necktie,0.5677326226959805,0.5902731512325116,iterative_all_layers,wearing_hat,lr,20,0.5761714412613813,-0.008438818565400852,2.0,
young,0.8403683241252302,0.9116758747697974,iterative_all_layers,wearing_hat,lr,20,0.8176058931860037,0.022762430939226475,2.0,
5_o_clock_shadow,0.6399046104928459,0.6677265500794912,iterative_all_layers,wearing_hat,lr,21,0.5936671966083731,0.04623741388447278,2.0,
arched_eyebrows,0.5048076923076923,0.555889423076923,iterative_all_layers,wearing_hat,lr,21,0.5336538461538461,-0.028846153846153855,2.0,
attractive,0.5050505050505051,0.5340024448304702,iterative_all_layers,wearing_hat,lr,21,0.49868107829891267,0.006369426751592411,2.0,
bags_under_eyes,0.4914366478217493,0.4742268041237113,iterative_all_layers,wearing_hat,lr,21,0.5104755570335883,-0.019038909211838984,2.0,
bald,0.7098997493734336,0.7910401002506265,iterative_all_layers,wearing_hat,lr,21,0.743421052631579,-0.033521303258145396,2.0,
bangs,0.7660587639311043,0.8192502532928065,iterative_all_layers,wearing_hat,lr,21,0.780952380952381,-0.014893617021276673,2.0,
big_lips,0.4812323801852598,0.5071284736206203,iterative_all_layers,wearing_hat,lr,21,0.4759967780910189,0.005235602094240899,2.0,
big_nose,0.5872803666921314,0.6205755029284441,iterative_all_layers,wearing_hat,lr,21,0.6067608861726509,-0.019480519480519543,2.0,
black_hair,0.6432246998284734,0.8107847341337907,iterative_all_layers,wearing_hat,lr,21,0.7118353344768439,-0.06861063464837047,2.0,
blond_hair,0.8690753690753691,0.9098679098679099,iterative_all_layers,wearing_hat,lr,21,0.8527583527583528,0.01631701631701632,2.0,
blurry,0.4582146248812915,0.533713200379867,iterative_all_layers,wearing_hat,lr,21,0.581829692940804,-0.1236150680595125,2.0,
brown_hair,0.6420132906719173,0.6952990401181393,iterative_all_layers,wearing_hat,lr,21,0.6441053408811224,-0.0020920502092051096,2.0,
bushy_eyebrows,0.5300884955752212,0.568731563421829,iterative_all_layers,wearing_hat,lr,21,0.5256637168141592,0.004424778761061954,2.0,
chubby,0.6503001715265866,0.7214837049742711,iterative_all_layers,wearing_hat,lr,21,0.6801029159519726,-0.029802744425385996,2.0,
double_chin,0.6202064896755163,0.700589970501475,iterative_all_layers,wearing_hat,lr,21,0.6389380530973452,-0.018731563421828912,2.0,
eyeglasses,0.8284691885862998,0.9321498280509342,iterative_all_layers,wearing_hat,lr,21,0.8670415466121386,-0.038572358025838804,2.0,
goatee,0.5828649551876044,0.6544128816648944,iterative_all_layers,wearing_hat,lr,21,0.6323864499468328,-0.0495214947592284,2.0,
gray_hair,0.8630460448642268,0.9002361275088548,iterative_all_layers,wearing_hat,lr,21,0.8884297520661157,-0.025383707201888983,2.0,
heavy_makeup,0.5060041407867495,0.5406832298136647,iterative_all_layers,wearing_hat,lr,21,0.5651138716356108,-0.059109730848861286,2.0,
high_cheekbones,0.49007936507936506,0.45145089285714285,iterative_all_layers,wearing_hat,lr,21,0.5223214285714286,-0.032242063492063544,2.0,
male,0.9746835443037974,0.978041849651253,iterative_all_layers,wearing_hat,lr,21,0.9778481012658228,-0.0031645569620253333,2.0,
mouth_slightly_open,0.5238913083481568,0.5668281911304668,iterative_all_layers,wearing_hat,lr,21,0.5481199779181746,-0.02422866957001779,2.0,
mustache,0.6922430510665805,0.8043956043956044,iterative_all_layers,wearing_hat,lr,21,0.7328377504848094,-0.04059469941822891,2.0,
narrow_eyes,0.7484230055658627,0.6623376623376622,iterative_all_layers,wearing_hat,lr,21,0.6289424860853432,0.11948051948051952,2.0,
no_beard,0.5195594650647215,0.5015375813487807,iterative_all_layers,wearing_hat,lr,21,0.5490595723378388,-0.02950010727311725,2.0,
oval_face,0.505514039033592,0.4578828992236813,iterative_all_layers,wearing_hat,lr,21,0.4896611768120148,0.015852862221577224,2.0,
pale_skin,0.5240582462804685,0.7391579613801835,iterative_all_layers,wearing_hat,lr,21,0.6291547958214625,-0.10509654954099401,2.0,
pointy_nose,0.45626072041166377,0.4382504288164666,iterative_all_layers,wearing_hat,lr,21,0.4879931389365352,-0.03173241852487141,2.0,
receding_hairline,0.5186601977980967,0.6219443926105617,iterative_all_layers,wearing_hat,lr,21,0.5275237917521927,-0.008863593954095972,2.0,
rosy_cheeks,0.589728453364817,0.6431523022432113,iterative_all_layers,wearing_hat,lr,21,0.6000590318772137,-0.010330578512396604,2.0,
sideburns,0.6825602968460112,0.7877551020408164,iterative_all_layers,wearing_hat,lr,21,0.6473098330241187,0.03525046382189245,2.0,
smiling,0.7379942200086085,0.8092602840804279,iterative_all_layers,wearing_hat,lr,21,0.863709032773781,-0.1257148127651725,2.0,
straight_hair,0.5998268398268398,0.670995670995671,iterative_all_layers,wearing_hat,lr,21,0.661991341991342,-0.0621645021645022,2.0,
wavy_hair,0.5763729664810568,0.6018124249372202,iterative_all_layers,wearing_hat,lr,21,0.574134730865815,0.002238235615241835,2.0,
wearing_earrings,0.6414908058743676,0.7296063186474145,iterative_all_layers,wearing_hat,lr,21,0.6529063309885228,-0.011415525114155223,2.0,
wearing_hat,0.91015625,0.94964599609375,iterative_all_layers,wearing_hat,lr,21,0.875,0.03515625,2.0,
wearing_lipstick,0.47903629536921155,0.4604192740926158,iterative_all_layers,wearing_hat,lr,21,0.49092615769712145,-0.011889862327909895,2.0,
wearing_necklace,0.6379598662207357,0.6914715719063544,iterative_all_layers,wearing_hat,lr,21,0.5979933110367892,0.03996655518394654,2.0,
wearing_necktie,0.5592938041305796,0.5387519431490118,iterative_all_layers,wearing_hat,lr,21,0.5761714412613813,-0.016877637130801704,2.0,
young,0.8226519337016575,0.9031307550644567,iterative_all_layers,wearing_hat,lr,21,0.8176058931860037,0.005046040515653716,2.0,
5_o_clock_shadow,0.642156862745098,0.6691838897721251,iterative_all_layers,wearing_hat,lr,22,0.5936671966083731,0.048489666136724896,2.0,
arched_eyebrows,0.49679487179487175,0.5279447115384616,iterative_all_layers,wearing_hat,lr,22,0.5336538461538461,-0.036858974358974395,2.0,
attractive,0.4968152866242038,0.506658946149392,iterative_all_layers,wearing_hat,lr,22,0.49868107829891267,-0.0018657916747088499,2.0,
bags_under_eyes,0.48561689391420015,0.46591286997006987,iterative_all_layers,wearing_hat,lr,22,0.5104755570335883,-0.024858663119388114,2.0,
bald,0.7077067669172932,0.7716165413533834,iterative_all_layers,wearing_hat,lr,22,0.743421052631579,-0.03571428571428581,2.0,
bangs,0.7707193515704154,0.8109422492401216,iterative_all_layers,wearing_hat,lr,22,0.780952380952381,-0.010233029381965575,2.0,
big_lips,0.5177204993958922,0.5547321788159485,iterative_all_layers,wearing_hat,lr,22,0.4759967780910189,0.04172372130487323,2.0,
big_nose,0.5791316526610644,0.6429844665138783,iterative_all_layers,wearing_hat,lr,22,0.6067608861726509,-0.027629233511586526,2.0,
black_hair,0.6295025728987993,0.7980274442538593,iterative_all_layers,wearing_hat,lr,22,0.7118353344768439,-0.08233276157804459,2.0,
blond_hair,0.864024864024864,0.9263791763791763,iterative_all_layers,wearing_hat,lr,22,0.8527583527583528,0.011266511266511237,2.0,
blurry,0.45409939854384296,0.5121874010762899,iterative_all_layers,wearing_hat,lr,22,0.581829692940804,-0.12773029439696104,2.0,
brown_hair,0.6461973910903274,0.6817622446468127,iterative_all_layers,wearing_hat,lr,22,0.6441053408811224,0.0020920502092049986,2.0,
bushy_eyebrows,0.5222713864306785,0.573598820058997,iterative_all_layers,wearing_hat,lr,22,0.5256637168141592,-0.003392330383480746,2.0,
chubby,0.6072041166380789,0.6732418524871355,iterative_all_layers,wearing_hat,lr,22,0.6801029159519726,-0.07289879931389365,2.0,
double_chin,0.6023598820058997,0.6991150442477877,iterative_all_layers,wearing_hat,lr,22,0.6389380530973452,-0.036578171091445455,2.0,
eyeglasses,0.8112278092759551,0.8961799423738266,iterative_all_layers,wearing_hat,lr,22,0.8670415466121386,-0.055813737336183555,2.0,
goatee,0.5483821965669148,0.6320826370955492,iterative_all_layers,wearing_hat,lr,22,0.6323864499468328,-0.08400425337991801,2.0,
gray_hair,0.7641676505312869,0.8164108618654073,iterative_all_layers,wearing_hat,lr,22,0.8884297520661157,-0.12426210153482886,2.0,
heavy_makeup,0.5202898550724637,0.5296066252587992,iterative_all_layers,wearing_hat,lr,22,0.5651138716356108,-0.04482401656314705,2.0,
high_cheekbones,0.4816468253968254,0.45380704365079366,iterative_all_layers,wearing_hat,lr,22,0.5223214285714286,-0.0406746031746032,2.0,
male,0.9403900800826659,0.9757168690260914,iterative_all_layers,wearing_hat,lr,22,0.9778481012658228,-0.03745802118315689,2.0,
mouth_slightly_open,0.5457891185671349,0.5756609213028278,iterative_all_layers,wearing_hat,lr,22,0.5481199779181746,-0.0023308593510397158,2.0,
mustache,0.6771170006464124,0.7794440853264383,iterative_all_layers,wearing_hat,lr,22,0.7328377504848094,-0.05572074983839692,2.0,
narrow_eyes,0.6595547309833024,0.6812615955473098,iterative_all_layers,wearing_hat,lr,22,0.6289424860853432,0.030612244897959218,2.0,
no_beard,0.5139097475505972,0.5257097904598441,iterative_all_layers,wearing_hat,lr,22,0.5490595723378388,-0.0351498247872416,2.0,
oval_face,0.48044692737430167,0.45294928535151996,iterative_all_layers,wearing_hat,lr,22,0.4896611768120148,-0.009214249437713151,2.0,
pale_skin,0.528173472617917,0.7236467236467236,iterative_all_layers,wearing_hat,lr,22,0.6291547958214625,-0.10098132320354547,2.0,
pointy_nose,0.44018010291595194,0.4312821612349914,iterative_all_layers,wearing_hat,lr,22,0.4879931389365352,-0.04781303602058323,2.0,
receding_hairline,0.553274864713566,0.6378055607389437,iterative_all_layers,wearing_hat,lr,22,0.5275237917521927,0.025751072961373356,2.0,
rosy_cheeks,0.5436835891381346,0.6605667060212514,iterative_all_layers,wearing_hat,lr,22,0.6000590318772137,-0.05637544273907902,2.0,
sideburns,0.6703153988868276,0.8163265306122449,iterative_all_layers,wearing_hat,lr,22,0.6473098330241187,0.023005565862708854,2.0,
smiling,0.7422677242821127,0.8176843140871918,iterative_all_layers,wearing_hat,lr,22,0.863709032773781,-0.12144130849166823,2.0,
straight_hair,0.6063203463203464,0.6718614718614719,iterative_all_layers,wearing_hat,lr,22,0.661991341991342,-0.05567099567099565,2.0,
wavy_hair,0.5949339447537941,0.6338028169014085,iterative_all_layers,wearing_hat,lr,22,0.574134730865815,0.020799213887979118,2.0,
wearing_earrings,0.6390225842280637,0.6972726150808343,iterative_all_layers,wearing_hat,lr,22,0.6529063309885228,-0.013883746760459115,2.0,
wearing_hat,0.89453125,0.9412841796875,iterative_all_layers,wearing_hat,lr,22,0.875,0.01953125,2.0,
wearing_lipstick,0.5456821026282854,0.50430225281602,iterative_all_layers,wearing_hat,lr,22,0.49092615769712145,0.05475594493116398,2.0,
wearing_necklace,0.6013377926421405,0.6292642140468228,iterative_all_layers,wearing_hat,lr,22,0.5979933110367892,0.0033444816053512794,2.0,
wearing_necktie,0.5519653564290473,0.5420830557406173,iterative_all_layers,wearing_hat,lr,22,0.5761714412613813,-0.024206084832333996,2.0,
young,0.7504604051565378,0.8470718232044199,iterative_all_layers,wearing_hat,lr,22,0.8176058931860037,-0.06714548802946596,2.0,
5_o_clock_shadow,0.5178855325914149,0.5307366189719132,iterative_all_layers,wearing_hat,lr,23,0.5936671966083731,-0.07578166401695818,2.0,
arched_eyebrows,0.5048076923076923,0.47736378205128205,iterative_all_layers,wearing_hat,lr,23,0.5336538461538461,-0.028846153846153855,2.0,
attractive,0.5069162967252139,0.47905809689249185,iterative_all_layers,wearing_hat,lr,23,0.49868107829891267,0.008235218426301205,2.0,
bags_under_eyes,0.4756401729298304,0.44662454273362157,iterative_all_layers,wearing_hat,lr,23,0.5104755570335883,-0.03483538410375786,2.0,
bald,0.5429197994987469,0.5286654135338347,iterative_all_layers,wearing_hat,lr,23,0.743421052631579,-0.20050125313283207,2.0,
bangs,0.4871327254305977,0.5005065856129686,iterative_all_layers,wearing_hat,lr,23,0.780952380952381,-0.29381965552178324,2.0,
big_lips,0.45308095046314945,0.4555779299234797,iterative_all_layers,wearing_hat,lr,23,0.4759967780910189,-0.02291582762786948,2.0,
big_nose,0.5318309141838553,0.5683728036669213,iterative_all_layers,wearing_hat,lr,23,0.6067608861726509,-0.07492997198879559,2.0,
black_hair,0.4416809605488851,0.41584476843910806,iterative_all_layers,wearing_hat,lr,23,0.7118353344768439,-0.27015437392795877,2.0,
blond_hair,0.4527972027972028,0.4448329448329449,iterative_all_layers,wearing_hat,lr,23,0.8527583527583528,-0.39996114996114995,2.0,
blurry,0.4987337765115543,0.4732510288065844,iterative_all_layers,wearing_hat,lr,23,0.581829692940804,-0.08309591642924968,2.0,
brown_hair,0.5243662318483879,0.46541964065961117,iterative_all_layers,wearing_hat,lr,23,0.6441053408811224,-0.11973910903273444,2.0,
bushy_eyebrows,0.5156342182890855,0.5233038348082596,iterative_all_layers,wearing_hat,lr,23,0.5256637168141592,-0.010029498525073732,2.0,
chubby,0.5428816466552315,0.48123927958833623,iterative_all_layers,wearing_hat,lr,23,0.6801029159519726,-0.13722126929674106,2.0,
double_chin,0.5023598820058996,0.5693215339233039,iterative_all_layers,wearing_hat,lr,23,0.6389380530973452,-0.13657817109144554,2.0,
eyeglasses,0.512594107259039,0.5640858815875082,iterative_all_layers,wearing_hat,lr,23,0.8670415466121386,-0.35444743935309964,2.0,
goatee,0.46179553395108613,0.3993619930123044,iterative_all_layers,wearing_hat,lr,23,0.6323864499468328,-0.17059091599574666,2.0,
gray_hair,0.4707792207792208,0.5407319952774499,iterative_all_layers,wearing_hat,lr,23,0.8884297520661157,-0.41765053128689494,2.0,
heavy_makeup,0.47950310559006215,0.4782608695652174,iterative_all_layers,wearing_hat,lr,23,0.5651138716356108,-0.08561076604554863,2.0,
high_cheekbones,0.5099206349206349,0.47898065476190477,iterative_all_layers,wearing_hat,lr,23,0.5223214285714286,-0.012400793650793718,2.0,
male,0.5066520278997675,0.5085895117540687,iterative_all_layers,wearing_hat,lr,23,0.9778481012658228,-0.4711960733660553,2.0,
mouth_slightly_open,0.5172667607188861,0.5099674906458934,iterative_all_layers,wearing_hat,lr,23,0.5481199779181746,-0.030853217199288463,2.0,
mustache,0.4372333548804137,0.38862314156431804,iterative_all_layers,wearing_hat,lr,23,0.7328377504848094,-0.29560439560439566,2.0,
narrow_eyes,0.6866419294990724,0.7024118738404452,iterative_all_layers,wearing_hat,lr,23,0.6289424860853432,0.057699443413729234,2.0,
no_beard,0.4666738182078238,0.4441107058571122,iterative_all_layers,wearing_hat,lr,23,0.5490595723378388,-0.08238575413001498,2.0,
oval_face,0.4757672495102663,0.49974606399187405,iterative_all_layers,wearing_hat,lr,23,0.4896611768120148,-0.013893927301748543,2.0,
pale_skin,0.5096549540993985,0.4973092750870529,iterative_all_layers,wearing_hat,lr,23,0.6291547958214625,-0.11949984172206396,2.0,
pointy_nose,0.49271012006861065,0.4958190394511149,iterative_all_layers,wearing_hat,lr,23,0.4879931389365352,0.004716981132075471,2.0,
receding_hairline,0.5731479753685389,0.6303414816197052,iterative_all_layers,wearing_hat,lr,23,0.5275237917521927,0.04562418361634624,2.0,
rosy_cheeks,0.4784533648170012,0.39964580873671784,iterative_all_layers,wearing_hat,lr,23,0.6000590318772137,-0.12160566706021247,2.0,
sideburns,0.6677179962894249,0.7328385899814471,iterative_all_layers,wearing_hat,lr,23,0.6473098330241187,0.020408163265306145,2.0,
smiling,0.5646252228986042,0.5514357744573573,iterative_all_layers,wearing_hat,lr,23,0.863709032773781,-0.2990838098751768,2.0,
straight_hair,0.489004329004329,0.5577489177489178,iterative_all_layers,wearing_hat,lr,23,0.661991341991342,-0.17298701298701302,2.0,
wavy_hair,0.5205808494377115,0.5750627797794519,iterative_all_layers,wearing_hat,lr,23,0.574134730865815,-0.05355388142810347,2.0,
wearing_earrings,0.5153029742070838,0.5024065161051463,iterative_all_layers,wearing_hat,lr,23,0.6529063309885228,-0.13760335678143898,2.0,
wearing_hat,0.52734375,0.50494384765625,iterative_all_layers,wearing_hat,lr,23,0.875,-0.34765625,2.0,
wearing_lipstick,0.47887984981226533,0.5146276595744681,iterative_all_layers,wearing_hat,lr,23,0.49092615769712145,-0.012046307884856111,2.0,
wearing_necklace,0.45434782608695656,0.4454849498327759,iterative_all_layers,wearing_hat,lr,23,0.5979933110367892,-0.14364548494983265,2.0,
wearing_necktie,0.4582500555185432,0.4983344437041971,iterative_all_layers,wearing_hat,lr,23,0.5761714412613813,-0.11792138574283811,2.0,
young,0.5807366482504605,0.607366482504604,iterative_all_layers,wearing_hat,lr,23,0.8176058931860037,-0.2368692449355433,2.0,
5_o_clock_shadow,0.5959194488606254,0.658055113937467,iterative_all_layers,wearing_hat,pclarc,0,0.5936671966083731,0.0022522522522523403,2.0,
arched_eyebrows,0.5280448717948718,0.5448717948717949,iterative_all_layers,wearing_hat,pclarc,0,0.5336538461538461,-0.005608974358974339,2.0,
attractive,0.49868107829891267,0.6103068905616675,iterative_all_layers,wearing_hat,pclarc,0,0.49868107829891267,0.0,2.0,
bags_under_eyes,0.49983372131692716,0.4804622547389425,iterative_all_layers,wearing_hat,pclarc,0,0.5104755570335883,-0.010641835716661108,2.0,
bald,0.743421052631579,0.7962092731829573,iterative_all_layers,wearing_hat,pclarc,0,0.743421052631579,0.0,2.0,
bangs,0.780952380952381,0.8500506585612968,iterative_all_layers,wearing_hat,pclarc,0,0.780952380952381,0.0,2.0,
big_lips,0.4812323801852598,0.4863471606927105,iterative_all_layers,wearing_hat,pclarc,0,0.4759967780910189,0.005235602094240899,2.0,
big_nose,0.6067608861726509,0.67296918767507,iterative_all_layers,wearing_hat,pclarc,0,0.6067608861726509,0.0,2.0,
black_hair,0.7141938250428816,0.8436963979416809,iterative_all_layers,wearing_hat,pclarc,0,0.7118353344768439,0.002358490566037763,2.0,
blond_hair,0.8527583527583528,0.9265734265734265,iterative_all_layers,wearing_hat,pclarc,0,0.8527583527583528,0.0,2.0,
blurry,0.5859449192782527,0.6027223805001583,iterative_all_layers,wearing_hat,pclarc,0,0.581829692940804,0.004115226337448652,2.0,
brown_hair,0.6420132906719173,0.8117154811715481,iterative_all_layers,wearing_hat,pclarc,0,0.6441053408811224,-0.0020920502092051096,2.0,
bushy_eyebrows,0.5278761061946903,0.5205014749262536,iterative_all_layers,wearing_hat,pclarc,0,0.5256637168141592,0.0022123893805310324,2.0,
chubby,0.6801029159519726,0.7502144082332761,iterative_all_layers,wearing_hat,pclarc,0,0.6801029159519726,0.0,2.0,
double_chin,0.6367256637168142,0.743952802359882,iterative_all_layers,wearing_hat,pclarc,0,0.6389380530973452,-0.0022123893805310324,2.0,
eyeglasses,0.8764755088762897,0.9520401524305233,iterative_all_layers,wearing_hat,pclarc,0,0.8670415466121386,0.009433962264151052,2.0,
goatee,0.6345890931186389,0.6860094181983898,iterative_all_layers,wearing_hat,pclarc,0,0.6323864499468328,0.0022026431718060735,2.0,
gray_hair,0.890495867768595,0.9660566706021252,iterative_all_layers,wearing_hat,pclarc,0,0.8884297520661157,0.0020661157024792765,2.0,
heavy_makeup,0.5651138716356108,0.6080745341614907,iterative_all_layers,wearing_hat,pclarc,0,0.5651138716356108,0.0,2.0,
high_cheekbones,0.5257936507936508,0.4763764880952381,iterative_all_layers,wearing_hat,pclarc,0,0.5223214285714286,0.00347222222222221,2.0,
male,0.9778481012658228,0.9780418496512528,iterative_all_layers,wearing_hat,pclarc,0,0.9778481012658228,0.0,2.0,
mouth_slightly_open,0.5397166165736368,0.5663374838986689,iterative_all_layers,wearing_hat,pclarc,0,0.5481199779181746,-0.008403361344537785,2.0,
mustache,0.7351001939237234,0.8125404007756949,iterative_all_layers,wearing_hat,pclarc,0,0.7328377504848094,0.002262443438914019,2.0,
narrow_eyes,0.624860853432282,0.6411873840445269,iterative_all_layers,wearing_hat,pclarc,0,0.6289424860853432,-0.004081632653061162,2.0,
no_beard,0.5490595723378388,0.5046842594579132,iterative_all_layers,wearing_hat,pclarc,0,0.5490595723378388,0.0,2.0,
oval_face,0.4896611768120148,0.4650656605963868,iterative_all_layers,wearing_hat,pclarc,0,0.4896611768120148,0.0,2.0,
pale_skin,0.625039569484014,0.7695473251028806,iterative_all_layers,wearing_hat,pclarc,0,0.6291547958214625,-0.004115226337448541,2.0,
pointy_nose,0.4879931389365352,0.49967838765008576,iterative_all_layers,wearing_hat,pclarc,0,0.4879931389365352,0.0,2.0,
receding_hairline,0.5449710766934129,0.580891957454749,iterative_all_layers,wearing_hat,pclarc,0,0.5275237917521927,0.017447284941220276,2.0,
rosy_cheeks,0.6000590318772137,0.755608028335301,iterative_all_layers,wearing_hat,pclarc,0,0.6000590318772137,0.0,2.0,
sideburns,0.6371057513914657,0.7562152133580705,iterative_all_layers,wearing_hat,pclarc,0,0.6473098330241187,-0.010204081632652962,2.0,
smiling,0.863709032773781,0.9389411547684928,iterative_all_layers,wearing_hat,pclarc,0,0.863709032773781,0.0,2.0,
straight_hair,0.6641558441558442,0.6588744588744588,iterative_all_layers,wearing_hat,pclarc,0,0.661991341991342,0.0021645021645021467,2.0,
wavy_hair,0.574134730865815,0.6194999454088875,iterative_all_layers,wearing_hat,pclarc,0,0.574134730865815,0.0,2.0,
wearing_earrings,0.6529063309885228,0.7310872516351968,iterative_all_layers,wearing_hat,pclarc,0,0.6529063309885228,0.0,2.0,
wearing_hat,0.87109375,0.93780517578125,iterative_all_layers,wearing_hat,pclarc,0,0.875,-0.00390625,2.0,
wearing_lipstick,0.4856070087609512,0.4809918648310388,iterative_all_layers,wearing_hat,pclarc,0,0.49092615769712145,-0.005319148936170248,2.0,
wearing_necklace,0.5936454849498327,0.698494983277592,iterative_all_layers,wearing_hat,pclarc,0,0.5979933110367892,-0.004347826086956497,2.0,
wearing_necktie,0.5656229180546303,0.6000444148345547,iterative_all_layers,wearing_hat,pclarc,0,0.5761714412613813,-0.010548523206751037,2.0,
young,0.8176058931860037,0.8857458563535913,iterative_all_layers,wearing_hat,pclarc,0,0.8176058931860037,0.0,2.0,
5_o_clock_shadow,0.5936671966083731,0.6567302596714362,iterative_all_layers,wearing_hat,pclarc,1,0.5936671966083731,0.0,2.0,
arched_eyebrows,0.5328525641025641,0.5431690705128205,iterative_all_layers,wearing_hat,pclarc,1,0.5336538461538461,-0.0008012820512820484,2.0,
attractive,0.5050505050505051,0.6083767612430032,iterative_all_layers,wearing_hat,pclarc,1,0.49868107829891267,0.006369426751592411,2.0,
bags_under_eyes,0.49983372131692716,0.48237445959428005,iterative_all_layers,wearing_hat,pclarc,1,0.5104755570335883,-0.010641835716661108,2.0,
bald,0.743421052631579,0.7971491228070174,iterative_all_layers,wearing_hat,pclarc,1,0.743421052631579,0.0,2.0,
bangs,0.780952380952381,0.8520770010131713,iterative_all_layers,wearing_hat,pclarc,1,0.780952380952381,0.0,2.0,
big_lips,0.4812323801852598,0.48554168344744264,iterative_all_layers,wearing_hat,pclarc,1,0.4759967780910189,0.005235602094240899,2.0,
big_nose,0.6067608861726509,0.6745607333842628,iterative_all_layers,wearing_hat,pclarc,1,0.6067608861726509,0.0,2.0,
black_hair,0.7231989708404802,0.8438036020583191,iterative_all_layers,wearing_hat,pclarc,1,0.7118353344768439,0.011363636363636354,2.0,
blond_hair,0.8527583527583528,0.925990675990676,iterative_all_layers,wearing_hat,pclarc,1,0.8527583527583528,0.0,2.0,
blurry,0.581829692940804,0.6036720481164926,iterative_all_layers,wearing_hat,pclarc,1,0.581829692940804,0.0,2.0,
brown_hair,0.6378291902535073,0.8122077282795963,iterative_all_layers,wearing_hat,pclarc,1,0.6441053408811224,-0.006276150627615107,2.0,
bushy_eyebrows,0.5278761061946903,0.5212389380530973,iterative_all_layers,wearing_hat,pclarc,1,0.5256637168141592,0.0022123893805310324,2.0,
chubby,0.6824614065180102,0.7512864493996569,iterative_all_layers,wearing_hat,pclarc,1,0.6801029159519726,0.002358490566037652,2.0,
double_chin,0.6411504424778761,0.7424778761061948,iterative_all_layers,wearing_hat,pclarc,1,0.6389380530973452,0.0022123893805309214,2.0,
eyeglasses,0.8789385630634817,0.9509248071382098,iterative_all_layers,wearing_hat,pclarc,1,0.8670415466121386,0.011897016451343112,2.0,
goatee,0.6646665653957162,0.6863132310496733,iterative_all_layers,wearing_hat,pclarc,1,0.6323864499468328,0.03228011544888343,2.0,
gray_hair,0.8863636363636364,0.9645808736717828,iterative_all_layers,wearing_hat,pclarc,1,0.8884297520661157,-0.0020661157024793875,2.0,
heavy_makeup,0.5674948240165631,0.608488612836439,iterative_all_layers,wearing_hat,pclarc,1,0.5651138716356108,0.0023809523809523725,2.0,
high_cheekbones,0.5223214285714286,0.47724454365079366,iterative_all_layers,wearing_hat,pclarc,1,0.5223214285714286,0.0,2.0,
male,0.9778481012658228,0.9776543528803927,iterative_all_layers,wearing_hat,pclarc,1,0.9778481012658228,0.0,2.0,
mouth_slightly_open,0.5439182972459057,0.5688523584616328,iterative_all_layers,wearing_hat,pclarc,1,0.5481199779181746,-0.004201680672268893,2.0,
mustache,0.7493859082094376,0.8124111182934712,iterative_all_layers,wearing_hat,pclarc,1,0.7328377504848094,0.016548157724628254,2.0,
narrow_eyes,0.624860853432282,0.6441558441558441,iterative_all_layers,wearing_hat,pclarc,1,0.6289424860853432,-0.004081632653061162,2.0,
no_beard,0.5518844310949009,0.5066151755703354,iterative_all_layers,wearing_hat,pclarc,1,0.5490595723378388,0.0028248587570621764,2.0,
oval_face,0.4896611768120148,0.46651672349996376,iterative_all_layers,wearing_hat,pclarc,1,0.4896611768120148,0.0,2.0,
pale_skin,0.6270971826527383,0.772712883823995,iterative_all_layers,wearing_hat,pclarc,1,0.6291547958214625,-0.002057613168724215,2.0,
pointy_nose,0.4879931389365352,0.49817753001715265,iterative_all_layers,wearing_hat,pclarc,1,0.4879931389365352,0.0,2.0,
receding_hairline,0.5471169994401941,0.5829445792125397,iterative_all_layers,wearing_hat,pclarc,1,0.5275237917521927,0.019593207688001435,2.0,
rosy_cheeks,0.602125147579693,0.7559031877213696,iterative_all_layers,wearing_hat,pclarc,1,0.6000590318772137,0.0020661157024793875,2.0,
sideburns,0.6411873840445269,0.7595547309833024,iterative_all_layers,wearing_hat,pclarc,1,0.6473098330241187,-0.006122448979591799,2.0,
smiling,0.863709032773781,0.9395560474697165,iterative_all_layers,wearing_hat,pclarc,1,0.863709032773781,0.0,2.0,
straight_hair,0.661991341991342,0.6602597402597403,iterative_all_layers,wearing_hat,pclarc,1,0.661991341991342,0.0,2.0,
wavy_hair,0.5717873130254395,0.6191723987334862,iterative_all_layers,wearing_hat,pclarc,1,0.574134730865815,-0.0023474178403755097,2.0,
wearing_earrings,0.6506232259656917,0.7282487967419474,iterative_all_layers,wearing_hat,pclarc,1,0.6529063309885228,-0.0022831050228311334,2.0,
wearing_hat,0.8671875,0.9385986328125,iterative_all_layers,wearing_hat,pclarc,1,0.875,-0.0078125,2.0,
wearing_lipstick,0.4856070087609512,0.4798967459324155,iterative_all_layers,wearing_hat,pclarc,1,0.49092615769712145,-0.005319148936170248,2.0,
wearing_necklace,0.5722408026755853,0.697324414715719,iterative_all_layers,wearing_hat,pclarc,1,0.5979933110367892,-0.025752508361203907,2.0,
wearing_necktie,0.5677326226959805,0.608927381745503,iterative_all_layers,wearing_hat,pclarc,1,0.5761714412613813,-0.008438818565400852,2.0,
young,0.8176058931860037,0.8861141804788214,iterative_all_layers,wearing_hat,pclarc,1,0.8176058931860037,0.0,2.0,
5_o_clock_shadow,0.5812135665076842,0.6555378908320084,iterative_all_layers,wearing_hat,pclarc,2,0.5936671966083731,-0.012453630100688895,2.0,
arched_eyebrows,0.530448717948718,0.5445713141025641,iterative_all_layers,wearing_hat,pclarc,2,0.5336538461538461,-0.0032051282051281937,2.0,
attractive,0.5018657916747089,0.6052242166891848,iterative_all_layers,wearing_hat,pclarc,2,0.49868107829891267,0.003184713375796233,2.0,
bags_under_eyes,0.502411040904556,0.4856168939142002,iterative_all_layers,wearing_hat,pclarc,2,0.5104755570335883,-0.008064516129032251,2.0,
bald,0.743421052631579,0.7990288220551379,iterative_all_layers,wearing_hat,pclarc,2,0.743421052631579,0.0,2.0,
bangs,0.780952380952381,0.851469098277609,iterative_all_layers,wearing_hat,pclarc,2,0.780952380952381,0.0,2.0,
big_lips,0.4838501812323802,0.4834474426097463,iterative_all_layers,wearing_hat,pclarc,2,0.4759967780910189,0.007853403141361293,2.0,
big_nose,0.6018589253883372,0.6727782021899669,iterative_all_layers,wearing_hat,pclarc,2,0.6067608861726509,-0.004901960784313708,2.0,
black_hair,0.7094768439108061,0.8428387650085764,iterative_all_layers,wearing_hat,pclarc,2,0.7118353344768439,-0.002358490566037763,2.0,
blond_hair,0.8527583527583528,0.9254079254079253,iterative_all_layers,wearing_hat,pclarc,2,0.8527583527583528,0.0,2.0,
blurry,0.5859449192782527,0.5925925925925926,iterative_all_layers,wearing_hat,pclarc,2,0.581829692940804,0.004115226337448652,2.0,
brown_hair,0.6357371400443023,0.8117154811715481,iterative_all_layers,wearing_hat,pclarc,2,0.6441053408811224,-0.008368200836820106,2.0,
bushy_eyebrows,0.5256637168141592,0.5205014749262538,iterative_all_layers,wearing_hat,pclarc,2,0.5256637168141592,0.0,2.0,
chubby,0.6801029159519726,0.75278730703259,iterative_all_layers,wearing_hat,pclarc,2,0.6801029159519726,0.0,2.0,
double_chin,0.6411504424778761,0.7433628318584071,iterative_all_layers,wearing_hat,pclarc,2,0.6389380530973452,0.0022123893805309214,2.0,
eyeglasses,0.8789385630634817,0.9513895343433405,iterative_all_layers,wearing_hat,pclarc,2,0.8670415466121386,0.011897016451343112,2.0,
goatee,0.6452225429135653,0.6854017924958227,iterative_all_layers,wearing_hat,pclarc,2,0.6323864499468328,0.012836092966732493,2.0,
gray_hair,0.8925619834710744,0.9642857142857143,iterative_all_layers,wearing_hat,pclarc,2,0.8884297520661157,0.004132231404958664,2.0,
heavy_makeup,0.579399585921325,0.6071428571428571,iterative_all_layers,wearing_hat,pclarc,2,0.5651138716356108,0.014285714285714235,2.0,
high_cheekbones,0.5178571428571429,0.47619047619047616,iterative_all_layers,wearing_hat,pclarc,2,0.5223214285714286,-0.004464285714285698,2.0,
male,0.9778481012658228,0.9779126840609661,iterative_all_layers,wearing_hat,pclarc,2,0.9778481012658228,0.0,2.0,
mouth_slightly_open,0.5486720235539471,0.5663374838986689,iterative_all_layers,wearing_hat,pclarc,2,0.5481199779181746,0.0005520456357724912,2.0,
mustache,0.7448610213316096,0.8153846153846154,iterative_all_layers,wearing_hat,pclarc,2,0.7328377504848094,0.012023270846800216,2.0,
narrow_eyes,0.6309833024118738,0.6411873840445269,iterative_all_layers,wearing_hat,pclarc,2,0.6289424860853432,0.0020408163265306367,2.0,
no_beard,0.5518844310949009,0.506472144747193,iterative_all_layers,wearing_hat,pclarc,2,0.5490595723378388,0.0028248587570621764,2.0,
oval_face,0.4868678807226293,0.46455778858013497,iterative_all_layers,wearing_hat,pclarc,2,0.4896611768120148,-0.0027932960893854997,2.0,
pale_skin,0.625039569484014,0.7663817663817664,iterative_all_layers,wearing_hat,pclarc,2,0.6291547958214625,-0.004115226337448541,2.0,
pointy_nose,0.4856346483704974,0.49828473413379076,iterative_all_layers,wearing_hat,pclarc,2,0.4879931389365352,-0.002358490566037763,2.0,
receding_hairline,0.5428251539466318,0.5907818622877402,iterative_all_layers,wearing_hat,pclarc,2,0.5275237917521927,0.015301362194439116,2.0,
rosy_cheeks,0.6694214876033058,0.7606257378984652,iterative_all_layers,wearing_hat,pclarc,2,0.6000590318772137,0.06936245572609212,2.0,
sideburns,0.6493506493506493,0.7602968460111317,iterative_all_layers,wearing_hat,pclarc,2,0.6473098330241187,0.0020408163265306367,2.0,
smiling,0.863709032773781,0.9388796654983704,iterative_all_layers,wearing_hat,pclarc,2,0.863709032773781,0.0,2.0,
straight_hair,0.6598268398268399,0.6607792207792208,iterative_all_layers,wearing_hat,pclarc,2,0.661991341991342,-0.0021645021645021467,2.0,
wavy_hair,0.5625068238890709,0.6178622120318813,iterative_all_layers,wearing_hat,pclarc,2,0.574134730865815,-0.011627906976744096,2.0,
wearing_earrings,0.6506232259656917,0.7291126743181539,iterative_all_layers,wearing_hat,pclarc,2,0.6529063309885228,-0.0022831050228311334,2.0,
wearing_hat,0.87109375,0.939453125,iterative_all_layers,wearing_hat,pclarc,2,0.875,-0.00390625,2.0,
wearing_lipstick,0.49295994993742176,0.47661138923654567,iterative_all_layers,wearing_hat,pclarc,2,0.49092615769712145,0.002033792240300314,2.0,
wearing_necklace,0.5892976588628762,0.6948160535117057,iterative_all_layers,wearing_hat,pclarc,2,0.5979933110367892,-0.008695652173912993,2.0,
wearing_necktie,0.5698423273373306,0.612702642682656,iterative_all_layers,wearing_hat,pclarc,2,0.5761714412613813,-0.006329113924050667,2.0,
young,0.8203683241252302,0.8860405156537753,iterative_all_layers,wearing_hat,pclarc,2,0.8176058931860037,0.0027624309392264568,2.0,
5_o_clock_shadow,0.5936671966083731,0.656597774244833,iterative_all_layers,wearing_hat,pclarc,3,0.5936671966083731,0.0,2.0,
arched_eyebrows,0.5280448717948718,0.544170673076923,iterative_all_layers,wearing_hat,pclarc,3,0.5336538461538461,-0.005608974358974339,2.0,
attractive,0.5018657916747089,0.6023933603551438,iterative_all_layers,wearing_hat,pclarc,3,0.49868107829891267,0.003184713375796233,2.0,
bags_under_eyes,0.502411040904556,0.48470236115729964,iterative_all_layers,wearing_hat,pclarc,3,0.5104755570335883,-0.008064516129032251,2.0,
bald,0.743421052631579,0.7991854636591478,iterative_all_layers,wearing_hat,pclarc,3,0.743421052631579,0.0,2.0,
bangs,0.783080040526849,0.8518743667679838,iterative_all_layers,wearing_hat,pclarc,3,0.780952380952381,0.0021276595744680327,2.0,
big_lips,0.4812323801852598,0.4850583971002819,iterative_all_layers,wearing_hat,pclarc,3,0.4759967780910189,0.005235602094240899,2.0,
big_nose,0.6067608861726509,0.6739877769289534,iterative_all_layers,wearing_hat,pclarc,3,0.6067608861726509,0.0,2.0,
black_hair,0.7184819897084047,0.8446612349914238,iterative_all_layers,wearing_hat,pclarc,3,0.7118353344768439,0.006646655231560827,2.0,
blond_hair,0.8527583527583528,0.9257964257964257,iterative_all_layers,wearing_hat,pclarc,3,0.8527583527583528,0.0,2.0,
blurry,0.5880025324469769,0.595125039569484,iterative_all_layers,wearing_hat,pclarc,3,0.581829692940804,0.006172839506172867,2.0,
brown_hair,0.6357371400443023,0.8102387398474034,iterative_all_layers,wearing_hat,pclarc,3,0.6441053408811224,-0.008368200836820106,2.0,
bushy_eyebrows,0.5278761061946903,0.5228613569321534,iterative_all_layers,wearing_hat,pclarc,3,0.5256637168141592,0.0022123893805310324,2.0,
chubby,0.6801029159519726,0.7537521440823328,iterative_all_layers,wearing_hat,pclarc,3,0.6801029159519726,0.0,2.0,
double_chin,0.6323008849557522,0.7429203539823009,iterative_all_layers,wearing_hat,pclarc,3,0.6389380530973452,-0.006637168141592986,2.0,
eyeglasses,0.883864671437866,0.9508318616971837,iterative_all_layers,wearing_hat,pclarc,3,0.8670415466121386,0.016823124825727342,2.0,
goatee,0.6474251860853714,0.6849460732188971,iterative_all_layers,wearing_hat,pclarc,3,0.6323864499468328,0.015038736138538567,2.0,
gray_hair,0.8925619834710744,0.9654663518299882,iterative_all_layers,wearing_hat,pclarc,3,0.8884297520661157,0.004132231404958664,2.0,
heavy_makeup,0.5770186335403726,0.60703933747412,iterative_all_layers,wearing_hat,pclarc,3,0.5651138716356108,0.011904761904761862,2.0,
high_cheekbones,0.5223214285714286,0.4757564484126984,iterative_all_layers,wearing_hat,pclarc,3,0.5223214285714286,0.0,2.0,
male,0.9778481012658228,0.9780418496512528,iterative_all_layers,wearing_hat,pclarc,3,0.9778481012658228,0.0,2.0,
mouth_slightly_open,0.5486720235539471,0.5658467766668711,iterative_all_layers,wearing_hat,pclarc,3,0.5481199779181746,0.0005520456357724912,2.0,
mustache,0.7425985778926956,0.8146089204912734,iterative_all_layers,wearing_hat,pclarc,3,0.7328377504848094,0.009760827407886197,2.0,
narrow_eyes,0.6269016697588126,0.6426716141001856,iterative_all_layers,wearing_hat,pclarc,3,0.6289424860853432,-0.0020408163265306367,2.0,
no_beard,0.5518844310949009,0.5070442680397627,iterative_all_layers,wearing_hat,pclarc,3,0.5490595723378388,0.0028248587570621764,2.0,
oval_face,0.4868678807226293,0.46600885148371185,iterative_all_layers,wearing_hat,pclarc,3,0.4896611768120148,-0.0027932960893854997,2.0,
pale_skin,0.625039569484014,0.7606837606837606,iterative_all_layers,wearing_hat,pclarc,3,0.6291547958214625,-0.004115226337448541,2.0,
pointy_nose,0.4903516295025729,0.5006432246998285,iterative_all_layers,wearing_hat,pclarc,3,0.4879931389365352,0.0023584905660377076,2.0,
receding_hairline,0.5406792311998507,0.5913416682216832,iterative_all_layers,wearing_hat,pclarc,3,0.5275237917521927,0.013155439447658068,2.0,
rosy_cheeks,0.6735537190082644,0.7612160566706021,iterative_all_layers,wearing_hat,pclarc,3,0.6000590318772137,0.07349468713105078,2.0,
sideburns,0.6473098330241187,0.7606679035250463,iterative_all_layers,wearing_hat,pclarc,3,0.6473098330241187,0.0,2.0,
smiling,0.8594355285002767,0.9379573264465351,iterative_all_layers,wearing_hat,pclarc,3,0.863709032773781,-0.004273504273504258,2.0,
straight_hair,0.6663203463203463,0.6606060606060606,iterative_all_layers,wearing_hat,pclarc,3,0.661991341991342,0.0043290043290042934,2.0,
wavy_hair,0.5625068238890709,0.6174254831313462,iterative_all_layers,wearing_hat,pclarc,3,0.574134730865815,-0.011627906976744096,2.0,
wearing_earrings,0.6529063309885228,0.7287424410712082,iterative_all_layers,wearing_hat,pclarc,3,0.6529063309885228,0.0,2.0,
wearing_hat,0.87109375,0.93975830078125,iterative_all_layers,wearing_hat,pclarc,3,0.875,-0.00390625,2.0,
wearing_lipstick,0.49561952440550683,0.47653316645807264,iterative_all_layers,wearing_hat,pclarc,3,0.49092615769712145,0.0046933667083853825,2.0,
wearing_necklace,0.570066889632107,0.6971571906354516,iterative_all_layers,wearing_hat,pclarc,3,0.5979933110367892,-0.027926421404682156,2.0,
wearing_necktie,0.5719520319786808,0.6118143459915611,iterative_all_layers,wearing_hat,pclarc,3,0.5761714412613813,-0.0042194092827004814,2.0,
young,0.8203683241252302,0.8859668508287293,iterative_all_layers,wearing_hat,pclarc,3,0.8176058931860037,0.0027624309392264568,2.0,
5_o_clock_shadow,0.5959194488606254,0.65646528881823,iterative_all_layers,wearing_hat,pclarc,4,0.5936671966083731,0.0022522522522523403,2.0,
arched_eyebrows,0.5408653846153846,0.5454727564102565,iterative_all_layers,wearing_hat,pclarc,4,0.5336538461538461,0.007211538461538436,2.0,
attractive,0.5050505050505051,0.6042591520298526,iterative_all_layers,wearing_hat,pclarc,4,0.49868107829891267,0.006369426751592411,2.0,
bags_under_eyes,0.5133854339873628,0.48461922181576317,iterative_all_layers,wearing_hat,pclarc,4,0.5104755570335883,0.0029098769537745373,2.0,
bald,0.743421052631579,0.8005952380952381,iterative_all_layers,wearing_hat,pclarc,4,0.743421052631579,0.0,2.0,
bangs,0.780952380952381,0.8532928064842957,iterative_all_layers,wearing_hat,pclarc,4,0.780952380952381,0.0,2.0,
big_lips,0.4864679822795006,0.48715263793797825,iterative_all_layers,wearing_hat,pclarc,4,0.4759967780910189,0.010471204188481686,2.0,
big_nose,0.6051056786350903,0.6706773618538324,iterative_all_layers,wearing_hat,pclarc,4,0.6067608861726509,-0.0016552075375605435,2.0,
black_hair,0.7141938250428816,0.8444468267581475,iterative_all_layers,wearing_hat,pclarc,4,0.7118353344768439,0.002358490566037763,2.0,
blond_hair,0.8527583527583528,0.9273504273504273,iterative_all_layers,wearing_hat,pclarc,4,0.8527583527583528,0.0,2.0,
blurry,0.5921177587844255,0.584045584045584,iterative_all_layers,wearing_hat,pclarc,4,0.581829692940804,0.010288065843621519,2.0,
brown_hair,0.6336450898350972,0.8060546394289934,iterative_all_layers,wearing_hat,pclarc,4,0.6441053408811224,-0.010460251046025215,2.0,
bushy_eyebrows,0.5212389380530973,0.5258112094395281,iterative_all_layers,wearing_hat,pclarc,4,0.5256637168141592,-0.004424778761061954,2.0,
chubby,0.6801029159519726,0.7540737564322469,iterative_all_layers,wearing_hat,pclarc,4,0.6801029159519726,0.0,2.0,
double_chin,0.6367256637168142,0.7408554572271386,iterative_all_layers,wearing_hat,pclarc,4,0.6389380530973452,-0.0022123893805310324,2.0,
eyeglasses,0.883864671437866,0.9494376800817921,iterative_all_layers,wearing_hat,pclarc,4,0.8670415466121386,0.016823124825727342,2.0,
goatee,0.6408172565699529,0.6864651374753152,iterative_all_layers,wearing_hat,pclarc,4,0.6323864499468328,0.008430806623120124,2.0,
gray_hair,0.8925619834710744,0.9651711924439197,iterative_all_layers,wearing_hat,pclarc,4,0.8884297520661157,0.004132231404958664,2.0,
heavy_makeup,0.5698757763975155,0.6073498964803312,iterative_all_layers,wearing_hat,pclarc,4,0.5651138716356108,0.004761904761904745,2.0,
high_cheekbones,0.5109126984126985,0.47612847222222227,iterative_all_layers,wearing_hat,pclarc,4,0.5223214285714286,-0.011408730158730118,2.0,
male,0.9778481012658228,0.9787522603978299,iterative_all_layers,wearing_hat,pclarc,4,0.9778481012658228,0.0,2.0,
mouth_slightly_open,0.5481199779181746,0.5670735447463656,iterative_all_layers,wearing_hat,pclarc,4,0.5481199779181746,0.0,2.0,
mustache,0.7471234647705236,0.8115061409179056,iterative_all_layers,wearing_hat,pclarc,4,0.7328377504848094,0.014285714285714235,2.0,
narrow_eyes,0.6289424860853432,0.6437847866419295,iterative_all_layers,wearing_hat,pclarc,4,0.6289424860853432,0.0,2.0,
no_beard,0.5490595723378388,0.5063291139240507,iterative_all_layers,wearing_hat,pclarc,4,0.5490595723378388,0.0,2.0,
oval_face,0.4840745846332439,0.4632518319669158,iterative_all_layers,wearing_hat,pclarc,4,0.4896611768120148,-0.005586592178770944,2.0,
pale_skin,0.625039569484014,0.7676479898702121,iterative_all_layers,wearing_hat,pclarc,4,0.6291547958214625,-0.004115226337448541,2.0,
pointy_nose,0.48091766723842194,0.5004288164665522,iterative_all_layers,wearing_hat,pclarc,4,0.4879931389365352,-0.007075471698113234,2.0,
receding_hairline,0.5449710766934129,0.5883560365739877,iterative_all_layers,wearing_hat,pclarc,4,0.5275237917521927,0.017447284941220276,2.0,
rosy_cheeks,0.6378394332939787,0.7647579693034239,iterative_all_layers,wearing_hat,pclarc,4,0.6000590318772137,0.037780401416765086,2.0,
sideburns,0.6411873840445269,0.7606679035250463,iterative_all_layers,wearing_hat,pclarc,4,0.6473098330241187,-0.006122448979591799,2.0,
smiling,0.8594355285002767,0.9391256225788599,iterative_all_layers,wearing_hat,pclarc,4,0.863709032773781,-0.004273504273504258,2.0,
straight_hair,0.6576623376623376,0.6611255411255411,iterative_all_layers,wearing_hat,pclarc,4,0.661991341991342,-0.0043290043290044045,2.0,
wavy_hair,0.567201659569822,0.6145867452778687,iterative_all_layers,wearing_hat,pclarc,4,0.574134730865815,-0.006933071295992965,2.0,
wearing_earrings,0.6371097124521783,0.7262742194249043,iterative_all_layers,wearing_hat,pclarc,4,0.6529063309885228,-0.01579661853634451,2.0,
wearing_hat,0.875,0.939697265625,iterative_all_layers,wearing_hat,pclarc,4,0.875,0.0,2.0,
wearing_lipstick,0.5035982478097621,0.4801314142678349,iterative_all_layers,wearing_hat,pclarc,4,0.49092615769712145,0.0126720901126407,2.0,
wearing_necklace,0.5765886287625418,0.6998327759197325,iterative_all_layers,wearing_hat,pclarc,4,0.5979933110367892,-0.02140468227424741,2.0,
wearing_necktie,0.5677326226959805,0.6226959804574729,iterative_all_layers,wearing_hat,pclarc,4,0.5761714412613813,-0.008438818565400852,2.0,
young,0.8203683241252302,0.8865561694290975,iterative_all_layers,wearing_hat,pclarc,4,0.8176058931860037,0.0027624309392264568,2.0,
5_o_clock_shadow,0.5959194488606254,0.6567302596714362,iterative_all_layers,wearing_hat,pclarc,5,0.5936671966083731,0.0022522522522523403,2.0,
arched_eyebrows,0.5560897435897436,0.5444711538461539,iterative_all_layers,wearing_hat,pclarc,5,0.5336538461538461,0.022435897435897467,2.0,
attractive,0.5018657916747089,0.6076690471594931,iterative_all_layers,wearing_hat,pclarc,5,0.49868107829891267,0.003184713375796233,2.0,
bags_under_eyes,0.49467908214166945,0.489191885600266,iterative_all_layers,wearing_hat,pclarc,5,0.5104755570335883,-0.01579647489191882,2.0,
bald,0.743421052631579,0.8007518796992481,iterative_all_layers,wearing_hat,pclarc,5,0.743421052631579,0.0,2.0,
bangs,0.780952380952381,0.8516717325227963,iterative_all_layers,wearing_hat,pclarc,5,0.780952380952381,0.0,2.0,
big_lips,0.4838501812323802,0.48723318566250506,iterative_all_layers,wearing_hat,pclarc,5,0.4759967780910189,0.007853403141361293,2.0,
big_nose,0.6018589253883372,0.6692768016297428,iterative_all_layers,wearing_hat,pclarc,5,0.6067608861726509,-0.004901960784313708,2.0,
black_hair,0.7094768439108061,0.8433747855917667,iterative_all_layers,wearing_hat,pclarc,5,0.7118353344768439,-0.002358490566037763,2.0,
blond_hair,0.8527583527583528,0.9263791763791763,iterative_all_layers,wearing_hat,pclarc,5,0.8527583527583528,0.0,2.0,
blurry,0.5921177587844255,0.5663184552073441,iterative_all_layers,wearing_hat,pclarc,5,0.581829692940804,0.010288065843621519,2.0,
brown_hair,0.6315530396258922,0.807285257199114,iterative_all_layers,wearing_hat,pclarc,5,0.6441053408811224,-0.012552301255230214,2.0,
bushy_eyebrows,0.5256637168141592,0.5284660766961652,iterative_all_layers,wearing_hat,pclarc,5,0.5256637168141592,0.0,2.0,
chubby,0.6687392795883362,0.7551457975986278,iterative_all_layers,wearing_hat,pclarc,5,0.6801029159519726,-0.011363636363636354,2.0,
double_chin,0.6278761061946903,0.7404129793510325,iterative_all_layers,wearing_hat,pclarc,5,0.6389380530973452,-0.01106194690265494,2.0,
eyeglasses,0.8789385630634817,0.951761316107445,iterative_all_layers,wearing_hat,pclarc,5,0.8670415466121386,0.011897016451343112,2.0,
goatee,0.6452225429135653,0.6835789153881209,iterative_all_layers,wearing_hat,pclarc,5,0.6323864499468328,0.012836092966732493,2.0,
gray_hair,0.8884297520661157,0.9628099173553719,iterative_all_layers,wearing_hat,pclarc,5,0.8884297520661157,0.0,2.0,
heavy_makeup,0.5722567287784679,0.6068322981366459,iterative_all_layers,wearing_hat,pclarc,5,0.5651138716356108,0.0071428571428571175,2.0,
high_cheekbones,0.5109126984126985,0.4760044642857143,iterative_all_layers,wearing_hat,pclarc,5,0.5223214285714286,-0.011408730158730118,2.0,
male,0.9778481012658228,0.9789460087832602,iterative_all_layers,wearing_hat,pclarc,5,0.9778481012658228,0.0,2.0,
mouth_slightly_open,0.5402686622094093,0.5684229896338099,iterative_all_layers,wearing_hat,pclarc,5,0.5481199779181746,-0.007851315708765294,2.0,
mustache,0.7471234647705236,0.8058177117000647,iterative_all_layers,wearing_hat,pclarc,5,0.7328377504848094,0.014285714285714235,2.0,
narrow_eyes,0.624860853432282,0.6411873840445269,iterative_all_layers,wearing_hat,pclarc,5,0.6289424860853432,-0.004081632653061162,2.0,
no_beard,0.5455553171708503,0.5061860831009082,iterative_all_layers,wearing_hat,pclarc,5,0.5490595723378388,-0.0035042551669884903,2.0,
oval_face,0.49245447290140026,0.46818544583907706,iterative_all_layers,wearing_hat,pclarc,5,0.4896611768120148,0.002793296089385444,2.0,
pale_skin,0.6209243431465654,0.7701804368471035,iterative_all_layers,wearing_hat,pclarc,5,0.6291547958214625,-0.008230452674897082,2.0,
pointy_nose,0.47427101200686106,0.5012864493996569,iterative_all_layers,wearing_hat,pclarc,5,0.4879931389365352,-0.013722126929674117,2.0,
receding_hairline,0.5535547676805375,0.5913416682216832,iterative_all_layers,wearing_hat,pclarc,5,0.5275237917521927,0.0260309759283448,2.0,
rosy_cheeks,0.6797520661157025,0.7700708382526564,iterative_all_layers,wearing_hat,pclarc,5,0.6000590318772137,0.07969303423848884,2.0,
sideburns,0.6411873840445269,0.7643784786641931,iterative_all_layers,wearing_hat,pclarc,5,0.6473098330241187,-0.006122448979591799,2.0,
smiling,0.8630326508024351,0.9391871118489823,iterative_all_layers,wearing_hat,pclarc,5,0.863709032773781,-0.0006763819713458963,2.0,
straight_hair,0.6711688311688312,0.6649350649350649,iterative_all_layers,wearing_hat,pclarc,5,0.661991341991342,0.009177489177489173,2.0,
wavy_hair,0.567201659569822,0.613604105251665,iterative_all_layers,wearing_hat,pclarc,5,0.574134730865815,-0.006933071295992965,2.0,
wearing_earrings,0.6325435024065161,0.7229421202023942,iterative_all_layers,wearing_hat,pclarc,5,0.6529063309885228,-0.020362828582006665,2.0,
wearing_hat,0.87890625,0.940185546875,iterative_all_layers,wearing_hat,pclarc,5,0.875,0.00390625,2.0,
wearing_lipstick,0.4962453066332916,0.4793491864831039,iterative_all_layers,wearing_hat,pclarc,5,0.49092615769712145,0.005319148936170137,2.0,
wearing_necklace,0.5744147157190636,0.7001672240802675,iterative_all_layers,wearing_hat,pclarc,5,0.5979933110367892,-0.02357859531772566,2.0,
wearing_necktie,0.5940484121696646,0.6262491672218521,iterative_all_layers,wearing_hat,pclarc,5,0.5761714412613813,0.01787697090828333,2.0,
young,0.8148434622467772,0.8860405156537753,iterative_all_layers,wearing_hat,pclarc,5,0.8176058931860037,-0.002762430939226568,2.0,
5_o_clock_shadow,0.5857180710121886,0.6591149973502914,iterative_all_layers,wearing_hat,pclarc,6,0.5936671966083731,-0.007949125596184436,2.0,
arched_eyebrows,0.5608974358974359,0.5494791666666666,iterative_all_layers,wearing_hat,pclarc,6,0.5336538461538461,0.027243589743589758,2.0,
attractive,0.5018657916747089,0.6132664221836196,iterative_all_layers,wearing_hat,pclarc,6,0.49868107829891267,0.003184713375796233,2.0,
bags_under_eyes,0.49467908214166945,0.4886099102095111,iterative_all_layers,wearing_hat,pclarc,6,0.5104755570335883,-0.01579647489191882,2.0,
bald,0.7456140350877193,0.800595238095238,iterative_all_layers,wearing_hat,pclarc,6,0.743421052631579,0.002192982456140302,2.0,
bangs,0.7766970618034448,0.849645390070922,iterative_all_layers,wearing_hat,pclarc,6,0.780952380952381,-0.004255319148936176,2.0,
big_lips,0.4838501812323802,0.48844140153040677,iterative_all_layers,wearing_hat,pclarc,6,0.4759967780910189,0.007853403141361293,2.0,
big_nose,0.6067608861726509,0.6655844155844156,iterative_all_layers,wearing_hat,pclarc,6,0.6067608861726509,0.0,2.0,
black_hair,0.7184819897084047,0.8440180102915953,iterative_all_layers,wearing_hat,pclarc,6,0.7118353344768439,0.006646655231560827,2.0,
blond_hair,0.8506216006216006,0.9222999222999223,iterative_all_layers,wearing_hat,pclarc,6,0.8527583527583528,-0.002136752136752129,2.0,
blurry,0.553656220322887,0.5539727761949984,iterative_all_layers,wearing_hat,pclarc,6,0.581829692940804,-0.028173472617917028,2.0,
brown_hair,0.6336450898350972,0.8043317745508245,iterative_all_layers,wearing_hat,pclarc,6,0.6441053408811224,-0.010460251046025215,2.0,
bushy_eyebrows,0.5278761061946903,0.5277286135693215,iterative_all_layers,wearing_hat,pclarc,6,0.5256637168141592,0.0022123893805310324,2.0,
chubby,0.6687392795883362,0.7580403087478559,iterative_all_layers,wearing_hat,pclarc,6,0.6801029159519726,-0.011363636363636354,2.0,
double_chin,0.6323008849557522,0.7407079646017698,iterative_all_layers,wearing_hat,pclarc,6,0.6389380530973452,-0.006637168141592986,2.0,
eyeglasses,0.871967654986523,0.9497165164048704,iterative_all_layers,wearing_hat,pclarc,6,0.8670415466121386,0.0049261083743843415,2.0,
goatee,0.6452225429135653,0.6825155704086282,iterative_all_layers,wearing_hat,pclarc,6,0.6323864499468328,0.012836092966732493,2.0,
gray_hair,0.890495867768595,0.9639905548996457,iterative_all_layers,wearing_hat,pclarc,6,0.8884297520661157,0.0020661157024792765,2.0,
heavy_makeup,0.5613871635610767,0.6038302277432712,iterative_all_layers,wearing_hat,pclarc,6,0.5651138716356108,-0.003726708074534124,2.0,
high_cheekbones,0.5119047619047619,0.47445436507936506,iterative_all_layers,wearing_hat,pclarc,6,0.5223214285714286,-0.01041666666666674,2.0,
male,0.9778481012658228,0.9797210023249806,iterative_all_layers,wearing_hat,pclarc,6,0.9778481012658228,0.0,2.0,
mouth_slightly_open,0.5444703428816782,0.5697110961172791,iterative_all_layers,wearing_hat,pclarc,6,0.5481199779181746,-0.0036496350364964014,2.0,
mustache,0.7425985778926956,0.8069812540400776,iterative_all_layers,wearing_hat,pclarc,6,0.7328377504848094,0.009760827407886197,2.0,
narrow_eyes,0.6228200371057514,0.6385899814471243,iterative_all_layers,wearing_hat,pclarc,6,0.6289424860853432,-0.006122448979591799,2.0,
no_beard,0.5427304584137882,0.5076879067439033,iterative_all_layers,wearing_hat,pclarc,6,0.5490595723378388,-0.006329113924050556,2.0,
oval_face,0.49245447290140026,0.47050714648480013,iterative_all_layers,wearing_hat,pclarc,6,0.4896611768120148,0.002793296089385444,2.0,
pale_skin,0.6188667299778411,0.7730294396961064,iterative_all_layers,wearing_hat,pclarc,6,0.6291547958214625,-0.010288065843621408,2.0,
pointy_nose,0.49699828473413377,0.5004288164665524,iterative_all_layers,wearing_hat,pclarc,6,0.4879931389365352,0.00900514579759859,2.0,
receding_hairline,0.5557006904273185,0.592274678111588,iterative_all_layers,wearing_hat,pclarc,6,0.5275237917521927,0.02817689867512585,2.0,
rosy_cheeks,0.6440377804014168,0.7739079102715466,iterative_all_layers,wearing_hat,pclarc,6,0.6000590318772137,0.04397874852420314,2.0,
sideburns,0.6411873840445269,0.7651205936920225,iterative_all_layers,wearing_hat,pclarc,6,0.6473098330241187,-0.006122448979591799,2.0,
smiling,0.8630326508024351,0.9380803049867797,iterative_all_layers,wearing_hat,pclarc,6,0.863709032773781,-0.0006763819713458963,2.0,
straight_hair,0.6511688311688312,0.6637229437229437,iterative_all_layers,wearing_hat,pclarc,6,0.661991341991342,-0.010822510822510845,2.0,
wavy_hair,0.5648542417294464,0.6124031007751938,iterative_all_layers,wearing_hat,pclarc,6,0.574134730865815,-0.009280489136368586,2.0,
wearing_earrings,0.6393928174750092,0.7256571640133285,iterative_all_layers,wearing_hat,pclarc,6,0.6529063309885228,-0.013513513513513598,2.0,
wearing_hat,0.875,0.9412841796875,iterative_all_layers,wearing_hat,pclarc,6,0.875,0.0,2.0,
wearing_lipstick,0.49092615769712145,0.4773153942428035,iterative_all_layers,wearing_hat,pclarc,6,0.49092615769712145,0.0,2.0,
wearing_necklace,0.5722408026755853,0.7015050167224081,iterative_all_layers,wearing_hat,pclarc,6,0.5979933110367892,-0.025752508361203907,2.0,
wearing_necktie,0.5614035087719298,0.6311347990228736,iterative_all_layers,wearing_hat,pclarc,6,0.5761714412613813,-0.014767932489451518,2.0,
young,0.8137016574585636,0.8841252302025782,iterative_all_layers,wearing_hat,pclarc,6,0.8176058931860037,-0.003904235727440142,2.0,
5_o_clock_shadow,0.5902225755166932,0.6617647058823528,iterative_all_layers,wearing_hat,pclarc,7,0.5936671966083731,-0.003444621091679867,2.0,
arched_eyebrows,0.5504807692307692,0.5551883012820512,iterative_all_layers,wearing_hat,pclarc,7,0.5336538461538461,0.016826923076923017,2.0,
attractive,0.5018657916747089,0.6143923309528404,iterative_all_layers,wearing_hat,pclarc,7,0.49868107829891267,0.003184713375796233,2.0,
bags_under_eyes,0.49467908214166945,0.4872796807449285,iterative_all_layers,wearing_hat,pclarc,7,0.5104755570335883,-0.01579647489191882,2.0,
bald,0.7456140350877193,0.8041979949874688,iterative_all_layers,wearing_hat,pclarc,7,0.743421052631579,0.002192982456140302,2.0,
bangs,0.7852077001013171,0.8464032421479231,iterative_all_layers,wearing_hat,pclarc,7,0.780952380952381,0.004255319148936176,2.0,
big_lips,0.4838501812323802,0.4860249697946033,iterative_all_layers,wearing_hat,pclarc,7,0.4759967780910189,0.007853403141361293,2.0,
big_nose,0.6116628469569646,0.6653297682709447,iterative_all_layers,wearing_hat,pclarc,7,0.6067608861726509,0.004901960784313708,2.0,
black_hair,0.7184819897084047,0.8444468267581475,iterative_all_layers,wearing_hat,pclarc,7,0.7118353344768439,0.006646655231560827,2.0,
blond_hair,0.8506216006216006,0.9228826728826729,iterative_all_layers,wearing_hat,pclarc,7,0.8527583527583528,-0.002136752136752129,2.0,
blurry,0.5151946818613485,0.5229503007280785,iterative_all_layers,wearing_hat,pclarc,7,0.581829692940804,-0.06663501107945546,2.0,
brown_hair,0.6357371400443023,0.7981786857002215,iterative_all_layers,wearing_hat,pclarc,7,0.6441053408811224,-0.008368200836820106,2.0,
bushy_eyebrows,0.5278761061946903,0.5277286135693215,iterative_all_layers,wearing_hat,pclarc,7,0.5256637168141592,0.0022123893805310324,2.0,
chubby,0.6663807890222985,0.7555746140651801,iterative_all_layers,wearing_hat,pclarc,7,0.6801029159519726,-0.013722126929674117,2.0,
double_chin,0.6278761061946903,0.74070796460177,iterative_all_layers,wearing_hat,pclarc,7,0.6389380530973452,-0.01106194690265494,2.0,
eyeglasses,0.8695046007993308,0.9496235709638441,iterative_all_layers,wearing_hat,pclarc,7,0.8670415466121386,0.0024630541871921707,2.0,
goatee,0.6408172565699529,0.6808445997265683,iterative_all_layers,wearing_hat,pclarc,7,0.6323864499468328,0.008430806623120124,2.0,
gray_hair,0.8925619834710744,0.9642857142857142,iterative_all_layers,wearing_hat,pclarc,7,0.8884297520661157,0.004132231404958664,2.0,
heavy_makeup,0.5651138716356108,0.6090062111801242,iterative_all_layers,wearing_hat,pclarc,7,0.5651138716356108,0.0,2.0,
high_cheekbones,0.5119047619047619,0.4759424603174603,iterative_all_layers,wearing_hat,pclarc,7,0.5223214285714286,-0.01041666666666674,2.0,
male,0.9778481012658228,0.980108499095841,iterative_all_layers,wearing_hat,pclarc,7,0.9778481012658228,0.0,2.0,
mouth_slightly_open,0.5486720235539471,0.564742685395326,iterative_all_layers,wearing_hat,pclarc,7,0.5481199779181746,0.0005520456357724912,2.0,
mustache,0.7448610213316096,0.8002585649644472,iterative_all_layers,wearing_hat,pclarc,7,0.7328377504848094,0.012023270846800216,2.0,
narrow_eyes,0.6269016697588126,0.6426716141001855,iterative_all_layers,wearing_hat,pclarc,7,0.6289424860853432,-0.0020408163265306367,2.0,
no_beard,0.539905599656726,0.5085460916827577,iterative_all_layers,wearing_hat,pclarc,7,0.5490595723378388,-0.009153972681112732,2.0,
oval_face,0.49245447290140026,0.4730465065660596,iterative_all_layers,wearing_hat,pclarc,7,0.4896611768120148,0.002793296089385444,2.0,
pale_skin,0.6188667299778411,0.7701804368471035,iterative_all_layers,wearing_hat,pclarc,7,0.6291547958214625,-0.010288065843621408,2.0,
pointy_nose,0.4903516295025729,0.5006432246998285,iterative_all_layers,wearing_hat,pclarc,7,0.4879931389365352,0.0023584905660377076,2.0,
receding_hairline,0.5599925359208808,0.592461280089569,iterative_all_layers,wearing_hat,pclarc,7,0.5275237917521927,0.03246874416868817,2.0,
rosy_cheeks,0.6440377804014168,0.7756788665879575,iterative_all_layers,wearing_hat,pclarc,7,0.6000590318772137,0.04397874852420314,2.0,
sideburns,0.6411873840445269,0.7599257884972171,iterative_all_layers,wearing_hat,pclarc,7,0.6473098330241187,-0.006122448979591799,2.0,
smiling,0.8630326508024351,0.9383262620672692,iterative_all_layers,wearing_hat,pclarc,7,0.863709032773781,-0.0006763819713458963,2.0,
straight_hair,0.6446753246753247,0.6630303030303031,iterative_all_layers,wearing_hat,pclarc,7,0.661991341991342,-0.017316017316017285,2.0,
wavy_hair,0.5601594060486953,0.6163336608800087,iterative_all_layers,wearing_hat,pclarc,7,0.574134730865815,-0.013975324817119716,2.0,
wearing_earrings,0.6416759224978403,0.7265210415895348,iterative_all_layers,wearing_hat,pclarc,7,0.6529063309885228,-0.011230408490682464,2.0,
wearing_hat,0.87890625,0.94189453125,iterative_all_layers,wearing_hat,pclarc,7,0.875,0.00390625,2.0,
wearing_lipstick,0.4935857321652065,0.47504693366708384,iterative_all_layers,wearing_hat,pclarc,7,0.49092615769712145,0.0026595744680850686,2.0,
wearing_necklace,0.570066889632107,0.6882943143812709,iterative_all_layers,wearing_hat,pclarc,7,0.5979933110367892,-0.027926421404682156,2.0,
wearing_necktie,0.5266489007328448,0.6166999777925827,iterative_all_layers,wearing_hat,pclarc,7,0.5761714412613813,-0.04952254052853655,2.0,
young,0.8176058931860037,0.8853038674033149,iterative_all_layers,wearing_hat,pclarc,7,0.8176058931860037,0.0,2.0,
5_o_clock_shadow,0.5834658187599364,0.6489136195018548,iterative_all_layers,wearing_hat,pclarc,8,0.5936671966083731,-0.010201377848436666,2.0,
arched_eyebrows,0.5400641025641025,0.5501802884615385,iterative_all_layers,wearing_hat,pclarc,8,0.5336538461538461,0.0064102564102563875,2.0,
attractive,0.49868107829891267,0.6101782152737567,iterative_all_layers,wearing_hat,pclarc,8,0.49868107829891267,0.0,2.0,
bags_under_eyes,0.5001662786830728,0.4950116395078151,iterative_all_layers,wearing_hat,pclarc,8,0.5104755570335883,-0.010309278350515427,2.0,
bald,0.7456140350877193,0.8026315789473684,iterative_all_layers,wearing_hat,pclarc,8,0.743421052631579,0.002192982456140302,2.0,
bangs,0.780952380952381,0.8447821681864235,iterative_all_layers,wearing_hat,pclarc,8,0.780952380952381,0.0,2.0,
big_lips,0.47092227144583165,0.4860249697946033,iterative_all_layers,wearing_hat,pclarc,8,0.4759967780910189,-0.005074506645187271,2.0,
big_nose,0.5953654188948307,0.6611280875986758,iterative_all_layers,wearing_hat,pclarc,8,0.6067608861726509,-0.011395467277820148,2.0,
black_hair,0.7161234991423671,0.8445540308747855,iterative_all_layers,wearing_hat,pclarc,8,0.7118353344768439,0.004288164665523175,2.0,
blond_hair,0.8548951048951049,0.9226884226884227,iterative_all_layers,wearing_hat,pclarc,8,0.8527583527583528,0.002136752136752129,2.0,
blurry,0.5110794555239,0.5172522950300728,iterative_all_layers,wearing_hat,pclarc,8,0.581829692940804,-0.070750237416904,2.0,
brown_hair,0.6315530396258922,0.7971941914841251,iterative_all_layers,wearing_hat,pclarc,8,0.6441053408811224,-0.012552301255230214,2.0,
bushy_eyebrows,0.5300884955752212,0.5286135693215339,iterative_all_layers,wearing_hat,pclarc,8,0.5256637168141592,0.004424778761061954,2.0,
chubby,0.6734562607204116,0.7570754716981133,iterative_all_layers,wearing_hat,pclarc,8,0.6801029159519726,-0.006646655231560938,2.0,
double_chin,0.6300884955752213,0.7417404129793511,iterative_all_layers,wearing_hat,pclarc,8,0.6389380530973452,-0.008849557522123908,2.0,
eyeglasses,0.8670415466121386,0.9468352077330607,iterative_all_layers,wearing_hat,pclarc,8,0.8670415466121386,0.0,2.0,
goatee,0.6191705909159957,0.6747683427008963,iterative_all_layers,wearing_hat,pclarc,8,0.6323864499468328,-0.013215859030837107,2.0,
gray_hair,0.8925619834710744,0.9634002361275089,iterative_all_layers,wearing_hat,pclarc,8,0.8884297520661157,0.004132231404958664,2.0,
heavy_makeup,0.5590062111801243,0.6082815734989647,iterative_all_layers,wearing_hat,pclarc,8,0.5651138716356108,-0.006107660455486497,2.0,
high_cheekbones,0.5119047619047619,0.47817460317460314,iterative_all_layers,wearing_hat,pclarc,8,0.5223214285714286,-0.01041666666666674,2.0,
male,0.9778481012658228,0.9802376646861276,iterative_all_layers,wearing_hat,pclarc,8,0.9778481012658228,0.0,2.0,
mouth_slightly_open,0.5444703428816782,0.5613077347727412,iterative_all_layers,wearing_hat,pclarc,8,0.5481199779181746,-0.0036496350364964014,2.0,
mustache,0.7493859082094376,0.7974143503555269,iterative_all_layers,wearing_hat,pclarc,8,0.7328377504848094,0.016548157724628254,2.0,
narrow_eyes,0.6330241187384045,0.62708719851577,iterative_all_layers,wearing_hat,pclarc,8,0.6289424860853432,0.004081632653061273,2.0,
no_beard,0.5370807408996638,0.5051848673389115,iterative_all_layers,wearing_hat,pclarc,8,0.5490595723378388,-0.011978831438174908,2.0,
oval_face,0.49524776899078576,0.4644126822897773,iterative_all_layers,wearing_hat,pclarc,8,0.4896611768120148,0.005586592178770944,2.0,
pale_skin,0.625039569484014,0.754985754985755,iterative_all_layers,wearing_hat,pclarc,8,0.6291547958214625,-0.004115226337448541,2.0,
pointy_nose,0.49935677530017153,0.505360205831904,iterative_all_layers,wearing_hat,pclarc,8,0.4879931389365352,0.011363636363636354,2.0,
receding_hairline,0.5599925359208808,0.6016047770106362,iterative_all_layers,wearing_hat,pclarc,8,0.5275237917521927,0.03246874416868817,2.0,
rosy_cheeks,0.6461038961038961,0.7747933884297521,iterative_all_layers,wearing_hat,pclarc,8,0.6000590318772137,0.046044864226682414,2.0,
sideburns,0.6371057513914657,0.7536178107606678,iterative_all_layers,wearing_hat,pclarc,8,0.6473098330241187,-0.010204081632652962,2.0,
smiling,0.8594355285002767,0.9382032835270246,iterative_all_layers,wearing_hat,pclarc,8,0.863709032773781,-0.004273504273504258,2.0,
straight_hair,0.6511688311688312,0.6604329004329004,iterative_all_layers,wearing_hat,pclarc,8,0.661991341991342,-0.010822510822510845,2.0,
wavy_hair,0.5555737525930778,0.6170979364559449,iterative_all_layers,wearing_hat,pclarc,8,0.574134730865815,-0.018560978272737172,2.0,
wearing_earrings,0.6620387510798469,0.7393557941503147,iterative_all_layers,wearing_hat,pclarc,8,0.6529063309885228,0.00913242009132409,2.0,
wearing_hat,0.87890625,0.94293212890625,iterative_all_layers,wearing_hat,pclarc,8,0.875,0.00390625,2.0,
wearing_lipstick,0.5050062578222778,0.4731695869837297,iterative_all_layers,wearing_hat,pclarc,8,0.49092615769712145,0.01408010012515637,2.0,
wearing_necklace,0.5936454849498327,0.6914715719063544,iterative_all_layers,wearing_hat,pclarc,8,0.5979933110367892,-0.004347826086956497,2.0,
wearing_necktie,0.539307128580946,0.6027093049078391,iterative_all_layers,wearing_hat,pclarc,8,0.5761714412613813,-0.03686431268043533,2.0,
young,0.8120810313075506,0.8889134438305708,iterative_all_layers,wearing_hat,pclarc,8,0.8176058931860037,-0.005524861878453136,2.0,
5_o_clock_shadow,0.5902225755166932,0.6526232114467408,iterative_all_layers,wearing_hat,pclarc,9,0.5936671966083731,-0.003444621091679867,2.0,
arched_eyebrows,0.5224358974358975,0.5517828525641026,iterative_all_layers,wearing_hat,pclarc,9,0.5336538461538461,-0.011217948717948678,2.0,
attractive,0.49868107829891267,0.6098565270539793,iterative_all_layers,wearing_hat,pclarc,9,0.49868107829891267,0.0,2.0,
bags_under_eyes,0.5217825074825407,0.4913535084802128,iterative_all_layers,wearing_hat,pclarc,9,0.5104755570335883,0.011306950448952469,2.0,
bald,0.7412280701754386,0.7962092731829573,iterative_all_layers,wearing_hat,pclarc,9,0.743421052631579,-0.002192982456140413,2.0,
bangs,0.780952380952381,0.8445795339412361,iterative_all_layers,wearing_hat,pclarc,9,0.780952380952381,0.0,2.0,
big_lips,0.4995569875151027,0.49021345146999595,iterative_all_layers,wearing_hat,pclarc,9,0.4759967780910189,0.023560209424083767,2.0,
big_nose,0.6002673796791445,0.6610644257703082,iterative_all_layers,wearing_hat,pclarc,9,0.6067608861726509,-0.00649350649350644,2.0,
black_hair,0.7298456260720412,0.8390866209262435,iterative_all_layers,wearing_hat,pclarc,9,0.7118353344768439,0.018010291595197292,2.0,
blond_hair,0.8506216006216006,0.9252136752136753,iterative_all_layers,wearing_hat,pclarc,9,0.8527583527583528,-0.002136752136752129,2.0,
blurry,0.5069642291864513,0.5381449825894271,iterative_all_layers,wearing_hat,pclarc,9,0.581829692940804,-0.07486546375435266,2.0,
brown_hair,0.6378291902535073,0.786857002215112,iterative_all_layers,wearing_hat,pclarc,9,0.6441053408811224,-0.006276150627615107,2.0,
bushy_eyebrows,0.5345132743362832,0.5205014749262536,iterative_all_layers,wearing_hat,pclarc,9,0.5256637168141592,0.008849557522123908,2.0,
chubby,0.6734562607204116,0.7512864493996569,iterative_all_layers,wearing_hat,pclarc,9,0.6801029159519726,-0.006646655231560938,2.0,
double_chin,0.6278761061946903,0.7432153392330384,iterative_all_layers,wearing_hat,pclarc,9,0.6389380530973452,-0.01106194690265494,2.0,
eyeglasses,0.8695046007993308,0.9480434984664002,iterative_all_layers,wearing_hat,pclarc,9,0.8670415466121386,0.0024630541871921707,2.0,
goatee,0.6257785204314142,0.6709706820598511,iterative_all_layers,wearing_hat,pclarc,9,0.6323864499468328,-0.0066079295154185536,2.0,
gray_hair,0.8884297520661157,0.9604486422668241,iterative_all_layers,wearing_hat,pclarc,9,0.8884297520661157,0.0,2.0,
heavy_makeup,0.5627329192546584,0.6165631469979296,iterative_all_layers,wearing_hat,pclarc,9,0.5651138716356108,-0.0023809523809523725,2.0,
high_cheekbones,0.503968253968254,0.4821428571428571,iterative_all_layers,wearing_hat,pclarc,9,0.5223214285714286,-0.01835317460317465,2.0,
male,0.9778481012658228,0.9795272539395503,iterative_all_layers,wearing_hat,pclarc,9,0.9778481012658228,0.0,2.0,
mouth_slightly_open,0.5492240691897197,0.5567686928786113,iterative_all_layers,wearing_hat,pclarc,9,0.5481199779181746,0.0011040912715450935,2.0,
mustache,0.7305753070458954,0.8001292824822236,iterative_all_layers,wearing_hat,pclarc,9,0.7328377504848094,-0.002262443438914019,2.0,
narrow_eyes,0.6682745825602969,0.637847866419295,iterative_all_layers,wearing_hat,pclarc,9,0.6289424860853432,0.039332096474953726,2.0,
no_beard,0.539905599656726,0.5028963741686333,iterative_all_layers,wearing_hat,pclarc,9,0.5490595723378388,-0.009153972681112732,2.0,
oval_face,0.4980410650801712,0.4702169339040847,iterative_all_layers,wearing_hat,pclarc,9,0.4896611768120148,0.008379888268156388,2.0,
pale_skin,0.625039569484014,0.768281101614435,iterative_all_layers,wearing_hat,pclarc,9,0.6291547958214625,-0.004115226337448541,2.0,
pointy_nose,0.4974271012006861,0.4938893653516295,iterative_all_layers,wearing_hat,pclarc,9,0.4879931389365352,0.009433962264150941,2.0,
receding_hairline,0.5492629221869751,0.5973129315170741,iterative_all_layers,wearing_hat,pclarc,9,0.5275237917521927,0.021739130434782483,2.0,
rosy_cheeks,0.6735537190082644,0.7851239669421488,iterative_all_layers,wearing_hat,pclarc,9,0.6000590318772137,0.07349468713105078,2.0,
sideburns,0.6309833024118738,0.752504638218924,iterative_all_layers,wearing_hat,pclarc,9,0.6473098330241187,-0.01632653061224487,2.0,
smiling,0.8594355285002767,0.9365430732337207,iterative_all_layers,wearing_hat,pclarc,9,0.863709032773781,-0.004273504273504258,2.0,
straight_hair,0.6333333333333333,0.6581818181818182,iterative_all_layers,wearing_hat,pclarc,9,0.661991341991342,-0.028658008658008716,2.0,
wavy_hair,0.5508789169123267,0.6119663718746587,iterative_all_layers,wearing_hat,pclarc,9,0.574134730865815,-0.023255813953488302,2.0,
wearing_earrings,0.6732691595705295,0.7473775145008021,iterative_all_layers,wearing_hat,pclarc,9,0.6529063309885228,0.020362828582006665,2.0,
wearing_hat,0.87109375,0.94451904296875,iterative_all_layers,wearing_hat,pclarc,9,0.875,-0.00390625,2.0,
wearing_lipstick,0.4856070087609512,0.4764549436795995,iterative_all_layers,wearing_hat,pclarc,9,0.49092615769712145,-0.005319148936170248,2.0,
wearing_necklace,0.5914715719063545,0.6993311036789297,iterative_all_layers,wearing_hat,pclarc,9,0.5979933110367892,-0.006521739130434745,2.0,
wearing_necktie,0.5477459471463468,0.6226959804574728,iterative_all_layers,wearing_hat,pclarc,9,0.5761714412613813,-0.028425494115034478,2.0,
young,0.8093186003683241,0.889134438305709,iterative_all_layers,wearing_hat,pclarc,9,0.8176058931860037,-0.008287292817679592,2.0,
5_o_clock_shadow,0.6071807101218867,0.6580551139374669,iterative_all_layers,wearing_hat,pclarc,10,0.5936671966083731,0.013513513513513598,2.0,
arched_eyebrows,0.5352564102564102,0.551983173076923,iterative_all_layers,wearing_hat,pclarc,10,0.5336538461538461,0.0016025641025640969,2.0,
attractive,0.49868107829891267,0.6175127066846813,iterative_all_layers,wearing_hat,pclarc,10,0.49868107829891267,0.0,2.0,
bags_under_eyes,0.5188726305287662,0.5030761556368473,iterative_all_layers,wearing_hat,pclarc,10,0.5104755570335883,0.008397073495177931,2.0,
bald,0.743421052631579,0.7913533834586466,iterative_all_layers,wearing_hat,pclarc,10,0.743421052631579,0.0,2.0,
bangs,0.7766970618034448,0.8443768996960486,iterative_all_layers,wearing_hat,pclarc,10,0.780952380952381,-0.004255319148936176,2.0,
big_lips,0.5149416028997181,0.4915022150624245,iterative_all_layers,wearing_hat,pclarc,10,0.4759967780910189,0.03894482480869921,2.0,
big_nose,0.5888082505729565,0.6584542908072321,iterative_all_layers,wearing_hat,pclarc,10,0.6067608861726509,-0.0179526355996944,2.0,
black_hair,0.745926243567753,0.8408018867924528,iterative_all_layers,wearing_hat,pclarc,10,0.7118353344768439,0.03409090909090906,2.0,
blond_hair,0.8463480963480964,0.9213286713286712,iterative_all_layers,wearing_hat,pclarc,10,0.8527583527583528,-0.0064102564102563875,2.0,
blurry,0.5454257676479899,0.5881608103830327,iterative_all_layers,wearing_hat,pclarc,10,0.581829692940804,-0.03640392529281411,2.0,
brown_hair,0.6714250553777996,0.7836573960127983,iterative_all_layers,wearing_hat,pclarc,10,0.6441053408811224,0.02731971449667725,2.0,
bushy_eyebrows,0.5367256637168142,0.5190265486725664,iterative_all_layers,wearing_hat,pclarc,10,0.5256637168141592,0.01106194690265494,2.0,
chubby,0.6710977701543739,0.7515008576329332,iterative_all_layers,wearing_hat,pclarc,10,0.6801029159519726,-0.009005145797598701,2.0,
double_chin,0.6345132743362832,0.7433628318584071,iterative_all_layers,wearing_hat,pclarc,10,0.6389380530973452,-0.004424778761061954,2.0,
eyeglasses,0.8670415466121386,0.9459986987638256,iterative_all_layers,wearing_hat,pclarc,10,0.8670415466121386,0.0,2.0,
goatee,0.6279811636032204,0.6729454655931946,iterative_all_layers,wearing_hat,pclarc,10,0.6323864499468328,-0.004405286343612369,2.0,
gray_hair,0.890495867768595,0.9580873671782763,iterative_all_layers,wearing_hat,pclarc,10,0.8884297520661157,0.0020661157024792765,2.0,
heavy_makeup,0.5593167701863354,0.6223602484472051,iterative_all_layers,wearing_hat,pclarc,10,0.5651138716356108,-0.005797101449275366,2.0,
high_cheekbones,0.5233134920634921,0.4793526785714286,iterative_all_layers,wearing_hat,pclarc,10,0.5223214285714286,0.0009920634920634885,2.0,
male,0.9810126582278481,0.9806251614569879,iterative_all_layers,wearing_hat,pclarc,10,0.9778481012658228,0.0031645569620253333,2.0,
mouth_slightly_open,0.5492240691897197,0.5556032632030915,iterative_all_layers,wearing_hat,pclarc,10,0.5481199779181746,0.0011040912715450935,2.0,
mustache,0.7305753070458954,0.8087912087912087,iterative_all_layers,wearing_hat,pclarc,10,0.7328377504848094,-0.002262443438914019,2.0,
narrow_eyes,0.6682745825602969,0.6293135435992578,iterative_all_layers,wearing_hat,pclarc,10,0.6289424860853432,0.039332096474953726,2.0,
no_beard,0.5244225130515626,0.5020381892297789,iterative_all_layers,wearing_hat,pclarc,10,0.5490595723378388,-0.02463705928627613,2.0,
oval_face,0.5008343611695567,0.46869331785532903,iterative_all_layers,wearing_hat,pclarc,10,0.4896611768120148,0.011173184357541888,2.0,
pale_skin,0.5886356441911997,0.7739791073124407,iterative_all_layers,wearing_hat,pclarc,10,0.6291547958214625,-0.04051915163026276,2.0,
pointy_nose,0.5021440823327616,0.5025728987993139,iterative_all_layers,wearing_hat,pclarc,10,0.4879931389365352,0.014150943396226467,2.0,
receding_hairline,0.5557006904273185,0.6006717671207314,iterative_all_layers,wearing_hat,pclarc,10,0.5275237917521927,0.02817689867512585,2.0,
rosy_cheeks,0.6756198347107438,0.775383707201889,iterative_all_layers,wearing_hat,pclarc,10,0.6000590318772137,0.07556080283353017,2.0,
sideburns,0.6391465677179963,0.7487940630797774,iterative_all_layers,wearing_hat,pclarc,10,0.6473098330241187,-0.008163265306122436,2.0,
smiling,0.8594355285002767,0.9370349873946997,iterative_all_layers,wearing_hat,pclarc,10,0.863709032773781,-0.004273504273504258,2.0,
straight_hair,0.6333333333333333,0.6516017316017316,iterative_all_layers,wearing_hat,pclarc,10,0.661991341991342,-0.028658008658008716,2.0,
wavy_hair,0.5439458456163336,0.6146959275030025,iterative_all_layers,wearing_hat,pclarc,10,0.574134730865815,-0.03018888524948138,2.0,
wearing_earrings,0.7025792916203875,0.7579908675799087,iterative_all_layers,wearing_hat,pclarc,10,0.6529063309885228,0.04967296063186466,2.0,
wearing_hat,0.86328125,0.94586181640625,iterative_all_layers,wearing_hat,pclarc,10,0.875,-0.01171875,2.0,
wearing_lipstick,0.47356070087609514,0.478566958698373,iterative_all_layers,wearing_hat,pclarc,10,0.49092615769712145,-0.017365456821026304,2.0,
wearing_necklace,0.5827759197324415,0.7,iterative_all_layers,wearing_hat,pclarc,10,0.5979933110367892,-0.015217391304347738,2.0,
wearing_necktie,0.5803908505440818,0.649789029535865,iterative_all_layers,wearing_hat,pclarc,10,0.5761714412613813,0.0042194092827004814,2.0,
young,0.8093186003683241,0.889355432780847,iterative_all_layers,wearing_hat,pclarc,10,0.8176058931860037,-0.008287292817679592,2.0,
5_o_clock_shadow,0.6094329623741388,0.6558028616852147,iterative_all_layers,wearing_hat,pclarc,11,0.5936671966083731,0.015765765765765716,2.0,
arched_eyebrows,0.5560897435897436,0.5578926282051282,iterative_all_layers,wearing_hat,pclarc,11,0.5336538461538461,0.022435897435897467,2.0,
attractive,0.5018657916747089,0.6269703403461366,iterative_all_layers,wearing_hat,pclarc,11,0.49868107829891267,0.003184713375796233,2.0,
bags_under_eyes,0.5269371466577984,0.4881110741602926,iterative_all_layers,wearing_hat,pclarc,11,0.5104755570335883,0.016461589624210182,2.0,
bald,0.7255639097744361,0.7924498746867168,iterative_all_layers,wearing_hat,pclarc,11,0.743421052631579,-0.017857142857142905,2.0,
bangs,0.7852077001013171,0.8409321175278622,iterative_all_layers,wearing_hat,pclarc,11,0.780952380952381,0.004255319148936176,2.0,
big_lips,0.5331051147805075,0.5080950463149416,iterative_all_layers,wearing_hat,pclarc,11,0.4759967780910189,0.05710833668948856,2.0,
big_nose,0.579004329004329,0.6536159918512859,iterative_all_layers,wearing_hat,pclarc,11,0.6067608861726509,-0.027756557168321927,2.0,
black_hair,0.7345626072041167,0.8420883361921098,iterative_all_layers,wearing_hat,pclarc,11,0.7118353344768439,0.022727272727272818,2.0,
blond_hair,0.842074592074592,0.9186091686091686,iterative_all_layers,wearing_hat,pclarc,11,0.8527583527583528,-0.010683760683760757,2.0,
blurry,0.5090218423551757,0.6353276353276354,iterative_all_layers,wearing_hat,pclarc,11,0.581829692940804,-0.07280785058562833,2.0,
brown_hair,0.6567807039133645,0.7639675116908689,iterative_all_layers,wearing_hat,pclarc,11,0.6441053408811224,0.012675363032242148,2.0,
bushy_eyebrows,0.5156342182890855,0.5272861356932154,iterative_all_layers,wearing_hat,pclarc,11,0.5256637168141592,-0.010029498525073732,2.0,
chubby,0.6734562607204116,0.7507504288164666,iterative_all_layers,wearing_hat,pclarc,11,0.6801029159519726,-0.006646655231560938,2.0,
double_chin,0.6323008849557522,0.7511799410029498,iterative_all_layers,wearing_hat,pclarc,11,0.6389380530973452,-0.006637168141592986,2.0,
eyeglasses,0.8814016172506738,0.9548285156613068,iterative_all_layers,wearing_hat,pclarc,11,0.8670415466121386,0.014360070638535172,2.0,
goatee,0.6345890931186389,0.6676287406957314,iterative_all_layers,wearing_hat,pclarc,11,0.6323864499468328,0.0022026431718060735,2.0,
gray_hair,0.890495867768595,0.9536599763872491,iterative_all_layers,wearing_hat,pclarc,11,0.8884297520661157,0.0020661157024792765,2.0,
heavy_makeup,0.5314699792960662,0.6314699792960663,iterative_all_layers,wearing_hat,pclarc,11,0.5651138716356108,-0.03364389233954457,2.0,
high_cheekbones,0.5327380952380952,0.4897073412698413,iterative_all_layers,wearing_hat,pclarc,11,0.5223214285714286,0.01041666666666663,2.0,
male,0.9778481012658228,0.9804959958667011,iterative_all_layers,wearing_hat,pclarc,11,0.9778481012658228,0.0,2.0,
mouth_slightly_open,0.557075384898485,0.5509722137029994,iterative_all_layers,wearing_hat,pclarc,11,0.5481199779181746,0.008955406980310388,2.0,
mustache,0.7448610213316096,0.8188752424046541,iterative_all_layers,wearing_hat,pclarc,11,0.7328377504848094,0.012023270846800216,2.0,
narrow_eyes,0.7178107606679035,0.6423005565862708,iterative_all_layers,wearing_hat,pclarc,11,0.6289424860853432,0.0888682745825603,2.0,
no_beard,0.5392262032467997,0.5076879067439033,iterative_all_layers,wearing_hat,pclarc,11,0.5490595723378388,-0.009833369091039046,2.0,
oval_face,0.49524776899078576,0.4542552419647392,iterative_all_layers,wearing_hat,pclarc,11,0.4896611768120148,0.005586592178770944,2.0,
pale_skin,0.5886356441911997,0.7758784425451092,iterative_all_layers,wearing_hat,pclarc,11,0.6291547958214625,-0.04051915163026276,2.0,
pointy_nose,0.49699828473413377,0.5003216123499142,iterative_all_layers,wearing_hat,pclarc,11,0.4879931389365352,0.00900514579759859,2.0,
receding_hairline,0.5795857436088823,0.6079492442619893,iterative_all_layers,wearing_hat,pclarc,11,0.5275237917521927,0.0520619518566896,2.0,
rosy_cheeks,0.6756198347107438,0.768595041322314,iterative_all_layers,wearing_hat,pclarc,11,0.6000590318772137,0.07556080283353017,2.0,
sideburns,0.6391465677179963,0.7417439703153991,iterative_all_layers,wearing_hat,pclarc,11,0.6473098330241187,-0.008163265306122436,2.0,
smiling,0.8515649019246141,0.936420094693476,iterative_all_layers,wearing_hat,pclarc,11,0.863709032773781,-0.012144130849166879,2.0,
straight_hair,0.609004329004329,0.6699567099567101,iterative_all_layers,wearing_hat,pclarc,11,0.661991341991342,-0.05298701298701303,2.0,
wavy_hair,0.541598427775958,0.625723332241511,iterative_all_layers,wearing_hat,pclarc,11,0.574134730865815,-0.032536303089857,2.0,
wearing_earrings,0.6778353696161916,0.7616932000493645,iterative_all_layers,wearing_hat,pclarc,11,0.6529063309885228,0.02492903862766882,2.0,
wearing_hat,0.87109375,0.9422607421875,iterative_all_layers,wearing_hat,pclarc,11,0.875,-0.00390625,2.0,
wearing_lipstick,0.49092615769712145,0.4836514392991239,iterative_all_layers,wearing_hat,pclarc,11,0.49092615769712145,0.0,2.0,
wearing_necklace,0.5976588628762542,0.6933110367892977,iterative_all_layers,wearing_hat,pclarc,11,0.5979933110367892,-0.0003344481605349614,2.0,
wearing_necktie,0.6288030202087498,0.6360204308238951,iterative_all_layers,wearing_hat,pclarc,11,0.5761714412613813,0.052631578947368474,2.0,
young,0.8132228360957643,0.892744014732965,iterative_all_layers,wearing_hat,pclarc,11,0.8176058931860037,-0.0043830570902394506,2.0,
5_o_clock_shadow,0.645601483836778,0.6638844727080021,iterative_all_layers,wearing_hat,pclarc,12,0.5936671966083731,0.051934287228404874,2.0,
arched_eyebrows,0.5817307692307692,0.5649038461538463,iterative_all_layers,wearing_hat,pclarc,12,0.5336538461538461,0.04807692307692302,2.0,
attractive,0.5050505050505051,0.6236247828604518,iterative_all_layers,wearing_hat,pclarc,12,0.49868107829891267,0.006369426751592411,2.0,
bags_under_eyes,0.5269371466577984,0.4829564349850349,iterative_all_layers,wearing_hat,pclarc,12,0.5104755570335883,0.016461589624210182,2.0,
bald,0.7255639097744361,0.794016290726817,iterative_all_layers,wearing_hat,pclarc,12,0.743421052631579,-0.017857142857142905,2.0,
bangs,0.780952380952381,0.8387031408308004,iterative_all_layers,wearing_hat,pclarc,12,0.780952380952381,0.0,2.0,
big_lips,0.4969391864679823,0.5014901329037454,iterative_all_layers,wearing_hat,pclarc,12,0.4759967780910189,0.020942408376963373,2.0,
big_nose,0.5903997962821492,0.6545709192768017,iterative_all_layers,wearing_hat,pclarc,12,0.6067608861726509,-0.016361089890501668,2.0,
black_hair,0.7482847341337908,0.8494854202401372,iterative_all_layers,wearing_hat,pclarc,12,0.7118353344768439,0.036449399656946935,2.0,
blond_hair,0.8442113442113441,0.9151126651126651,iterative_all_layers,wearing_hat,pclarc,12,0.8527583527583528,-0.008547008547008628,2.0,
blurry,0.5618866729977842,0.6590693257359925,iterative_all_layers,wearing_hat,pclarc,12,0.581829692940804,-0.019943019943019835,2.0,
brown_hair,0.6588727541225695,0.7600295348264828,iterative_all_layers,wearing_hat,pclarc,12,0.6441053408811224,0.014767413241447147,2.0,
bushy_eyebrows,0.5467551622418879,0.53023598820059,iterative_all_layers,wearing_hat,pclarc,12,0.5256637168141592,0.021091445427728672,2.0,
chubby,0.6687392795883362,0.7530017152658661,iterative_all_layers,wearing_hat,pclarc,12,0.6801029159519726,-0.011363636363636354,2.0,
double_chin,0.6455752212389381,0.7479351032448378,iterative_all_layers,wearing_hat,pclarc,12,0.6389380530973452,0.006637168141592875,2.0,
eyeglasses,0.883864671437866,0.9563156427177246,iterative_all_layers,wearing_hat,pclarc,12,0.8670415466121386,0.016823124825727342,2.0,
goatee,0.6518304724289837,0.6729454655931946,iterative_all_layers,wearing_hat,pclarc,12,0.6323864499468328,0.019444022482150936,2.0,
gray_hair,0.884297520661157,0.9512987012987013,iterative_all_layers,wearing_hat,pclarc,12,0.8884297520661157,-0.004132231404958775,2.0,
heavy_makeup,0.560351966873706,0.6298136645962733,iterative_all_layers,wearing_hat,pclarc,12,0.5651138716356108,-0.004761904761904745,2.0,
high_cheekbones,0.5233134920634921,0.4911334325396825,iterative_all_layers,wearing_hat,pclarc,12,0.5223214285714286,0.0009920634920634885,2.0,
male,0.9778481012658228,0.979075174373547,iterative_all_layers,wearing_hat,pclarc,12,0.9778481012658228,0.0,2.0,
mouth_slightly_open,0.5576274305342575,0.5552965711832178,iterative_all_layers,wearing_hat,pclarc,12,0.5481199779181746,0.009507452616082879,2.0,
mustache,0.7516483516483516,0.8177117000646412,iterative_all_layers,wearing_hat,pclarc,12,0.7328377504848094,0.018810601163542273,2.0,
narrow_eyes,0.662152133580705,0.6404452690166976,iterative_all_layers,wearing_hat,pclarc,12,0.6289424860853432,0.033209647495361816,2.0,
no_beard,0.5300722305656869,0.5098333690910392,iterative_all_layers,wearing_hat,pclarc,12,0.5490595723378388,-0.01898734177215189,2.0,
oval_face,0.4980410650801712,0.4606399187404774,iterative_all_layers,wearing_hat,pclarc,12,0.4896611768120148,0.008379888268156388,2.0,
pale_skin,0.5886356441911997,0.7739791073124407,iterative_all_layers,wearing_hat,pclarc,12,0.6291547958214625,-0.04051915163026276,2.0,
pointy_nose,0.49699828473413377,0.5030017152658662,iterative_all_layers,wearing_hat,pclarc,12,0.4879931389365352,0.00900514579759859,2.0,
receding_hairline,0.5838775891024445,0.6100018660197799,iterative_all_layers,wearing_hat,pclarc,12,0.5275237917521927,0.05635379735025181,2.0,
rosy_cheeks,0.6694214876033058,0.7812868949232585,iterative_all_layers,wearing_hat,pclarc,12,0.6000590318772137,0.06936245572609212,2.0,
sideburns,0.6432282003710575,0.752504638218924,iterative_all_layers,wearing_hat,pclarc,12,0.6473098330241187,-0.004081632653061162,2.0,
smiling,0.864385414745127,0.9354362663715182,iterative_all_layers,wearing_hat,pclarc,12,0.863709032773781,0.0006763819713460073,2.0,
straight_hair,0.6576623376623376,0.6794805194805195,iterative_all_layers,wearing_hat,pclarc,12,0.661991341991342,-0.0043290043290044045,2.0,
wavy_hair,0.541598427775958,0.6288896167703898,iterative_all_layers,wearing_hat,pclarc,12,0.574134730865815,-0.032536303089857,2.0,
wearing_earrings,0.6778353696161916,0.7611995557201037,iterative_all_layers,wearing_hat,pclarc,12,0.6529063309885228,0.02492903862766882,2.0,
wearing_hat,0.875,0.944091796875,iterative_all_layers,wearing_hat,pclarc,12,0.875,0.0,2.0,
wearing_lipstick,0.4782540675844806,0.48005319148936165,iterative_all_layers,wearing_hat,pclarc,12,0.49092615769712145,-0.012672090112640866,2.0,
wearing_necklace,0.629933110367893,0.6949832775919733,iterative_all_layers,wearing_hat,pclarc,12,0.5979933110367892,0.0319397993311038,2.0,
wearing_necktie,0.587719298245614,0.6293582056406839,iterative_all_layers,wearing_hat,pclarc,12,0.5761714412613813,0.011547856984232663,2.0,
young,0.8187476979742173,0.8939963167587477,iterative_all_layers,wearing_hat,pclarc,12,0.8176058931860037,0.001141804788213574,2.0,
5_o_clock_shadow,0.6308956014838367,0.6569952305246423,iterative_all_layers,wearing_hat,pclarc,13,0.5936671966083731,0.03722840487546364,2.0,
arched_eyebrows,0.5689102564102564,0.5666065705128206,iterative_all_layers,wearing_hat,pclarc,13,0.5336538461538461,0.03525641025641024,2.0,
attractive,0.5050505050505051,0.6256835874670269,iterative_all_layers,wearing_hat,pclarc,13,0.49868107829891267,0.006369426751592411,2.0,
bags_under_eyes,0.5133854339873628,0.48204190222813437,iterative_all_layers,wearing_hat,pclarc,13,0.5104755570335883,0.0029098769537745373,2.0,
bald,0.743421052631579,0.7913533834586466,iterative_all_layers,wearing_hat,pclarc,13,0.743421052631579,0.0,2.0,
bangs,0.783080040526849,0.8356636271529888,iterative_all_layers,wearing_hat,pclarc,13,0.780952380952381,0.0021276595744680327,2.0,
big_lips,0.4917035843737414,0.500523560209424,iterative_all_layers,wearing_hat,pclarc,13,0.4759967780910189,0.015706806282722474,2.0,
big_nose,0.5920550038197098,0.6494779730073849,iterative_all_layers,wearing_hat,pclarc,13,0.6067608861726509,-0.014705882352941124,2.0,
black_hair,0.7345626072041167,0.8471269296740994,iterative_all_layers,wearing_hat,pclarc,13,0.7118353344768439,0.022727272727272818,2.0,
blond_hair,0.8442113442113441,0.9156954156954158,iterative_all_layers,wearing_hat,pclarc,13,0.8527583527583528,-0.008547008547008628,2.0,
blurry,0.596232985121874,0.6685660018993351,iterative_all_layers,wearing_hat,pclarc,13,0.581829692940804,0.014403292181069949,2.0,
brown_hair,0.6630568545409796,0.754122569529904,iterative_all_layers,wearing_hat,pclarc,13,0.6441053408811224,0.018951513659857255,2.0,
bushy_eyebrows,0.5345132743362832,0.5272861356932154,iterative_all_layers,wearing_hat,pclarc,13,0.5256637168141592,0.008849557522123908,2.0,
chubby,0.6710977701543739,0.7538593481989708,iterative_all_layers,wearing_hat,pclarc,13,0.6801029159519726,-0.009005145797598701,2.0,
double_chin,0.6455752212389381,0.7504424778761062,iterative_all_layers,wearing_hat,pclarc,13,0.6389380530973452,0.006637168141592875,2.0,
eyeglasses,0.8814016172506738,0.9578027697741426,iterative_all_layers,wearing_hat,pclarc,13,0.8670415466121386,0.014360070638535172,2.0,
goatee,0.6474251860853714,0.6636791736290445,iterative_all_layers,wearing_hat,pclarc,13,0.6323864499468328,0.015038736138538567,2.0,
gray_hair,0.890495867768595,0.9465761511216055,iterative_all_layers,wearing_hat,pclarc,13,0.8884297520661157,0.0020661157024792765,2.0,
heavy_makeup,0.5736024844720498,0.6275362318840579,iterative_all_layers,wearing_hat,pclarc,13,0.5651138716356108,0.00848861283643898,2.0,
high_cheekbones,0.5188492063492064,0.48536706349206343,iterative_all_layers,wearing_hat,pclarc,13,0.5223214285714286,-0.00347222222222221,2.0,
male,0.9810126582278481,0.9797210023249807,iterative_all_layers,wearing_hat,pclarc,13,0.9778481012658228,0.0031645569620253333,2.0,
mouth_slightly_open,0.5660307918787952,0.5563393240507882,iterative_all_layers,wearing_hat,pclarc,13,0.5481199779181746,0.017910813960620664,2.0,
mustache,0.7516483516483516,0.8157724628312863,iterative_all_layers,wearing_hat,pclarc,13,0.7328377504848094,0.018810601163542273,2.0,
narrow_eyes,0.6662337662337663,0.6649350649350649,iterative_all_layers,wearing_hat,pclarc,13,0.6289424860853432,0.03729128014842309,2.0,
no_beard,0.5490595723378388,0.5045412286347708,iterative_all_layers,wearing_hat,pclarc,13,0.5490595723378388,0.0,2.0,
oval_face,0.49524776899078576,0.4676775738228252,iterative_all_layers,wearing_hat,pclarc,13,0.4896611768120148,0.005586592178770944,2.0,
pale_skin,0.5906932573599241,0.7597340930674265,iterative_all_layers,wearing_hat,pclarc,13,0.6291547958214625,-0.038461538461538436,2.0,
pointy_nose,0.49463979416809606,0.49539022298456264,iterative_all_layers,wearing_hat,pclarc,13,0.4879931389365352,0.006646655231560883,2.0,
receding_hairline,0.5795857436088823,0.6107482739317037,iterative_all_layers,wearing_hat,pclarc,13,0.5275237917521927,0.0520619518566896,2.0,
rosy_cheeks,0.6694214876033058,0.7851239669421488,iterative_all_layers,wearing_hat,pclarc,13,0.6000590318772137,0.06936245572609212,2.0,
sideburns,0.6493506493506493,0.7521335807050094,iterative_all_layers,wearing_hat,pclarc,13,0.6473098330241187,0.0020408163265306367,2.0,
smiling,0.8515649019246141,0.9373424337453115,iterative_all_layers,wearing_hat,pclarc,13,0.863709032773781,-0.012144130849166879,2.0,
straight_hair,0.6511688311688312,0.6754978354978355,iterative_all_layers,wearing_hat,pclarc,13,0.661991341991342,-0.010822510822510845,2.0,
wavy_hair,0.541598427775958,0.6220111365869636,iterative_all_layers,wearing_hat,pclarc,13,0.574134730865815,-0.032536303089857,2.0,
wearing_earrings,0.6824015796618537,0.7620634332963101,iterative_all_layers,wearing_hat,pclarc,13,0.6529063309885228,0.029495248673330865,2.0,
wearing_hat,0.875,0.94281005859375,iterative_all_layers,wearing_hat,pclarc,13,0.875,0.0,2.0,
wearing_lipstick,0.4729349186483104,0.48685857321652065,iterative_all_layers,wearing_hat,pclarc,13,0.49092615769712145,-0.01799123904881106,2.0,
wearing_necklace,0.612876254180602,0.7023411371237458,iterative_all_layers,wearing_hat,pclarc,13,0.5979933110367892,0.014882943143812777,2.0,
wearing_necktie,0.5719520319786808,0.633133466577837,iterative_all_layers,wearing_hat,pclarc,13,0.5761714412613813,-0.0042194092827004814,2.0,
young,0.803793738489871,0.8967955801104972,iterative_all_layers,wearing_hat,pclarc,13,0.8176058931860037,-0.013812154696132728,2.0,
5_o_clock_shadow,0.6331478537360891,0.6542130365659777,iterative_all_layers,wearing_hat,pclarc,14,0.5936671966083731,0.03948065712771598,2.0,
arched_eyebrows,0.5689102564102564,0.5650040064102564,iterative_all_layers,wearing_hat,pclarc,14,0.5336538461538461,0.03525641025641024,2.0,
attractive,0.5050505050505051,0.630122884899955,iterative_all_layers,wearing_hat,pclarc,14,0.49868107829891267,0.006369426751592411,2.0,
bags_under_eyes,0.5133854339873628,0.475557033588294,iterative_all_layers,wearing_hat,pclarc,14,0.5104755570335883,0.0029098769537745373,2.0,
bald,0.743421052631579,0.7883771929824562,iterative_all_layers,wearing_hat,pclarc,14,0.743421052631579,0.0,2.0,
bangs,0.783080040526849,0.8350557244174266,iterative_all_layers,wearing_hat,pclarc,14,0.780952380952381,0.0021276595744680327,2.0,
big_lips,0.5047925896093436,0.49617398308497784,iterative_all_layers,wearing_hat,pclarc,14,0.4759967780910189,0.028795811518324665,2.0,
big_nose,0.6018589253883372,0.6529793735676089,iterative_all_layers,wearing_hat,pclarc,14,0.6067608861726509,-0.004901960784313708,2.0,
black_hair,0.7279159519725558,0.8481989708404803,iterative_all_layers,wearing_hat,pclarc,14,0.7118353344768439,0.01608061749571188,2.0,
blond_hair,0.8463480963480964,0.9153069153069153,iterative_all_layers,wearing_hat,pclarc,14,0.8527583527583528,-0.0064102564102563875,2.0,
blurry,0.596232985121874,0.6783792339347895,iterative_all_layers,wearing_hat,pclarc,14,0.581829692940804,0.014403292181069949,2.0,
brown_hair,0.6651489047501846,0.7563376815161211,iterative_all_layers,wearing_hat,pclarc,14,0.6441053408811224,0.021043563869062254,2.0,
bushy_eyebrows,0.5256637168141592,0.5314159292035399,iterative_all_layers,wearing_hat,pclarc,14,0.5256637168141592,0.0,2.0,
chubby,0.6710977701543739,0.7549313893653516,iterative_all_layers,wearing_hat,pclarc,14,0.6801029159519726,-0.009005145797598701,2.0,
double_chin,0.6389380530973452,0.7557522123893805,iterative_all_layers,wearing_hat,pclarc,14,0.6389380530973452,0.0,2.0,
eyeglasses,0.8764755088762897,0.9615205874151873,iterative_all_layers,wearing_hat,pclarc,14,0.8670415466121386,0.009433962264151052,2.0,
goatee,0.6474251860853714,0.6572991037520887,iterative_all_layers,wearing_hat,pclarc,14,0.6323864499468328,0.015038736138538567,2.0,
gray_hair,0.8863636363636364,0.947461629279811,iterative_all_layers,wearing_hat,pclarc,14,0.8884297520661157,-0.0020661157024793875,2.0,
heavy_makeup,0.5651138716356108,0.6304347826086957,iterative_all_layers,wearing_hat,pclarc,14,0.5651138716356108,0.0,2.0,
high_cheekbones,0.5124007936507936,0.4864831349206349,iterative_all_layers,wearing_hat,pclarc,14,0.5223214285714286,-0.009920634920634996,2.0,
male,0.9810126582278481,0.9802376646861276,iterative_all_layers,wearing_hat,pclarc,14,0.9778481012658228,0.0031645569620253333,2.0,
mouth_slightly_open,0.5660307918787952,0.5634545789118567,iterative_all_layers,wearing_hat,pclarc,14,0.5481199779181746,0.017910813960620664,2.0,
mustache,0.7493859082094376,0.8089204912734325,iterative_all_layers,wearing_hat,pclarc,14,0.7328377504848094,0.016548157724628254,2.0,
narrow_eyes,0.6682745825602969,0.6690166975881262,iterative_all_layers,wearing_hat,pclarc,14,0.6289424860853432,0.039332096474953726,2.0,
no_beard,0.5462347135807767,0.5054709289851964,iterative_all_layers,wearing_hat,pclarc,14,0.5490595723378388,-0.0028248587570620654,2.0,
oval_face,0.5008343611695567,0.4665892766451426,iterative_all_layers,wearing_hat,pclarc,14,0.4896611768120148,0.011173184357541888,2.0,
pale_skin,0.5906932573599241,0.7613168724279836,iterative_all_layers,wearing_hat,pclarc,14,0.6291547958214625,-0.038461538461538436,2.0,
pointy_nose,0.4899228130360206,0.49249571183533447,iterative_all_layers,wearing_hat,pclarc,14,0.4879931389365352,0.0019296740994854122,2.0,
receding_hairline,0.57529389811532,0.6170927411830565,iterative_all_layers,wearing_hat,pclarc,14,0.5275237917521927,0.047770106363127285,2.0,
rosy_cheeks,0.671487603305785,0.7904368358913814,iterative_all_layers,wearing_hat,pclarc,14,0.6000590318772137,0.0714285714285714,2.0,
sideburns,0.6452690166975881,0.7484230055658627,iterative_all_layers,wearing_hat,pclarc,14,0.6473098330241187,-0.0020408163265306367,2.0,
smiling,0.8430178933776056,0.9372809444751891,iterative_all_layers,wearing_hat,pclarc,14,0.863709032773781,-0.020691139396175395,2.0,
straight_hair,0.6268398268398268,0.6683982683982684,iterative_all_layers,wearing_hat,pclarc,14,0.661991341991342,-0.03515151515151527,2.0,
wavy_hair,0.541598427775958,0.6265967900425811,iterative_all_layers,wearing_hat,pclarc,14,0.574134730865815,-0.032536303089857,2.0,
wearing_earrings,0.6846846846846847,0.7639145995310379,iterative_all_layers,wearing_hat,pclarc,14,0.6529063309885228,0.03177835369616189,2.0,
wearing_hat,0.875,0.94403076171875,iterative_all_layers,wearing_hat,pclarc,14,0.875,0.0,2.0,
wearing_lipstick,0.4729349186483104,0.4962453066332916,iterative_all_layers,wearing_hat,pclarc,14,0.49092615769712145,-0.01799123904881106,2.0,
wearing_necklace,0.6107023411371237,0.7040133779264214,iterative_all_layers,wearing_hat,pclarc,14,0.5979933110367892,0.012709030100334529,2.0,
wearing_necktie,0.5698423273373306,0.6282478347768155,iterative_all_layers,wearing_hat,pclarc,14,0.5761714412613813,-0.006329113924050667,2.0,
young,0.7971270718232044,0.8980478821362798,iterative_all_layers,wearing_hat,pclarc,14,0.8176058931860037,-0.020478821362799327,2.0,
5_o_clock_shadow,0.6037360890302067,0.6499735029146794,iterative_all_layers,wearing_hat,pclarc,15,0.5936671966083731,0.01006889242183362,2.0,
arched_eyebrows,0.5592948717948718,0.5496794871794871,iterative_all_layers,wearing_hat,pclarc,15,0.5336538461538461,0.02564102564102566,2.0,
attractive,0.5050505050505051,0.6169980055330373,iterative_all_layers,wearing_hat,pclarc,15,0.49868107829891267,0.006369426751592411,2.0,
bags_under_eyes,0.5133854339873628,0.47588959095443967,iterative_all_layers,wearing_hat,pclarc,15,0.5104755570335883,0.0029098769537745373,2.0,
bald,0.7412280701754386,0.7907268170426065,iterative_all_layers,wearing_hat,pclarc,15,0.743421052631579,-0.002192982456140413,2.0,
bangs,0.783080040526849,0.8350557244174265,iterative_all_layers,wearing_hat,pclarc,15,0.780952380952381,0.0021276595744680327,2.0,
big_lips,0.5175594039468385,0.4921465968586387,iterative_all_layers,wearing_hat,pclarc,15,0.4759967780910189,0.0415626258558196,2.0,
big_nose,0.5986121721415839,0.6634199134199135,iterative_all_layers,wearing_hat,pclarc,15,0.6067608861726509,-0.008148714031066984,2.0,
black_hair,0.7322041166380789,0.8550600343053173,iterative_all_layers,wearing_hat,pclarc,15,0.7118353344768439,0.020368782161235055,2.0,
blond_hair,0.8733488733488733,0.9151126651126652,iterative_all_layers,wearing_hat,pclarc,15,0.8527583527583528,0.020590520590520578,2.0,
blurry,0.5433681544792656,0.6403925292814181,iterative_all_layers,wearing_hat,pclarc,15,0.581829692940804,-0.038461538461538436,2.0,
brown_hair,0.6505045532857494,0.7718434654196407,iterative_all_layers,wearing_hat,pclarc,15,0.6441053408811224,0.0063992124046270416,2.0,
bushy_eyebrows,0.5300884955752212,0.529646017699115,iterative_all_layers,wearing_hat,pclarc,15,0.5256637168141592,0.004424778761061954,2.0,
chubby,0.6710977701543739,0.7587907375643225,iterative_all_layers,wearing_hat,pclarc,15,0.6801029159519726,-0.009005145797598701,2.0,
double_chin,0.6278761061946903,0.755014749262537,iterative_all_layers,wearing_hat,pclarc,15,0.6389380530973452,-0.01106194690265494,2.0,
eyeglasses,0.8764755088762897,0.9645877869690492,iterative_all_layers,wearing_hat,pclarc,15,0.8670415466121386,0.009433962264151052,2.0,
goatee,0.6430198997417591,0.6647425186085372,iterative_all_layers,wearing_hat,pclarc,15,0.6323864499468328,0.010633449794926308,2.0,
gray_hair,0.8884297520661157,0.9501180637544273,iterative_all_layers,wearing_hat,pclarc,15,0.8884297520661157,0.0,2.0,
heavy_makeup,0.5698757763975155,0.608592132505176,iterative_all_layers,wearing_hat,pclarc,15,0.5651138716356108,0.004761904761904745,2.0,
high_cheekbones,0.5223214285714286,0.4845610119047618,iterative_all_layers,wearing_hat,pclarc,15,0.5223214285714286,0.0,2.0,
male,0.9778481012658228,0.9811418238181349,iterative_all_layers,wearing_hat,pclarc,15,0.9778481012658228,0.0,2.0,
mouth_slightly_open,0.5545298411335337,0.5725326627001165,iterative_all_layers,wearing_hat,pclarc,15,0.5481199779181746,0.0064098632153590795,2.0,
mustache,0.7020038784744667,0.8045248868778281,iterative_all_layers,wearing_hat,pclarc,15,0.7328377504848094,-0.03083387201034271,2.0,
narrow_eyes,0.6662337662337663,0.662708719851577,iterative_all_layers,wearing_hat,pclarc,15,0.6289424860853432,0.03729128014842309,2.0,
no_beard,0.5307516269756132,0.5008939426446399,iterative_all_layers,wearing_hat,pclarc,15,0.5490595723378388,-0.018307945362225575,2.0,
oval_face,0.5073278676630631,0.4504099252702605,iterative_all_layers,wearing_hat,pclarc,15,0.4896611768120148,0.017666690851048328,2.0,
pale_skin,0.5989237100348211,0.746755302310858,iterative_all_layers,wearing_hat,pclarc,15,0.6291547958214625,-0.030231085786641354,2.0,
pointy_nose,0.4856346483704974,0.4831689536878216,iterative_all_layers,wearing_hat,pclarc,15,0.4879931389365352,-0.002358490566037763,2.0,
receding_hairline,0.5838775891024445,0.6241836163463332,iterative_all_layers,wearing_hat,pclarc,15,0.5275237917521927,0.05635379735025181,2.0,
rosy_cheeks,0.6756198347107438,0.7744982290436836,iterative_all_layers,wearing_hat,pclarc,15,0.6000590318772137,0.07556080283353017,2.0,
sideburns,0.6391465677179963,0.7458256029684601,iterative_all_layers,wearing_hat,pclarc,15,0.6473098330241187,-0.008163265306122436,2.0,
smiling,0.8351472668019431,0.9350058414806617,iterative_all_layers,wearing_hat,pclarc,15,0.863709032773781,-0.028561765971837905,2.0,
straight_hair,0.6576623376623376,0.6675324675324675,iterative_all_layers,wearing_hat,pclarc,15,0.661991341991342,-0.0043290043290044045,2.0,
wavy_hair,0.5648542417294464,0.6268151544928486,iterative_all_layers,wearing_hat,pclarc,15,0.574134730865815,-0.009280489136368586,2.0,
wearing_earrings,0.7139948167345428,0.7783536961619154,iterative_all_layers,wearing_hat,pclarc,15,0.6529063309885228,0.061088485746019994,2.0,
wearing_hat,0.890625,0.9500732421875,iterative_all_layers,wearing_hat,pclarc,15,0.875,0.015625,2.0,
wearing_lipstick,0.5029724655819775,0.49186483103879847,iterative_all_layers,wearing_hat,pclarc,15,0.49092615769712145,0.012046307884856056,2.0,
wearing_necklace,0.6193979933110368,0.7070234113712375,iterative_all_layers,wearing_hat,pclarc,15,0.5979933110367892,0.021404682274247633,2.0,
wearing_necktie,0.5677326226959805,0.6024872307350655,iterative_all_layers,wearing_hat,pclarc,15,0.5761714412613813,-0.008438818565400852,2.0,
young,0.792744014732965,0.8974585635359116,iterative_all_layers,wearing_hat,pclarc,15,0.8176058931860037,-0.024861878453038777,2.0,
5_o_clock_shadow,0.5992315845257021,0.667196608373079,iterative_all_layers,wearing_hat,pclarc,16,0.5936671966083731,0.00556438791732905,2.0,
arched_eyebrows,0.5352564102564102,0.5513822115384615,iterative_all_layers,wearing_hat,pclarc,16,0.5336538461538461,0.0016025641025640969,2.0,
attractive,0.5050505050505051,0.6162902914495271,iterative_all_layers,wearing_hat,pclarc,16,0.49868107829891267,0.006369426751592411,2.0,
bags_under_eyes,0.5266045892916528,0.4673262387761889,iterative_all_layers,wearing_hat,pclarc,16,0.5104755570335883,0.016129032258064502,2.0,
bald,0.7390350877192983,0.7897869674185464,iterative_all_layers,wearing_hat,pclarc,16,0.743421052631579,-0.004385964912280715,2.0,
bangs,0.7873353596757852,0.836271529888551,iterative_all_layers,wearing_hat,pclarc,16,0.780952380952381,0.006382978723404209,2.0,
big_lips,0.5149416028997181,0.4893274265002014,iterative_all_layers,wearing_hat,pclarc,16,0.4759967780910189,0.03894482480869921,2.0,
big_nose,0.5986121721415839,0.6583906289788644,iterative_all_layers,wearing_hat,pclarc,16,0.6067608861726509,-0.008148714031066984,2.0,
black_hair,0.7369210977701544,0.85323756432247,iterative_all_layers,wearing_hat,pclarc,16,0.7118353344768439,0.02508576329331047,2.0,
blond_hair,0.8776223776223776,0.9201631701631703,iterative_all_layers,wearing_hat,pclarc,16,0.8527583527583528,0.024864024864024836,2.0,
blurry,0.5880025324469769,0.6691991136435581,iterative_all_layers,wearing_hat,pclarc,16,0.581829692940804,0.006172839506172867,2.0,
brown_hair,0.6525966034949544,0.7671671178931823,iterative_all_layers,wearing_hat,pclarc,16,0.6441053408811224,0.00849126261383204,2.0,
bushy_eyebrows,0.5178466076696165,0.5331858407079646,iterative_all_layers,wearing_hat,pclarc,16,0.5256637168141592,-0.0078171091445427,2.0,
chubby,0.6824614065180102,0.7557890222984562,iterative_all_layers,wearing_hat,pclarc,16,0.6801029159519726,0.002358490566037652,2.0,
double_chin,0.6190265486725663,0.7476401179941002,iterative_all_layers,wearing_hat,pclarc,16,0.6389380530973452,-0.019911504424778848,2.0,
eyeglasses,0.8695046007993308,0.963565387117762,iterative_all_layers,wearing_hat,pclarc,16,0.8670415466121386,0.0024630541871921707,2.0,
goatee,0.6496278292571775,0.6673249278444479,iterative_all_layers,wearing_hat,pclarc,16,0.6323864499468328,0.01724137931034475,2.0,
gray_hair,0.8863636363636364,0.9427390791027155,iterative_all_layers,wearing_hat,pclarc,16,0.8884297520661157,-0.0020661157024793875,2.0,
heavy_makeup,0.5651138716356108,0.6041407867494825,iterative_all_layers,wearing_hat,pclarc,16,0.5651138716356108,0.0,2.0,
high_cheekbones,0.5054563492063492,0.48456101190476186,iterative_all_layers,wearing_hat,pclarc,16,0.5223214285714286,-0.016865079365079416,2.0,
male,0.9778481012658228,0.9807543270472746,iterative_all_layers,wearing_hat,pclarc,16,0.9778481012658228,0.0,2.0,
mouth_slightly_open,0.5545298411335337,0.5714285714285714,iterative_all_layers,wearing_hat,pclarc,16,0.5481199779181746,0.0064098632153590795,2.0,
mustache,0.6877181641887524,0.8042663219133808,iterative_all_layers,wearing_hat,pclarc,16,0.7328377504848094,-0.045119586296056946,2.0,
narrow_eyes,0.6187384044526902,0.6742115027829314,iterative_all_layers,wearing_hat,pclarc,16,0.6289424860853432,-0.010204081632652962,2.0,
no_beard,0.5215976542945004,0.49932060359007363,iterative_all_layers,wearing_hat,pclarc,16,0.5490595723378388,-0.027461918043338307,2.0,
oval_face,0.5036276572589422,0.4516433287383008,iterative_all_layers,wearing_hat,pclarc,16,0.4896611768120148,0.013966480446927387,2.0,
pale_skin,0.5989237100348211,0.7575182019626464,iterative_all_layers,wearing_hat,pclarc,16,0.6291547958214625,-0.030231085786641354,2.0,
pointy_nose,0.49699828473413377,0.4787735849056604,iterative_all_layers,wearing_hat,pclarc,16,0.4879931389365352,0.00900514579759859,2.0,
receding_hairline,0.5728680724015675,0.6211979846986379,iterative_all_layers,wearing_hat,pclarc,16,0.5275237917521927,0.04534428064937479,2.0,
rosy_cheeks,0.6797520661157025,0.7597402597402597,iterative_all_layers,wearing_hat,pclarc,16,0.6000590318772137,0.07969303423848884,2.0,
sideburns,0.6371057513914657,0.7521335807050092,iterative_all_layers,wearing_hat,pclarc,16,0.6473098330241187,-0.010204081632652962,2.0,
smiling,0.8245711123408965,0.9356822234520077,iterative_all_layers,wearing_hat,pclarc,16,0.863709032773781,-0.03913792043288444,2.0,
straight_hair,0.6598268398268399,0.6694372294372294,iterative_all_layers,wearing_hat,pclarc,16,0.661991341991342,-0.0021645021645021467,2.0,
wavy_hair,0.541598427775958,0.6120755540997925,iterative_all_layers,wearing_hat,pclarc,16,0.574134730865815,-0.032536303089857,2.0,
wearing_earrings,0.7027644082438602,0.7702085647291127,iterative_all_layers,wearing_hat,pclarc,16,0.6529063309885228,0.04985807725533742,2.0,
wearing_hat,0.89453125,0.94873046875,iterative_all_layers,wearing_hat,pclarc,16,0.875,0.01953125,2.0,
wearing_lipstick,0.49092615769712145,0.4930381727158948,iterative_all_layers,wearing_hat,pclarc,16,0.49092615769712145,0.0,2.0,
wearing_necklace,0.6088628762541806,0.7073578595317724,iterative_all_layers,wearing_hat,pclarc,16,0.5979933110367892,0.010869565217391353,2.0,
wearing_necktie,0.5761714412613813,0.608927381745503,iterative_all_layers,wearing_hat,pclarc,16,0.5761714412613813,0.0,2.0,
young,0.8049355432780847,0.8975322283609576,iterative_all_layers,wearing_hat,pclarc,16,0.8176058931860037,-0.012670349907919043,2.0,
5_o_clock_shadow,0.6059883412824589,0.6584525702172761,iterative_all_layers,wearing_hat,pclarc,17,0.5936671966083731,0.012321144674085849,2.0,
arched_eyebrows,0.5216346153846154,0.555889423076923,iterative_all_layers,wearing_hat,pclarc,17,0.5336538461538461,-0.012019230769230727,2.0,
attractive,0.5050505050505051,0.610757254069356,iterative_all_layers,wearing_hat,pclarc,17,0.49868107829891267,0.006369426751592411,2.0,
bags_under_eyes,0.5291819088792817,0.4733122713668108,iterative_all_layers,wearing_hat,pclarc,17,0.5104755570335883,0.01870635184569347,2.0,
bald,0.7211779448621554,0.7932330827067668,iterative_all_layers,wearing_hat,pclarc,17,0.743421052631579,-0.02224310776942362,2.0,
bangs,0.7788247213779129,0.8350557244174265,iterative_all_layers,wearing_hat,pclarc,17,0.780952380952381,-0.0021276595744680327,2.0,
big_lips,0.5227950060410793,0.4979460330245671,iterative_all_layers,wearing_hat,pclarc,17,0.4759967780910189,0.04679822795006039,2.0,
big_nose,0.5969569646040235,0.6576266870384517,iterative_all_layers,wearing_hat,pclarc,17,0.6067608861726509,-0.009803921568627416,2.0,
black_hair,0.7094768439108061,0.847877358490566,iterative_all_layers,wearing_hat,pclarc,17,0.7118353344768439,-0.002358490566037763,2.0,
blond_hair,0.8797591297591297,0.9168609168609169,iterative_all_layers,wearing_hat,pclarc,17,0.8527583527583528,0.027000777000776965,2.0,
blurry,0.5515986071541628,0.671415004748338,iterative_all_layers,wearing_hat,pclarc,17,0.581829692940804,-0.030231085786641243,2.0,
brown_hair,0.6484125030765444,0.7715973418656165,iterative_all_layers,wearing_hat,pclarc,17,0.6441053408811224,0.004307162195422043,2.0,
bushy_eyebrows,0.5001474926253687,0.5408554572271387,iterative_all_layers,wearing_hat,pclarc,17,0.5256637168141592,-0.025516224188790515,2.0,
chubby,0.6824614065180102,0.7518224699828474,iterative_all_layers,wearing_hat,pclarc,17,0.6801029159519726,0.002358490566037652,2.0,
double_chin,0.6146017699115045,0.7438053097345134,iterative_all_layers,wearing_hat,pclarc,17,0.6389380530973452,-0.02433628318584069,2.0,
eyeglasses,0.8764755088762897,0.9643089506459708,iterative_all_layers,wearing_hat,pclarc,17,0.8670415466121386,0.009433962264151052,2.0,
goatee,0.6518304724289837,0.6834270089624792,iterative_all_layers,wearing_hat,pclarc,17,0.6323864499468328,0.019444022482150936,2.0,
gray_hair,0.8506493506493507,0.9400826446280992,iterative_all_layers,wearing_hat,pclarc,17,0.8884297520661157,-0.037780401416765086,2.0,
heavy_makeup,0.5651138716356108,0.594824016563147,iterative_all_layers,wearing_hat,pclarc,17,0.5651138716356108,0.0,2.0,
high_cheekbones,0.527281746031746,0.4805927579365079,iterative_all_layers,wearing_hat,pclarc,17,0.5223214285714286,0.004960317460317443,2.0,
male,0.9778481012658228,0.9799793335055542,iterative_all_layers,wearing_hat,pclarc,17,0.9778481012658228,0.0,2.0,
mouth_slightly_open,0.5466785254247685,0.572655339508066,iterative_all_layers,wearing_hat,pclarc,17,0.5481199779181746,-0.0014414524934061035,2.0,
mustache,0.7230769230769231,0.8157724628312863,iterative_all_layers,wearing_hat,pclarc,17,0.7328377504848094,-0.009760827407886308,2.0,
narrow_eyes,0.6166975881261596,0.6612244897959183,iterative_all_layers,wearing_hat,pclarc,17,0.6289424860853432,-0.012244897959183598,2.0,
no_beard,0.5307516269756132,0.5095473074447544,iterative_all_layers,wearing_hat,pclarc,17,0.5490595723378388,-0.018307945362225575,2.0,
oval_face,0.5064209533483276,0.4593339621272582,iterative_all_layers,wearing_hat,pclarc,17,0.4896611768120148,0.016759776536312776,2.0,
pale_skin,0.6009813232035455,0.7489711934156379,iterative_all_layers,wearing_hat,pclarc,17,0.6291547958214625,-0.028173472617917028,2.0,
pointy_nose,0.49935677530017153,0.4547598627787307,iterative_all_layers,wearing_hat,pclarc,17,0.4879931389365352,0.011363636363636354,2.0,
receding_hairline,0.5664303041612241,0.6182123530509424,iterative_all_layers,wearing_hat,pclarc,17,0.5275237917521927,0.038906512409031424,2.0,
rosy_cheeks,0.671487603305785,0.7435064935064936,iterative_all_layers,wearing_hat,pclarc,17,0.6000590318772137,0.0714285714285714,2.0,
sideburns,0.6411873840445269,0.7591836734693878,iterative_all_layers,wearing_hat,pclarc,17,0.6473098330241187,-0.006122448979591799,2.0,
smiling,0.8403123654922215,0.933038184836746,iterative_all_layers,wearing_hat,pclarc,17,0.863709032773781,-0.023396667281559425,2.0,
straight_hair,0.6241558441558441,0.6516017316017316,iterative_all_layers,wearing_hat,pclarc,17,0.661991341991342,-0.03783549783549789,2.0,
wavy_hair,0.5532263347527022,0.6055246205917676,iterative_all_layers,wearing_hat,pclarc,17,0.574134730865815,-0.020908396113112793,2.0,
wearing_earrings,0.7025792916203875,0.7719363198815253,iterative_all_layers,wearing_hat,pclarc,17,0.6529063309885228,0.04967296063186466,2.0,
wearing_hat,0.88671875,0.94732666015625,iterative_all_layers,wearing_hat,pclarc,17,0.875,0.01171875,2.0,
wearing_lipstick,0.47887984981226533,0.4861545682102628,iterative_all_layers,wearing_hat,pclarc,17,0.49092615769712145,-0.012046307884856111,2.0,
wearing_necklace,0.6665551839464883,0.7043478260869565,iterative_all_layers,wearing_hat,pclarc,17,0.5979933110367892,0.06856187290969906,2.0,
wearing_necktie,0.6098156784365978,0.6264712413946257,iterative_all_layers,wearing_hat,pclarc,17,0.5761714412613813,0.033644237175216474,2.0,
young,0.8049355432780847,0.8991528545119705,iterative_all_layers,wearing_hat,pclarc,17,0.8176058931860037,-0.012670349907919043,2.0,
5_o_clock_shadow,0.6161897191308956,0.6604398516163222,iterative_all_layers,wearing_hat,pclarc,18,0.5936671966083731,0.022522522522522515,2.0,
arched_eyebrows,0.53125,0.5607972756410257,iterative_all_layers,wearing_hat,pclarc,18,0.5336538461538461,-0.0024038461538461453,2.0,
attractive,0.5050505050505051,0.6087627871067363,iterative_all_layers,wearing_hat,pclarc,18,0.49868107829891267,0.006369426751592411,2.0,
bags_under_eyes,0.5211173927502495,0.48769537745261055,iterative_all_layers,wearing_hat,pclarc,18,0.5104755570335883,0.010641835716661219,2.0,
bald,0.7233709273182958,0.7919799498746867,iterative_all_layers,wearing_hat,pclarc,18,0.743421052631579,-0.020050125313283207,2.0,
bangs,0.7745694022289766,0.8409321175278621,iterative_all_layers,wearing_hat,pclarc,18,0.780952380952381,-0.00638297872340432,2.0,
big_lips,0.5254128070881998,0.5109947643979058,iterative_all_layers,wearing_hat,pclarc,18,0.4759967780910189,0.049416028997180894,2.0,
big_nose,0.587153043035396,0.6525974025974026,iterative_all_layers,wearing_hat,pclarc,18,0.6067608861726509,-0.019607843137254943,2.0,
black_hair,0.6891080617495712,0.8446612349914238,iterative_all_layers,wearing_hat,pclarc,18,0.7118353344768439,-0.022727272727272707,2.0,
blond_hair,0.8548951048951049,0.9123931623931623,iterative_all_layers,wearing_hat,pclarc,18,0.8527583527583528,0.002136752136752129,2.0,
blurry,0.5151946818613485,0.6388097499208611,iterative_all_layers,wearing_hat,pclarc,18,0.581829692940804,-0.06663501107945546,2.0,
brown_hair,0.6421363524489294,0.7757814422840266,iterative_all_layers,wearing_hat,pclarc,18,0.6441053408811224,-0.001968988432192953,2.0,
bushy_eyebrows,0.537905604719764,0.5404129793510325,iterative_all_layers,wearing_hat,pclarc,18,0.5256637168141592,0.012241887905604765,2.0,
chubby,0.6801029159519726,0.7444253859348199,iterative_all_layers,wearing_hat,pclarc,18,0.6801029159519726,0.0,2.0,
double_chin,0.6123893805309735,0.7410029498525075,iterative_all_layers,wearing_hat,pclarc,18,0.6389380530973452,-0.026548672566371723,2.0,
eyeglasses,0.8887907798122503,0.9625429872664746,iterative_all_layers,wearing_hat,pclarc,18,0.8670415466121386,0.021749233200111684,2.0,
goatee,0.6606410451162084,0.6838827282394045,iterative_all_layers,wearing_hat,pclarc,18,0.6323864499468328,0.028254595169375563,2.0,
gray_hair,0.8485832349468714,0.9409681227863046,iterative_all_layers,wearing_hat,pclarc,18,0.8884297520661157,-0.03984651711924436,2.0,
heavy_makeup,0.5712215320910974,0.5971014492753624,iterative_all_layers,wearing_hat,pclarc,18,0.5651138716356108,0.006107660455486608,2.0,
high_cheekbones,0.5124007936507936,0.4818328373015873,iterative_all_layers,wearing_hat,pclarc,18,0.5223214285714286,-0.009920634920634996,2.0,
male,0.9778481012658228,0.9795272539395505,iterative_all_layers,wearing_hat,pclarc,18,0.9778481012658228,0.0,2.0,
mouth_slightly_open,0.5592835674415751,0.5722873090842175,iterative_all_layers,wearing_hat,pclarc,18,0.5481199779181746,0.011163589523400574,2.0,
mustache,0.7441499676793795,0.8232708468002586,iterative_all_layers,wearing_hat,pclarc,18,0.7328377504848094,0.011312217194570096,2.0,
narrow_eyes,0.5901669758812615,0.6630797773654916,iterative_all_layers,wearing_hat,pclarc,18,0.6289424860853432,-0.038775510204081653,2.0,
no_beard,0.5272473718086248,0.5040406207537724,iterative_all_layers,wearing_hat,pclarc,18,0.5490595723378388,-0.021812200529213954,2.0,
oval_face,0.5129144598418341,0.46361459769281,iterative_all_layers,wearing_hat,pclarc,18,0.4896611768120148,0.023253283029819327,2.0,
pale_skin,0.5584045584045584,0.7594175371953149,iterative_all_layers,wearing_hat,pclarc,18,0.6291547958214625,-0.07075023741690412,2.0,
pointy_nose,0.4922813036020583,0.45465265866209265,iterative_all_layers,wearing_hat,pclarc,18,0.4879931389365352,0.00428816466552312,2.0,
receding_hairline,0.5793058406419108,0.6318342974435529,iterative_all_layers,wearing_hat,pclarc,18,0.5275237917521927,0.05178204888971816,2.0,
rosy_cheeks,0.6735537190082644,0.7435064935064934,iterative_all_layers,wearing_hat,pclarc,18,0.6000590318772137,0.07349468713105078,2.0,
sideburns,0.6493506493506493,0.7699443413729128,iterative_all_layers,wearing_hat,pclarc,18,0.6473098330241187,0.0020408163265306367,2.0,
smiling,0.8432331058230338,0.9353132878312733,iterative_all_layers,wearing_hat,pclarc,18,0.863709032773781,-0.02047592695074718,2.0,
straight_hair,0.6241558441558441,0.6554112554112553,iterative_all_layers,wearing_hat,pclarc,18,0.661991341991342,-0.03783549783549789,2.0,
wavy_hair,0.5695490774101977,0.6228845943880336,iterative_all_layers,wearing_hat,pclarc,18,0.574134730865815,-0.0045856534556173445,2.0,
wearing_earrings,0.689065778106874,0.7805750956435888,iterative_all_layers,wearing_hat,pclarc,18,0.6529063309885228,0.03615944711835117,2.0,
wearing_hat,0.89453125,0.94781494140625,iterative_all_layers,wearing_hat,pclarc,18,0.875,0.01953125,2.0,
wearing_lipstick,0.47887984981226533,0.488031914893617,iterative_all_layers,wearing_hat,pclarc,18,0.49092615769712145,-0.012046307884856111,2.0,
wearing_necklace,0.6687290969899665,0.7262541806020066,iterative_all_layers,wearing_hat,pclarc,18,0.5979933110367892,0.07073578595317731,2.0,
wearing_necktie,0.5961581168110148,0.6280257606040418,iterative_all_layers,wearing_hat,pclarc,18,0.5761714412613813,0.019986675549633515,2.0,
young,0.8159852670349907,0.9028360957642726,iterative_all_layers,wearing_hat,pclarc,18,0.8176058931860037,-0.0016206261510129938,2.0,
5_o_clock_shadow,0.6127450980392157,0.6502384737678855,iterative_all_layers,wearing_hat,pclarc,19,0.5936671966083731,0.019077901430842648,2.0,
arched_eyebrows,0.5336538461538461,0.5576923076923077,iterative_all_layers,wearing_hat,pclarc,19,0.5336538461538461,0.0,2.0,
attractive,0.5050505050505051,0.5962812841793733,iterative_all_layers,wearing_hat,pclarc,19,0.49868107829891267,0.006369426751592411,2.0,
bags_under_eyes,0.4921017625540406,0.4732291320252743,iterative_all_layers,wearing_hat,pclarc,19,0.5104755570335883,-0.018373794479547678,2.0,
bald,0.7077067669172932,0.8020050125313282,iterative_all_layers,wearing_hat,pclarc,19,0.743421052631579,-0.03571428571428581,2.0,
bangs,0.7660587639311043,0.8166160081053697,iterative_all_layers,wearing_hat,pclarc,19,0.780952380952381,-0.014893617021276673,2.0,
big_lips,0.4812323801852598,0.49577124446234394,iterative_all_layers,wearing_hat,pclarc,19,0.4759967780910189,0.005235602094240899,2.0,
big_nose,0.5904634581105169,0.6482683982683982,iterative_all_layers,wearing_hat,pclarc,19,0.6067608861726509,-0.016297428062133967,2.0,
black_hair,0.6483704974271012,0.823434819897084,iterative_all_layers,wearing_hat,pclarc,19,0.7118353344768439,-0.0634648370497427,2.0,
blond_hair,0.8343045843045843,0.9015151515151516,iterative_all_layers,wearing_hat,pclarc,19,0.8527583527583528,-0.01845376845376845,2.0,
blurry,0.4746755302310858,0.5748654637543527,iterative_all_layers,wearing_hat,pclarc,19,0.581829692940804,-0.10715416270971823,2.0,
brown_hair,0.6567807039133645,0.7370169825252276,iterative_all_layers,wearing_hat,pclarc,19,0.6441053408811224,0.012675363032242148,2.0,
bushy_eyebrows,0.5545722713864307,0.553834808259587,iterative_all_layers,wearing_hat,pclarc,19,0.5256637168141592,0.028908554572271483,2.0,
chubby,0.6597341337907375,0.7475343053173242,iterative_all_layers,wearing_hat,pclarc,19,0.6801029159519726,-0.020368782161235055,2.0,
double_chin,0.6101769911504424,0.7578171091445428,iterative_all_layers,wearing_hat,pclarc,19,0.6389380530973452,-0.028761061946902755,2.0,
eyeglasses,0.8699228552839484,0.9505530253741055,iterative_all_layers,wearing_hat,pclarc,19,0.8670415466121386,0.0028813086718098013,2.0,
goatee,0.647804952149476,0.6939085523317635,iterative_all_layers,wearing_hat,pclarc,19,0.6323864499468328,0.01541850220264318,2.0,
gray_hair,0.8547815820543093,0.923848878394333,iterative_all_layers,wearing_hat,pclarc,19,0.8884297520661157,-0.03364817001180642,2.0,
heavy_makeup,0.5494824016563147,0.5709109730848861,iterative_all_layers,wearing_hat,pclarc,19,0.5651138716356108,-0.015631469979296098,2.0,
high_cheekbones,0.5059523809523809,0.4753844246031746,iterative_all_layers,wearing_hat,pclarc,19,0.5223214285714286,-0.016369047619047672,2.0,
male,0.9778481012658228,0.9798501679152675,iterative_all_layers,wearing_hat,pclarc,19,0.9778481012658228,0.0,2.0,
mouth_slightly_open,0.5587315218058025,0.5735754155676869,iterative_all_layers,wearing_hat,pclarc,19,0.5481199779181746,0.010611543887627972,2.0,
mustache,0.7389140271493213,0.8318034906270201,iterative_all_layers,wearing_hat,pclarc,19,0.7328377504848094,0.006076276664511937,2.0,
narrow_eyes,0.6519480519480519,0.6538033395176253,iterative_all_layers,wearing_hat,pclarc,19,0.6289424860853432,0.023005565862708743,2.0,
no_beard,0.5364013444897375,0.5008939426446399,iterative_all_layers,wearing_hat,pclarc,19,0.5490595723378388,-0.012658227848101222,2.0,
oval_face,0.5129144598418341,0.45860843067546975,iterative_all_layers,wearing_hat,pclarc,19,0.4896611768120148,0.023253283029819327,2.0,
pale_skin,0.5604621715732827,0.7150997150997151,iterative_all_layers,wearing_hat,pclarc,19,0.6291547958214625,-0.06869262424817979,2.0,
pointy_nose,0.4236706689536878,0.4440394511149229,iterative_all_layers,wearing_hat,pclarc,19,0.4879931389365352,-0.06432246998284735,2.0,
receding_hairline,0.6270759470050382,0.6657958574360888,iterative_all_layers,wearing_hat,pclarc,19,0.5275237917521927,0.09955215525284555,2.0,
rosy_cheeks,0.6000590318772137,0.6903778040141676,iterative_all_layers,wearing_hat,pclarc,19,0.6000590318772137,0.0,2.0,
sideburns,0.6534322820037106,0.7884972170686456,iterative_all_layers,wearing_hat,pclarc,19,0.6473098330241187,0.00612244897959191,2.0,
smiling,0.8274918526717088,0.9173584209555433,iterative_all_layers,wearing_hat,pclarc,19,0.863709032773781,-0.0362171801020722,2.0,
straight_hair,0.649004329004329,0.6432900432900432,iterative_all_layers,wearing_hat,pclarc,19,0.661991341991342,-0.012987012987012991,2.0,
wavy_hair,0.5555737525930778,0.6186264876078175,iterative_all_layers,wearing_hat,pclarc,19,0.574134730865815,-0.018560978272737172,2.0,
wearing_earrings,0.6778353696161916,0.7656423546834505,iterative_all_layers,wearing_hat,pclarc,19,0.6529063309885228,0.02492903862766882,2.0,
wearing_hat,0.8828125,0.9464111328125,iterative_all_layers,wearing_hat,pclarc,19,0.875,0.0078125,2.0,
wearing_lipstick,0.4809136420525657,0.46667709637046306,iterative_all_layers,wearing_hat,pclarc,19,0.49092615769712145,-0.010012515644555742,2.0,
wearing_necklace,0.6687290969899665,0.7177257525083612,iterative_all_layers,wearing_hat,pclarc,19,0.5979933110367892,0.07073578595317731,2.0,
wearing_necktie,0.5656229180546303,0.6007106373528759,iterative_all_layers,wearing_hat,pclarc,19,0.5761714412613813,-0.010548523206751037,2.0,
young,0.8293186003683242,0.9062246777163905,iterative_all_layers,wearing_hat,pclarc,19,0.8176058931860037,0.011712707182320425,2.0,
5_o_clock_shadow,0.6217541070482246,0.6625596184419714,iterative_all_layers,wearing_hat,pclarc,20,0.5936671966083731,0.028086910439851565,2.0,
arched_eyebrows,0.5240384615384616,0.5459735576923077,iterative_all_layers,wearing_hat,pclarc,20,0.5336538461538461,-0.009615384615384581,2.0,
attractive,0.5050505050505051,0.578459756803706,iterative_all_layers,wearing_hat,pclarc,20,0.49868107829891267,0.006369426751592411,2.0,
bags_under_eyes,0.46790821416694384,0.4706518124376455,iterative_all_layers,wearing_hat,pclarc,20,0.5104755570335883,-0.04256734286664443,2.0,
bald,0.7255639097744361,0.7977756892230576,iterative_all_layers,wearing_hat,pclarc,20,0.743421052631579,-0.017857142857142905,2.0,
bangs,0.7507598784194529,0.8170212765957447,iterative_all_layers,wearing_hat,pclarc,20,0.780952380952381,-0.030192502532928045,2.0,
big_lips,0.4889246878775675,0.5019734192509062,iterative_all_layers,wearing_hat,pclarc,20,0.4759967780910189,0.012927909786548564,2.0,
big_nose,0.5888719124013242,0.6351540616246499,iterative_all_layers,wearing_hat,pclarc,20,0.6067608861726509,-0.0178889737713267,2.0,
black_hair,0.6370068610634648,0.8200042881646655,iterative_all_layers,wearing_hat,pclarc,20,0.7118353344768439,-0.07482847341337906,2.0,
blond_hair,0.8548951048951049,0.9032634032634033,iterative_all_layers,wearing_hat,pclarc,20,0.8527583527583528,0.002136752136752129,2.0,
blurry,0.48084836973725864,0.5232668566001899,iterative_all_layers,wearing_hat,pclarc,20,0.581829692940804,-0.10098132320354536,2.0,
brown_hair,0.619000738370662,0.7270489785872508,iterative_all_layers,wearing_hat,pclarc,20,0.6441053408811224,-0.025104602510460317,2.0,
bushy_eyebrows,0.5268436578171092,0.5488200589970502,iterative_all_layers,wearing_hat,pclarc,20,0.5256637168141592,0.0011799410029499358,2.0,
chubby,0.6573756432246999,0.7492495711835334,iterative_all_layers,wearing_hat,pclarc,20,0.6801029159519726,-0.022727272727272707,2.0,
double_chin,0.6057522123893806,0.7516224188790561,iterative_all_layers,wearing_hat,pclarc,20,0.6389380530973452,-0.0331858407079646,2.0,
eyeglasses,0.8649967469095641,0.9390277906868668,iterative_all_layers,wearing_hat,pclarc,20,0.8670415466121386,-0.00204479970257454,2.0,
goatee,0.6305635728391311,0.6893513595625096,iterative_all_layers,wearing_hat,pclarc,20,0.6323864499468328,-0.0018228771077016814,2.0,
gray_hair,0.8506493506493507,0.9306375442739079,iterative_all_layers,wearing_hat,pclarc,20,0.8884297520661157,-0.037780401416765086,2.0,
heavy_makeup,0.5555900621118013,0.5407867494824016,iterative_all_layers,wearing_hat,pclarc,20,0.5651138716356108,-0.00952380952380949,2.0,
high_cheekbones,0.49007936507936506,0.47817460317460325,iterative_all_layers,wearing_hat,pclarc,20,0.5223214285714286,-0.032242063492063544,2.0,
male,0.9778481012658228,0.9779126840609662,iterative_all_layers,wearing_hat,pclarc,20,0.9778481012658228,0.0,2.0,
mouth_slightly_open,0.5477826166963136,0.5694657425013802,iterative_all_layers,wearing_hat,pclarc,20,0.5481199779181746,-0.00033736122186101003,2.0,
mustache,0.7171299288946348,0.8164188752424046,iterative_all_layers,wearing_hat,pclarc,20,0.7328377504848094,-0.015707821590174587,2.0,
narrow_eyes,0.6105751391465677,0.641187384044527,iterative_all_layers,wearing_hat,pclarc,20,0.6289424860853432,-0.01836734693877551,2.0,
no_beard,0.5202388614746478,0.5009654580562111,iterative_all_layers,wearing_hat,pclarc,20,0.5490595723378388,-0.028820710863190935,2.0,
oval_face,0.5064209533483276,0.46390481027352537,iterative_all_layers,wearing_hat,pclarc,20,0.4896611768120148,0.016759776536312776,2.0,
pale_skin,0.5604621715732827,0.6923076923076923,iterative_all_layers,wearing_hat,pclarc,20,0.6291547958214625,-0.06869262424817979,2.0,
pointy_nose,0.4468267581475128,0.4567967409948542,iterative_all_layers,wearing_hat,pclarc,20,0.4879931389365352,-0.04116638078902235,2.0,
receding_hairline,0.5554207874603472,0.6463892517260683,iterative_all_layers,wearing_hat,pclarc,20,0.5275237917521927,0.027896995708154515,2.0,
rosy_cheeks,0.6673553719008265,0.7136953955135773,iterative_all_layers,wearing_hat,pclarc,20,0.6000590318772137,0.06729634002361284,2.0,
sideburns,0.6575139146567719,0.7896103896103897,iterative_all_layers,wearing_hat,pclarc,20,0.6473098330241187,0.010204081632653184,2.0,
smiling,0.815347721822542,0.9144684252597922,iterative_all_layers,wearing_hat,pclarc,20,0.863709032773781,-0.04836131095123897,2.0,
straight_hair,0.6511688311688312,0.6503896103896104,iterative_all_layers,wearing_hat,pclarc,20,0.661991341991342,-0.010822510822510845,2.0,
wavy_hair,0.5555737525930778,0.6233213232885687,iterative_all_layers,wearing_hat,pclarc,20,0.574134730865815,-0.018560978272737172,2.0,
wearing_earrings,0.6667900777489819,0.765272121436505,iterative_all_layers,wearing_hat,pclarc,20,0.6529063309885228,0.013883746760459115,2.0,
wearing_hat,0.875,0.9434814453125,iterative_all_layers,wearing_hat,pclarc,20,0.875,0.0,2.0,
wearing_lipstick,0.4355444305381727,0.4398466833541928,iterative_all_layers,wearing_hat,pclarc,20,0.49092615769712145,-0.055381727158948735,2.0,
wearing_necklace,0.6473244147157191,0.7382943143812709,iterative_all_layers,wearing_hat,pclarc,20,0.5979933110367892,0.0493311036789299,2.0,
wearing_necktie,0.5740617366200311,0.592271818787475,iterative_all_layers,wearing_hat,pclarc,20,0.5761714412613813,-0.002109704641350185,2.0,
young,0.8155064456721915,0.9058563535911602,iterative_all_layers,wearing_hat,pclarc,20,0.8176058931860037,-0.0020994475138121915,2.0,
5_o_clock_shadow,0.6342077371489137,0.6625596184419713,iterative_all_layers,wearing_hat,pclarc,21,0.5936671966083731,0.04054054054054057,2.0,
arched_eyebrows,0.5192307692307692,0.5548878205128204,iterative_all_layers,wearing_hat,pclarc,21,0.5336538461538461,-0.014423076923076983,2.0,
attractive,0.5,0.5361255870810011,iterative_all_layers,wearing_hat,pclarc,21,0.49868107829891267,0.0013189217010873278,2.0,
bags_under_eyes,0.4778849351513136,0.4810442301296974,iterative_all_layers,wearing_hat,pclarc,21,0.5104755570335883,-0.032590621882274684,2.0,
bald,0.7456140350877193,0.7933897243107769,iterative_all_layers,wearing_hat,pclarc,21,0.743421052631579,0.002192982456140302,2.0,
bangs,0.7575481256332319,0.8220871327254305,iterative_all_layers,wearing_hat,pclarc,21,0.780952380952381,-0.023404255319149025,2.0,
big_lips,0.4710833668948853,0.5098670962545309,iterative_all_layers,wearing_hat,pclarc,21,0.4759967780910189,-0.0049134111961336435,2.0,
big_nose,0.5856888209829386,0.6206391647568119,iterative_all_layers,wearing_hat,pclarc,21,0.6067608861726509,-0.021072065189712275,2.0,
black_hair,0.6483704974271012,0.8161449399656946,iterative_all_layers,wearing_hat,pclarc,21,0.7118353344768439,-0.0634648370497427,2.0,
blond_hair,0.8669386169386168,0.9096736596736597,iterative_all_layers,wearing_hat,pclarc,21,0.8527583527583528,0.01418026418026408,2.0,
blurry,0.4746755302310858,0.5387780943336499,iterative_all_layers,wearing_hat,pclarc,21,0.581829692940804,-0.10715416270971823,2.0,
brown_hair,0.6294609894166872,0.6908688161457051,iterative_all_layers,wearing_hat,pclarc,21,0.6441053408811224,-0.014644351464435212,2.0,
bushy_eyebrows,0.5278761061946903,0.5671091445427728,iterative_all_layers,wearing_hat,pclarc,21,0.5256637168141592,0.0022123893805310324,2.0,
chubby,0.6573756432246999,0.7211620926243568,iterative_all_layers,wearing_hat,pclarc,21,0.6801029159519726,-0.022727272727272707,2.0,
double_chin,0.6047197640117994,0.704867256637168,iterative_all_layers,wearing_hat,pclarc,21,0.6389380530973452,-0.034218289085545806,2.0,
eyeglasses,0.8186169718375313,0.9322427734919603,iterative_all_layers,wearing_hat,pclarc,21,0.8670415466121386,-0.048424574774607265,2.0,
goatee,0.5810420780799028,0.6512228467264165,iterative_all_layers,wearing_hat,pclarc,21,0.6323864499468328,-0.05134437186692997,2.0,
gray_hair,0.858913813459268,0.9055489964580874,iterative_all_layers,wearing_hat,pclarc,21,0.8884297520661157,-0.029515938606847758,2.0,
heavy_makeup,0.515527950310559,0.5333333333333333,iterative_all_layers,wearing_hat,pclarc,21,0.5651138716356108,-0.049585921325051796,2.0,
high_cheekbones,0.49007936507936506,0.44934275793650796,iterative_all_layers,wearing_hat,pclarc,21,0.5223214285714286,-0.032242063492063544,2.0,
male,0.9746835443037974,0.976685610953242,iterative_all_layers,wearing_hat,pclarc,21,0.9778481012658228,-0.0031645569620253333,2.0,
mouth_slightly_open,0.5300864871496044,0.5581181377660553,iterative_all_layers,wearing_hat,pclarc,21,0.5481199779181746,-0.018033490768570193,2.0,
mustache,0.7051066580478345,0.8206851971557854,iterative_all_layers,wearing_hat,pclarc,21,0.7328377504848094,-0.027731092436974913,2.0,
narrow_eyes,0.698886827458256,0.6471243042671614,iterative_all_layers,wearing_hat,pclarc,21,0.6289424860853432,0.06994434137291283,2.0,
no_beard,0.5252091825788457,0.5023242508760638,iterative_all_layers,wearing_hat,pclarc,21,0.5490595723378388,-0.023850389758993007,2.0,
oval_face,0.5027207429442067,0.45265907277080464,iterative_all_layers,wearing_hat,pclarc,21,0.4896611768120148,0.013059566132191835,2.0,
pale_skin,0.5261158594491928,0.7274453941120609,iterative_all_layers,wearing_hat,pclarc,21,0.6291547958214625,-0.10303893637226968,2.0,
pointy_nose,0.45626072041166377,0.43921526586620924,iterative_all_layers,wearing_hat,pclarc,21,0.4879931389365352,-0.03173241852487141,2.0,
receding_hairline,0.54441127075947,0.6286620638178765,iterative_all_layers,wearing_hat,pclarc,21,0.5275237917521927,0.016887479007277384,2.0,
rosy_cheeks,0.589728453364817,0.6375442739079102,iterative_all_layers,wearing_hat,pclarc,21,0.6000590318772137,-0.010330578512396604,2.0,
sideburns,0.6411873840445269,0.7833024118738404,iterative_all_layers,wearing_hat,pclarc,21,0.6473098330241187,-0.006122448979591799,2.0,
smiling,0.728094447518908,0.8022505072864785,iterative_all_layers,wearing_hat,pclarc,21,0.863709032773781,-0.13561458525487302,2.0,
straight_hair,0.629004329004329,0.6678787878787878,iterative_all_layers,wearing_hat,pclarc,21,0.661991341991342,-0.03298701298701301,2.0,
wavy_hair,0.5531171525275684,0.6034501583142264,iterative_all_layers,wearing_hat,pclarc,21,0.574134730865815,-0.02101757833824658,2.0,
wearing_earrings,0.6485252375663335,0.7277551524126866,iterative_all_layers,wearing_hat,pclarc,21,0.6529063309885228,-0.004381093422189286,2.0,
wearing_hat,0.87890625,0.93902587890625,iterative_all_layers,wearing_hat,pclarc,21,0.875,0.00390625,2.0,
wearing_lipstick,0.452909887359199,0.4558041301627033,iterative_all_layers,wearing_hat,pclarc,21,0.49092615769712145,-0.03801627033792243,2.0,
wearing_necklace,0.6255852842809364,0.6939799331103679,iterative_all_layers,wearing_hat,pclarc,21,0.5979933110367892,0.027591973244147194,2.0,
wearing_necktie,0.5614035087719298,0.5498556517876971,iterative_all_layers,wearing_hat,pclarc,21,0.5761714412613813,-0.014767932489451518,2.0,
young,0.8088397790055248,0.8977532228360957,iterative_all_layers,wearing_hat,pclarc,21,0.8176058931860037,-0.008766114180478901,2.0,
5_o_clock_shadow,0.6523582405935348,0.663487016428193,iterative_all_layers,wearing_hat,pclarc,22,0.5936671966083731,0.05869104398516167,2.0,
arched_eyebrows,0.49679487179487175,0.5232371794871795,iterative_all_layers,wearing_hat,pclarc,22,0.5336538461538461,-0.036858974358974395,2.0,
attractive,0.4968152866242038,0.5049861674065496,iterative_all_layers,wearing_hat,pclarc,22,0.49868107829891267,-0.0018657916747088499,2.0,
bags_under_eyes,0.4775523777851679,0.4658297306285334,iterative_all_layers,wearing_hat,pclarc,22,0.5104755570335883,-0.032923179248420364,2.0,
bald,0.7077067669172932,0.768170426065163,iterative_all_layers,wearing_hat,pclarc,22,0.743421052631579,-0.03571428571428581,2.0,
bangs,0.7664640324214793,0.8149949341438703,iterative_all_layers,wearing_hat,pclarc,22,0.780952380952381,-0.01448834853090164,2.0,
big_lips,0.5070881997583568,0.5617398308497785,iterative_all_layers,wearing_hat,pclarc,22,0.4759967780910189,0.031091421667337915,2.0,
big_nose,0.5710466004583652,0.640883626177744,iterative_all_layers,wearing_hat,pclarc,22,0.6067608861726509,-0.0357142857142857,2.0,
black_hair,0.6275728987993139,0.8022084048027445,iterative_all_layers,wearing_hat,pclarc,22,0.7118353344768439,-0.08426243567753,2.0,
blond_hair,0.864024864024864,0.9256021756021756,iterative_all_layers,wearing_hat,pclarc,22,0.8527583527583528,0.011266511266511237,2.0,
blurry,0.4767331433998101,0.4821145932257043,iterative_all_layers,wearing_hat,pclarc,22,0.581829692940804,-0.1050965495409939,2.0,
brown_hair,0.6336450898350972,0.6692099433915826,iterative_all_layers,wearing_hat,pclarc,22,0.6441053408811224,-0.010460251046025215,2.0,
bushy_eyebrows,0.5045722713864307,0.568731563421829,iterative_all_layers,wearing_hat,pclarc,22,0.5256637168141592,-0.02109144542772856,2.0,
chubby,0.6119210977701544,0.6756003430531732,iterative_all_layers,wearing_hat,pclarc,22,0.6801029159519726,-0.06818181818181823,2.0,
double_chin,0.5979351032448378,0.6951327433628319,iterative_all_layers,wearing_hat,pclarc,22,0.6389380530973452,-0.04100294985250741,2.0,
eyeglasses,0.8058834464169533,0.8923691792917559,iterative_all_layers,wearing_hat,pclarc,22,0.8670415466121386,-0.061158100195185305,2.0,
goatee,0.5527874829105272,0.6293483214339967,iterative_all_layers,wearing_hat,pclarc,22,0.6323864499468328,-0.07959896703630565,2.0,
gray_hair,0.7559031877213696,0.8172963400236127,iterative_all_layers,wearing_hat,pclarc,22,0.8884297520661157,-0.1325265643447462,2.0,
heavy_makeup,0.49648033126293994,0.5158385093167702,iterative_all_layers,wearing_hat,pclarc,22,0.5651138716356108,-0.06863354037267083,2.0,
high_cheekbones,0.474702380952381,0.4549231150793651,iterative_all_layers,wearing_hat,pclarc,22,0.5223214285714286,-0.047619047619047616,2.0,
male,0.9467191940067166,0.9752002066649444,iterative_all_layers,wearing_hat,pclarc,22,0.9778481012658228,-0.03112890725910622,2.0,
mouth_slightly_open,0.5494387536036313,0.5610623811568424,iterative_all_layers,wearing_hat,pclarc,22,0.5481199779181746,0.0013187756854566857,2.0,
mustache,0.7087912087912087,0.8,iterative_all_layers,wearing_hat,pclarc,22,0.7328377504848094,-0.024046541693600654,2.0,
narrow_eyes,0.6432282003710575,0.6779220779220779,iterative_all_layers,wearing_hat,pclarc,22,0.6289424860853432,0.014285714285714346,2.0,
no_beard,0.5104054923836087,0.5243509976399914,iterative_all_layers,wearing_hat,pclarc,22,0.5490595723378388,-0.03865407995423009,2.0,
oval_face,0.4813538416890372,0.45055503156061816,iterative_all_layers,wearing_hat,pclarc,22,0.4896611768120148,-0.0083073351229776,2.0,
pale_skin,0.528173472617917,0.7223805001582779,iterative_all_layers,wearing_hat,pclarc,22,0.6291547958214625,-0.10098132320354547,2.0,
pointy_nose,0.44018010291595194,0.4309605488850772,iterative_all_layers,wearing_hat,pclarc,22,0.4879931389365352,-0.04781303602058323,2.0,
receding_hairline,0.6004851651427505,0.6529203209554021,iterative_all_layers,wearing_hat,pclarc,22,0.5275237917521927,0.07296137339055786,2.0,
rosy_cheeks,0.5416174734356553,0.653482880755608,iterative_all_layers,wearing_hat,pclarc,22,0.6000590318772137,-0.058441558441558406,2.0,
sideburns,0.7055658627087198,0.8237476808905381,iterative_all_layers,wearing_hat,pclarc,22,0.6473098330241187,0.058256029684601085,2.0,
smiling,0.745864846584271,0.8027424214474573,iterative_all_layers,wearing_hat,pclarc,22,0.863709032773781,-0.11784418618950998,2.0,
straight_hair,0.6425108225108225,0.678961038961039,iterative_all_layers,wearing_hat,pclarc,22,0.661991341991342,-0.019480519480519543,2.0,
wavy_hair,0.6043236161152964,0.6374058303308221,iterative_all_layers,wearing_hat,pclarc,22,0.574134730865815,0.03018888524948138,2.0,
wearing_earrings,0.6393928174750092,0.6948043934345305,iterative_all_layers,wearing_hat,pclarc,22,0.6529063309885228,-0.013513513513513598,2.0,
wearing_hat,0.8203125,0.90985107421875,iterative_all_layers,wearing_hat,pclarc,22,0.875,-0.0546875,2.0,
wearing_lipstick,0.5538172715894869,0.4965581977471839,iterative_all_layers,wearing_hat,pclarc,22,0.49092615769712145,0.06289111389236546,2.0,
wearing_necklace,0.5762541806020067,0.6327759197324414,iterative_all_layers,wearing_hat,pclarc,22,0.5979933110367892,-0.021739130434782483,2.0,
wearing_necktie,0.5761714412613813,0.5438596491228069,iterative_all_layers,wearing_hat,pclarc,22,0.5761714412613813,0.0,2.0,
young,0.7267403314917127,0.8389686924493555,iterative_all_layers,wearing_hat,pclarc,22,0.8176058931860037,-0.09086556169429105,2.0,
5_o_clock_shadow,0.5043720190779014,0.5272919978802331,iterative_all_layers,wearing_hat,pclarc,23,0.5936671966083731,-0.08929517753047167,2.0,
arched_eyebrows,0.4807692307692308,0.47716346153846156,iterative_all_layers,wearing_hat,pclarc,23,0.5336538461538461,-0.05288461538461536,2.0,
attractive,0.5050505050505051,0.47880074631666986,iterative_all_layers,wearing_hat,pclarc,23,0.49868107829891267,0.006369426751592411,2.0,
bags_under_eyes,0.4811273694712338,0.46233787828400397,iterative_all_layers,wearing_hat,pclarc,23,0.5104755570335883,-0.029348187562354466,2.0,
bald,0.5385338345864662,0.525375939849624,iterative_all_layers,wearing_hat,pclarc,23,0.743421052631579,-0.20488721804511278,2.0,
bangs,0.49989868287740624,0.5015197568389058,iterative_all_layers,wearing_hat,pclarc,23,0.780952380952381,-0.2810536980749747,2.0,
big_lips,0.4833668948852195,0.4594442207007652,iterative_all_layers,wearing_hat,pclarc,23,0.4759967780910189,0.007370116794200576,2.0,
big_nose,0.5334861217214159,0.5674178762414057,iterative_all_layers,wearing_hat,pclarc,23,0.6067608861726509,-0.07327476445123504,2.0,
black_hair,0.4425385934819897,0.419811320754717,iterative_all_layers,wearing_hat,pclarc,23,0.7118353344768439,-0.2692967409948542,2.0,
blond_hair,0.45493395493395494,0.4454156954156954,iterative_all_layers,wearing_hat,pclarc,23,0.8527583527583528,-0.3978243978243978,2.0,
blurry,0.5151946818613485,0.44412788857233304,iterative_all_layers,wearing_hat,pclarc,23,0.581829692940804,-0.06663501107945546,2.0,
brown_hair,0.5055377799655427,0.46665025842973173,iterative_all_layers,wearing_hat,pclarc,23,0.6441053408811224,-0.13856756091557965,2.0,
bushy_eyebrows,0.5101769911504425,0.5283185840707965,iterative_all_layers,wearing_hat,pclarc,23,0.5256637168141592,-0.015486725663716783,2.0,
chubby,0.5248713550600344,0.48595626072041165,iterative_all_layers,wearing_hat,pclarc,23,0.6801029159519726,-0.15523156089193824,2.0,
double_chin,0.5025073746312685,0.5660766961651919,iterative_all_layers,wearing_hat,pclarc,23,0.6389380530973452,-0.1364306784660767,2.0,
eyeglasses,0.5347151222232549,0.5604610093874896,iterative_all_layers,wearing_hat,pclarc,23,0.8670415466121386,-0.3323264243888837,2.0,
goatee,0.46840346346650463,0.40619778216618563,iterative_all_layers,wearing_hat,pclarc,23,0.6323864499468328,-0.16398298648032816,2.0,
gray_hair,0.45218417945690675,0.5386658795749706,iterative_all_layers,wearing_hat,pclarc,23,0.8884297520661157,-0.436245572609209,2.0,
heavy_makeup,0.46045548654244306,0.4781573498964803,iterative_all_layers,wearing_hat,pclarc,23,0.5651138716356108,-0.10465838509316772,2.0,
high_cheekbones,0.5089285714285714,0.4781125992063492,iterative_all_layers,wearing_hat,pclarc,23,0.5223214285714286,-0.013392857142857206,2.0,
male,0.5066520278997675,0.5060061999483337,iterative_all_layers,wearing_hat,pclarc,23,0.9778481012658228,-0.4711960733660553,2.0,
mouth_slightly_open,0.5156106238115684,0.5110715819174385,iterative_all_layers,wearing_hat,pclarc,23,0.5481199779181746,-0.03250935410660616,2.0,
mustache,0.4455720749838397,0.3988364576599871,iterative_all_layers,wearing_hat,pclarc,23,0.7328377504848094,-0.28726567550096965,2.0,
narrow_eyes,0.6580705009276437,0.6949907235621522,iterative_all_layers,wearing_hat,pclarc,23,0.6289424860853432,0.029128014842300542,2.0,
no_beard,0.48079811199313455,0.4499034541943789,iterative_all_layers,wearing_hat,pclarc,23,0.5490595723378388,-0.0682614603447042,2.0,
oval_face,0.4747877820503519,0.4984401073786548,iterative_all_layers,wearing_hat,pclarc,23,0.4896611768120148,-0.01487339476166294,2.0,
pale_skin,0.50553972776195,0.50110794555239,iterative_all_layers,wearing_hat,pclarc,23,0.6291547958214625,-0.1236150680595125,2.0,
pointy_nose,0.47855917667238423,0.4928173241852487,iterative_all_layers,wearing_hat,pclarc,23,0.4879931389365352,-0.009433962264150941,2.0,
receding_hairline,0.5854637059152827,0.6396715805187535,iterative_all_layers,wearing_hat,pclarc,23,0.5275237917521927,0.05793991416309008,2.0,
rosy_cheeks,0.48258559622195984,0.3975796930342385,iterative_all_layers,wearing_hat,pclarc,23,0.6000590318772137,-0.11747343565525381,2.0,
sideburns,0.6846011131725418,0.7246753246753247,iterative_all_layers,wearing_hat,pclarc,23,0.6473098330241187,0.03729128014842309,2.0,
smiling,0.5646252228986042,0.5536493881817622,iterative_all_layers,wearing_hat,pclarc,23,0.863709032773781,-0.2990838098751768,2.0,
straight_hair,0.5360173160173161,0.5582683982683982,iterative_all_layers,wearing_hat,pclarc,23,0.661991341991342,-0.12597402597402596,2.0,
wavy_hair,0.5322087564144558,0.5752811442297193,iterative_all_layers,wearing_hat,pclarc,23,0.574134730865815,-0.04192597445135926,2.0,
wearing_earrings,0.5088238923855362,0.4980871282241145,iterative_all_layers,wearing_hat,pclarc,23,0.6529063309885228,-0.14408243860298664,2.0,
wearing_hat,0.4765625,0.455810546875,iterative_all_layers,wearing_hat,pclarc,23,0.875,-0.3984375,2.0,
wearing_lipstick,0.5244055068836045,0.5168961201501877,iterative_all_layers,wearing_hat,pclarc,23,0.49092615769712145,0.0334793491864831,2.0,
wearing_necklace,0.44849498327759196,0.44280936454849495,iterative_all_layers,wearing_hat,pclarc,23,0.5979933110367892,-0.14949832775919725,2.0,
wearing_necktie,0.46768820786142573,0.4963357761492338,iterative_all_layers,wearing_hat,pclarc,23,0.5761714412613813,-0.10848323339995558,2.0,
young,0.5693922651933702,0.6010313075506445,iterative_all_layers,wearing_hat,pclarc,23,0.8176058931860037,-0.24821362799263358,2.0,
