target_attribute,bal_acc,auc,regime,debiased_concept,method,debias_layer,ba_raw,delta_ba,n_iterations,n_layers
5_o_clock_shadow,0.5632690262798117,0.5827130487619626,raw,none,none,-1,,,,
arched_eyebrows,0.6026785714285714,0.6176060267857143,raw,none,none,-1,,,,
attractive,0.512766814337495,0.6459927507047927,raw,none,none,-1,,,,
bags_under_eyes,0.5171781305114639,0.503068783068783,raw,none,none,-1,,,,
bald,0.73828125,0.856201171875,raw,none,none,-1,,,,
bangs,0.7534054860981526,0.8077999626796044,raw,none,none,-1,,,,
big_lips,0.4087511890202473,0.4491099334148662,raw,none,none,-1,,,,
big_nose,0.5955004591368228,0.662809917355372,raw,none,none,-1,,,,
black_hair,0.6770050125313283,0.8605889724310777,raw,none,none,-1,,,,
blond_hair,0.9279835390946503,0.9566318455207343,raw,none,none,-1,,,,
blurry,0.7192622950819672,0.7366803278688524,raw,none,none,-1,,,,
brown_hair,0.6794871794871795,0.864024864024864,raw,none,none,-1,,,,
bushy_eyebrows,0.5391960914945592,0.5072174106151455,raw,none,none,-1,,,,
chubby,0.554147465437788,0.7105990783410138,raw,none,none,-1,,,,
double_chin,0.5651041666666666,0.6715494791666667,raw,none,none,-1,,,,
eyeglasses,0.9294146990355836,0.974393082806784,raw,none,none,-1,,,,
goatee,0.766163222045575,0.8618177000529942,raw,none,none,-1,,,,
gray_hair,0.7772136696145868,0.8773883611748008,raw,none,none,-1,,,,
heavy_makeup,0.5255852842809364,0.5628762541806019,raw,none,none,-1,,,,
high_cheekbones,0.48660714285714285,0.41412450396825395,raw,none,none,-1,,,,
male,0.9878640776699029,0.9893203883495146,raw,none,none,-1,,,,
mouth_slightly_open,0.527039627039627,0.5459207459207459,raw,none,none,-1,,,,
mustache,0.6675562024907002,0.7354035257965389,raw,none,none,-1,,,,
narrow_eyes,0.545159386068477,0.5413223140495868,raw,none,none,-1,,,,
no_beard,0.6408531252102536,0.6961582453071385,raw,none,none,-1,,,,
oval_face,0.5212585034013605,0.5776785714285715,raw,none,none,-1,,,,
pale_skin,0.5032520325203252,0.6056910569105691,raw,none,none,-1,,,,
pointy_nose,0.5174616116320152,0.54097024052181,raw,none,none,-1,,,,
receding_hairline,0.52049436795995,0.5512359198998749,raw,none,none,-1,,,,
rosy_cheeks,0.6947818263607737,0.7764282501124606,raw,none,none,-1,,,,
sideburns,0.694683908045977,0.7965158045977011,raw,none,none,-1,,,,
smiling,0.7955285851165761,0.9463430213989141,raw,none,none,-1,,,,
straight_hair,0.4405255878284924,0.4475795297372061,raw,none,none,-1,,,,
wavy_hair,0.5791547764641934,0.5833673053403996,raw,none,none,-1,,,,
wearing_earrings,0.735593220338983,0.8561440677966101,raw,none,none,-1,,,,
wearing_hat,0.9219660837307896,0.9809220985691574,raw,none,none,-1,,,,
wearing_lipstick,0.45062771607918883,0.48804925156929024,raw,none,none,-1,,,,
wearing_necklace,0.6017720895889737,0.6564115185823283,raw,none,none,-1,,,,
wearing_necktie,0.6159730979403111,0.662715426649853,raw,none,none,-1,,,,
young,0.8726900031535794,0.9482812992746767,raw,none,none,-1,,,,
5_o_clock_shadow,0.5694971897311256,0.5781558559927086,single,bald,diff_means,0,0.5632690262798117,0.0062281634513139394,,
arched_eyebrows,0.609375,0.6219308035714286,single,bald,diff_means,0,0.6026785714285714,0.006696428571428603,,
attractive,0.5101490132903745,0.661377366089408,single,bald,diff_means,0,0.512766814337495,-0.002617801047120505,,
bags_under_eyes,0.5214109347442681,0.5154144620811288,single,bald,diff_means,0,0.5171781305114639,0.004232804232804255,,
bald,0.73828125,0.85772705078125,single,bald,diff_means,0,0.73828125,0.0,,
bangs,0.7555514088449338,0.8025751072961373,single,bald,diff_means,0,0.7534054860981526,0.0021459227467811592,,
big_lips,0.4042668840875119,0.44421796439733663,single,bald,diff_means,0,0.4087511890202473,-0.004484304932735439,,
big_nose,0.6004897459442914,0.6598714416896234,single,bald,diff_means,0,0.5955004591368228,0.004989286807468574,,
black_hair,0.6970551378446115,0.8619987468671679,single,bald,diff_means,0,0.6770050125313283,0.020050125313283207,,
blond_hair,0.9259259259259259,0.9591642924976258,single,bald,diff_means,0,0.9279835390946503,-0.002057613168724326,,
blurry,0.6796448087431695,0.7414617486338798,single,bald,diff_means,0,0.7192622950819672,-0.03961748633879769,,
brown_hair,0.6602564102564102,0.8587801087801088,single,bald,diff_means,0,0.6794871794871795,-0.019230769230769273,,
bushy_eyebrows,0.5391960914945592,0.5107705973795247,single,bald,diff_means,0,0.5391960914945592,0.0,,
chubby,0.554147465437788,0.7109831029185868,single,bald,diff_means,0,0.554147465437788,0.0,,
double_chin,0.5494791666666666,0.6722819010416667,single,bald,diff_means,0,0.5651041666666666,-0.015625,,
eyeglasses,0.9323245759893581,0.9764715663451945,single,bald,diff_means,0,0.9294146990355836,0.0029098769537745373,,
goatee,0.7549019607843137,0.8583730789613142,single,bald,diff_means,0,0.766163222045575,-0.011261261261261257,,
gray_hair,0.7748662517742111,0.8708374276667759,single,bald,diff_means,0,0.7772136696145868,-0.0023474178403757318,,
heavy_makeup,0.529933110367893,0.5784280936454851,single,bald,diff_means,0,0.5255852842809364,0.004347826086956608,,
high_cheekbones,0.48660714285714285,0.41536458333333337,single,bald,diff_means,0,0.48660714285714285,0.0,,
male,0.9878640776699029,0.9899029126213592,single,bald,diff_means,0,0.9878640776699029,0.0,,
mouth_slightly_open,0.5325341325341325,0.5511155511155511,single,bald,diff_means,0,0.527039627039627,0.005494505494505475,,
mustache,0.6610059841500889,0.7187449458191816,single,bald,diff_means,0,0.6675562024907002,-0.0065502183406113135,,
narrow_eyes,0.5177095631641087,0.5413223140495868,single,bald,diff_means,0,0.545159386068477,-0.02744982290436837,,
no_beard,0.6520890802664334,0.6923232187310772,single,bald,diff_means,0,0.6408531252102536,0.011235955056179803,,
oval_face,0.5154761904761905,0.5784013605442178,single,bald,diff_means,0,0.5212585034013605,-0.005782312925169952,,
pale_skin,0.5134146341463415,0.624390243902439,single,bald,diff_means,0,0.5032520325203252,0.010162601626016232,,
pointy_nose,0.5477646419350455,0.5465416496806632,single,bald,diff_means,0,0.5174616116320152,0.030303030303030276,,
receding_hairline,0.523153942428035,0.5509230287859825,single,bald,diff_means,0,0.52049436795995,0.0026595744680850686,,
rosy_cheeks,0.692757534862798,0.7566351776878093,single,bald,diff_means,0,0.6947818263607737,-0.002024291497975672,,
sideburns,0.6752873563218391,0.7916666666666666,single,bald,diff_means,0,0.694683908045977,-0.0193965517241379,,
smiling,0.8153305653145959,0.9499840306611307,single,bald,diff_means,0,0.7955285851165761,0.01980198019801982,,
straight_hair,0.4593360995850623,0.45145228215767635,single,bald,diff_means,0,0.4405255878284924,0.018810511756569892,,
wavy_hair,0.5488517461611632,0.5820084250577524,single,bald,diff_means,0,0.5791547764641934,-0.030303030303030276,,
wearing_earrings,0.7292372881355932,0.8610169491525425,single,bald,diff_means,0,0.735593220338983,-0.006355932203389814,,
wearing_hat,0.9366719660837308,0.980259671436142,single,bald,diff_means,0,0.9219660837307896,0.014705882352941235,,
wearing_lipstick,0.4746499275712216,0.4838242394978271,single,bald,diff_means,0,0.45062771607918883,0.024022211492032763,,
wearing_necklace,0.5724833866601033,0.657888259906473,single,bald,diff_means,0,0.6017720895889737,-0.029288702928870314,,
wearing_necktie,0.6200504413619168,0.6701134930643127,single,bald,diff_means,0,0.6159730979403111,0.004077343421605706,,
young,0.8726900031535794,0.9489120151371806,single,bald,diff_means,0,0.8726900031535794,0.0,,
5_o_clock_shadow,0.5610663831080055,0.5830168616132463,single,bald,diff_means,1,0.5632690262798117,-0.0022026431718061845,,
arched_eyebrows,0.6071428571428572,0.6222098214285714,single,bald,diff_means,1,0.6026785714285714,0.0044642857142858094,,
attractive,0.512766814337495,0.6476037051953282,single,bald,diff_means,1,0.512766814337495,0.0,,
bags_under_eyes,0.5171781305114639,0.5040564373897707,single,bald,diff_means,1,0.5171781305114639,0.0,,
bald,0.73828125,0.85552978515625,single,bald,diff_means,1,0.73828125,0.0,,
bangs,0.7555514088449338,0.8068669527896997,single,bald,diff_means,1,0.7534054860981526,0.0021459227467811592,,
big_lips,0.4087511890202473,0.4485663813018073,single,bald,diff_means,1,0.4087511890202473,0.0,,
big_nose,0.5955004591368228,0.6609121518212426,single,bald,diff_means,1,0.5955004591368228,0.0,,
black_hair,0.6791979949874687,0.8621553884711779,single,bald,diff_means,1,0.6770050125313283,0.002192982456140413,,
blond_hair,0.9279835390946503,0.9569484013928459,single,bald,diff_means,1,0.9279835390946503,0.0,,
blurry,0.7233606557377049,0.7363387978142076,single,bald,diff_means,1,0.7192622950819672,0.004098360655737765,,
brown_hair,0.670940170940171,0.8614996114996115,single,bald,diff_means,1,0.6794871794871795,-0.008547008547008517,,
bushy_eyebrows,0.537086386853209,0.5076615589606929,single,bald,diff_means,1,0.5391960914945592,-0.002109704641350185,,
chubby,0.5639784946236559,0.7109831029185868,single,bald,diff_means,1,0.554147465437788,0.009831029185867868,,
double_chin,0.5625,0.6727701822916666,single,bald,diff_means,1,0.5651041666666666,-0.0026041666666666297,,
eyeglasses,0.9294146990355836,0.9753907549052212,single,bald,diff_means,1,0.9294146990355836,0.0,,
goatee,0.7808691043985162,0.8608903020667726,single,bald,diff_means,1,0.766163222045575,0.014705882352941235,,
gray_hair,0.7772136696145868,0.8765149033737308,single,bald,diff_means,1,0.7772136696145868,0.0,,
heavy_makeup,0.529933110367893,0.5667224080267559,single,bald,diff_means,1,0.5255852842809364,0.004347826086956608,,
high_cheekbones,0.49007936507936506,0.4144965277777778,single,bald,diff_means,1,0.48660714285714285,0.00347222222222221,,
male,0.9878640776699029,0.9893203883495146,single,bald,diff_means,1,0.9878640776699029,0.0,,
mouth_slightly_open,0.527039627039627,0.5466533466533466,single,bald,diff_means,1,0.527039627039627,0.0,,
mustache,0.6653727963771632,0.7316836487142164,single,bald,diff_means,1,0.6675562024907002,-0.0021834061135370675,,
narrow_eyes,0.5472255017709563,0.5410271546635184,single,bald,diff_means,1,0.545159386068477,0.0020661157024792765,,
no_beard,0.6408531252102536,0.6961582453071385,single,bald,diff_means,1,0.6408531252102536,0.0,,
oval_face,0.5212585034013605,0.5758503401360543,single,bald,diff_means,1,0.5212585034013605,0.0,,
pale_skin,0.5052845528455284,0.6073170731707317,single,bald,diff_means,1,0.5032520325203252,0.00203252032520318,,
pointy_nose,0.5348552792498981,0.5434162250305749,single,bald,diff_means,1,0.5174616116320152,0.017393667617882858,,
receding_hairline,0.523153942428035,0.5513923654568211,single,bald,diff_means,1,0.52049436795995,0.0026595744680850686,,
rosy_cheeks,0.6947818263607737,0.7719298245614035,single,bald,diff_means,1,0.6947818263607737,0.0,,
sideburns,0.6695402298850575,0.7948994252873564,single,bald,diff_means,1,0.694683908045977,-0.025143678160919558,,
smiling,0.7955285851165761,0.9469817949536888,single,bald,diff_means,1,0.7955285851165761,0.0,,
straight_hair,0.4697095435684647,0.4464730290456431,single,bald,diff_means,1,0.4405255878284924,0.029183955739972345,,
wavy_hair,0.5791547764641934,0.5837749694251937,single,bald,diff_means,1,0.5791547764641934,0.0,,
wearing_earrings,0.7334745762711864,0.8531779661016949,single,bald,diff_means,1,0.735593220338983,-0.0021186440677966045,,
wearing_hat,0.9219660837307896,0.9813195548489666,single,bald,diff_means,1,0.9219660837307896,0.0,,
wearing_lipstick,0.45062771607918883,0.4862385321100917,single,bald,diff_means,1,0.45062771607918883,0.0,,
wearing_necklace,0.5975879891705637,0.657888259906473,single,bald,diff_means,1,0.6017720895889737,-0.004184100418409997,,
wearing_necktie,0.6216057166876838,0.6655737704918033,single,bald,diff_means,1,0.6159730979403111,0.005632618747372753,,
young,0.8726900031535794,0.9486597287921791,single,bald,diff_means,1,0.8726900031535794,0.0,,
5_o_clock_shadow,0.5588637399361993,0.5799787331004101,single,bald,diff_means,2,0.5632690262798117,-0.004405286343612369,,
arched_eyebrows,0.6116071428571428,0.6196986607142857,single,bald,diff_means,2,0.6026785714285714,0.008928571428571397,,
attractive,0.512766814337495,0.6455094643576319,single,bald,diff_means,2,0.512766814337495,0.0,,
bags_under_eyes,0.5171781305114639,0.5037742504409172,single,bald,diff_means,2,0.5171781305114639,0.0,,
bald,0.73828125,0.85479736328125,single,bald,diff_means,2,0.73828125,0.0,,
bangs,0.7534054860981526,0.8070535547676806,single,bald,diff_means,2,0.7534054860981526,0.0,,
big_lips,0.4087511890202473,0.44978937355618975,single,bald,diff_means,2,0.4087511890202473,0.0,,
big_nose,0.5955004591368228,0.6609733700642791,single,bald,diff_means,2,0.5955004591368228,0.0,,
black_hair,0.6770050125313283,0.8616854636591479,single,bald,diff_means,2,0.6770050125313283,0.0,,
blond_hair,0.9279835390946503,0.9566318455207343,single,bald,diff_means,2,0.9279835390946503,0.0,,
blurry,0.7254098360655737,0.7359972677595629,single,bald,diff_means,2,0.7192622950819672,0.006147540983606592,,
brown_hair,0.6794871794871795,0.864024864024864,single,bald,diff_means,2,0.6794871794871795,0.0,,
bushy_eyebrows,0.537086386853209,0.5065511880968243,single,bald,diff_means,2,0.5391960914945592,-0.002109704641350185,,
chubby,0.5639784946236559,0.7096774193548386,single,bald,diff_means,2,0.554147465437788,0.009831029185867868,,
double_chin,0.5703125,0.6721191406249999,single,bald,diff_means,2,0.5651041666666666,0.00520833333333337,,
eyeglasses,0.9319920186232125,0.9743930828067843,single,bald,diff_means,2,0.9294146990355836,0.002577319587628857,,
goatee,0.7684154742978273,0.861420243773185,single,bald,diff_means,2,0.766163222045575,0.0022522522522523403,,
gray_hair,0.7795610874549623,0.8753138988972595,single,bald,diff_means,2,0.7772136696145868,0.0023474178403755097,,
heavy_makeup,0.5321070234113713,0.5650501672240803,single,bald,diff_means,2,0.5255852842809364,0.006521739130434856,,
high_cheekbones,0.48660714285714285,0.4143105158730159,single,bald,diff_means,2,0.48660714285714285,0.0,,
male,0.9878640776699029,0.9892233009708739,single,bald,diff_means,2,0.9878640776699029,0.0,,
mouth_slightly_open,0.5160506160506161,0.5471861471861472,single,bald,diff_means,2,0.527039627039627,-0.01098901098901095,,
mustache,0.6675562024907002,0.7331392527899078,single,bald,diff_means,2,0.6675562024907002,0.0,,
narrow_eyes,0.5430932703659976,0.5392561983471074,single,bald,diff_means,2,0.545159386068477,-0.0020661157024793875,,
no_beard,0.6408531252102536,0.6964946511471439,single,bald,diff_means,2,0.6408531252102536,0.0,,
oval_face,0.5129251700680272,0.5772959183673468,single,bald,diff_means,2,0.5212585034013605,-0.008333333333333304,,
pale_skin,0.5032520325203252,0.6040650406504066,single,bald,diff_means,2,0.5032520325203252,0.0,,
pointy_nose,0.5522489468677809,0.5434162250305749,single,bald,diff_means,2,0.5174616116320152,0.034787335235765715,,
receding_hairline,0.523153942428035,0.5512359198998749,single,bald,diff_means,2,0.52049436795995,0.0026595744680850686,,
rosy_cheeks,0.6947818263607737,0.7755285650022492,single,bald,diff_means,2,0.6947818263607737,0.0,,
sideburns,0.6738505747126436,0.7952586206896551,single,bald,diff_means,2,0.694683908045977,-0.02083333333333337,,
smiling,0.7955285851165761,0.9468540402427339,single,bald,diff_means,2,0.7955285851165761,0.0,,
straight_hair,0.47385892116182576,0.44785615491009684,single,bald,diff_means,2,0.4405255878284924,0.03333333333333338,,
wavy_hair,0.5791547764641934,0.5825519771708112,single,bald,diff_means,2,0.5791547764641934,0.0,,
wearing_earrings,0.7084745762711864,0.8557203389830509,single,bald,diff_means,2,0.735593220338983,-0.027118644067796627,,
wearing_hat,0.9219660837307896,0.980259671436142,single,bald,diff_means,2,0.9219660837307896,0.0,,
wearing_lipstick,0.45062771607918883,0.4897392563978754,single,bald,diff_means,2,0.45062771607918883,0.0,,
wearing_necklace,0.5996800393797687,0.659857248338666,single,bald,diff_means,2,0.6017720895889737,-0.0020920502092049986,,
wearing_necktie,0.6103404791929382,0.6614543926019336,single,bald,diff_means,2,0.6159730979403111,-0.005632618747372864,,
young,0.8726900031535794,0.9486597287921792,single,bald,diff_means,2,0.8726900031535794,0.0,,
5_o_clock_shadow,0.5632690262798117,0.5805863588029774,single,bald,diff_means,3,0.5632690262798117,0.0,,
arched_eyebrows,0.6116071428571428,0.6215122767857142,single,bald,diff_means,3,0.6026785714285714,0.008928571428571397,,
attractive,0.512766814337495,0.6450261780104712,single,bald,diff_means,3,0.512766814337495,0.0,,
bags_under_eyes,0.5048324514991182,0.5027160493827161,single,bald,diff_means,3,0.5171781305114639,-0.012345679012345734,,
bald,0.734375,0.85565185546875,single,bald,diff_means,3,0.73828125,-0.00390625,,
bangs,0.7555514088449338,0.8079865646575854,single,bald,diff_means,3,0.7534054860981526,0.0021459227467811592,,
big_lips,0.4087511890202473,0.4493817094713956,single,bald,diff_means,3,0.4087511890202473,0.0,,
big_nose,0.5955004591368228,0.6606060606060605,single,bald,diff_means,3,0.5955004591368228,0.0,,
black_hair,0.6791979949874687,0.8605889724310777,single,bald,diff_means,3,0.6770050125313283,0.002192982456140413,,
blond_hair,0.9279835390946503,0.956315289648623,single,bald,diff_means,3,0.9279835390946503,0.0,,
blurry,0.7213114754098361,0.7380464480874316,single,bald,diff_means,3,0.7192622950819672,0.002049180327868938,,
brown_hair,0.6773504273504274,0.8659673659673659,single,bald,diff_means,3,0.6794871794871795,-0.002136752136752129,,
bushy_eyebrows,0.5391960914945592,0.5078836331334666,single,bald,diff_means,3,0.5391960914945592,0.0,,
chubby,0.5612903225806452,0.7099078341013825,single,bald,diff_means,3,0.554147465437788,0.0071428571428571175,,
double_chin,0.5625,0.6728515625,single,bald,diff_means,3,0.5651041666666666,-0.0026041666666666297,,
eyeglasses,0.9294146990355836,0.974975058197539,single,bald,diff_means,3,0.9294146990355836,0.0,,
goatee,0.7808691043985162,0.8618177000529942,single,bald,diff_means,3,0.766163222045575,0.014705882352941235,,
gray_hair,0.7748662517742111,0.875532263347527,single,bald,diff_means,3,0.7772136696145868,-0.0023474178403757318,,
heavy_makeup,0.529933110367893,0.5660535117056856,single,bald,diff_means,3,0.5255852842809364,0.004347826086956608,,
high_cheekbones,0.48313492063492064,0.4137524801587302,single,bald,diff_means,3,0.48660714285714285,-0.00347222222222221,,
male,0.9878640776699029,0.9892233009708739,single,bald,diff_means,3,0.9878640776699029,0.0,,
mouth_slightly_open,0.5160506160506161,0.545987345987346,single,bald,diff_means,3,0.527039627039627,-0.01098901098901095,,
mustache,0.6675562024907002,0.7331392527899079,single,bald,diff_means,3,0.6675562024907002,0.0,,
narrow_eyes,0.5430932703659976,0.5398465171192444,single,bald,diff_means,3,0.545159386068477,-0.0020661157024793875,,
no_beard,0.6408531252102536,0.6967637758191483,single,bald,diff_means,3,0.6408531252102536,0.0,,
oval_face,0.5212585034013605,0.5775510204081633,single,bald,diff_means,3,0.5212585034013605,0.0,,
pale_skin,0.5032520325203252,0.6060975609756097,single,bald,diff_means,3,0.5032520325203252,0.0,,
pointy_nose,0.5197037640983829,0.5406984644652806,single,bald,diff_means,3,0.5174616116320152,0.0022421524663677195,,
receding_hairline,0.523153942428035,0.5525657071339174,single,bald,diff_means,3,0.52049436795995,0.0026595744680850686,,
rosy_cheeks,0.6947818263607737,0.7759784075573549,single,bald,diff_means,3,0.6947818263607737,0.0,,
sideburns,0.6925287356321839,0.7965158045977011,single,bald,diff_means,3,0.694683908045977,-0.0021551724137931494,,
smiling,0.800479080166081,0.9469179175982115,single,bald,diff_means,3,0.7955285851165761,0.004950495049504955,,
straight_hair,0.47385892116182576,0.4492392807745505,single,bald,diff_means,3,0.4405255878284924,0.03333333333333338,,
wavy_hair,0.5791547764641934,0.5841826335099878,single,bald,diff_means,3,0.5791547764641934,0.0,,
wearing_earrings,0.7127118644067797,0.8548728813559323,single,bald,diff_means,3,0.735593220338983,-0.022881355932203307,,
wearing_hat,0.9219660837307896,0.9817170111287757,single,bald,diff_means,3,0.9219660837307896,0.0,,
wearing_lipstick,0.45062771607918883,0.4898599710284886,single,bald,diff_means,3,0.45062771607918883,0.0,,
wearing_necklace,0.6017720895889737,0.6566576421363525,single,bald,diff_means,3,0.6017720895889737,0.0,,
wearing_necktie,0.6159730979403111,0.6614543926019336,single,bald,diff_means,3,0.6159730979403111,0.0,,
young,0.8726900031535794,0.9486597287921792,single,bald,diff_means,3,0.8726900031535794,0.0,,
5_o_clock_shadow,0.5566610967643931,0.5796749202491266,single,bald,diff_means,4,0.5632690262798117,-0.0066079295154185536,,
arched_eyebrows,0.609375,0.6227678571428571,single,bald,diff_means,4,0.6026785714285714,0.006696428571428603,,
attractive,0.512766814337495,0.6467982279500604,single,bald,diff_means,4,0.512766814337495,0.0,,
bags_under_eyes,0.5233509700176366,0.5046913580246913,single,bald,diff_means,4,0.5171781305114639,0.006172839506172756,,
bald,0.734375,0.85443115234375,single,bald,diff_means,4,0.73828125,-0.00390625,,
bangs,0.7534054860981526,0.8068669527896996,single,bald,diff_means,4,0.7534054860981526,0.0,,
big_lips,0.41323549395298276,0.448702269330072,single,bald,diff_means,4,0.4087511890202473,0.004484304932735439,,
big_nose,0.5996326905417815,0.6603611876339148,single,bald,diff_means,4,0.5955004591368228,0.004132231404958664,,
black_hair,0.6770050125313283,0.8607456140350878,single,bald,diff_means,4,0.6770050125313283,0.0,,
blond_hair,0.9279835390946503,0.9572649572649572,single,bald,diff_means,4,0.9279835390946503,0.0,,
blurry,0.7213114754098361,0.7315573770491803,single,bald,diff_means,4,0.7192622950819672,0.002049180327868938,,
brown_hair,0.6773504273504274,0.866938616938617,single,bald,diff_means,4,0.6794871794871795,-0.002136752136752129,,
bushy_eyebrows,0.537086386853209,0.5081057073062403,single,bald,diff_means,4,0.5391960914945592,-0.002109704641350185,,
chubby,0.5612903225806452,0.7106758832565284,single,bald,diff_means,4,0.554147465437788,0.0071428571428571175,,
double_chin,0.5625,0.6725260416666666,single,bald,diff_means,4,0.5651041666666666,-0.0026041666666666297,,
eyeglasses,0.9319920186232125,0.974559361489857,single,bald,diff_means,4,0.9294146990355836,0.002577319587628857,,
goatee,0.7808691043985162,0.8632750397456279,single,bald,diff_means,4,0.766163222045575,0.014705882352941235,,
gray_hair,0.7748662517742111,0.8753138988972595,single,bald,diff_means,4,0.7772136696145868,-0.0023474178403757318,,
heavy_makeup,0.5255852842809364,0.5690635451505017,single,bald,diff_means,4,0.5255852842809364,0.0,,
high_cheekbones,0.48660714285714285,0.41431051587301587,single,bald,diff_means,4,0.48660714285714285,0.0,,
male,0.9878640776699029,0.9892233009708739,single,bald,diff_means,4,0.9878640776699029,0.0,,
mouth_slightly_open,0.5215451215451216,0.5464535464535465,single,bald,diff_means,4,0.527039627039627,-0.005494505494505475,,
mustache,0.6675562024907002,0.7357269933689148,single,bald,diff_means,4,0.6675562024907002,0.0,,
narrow_eyes,0.5430932703659976,0.5357142857142858,single,bald,diff_means,4,0.545159386068477,-0.0020661157024793875,,
no_beard,0.6408531252102536,0.6970329004911525,single,bald,diff_means,4,0.6408531252102536,0.0,,
oval_face,0.5212585034013605,0.5755952380952382,single,bald,diff_means,4,0.5212585034013605,0.0,,
pale_skin,0.49918699186991866,0.6065040650406504,single,bald,diff_means,4,0.5032520325203252,-0.004065040650406582,,
pointy_nose,0.5500067944014132,0.5421932327761925,single,bald,diff_means,4,0.5174616116320152,0.032545182769397996,,
receding_hairline,0.523153942428035,0.5514705882352942,single,bald,diff_means,4,0.52049436795995,0.0026595744680850686,,
rosy_cheeks,0.6947818263607737,0.7723796671165093,single,bald,diff_means,4,0.6947818263607737,0.0,,
sideburns,0.6695402298850575,0.7940014367816092,single,bald,diff_means,4,0.694683908045977,-0.025143678160919558,,
smiling,0.805429575215586,0.9476205685084638,single,bald,diff_means,4,0.7955285851165761,0.00990099009900991,,
straight_hair,0.47593360995850625,0.44896265560165977,single,bald,diff_means,4,0.4405255878284924,0.03540802213001387,,
wavy_hair,0.5769126239978258,0.5840467454817231,single,bald,diff_means,4,0.5791547764641934,-0.0022421524663676085,,
wearing_earrings,0.7105932203389831,0.8533898305084746,single,bald,diff_means,4,0.735593220338983,-0.02499999999999991,,
wearing_hat,0.9366719660837308,0.9815845257021727,single,bald,diff_means,4,0.9219660837307896,0.014705882352941235,,
wearing_lipstick,0.4529212940608402,0.491067117334621,single,bald,diff_means,4,0.45062771607918883,0.0022935779816513624,,
wearing_necklace,0.6017720895889737,0.6603494954467142,single,bald,diff_means,4,0.6017720895889737,0.0,,
wearing_necktie,0.6159730979403111,0.6646490121899958,single,bald,diff_means,4,0.6159730979403111,0.0,,
young,0.8726900031535794,0.9486597287921791,single,bald,diff_means,4,0.8726900031535794,0.0,,
5_o_clock_shadow,0.5566610967643931,0.5764848853106487,single,bald,diff_means,5,0.5632690262798117,-0.0066079295154185536,,
arched_eyebrows,0.609375,0.6261160714285714,single,bald,diff_means,5,0.6026785714285714,0.006696428571428603,,
attractive,0.512766814337495,0.6502617801047121,single,bald,diff_means,5,0.512766814337495,0.0,,
bags_under_eyes,0.511005291005291,0.5061022927689595,single,bald,diff_means,5,0.5171781305114639,-0.006172839506172867,,
bald,0.73828125,0.85400390625,single,bald,diff_means,5,0.73828125,0.0,,
bangs,0.7534054860981526,0.8072401567456615,single,bald,diff_means,5,0.7534054860981526,0.0,,
big_lips,0.41099334148661504,0.4476151651039544,single,bald,diff_means,5,0.4087511890202473,0.0022421524663677195,,
big_nose,0.5955004591368228,0.6615243342516068,single,bald,diff_means,5,0.5955004591368228,0.0,,
black_hair,0.6770050125313283,0.8593358395989975,single,bald,diff_means,5,0.6770050125313283,0.0,,
blond_hair,0.9279835390946503,0.9582146248812915,single,bald,diff_means,5,0.9279835390946503,0.0,,
blurry,0.7192622950819672,0.7312158469945356,single,bald,diff_means,5,0.7192622950819672,0.0,,
brown_hair,0.6837606837606838,0.8663558663558664,single,bald,diff_means,5,0.6794871794871795,0.004273504273504258,,
bushy_eyebrows,0.5328669775705085,0.5103264490339774,single,bald,diff_means,5,0.5391960914945592,-0.006329113924050667,,
chubby,0.5568356374807988,0.7102918586789554,single,bald,diff_means,5,0.554147465437788,0.0026881720430107503,,
double_chin,0.5520833333333334,0.673095703125,single,bald,diff_means,5,0.5651041666666666,-0.01302083333333326,,
eyeglasses,0.9345693382108413,0.9743930828067843,single,bald,diff_means,5,0.9294146990355836,0.005154639175257714,,
goatee,0.7639109697933227,0.8631425543190249,single,bald,diff_means,5,0.766163222045575,-0.0022522522522522292,,
gray_hair,0.7748662517742111,0.8725843432689158,single,bald,diff_means,5,0.7772136696145868,-0.0023474178403757318,,
heavy_makeup,0.5277591973244147,0.5720735785953177,single,bald,diff_means,5,0.5255852842809364,0.0021739130434782483,,
high_cheekbones,0.48313492063492064,0.4128224206349207,single,bald,diff_means,5,0.48660714285714285,-0.00347222222222221,,
male,0.9878640776699029,0.9892233009708739,single,bald,diff_means,5,0.9878640776699029,0.0,,
mouth_slightly_open,0.5185148185148185,0.5457209457209458,single,bald,diff_means,5,0.527039627039627,-0.008524808524808525,,
mustache,0.6817079087821446,0.7357269933689148,single,bald,diff_means,5,0.6675562024907002,0.014151706291444355,,
narrow_eyes,0.5368949232585596,0.5318772136953955,single,bald,diff_means,5,0.545159386068477,-0.008264462809917439,,
no_beard,0.6408531252102536,0.6958218394671332,single,bald,diff_means,5,0.6408531252102536,0.0,,
oval_face,0.5212585034013605,0.5804421768707483,single,bald,diff_means,5,0.5212585034013605,0.0,,
pale_skin,0.5032520325203252,0.6004065040650406,single,bald,diff_means,5,0.5032520325203252,0.0,,
pointy_nose,0.5500067944014132,0.5401549123522218,single,bald,diff_means,5,0.5174616116320152,0.032545182769397996,,
receding_hairline,0.523153942428035,0.5523310387984982,single,bald,diff_means,5,0.52049436795995,0.0026595744680850686,,
rosy_cheeks,0.6947818263607737,0.7728295096716149,single,bald,diff_means,5,0.6947818263607737,0.0,,
sideburns,0.6673850574712643,0.7936422413793103,single,bald,diff_means,5,0.694683908045977,-0.027298850574712707,,
smiling,0.805429575215586,0.9478122005748962,single,bald,diff_means,5,0.7955285851165761,0.00990099009900991,,
straight_hair,0.44467496542185336,0.44591977869986166,single,bald,diff_means,5,0.4405255878284924,0.004149377593360981,,
wavy_hair,0.5724283190650904,0.5791547764641936,single,bald,diff_means,5,0.5791547764641934,-0.006726457399103047,,
wearing_earrings,0.7148305084745763,0.8584745762711864,single,bald,diff_means,5,0.735593220338983,-0.020762711864406702,,
wearing_hat,0.9366719660837308,0.9811870694223637,single,bald,diff_means,5,0.9219660837307896,0.014705882352941235,,
wearing_lipstick,0.4660791887976823,0.49179140511830033,single,bald,diff_means,5,0.45062771607918883,0.015451472718493453,,
wearing_necklace,0.5954959389613586,0.6642874723111001,single,bald,diff_means,5,0.6017720895889737,-0.006276150627615107,,
wearing_necktie,0.6159730979403111,0.6598570828079025,single,bald,diff_means,5,0.6159730979403111,0.0,,
young,0.8726900031535794,0.9491643014821822,single,bald,diff_means,5,0.8726900031535794,0.0,,
5_o_clock_shadow,0.5522558104207808,0.5793711073978429,single,bald,diff_means,6,0.5632690262798117,-0.011013215859030923,,
arched_eyebrows,0.609375,0.6219308035714285,single,bald,diff_means,6,0.6026785714285714,0.006696428571428603,,
attractive,0.512766814337495,0.6491341119613371,single,bald,diff_means,6,0.512766814337495,0.0,,
bags_under_eyes,0.511005291005291,0.5063139329805997,single,bald,diff_means,6,0.5171781305114639,-0.006172839506172867,,
bald,0.734375,0.85284423828125,single,bald,diff_means,6,0.73828125,-0.00390625,,
bangs,0.7534054860981526,0.8079865646575854,single,bald,diff_means,6,0.7534054860981526,0.0,,
big_lips,0.41099334148661504,0.44978937355618975,single,bald,diff_means,6,0.4087511890202473,0.0022421524663677195,,
big_nose,0.5955004591368228,0.6621977349250076,single,bald,diff_means,6,0.5955004591368228,0.0,,
black_hair,0.6770050125313283,0.8596491228070176,single,bald,diff_means,6,0.6770050125313283,0.0,,
blond_hair,0.9259259259259259,0.9572649572649572,single,bald,diff_means,6,0.9279835390946503,-0.002057613168724326,,
blurry,0.7192622950819672,0.7315573770491803,single,bald,diff_means,6,0.7192622950819672,0.0,,
brown_hair,0.6837606837606838,0.8646076146076146,single,bald,diff_means,6,0.6794871794871795,0.004273504273504258,,
bushy_eyebrows,0.5349766822118587,0.5067732622695981,single,bald,diff_means,6,0.5391960914945592,-0.0042194092827004814,,
chubby,0.5568356374807988,0.7101382488479263,single,bald,diff_means,6,0.554147465437788,0.0026881720430107503,,
double_chin,0.5598958333333334,0.6727701822916666,single,bald,diff_means,6,0.5651041666666666,-0.005208333333333259,,
eyeglasses,0.9294146990355836,0.9756401729298304,single,bald,diff_means,6,0.9294146990355836,0.0,,
goatee,0.766163222045575,0.8631425543190249,single,bald,diff_means,6,0.766163222045575,0.0,,
gray_hair,0.7772136696145868,0.8747679877715908,single,bald,diff_means,6,0.7772136696145868,0.0,,
heavy_makeup,0.5255852842809364,0.5710702341137124,single,bald,diff_means,6,0.5255852842809364,0.0,,
high_cheekbones,0.48313492063492064,0.4133804563492064,single,bald,diff_means,6,0.48660714285714285,-0.00347222222222221,,
male,0.9878640776699029,0.9892233009708737,single,bald,diff_means,6,0.9878640776699029,0.0,,
mouth_slightly_open,0.5215451215451216,0.5445221445221445,single,bald,diff_means,6,0.527039627039627,-0.005494505494505475,,
mustache,0.6675562024907002,0.7349183244379751,single,bald,diff_means,6,0.6675562024907002,0.0,,
narrow_eyes,0.538961038961039,0.5330578512396694,single,bald,diff_means,6,0.545159386068477,-0.006198347107438051,,
no_beard,0.6408531252102536,0.695754558299132,single,bald,diff_means,6,0.6408531252102536,0.0,,
oval_face,0.5212585034013605,0.578486394557823,single,bald,diff_means,6,0.5212585034013605,0.0,,
pale_skin,0.5052845528455284,0.6040650406504064,single,bald,diff_means,6,0.5032520325203252,0.00203252032520318,,
pointy_nose,0.5500067944014132,0.5406984644652807,single,bald,diff_means,6,0.5174616116320152,0.032545182769397996,,
receding_hairline,0.5158010012515645,0.5519399249061328,single,bald,diff_means,6,0.52049436795995,-0.0046933667083854935,,
rosy_cheeks,0.692757534862798,0.7737291947818263,single,bald,diff_means,6,0.6947818263607737,-0.002024291497975672,,
sideburns,0.6695402298850575,0.793462643678161,single,bald,diff_means,6,0.694683908045977,-0.025143678160919558,,
smiling,0.800479080166081,0.9473011817310764,single,bald,diff_means,6,0.7955285851165761,0.004950495049504955,,
straight_hair,0.4426002766251729,0.44591977869986166,single,bald,diff_means,6,0.4405255878284924,0.0020746887966804906,,
wavy_hair,0.5746704715314581,0.5829596412556054,single,bald,diff_means,6,0.5791547764641934,-0.004484304932735328,,
wearing_earrings,0.7127118644067797,0.8567796610169491,single,bald,diff_means,6,0.735593220338983,-0.022881355932203307,,
wearing_hat,0.9366719660837308,0.980127186009539,single,bald,diff_means,6,0.9219660837307896,0.014705882352941235,,
wearing_lipstick,0.457508450024143,0.4922742636407532,single,bald,diff_means,6,0.45062771607918883,0.006880733944954143,,
wearing_necklace,0.5892197883337436,0.6610878661087866,single,bald,diff_means,6,0.6017720895889737,-0.012552301255230103,,
wearing_necktie,0.6241698192517864,0.6666666666666666,single,bald,diff_means,6,0.6159730979403111,0.008196721311475308,,
young,0.8726900031535794,0.9493535162409334,single,bald,diff_means,6,0.8726900031535794,0.0,,
5_o_clock_shadow,0.5588637399361993,0.5798268266747684,single,bald,diff_means,7,0.5632690262798117,-0.004405286343612369,,
arched_eyebrows,0.6049107142857143,0.6230468749999999,single,bald,diff_means,7,0.6026785714285714,0.0022321428571429047,,
attractive,0.512766814337495,0.6473620620217478,single,bald,diff_means,7,0.512766814337495,0.0,,
bags_under_eyes,0.5171781305114639,0.506031746031746,single,bald,diff_means,7,0.5171781305114639,0.0,,
bald,0.73046875,0.85394287109375,single,bald,diff_means,7,0.73828125,-0.0078125,,
bangs,0.7555514088449338,0.8077999626796044,single,bald,diff_means,7,0.7534054860981526,0.0021459227467811592,,
big_lips,0.4065090365538796,0.44924582144313085,single,bald,diff_means,7,0.4087511890202473,-0.0022421524663677195,,
big_nose,0.5955004591368228,0.6630547903275175,single,bald,diff_means,7,0.5955004591368228,0.0,,
black_hair,0.6770050125313283,0.8612155388471178,single,bald,diff_means,7,0.6770050125313283,0.0,,
blond_hair,0.9279835390946503,0.9569484013928458,single,bald,diff_means,7,0.9279835390946503,0.0,,
blurry,0.7213114754098361,0.7295081967213115,single,bald,diff_means,7,0.7192622950819672,0.002049180327868938,,
brown_hair,0.6794871794871795,0.8632478632478633,single,bald,diff_means,7,0.6794871794871795,0.0,,
bushy_eyebrows,0.5349766822118587,0.5065511880968243,single,bald,diff_means,7,0.5391960914945592,-0.0042194092827004814,,
chubby,0.5568356374807988,0.7102918586789555,single,bald,diff_means,7,0.554147465437788,0.0026881720430107503,,
double_chin,0.5625,0.671875,single,bald,diff_means,7,0.5651041666666666,-0.0026041666666666297,,
eyeglasses,0.9319920186232125,0.9754738942467575,single,bald,diff_means,7,0.9294146990355836,0.002577319587628857,,
goatee,0.7639109697933227,0.863407525172231,single,bald,diff_means,7,0.766163222045575,-0.0022522522522522292,,
gray_hair,0.7772136696145868,0.8765149033737307,single,bald,diff_means,7,0.7772136696145868,0.0,,
heavy_makeup,0.5277591973244147,0.570066889632107,single,bald,diff_means,7,0.5255852842809364,0.0021739130434782483,,
high_cheekbones,0.48660714285714285,0.4139384920634921,single,bald,diff_means,7,0.48660714285714285,0.0,,
male,0.9878640776699029,0.9892233009708737,single,bald,diff_means,7,0.9878640776699029,0.0,,
mouth_slightly_open,0.524009324009324,0.5447885447885448,single,bald,diff_means,7,0.527039627039627,-0.00303030303030305,,
mustache,0.6653727963771632,0.7337861879346596,single,bald,diff_means,7,0.6675562024907002,-0.0021834061135370675,,
narrow_eyes,0.5430932703659976,0.5351239669421488,single,bald,diff_means,7,0.545159386068477,-0.0020661157024793875,,
no_beard,0.6438471371863015,0.6962928076431407,single,bald,diff_means,7,0.6408531252102536,0.0029940119760478723,,
oval_face,0.5212585034013605,0.5778061224489797,single,bald,diff_means,7,0.5212585034013605,0.0,,
pale_skin,0.5052845528455284,0.6069105691056911,single,bald,diff_means,7,0.5032520325203252,0.00203252032520318,,
pointy_nose,0.5326131267835303,0.5406984644652806,single,bald,diff_means,7,0.5174616116320152,0.015151515151515138,,
receding_hairline,0.523153942428035,0.5525657071339174,single,bald,diff_means,7,0.52049436795995,0.0026595744680850686,,
rosy_cheeks,0.6907332433648223,0.7755285650022492,single,bald,diff_means,7,0.6947818263607737,-0.004048582995951344,,
sideburns,0.6695402298850575,0.793462643678161,single,bald,diff_means,7,0.694683908045977,-0.025143678160919558,,
smiling,0.7955285851165761,0.9471095496646439,single,bald,diff_means,7,0.7955285851165761,0.0,,
straight_hair,0.4426002766251729,0.4467496542185339,single,bald,diff_means,7,0.4405255878284924,0.0020746887966804906,,
wavy_hair,0.5791547764641934,0.5822802011142818,single,bald,diff_means,7,0.5791547764641934,0.0,,
wearing_earrings,0.7313559322033898,0.8557203389830509,single,bald,diff_means,7,0.735593220338983,-0.004237288135593209,,
wearing_hat,0.9219660837307896,0.9799947005829359,single,bald,diff_means,7,0.9219660837307896,0.0,,
wearing_lipstick,0.45062771607918883,0.49070497344278124,single,bald,diff_means,7,0.45062771607918883,0.0,,
wearing_necklace,0.5913118385429486,0.6583805070145213,single,bald,diff_means,7,0.6017720895889737,-0.010460251046025104,,
wearing_necktie,0.6241698192517864,0.6649012189995795,single,bald,diff_means,7,0.6159730979403111,0.008196721311475308,,
young,0.8774519079154841,0.94878587196468,single,bald,diff_means,7,0.8726900031535794,0.004761904761904745,,
5_o_clock_shadow,0.5610663831080055,0.5813458909311864,single,bald,diff_means,8,0.5632690262798117,-0.0022026431718061845,,
arched_eyebrows,0.6049107142857143,0.6190011160714286,single,bald,diff_means,8,0.6026785714285714,0.0022321428571429047,,
attractive,0.512766814337495,0.6481675392670158,single,bald,diff_means,8,0.512766814337495,0.0,,
bags_under_eyes,0.5171781305114639,0.5041269841269841,single,bald,diff_means,8,0.5171781305114639,0.0,,
bald,0.7265625,0.8536376953125,single,bald,diff_means,8,0.73828125,-0.01171875,,
bangs,0.7555514088449338,0.8079865646575853,single,bald,diff_means,8,0.7534054860981526,0.0021459227467811592,,
big_lips,0.4087511890202473,0.45318657426280745,single,bald,diff_means,8,0.4087511890202473,0.0,,
big_nose,0.591796755433119,0.6629935720844813,single,bald,diff_means,8,0.5955004591368228,-0.0037037037037037646,,
black_hair,0.6970551378446115,0.8599624060150376,single,bald,diff_means,8,0.6770050125313283,0.020050125313283207,,
blond_hair,0.9259259259259259,0.9566318455207343,single,bald,diff_means,8,0.9279835390946503,-0.002057613168724326,,
blurry,0.7213114754098361,0.7305327868852459,single,bald,diff_means,8,0.7192622950819672,0.002049180327868938,,
brown_hair,0.6816239316239316,0.8648018648018648,single,bald,diff_means,8,0.6794871794871795,0.002136752136752129,,
bushy_eyebrows,0.537086386853209,0.5049966688874085,single,bald,diff_means,8,0.5391960914945592,-0.002109704641350185,,
chubby,0.5568356374807988,0.7109831029185868,single,bald,diff_means,8,0.554147465437788,0.0026881720430107503,,
double_chin,0.5598958333333334,0.6713053385416666,single,bald,diff_means,8,0.5651041666666666,-0.005208333333333259,,
eyeglasses,0.9319920186232125,0.9757233122713668,single,bald,diff_means,8,0.9294146990355836,0.002577319587628857,,
goatee,0.7616587175410705,0.8619501854795972,single,bald,diff_means,8,0.766163222045575,-0.0045045045045044585,,
gray_hair,0.7772136696145868,0.8788077301015395,single,bald,diff_means,8,0.7772136696145868,0.0,,
heavy_makeup,0.5277591973244147,0.5648829431438127,single,bald,diff_means,8,0.5255852842809364,0.0021739130434782483,,
high_cheekbones,0.49007936507936506,0.41561259920634924,single,bald,diff_means,8,0.48660714285714285,0.00347222222222221,,
male,0.9878640776699029,0.989126213592233,single,bald,diff_means,8,0.9878640776699029,0.0,,
mouth_slightly_open,0.527039627039627,0.5452547452547453,single,bald,diff_means,8,0.527039627039627,0.0,,
mustache,0.6653727963771632,0.7358887271551026,single,bald,diff_means,8,0.6675562024907002,-0.0021834061135370675,,
narrow_eyes,0.5410271546635184,0.5380755608028335,single,bald,diff_means,8,0.545159386068477,-0.004132231404958664,,
no_beard,0.6408531252102536,0.6964946511471439,single,bald,diff_means,8,0.6408531252102536,0.0,,
oval_face,0.5212585034013605,0.5762755102040816,single,bald,diff_means,8,0.5212585034013605,0.0,,
pale_skin,0.5032520325203252,0.6060975609756097,single,bald,diff_means,8,0.5032520325203252,0.0,,
pointy_nose,0.5326131267835303,0.5401549123522218,single,bald,diff_means,8,0.5174616116320152,0.015151515151515138,,
receding_hairline,0.5305068836045056,0.5521745932415519,single,bald,diff_means,8,0.52049436795995,0.01001251564455563,,
rosy_cheeks,0.692757534862798,0.7764282501124606,single,bald,diff_means,8,0.6947818263607737,-0.002024291497975672,,
sideburns,0.6716954022988506,0.7936422413793104,single,bald,diff_means,8,0.694683908045977,-0.02298850574712641,,
smiling,0.7955285851165761,0.9465346534653465,single,bald,diff_means,8,0.7955285851165761,0.0,,
straight_hair,0.4426002766251729,0.4459197786998617,single,bald,diff_means,8,0.4405255878284924,0.0020746887966804906,,
wavy_hair,0.5791547764641934,0.5826878651990759,single,bald,diff_means,8,0.5791547764641934,0.0,,
wearing_earrings,0.7042372881355932,0.8529661016949153,single,bald,diff_means,8,0.735593220338983,-0.031355932203389836,,
wearing_hat,0.9219660837307896,0.9802596714361421,single,bald,diff_means,8,0.9219660837307896,0.0,,
wearing_lipstick,0.4483341380975374,0.48660067600193146,single,bald,diff_means,8,0.45062771607918883,-0.002293577981651418,,
wearing_necklace,0.5913118385429486,0.6571498892444008,single,bald,diff_means,8,0.6017720895889737,-0.010460251046025104,,
wearing_necktie,0.6216057166876838,0.666162253047499,single,bald,diff_means,8,0.6159730979403111,0.005632618747372753,,
young,0.8726900031535794,0.9489120151371806,single,bald,diff_means,8,0.8726900031535794,0.0,,
5_o_clock_shadow,0.5632690262798117,0.5781558559927085,single,bald,diff_means,9,0.5632690262798117,0.0,,
arched_eyebrows,0.6049107142857143,0.6213727678571429,single,bald,diff_means,9,0.6026785714285714,0.0022321428571429047,,
attractive,0.512766814337495,0.6505034232782924,single,bald,diff_means,9,0.512766814337495,0.0,,
bags_under_eyes,0.511005291005291,0.5021516754850088,single,bald,diff_means,9,0.5171781305114639,-0.006172839506172867,,
bald,0.734375,0.8548583984375,single,bald,diff_means,9,0.73828125,-0.00390625,,
bangs,0.7534054860981526,0.8076133607016234,single,bald,diff_means,9,0.7534054860981526,0.0,,
big_lips,0.4154776464193505,0.4499252615844544,single,bald,diff_means,9,0.4087511890202473,0.006726457399103158,,
big_nose,0.591796755433119,0.6610958065503519,single,bald,diff_means,9,0.5955004591368228,-0.0037037037037037646,,
black_hair,0.6970551378446115,0.8591791979949874,single,bald,diff_means,9,0.6770050125313283,0.020050125313283207,,
blond_hair,0.9279835390946503,0.9572649572649572,single,bald,diff_means,9,0.9279835390946503,0.0,,
blurry,0.7192622950819672,0.7380464480874317,single,bald,diff_means,9,0.7192622950819672,0.0,,
brown_hair,0.688034188034188,0.8648018648018648,single,bald,diff_means,9,0.6794871794871795,0.008547008547008517,,
bushy_eyebrows,0.5349766822118587,0.5036642238507663,single,bald,diff_means,9,0.5391960914945592,-0.0042194092827004814,,
chubby,0.5568356374807988,0.7092165898617512,single,bald,diff_means,9,0.554147465437788,0.0026881720430107503,,
double_chin,0.5598958333333334,0.6720377604166666,single,bald,diff_means,9,0.5651041666666666,-0.005208333333333259,,
eyeglasses,0.9294146990355836,0.975972730295976,single,bald,diff_means,9,0.9294146990355836,0.0,,
goatee,0.7639109697933227,0.8631425543190249,single,bald,diff_means,9,0.766163222045575,-0.0022522522522522292,,
gray_hair,0.7748662517742111,0.8779342723004695,single,bald,diff_means,9,0.7772136696145868,-0.0023474178403757318,,
heavy_makeup,0.5277591973244147,0.5645484949832775,single,bald,diff_means,9,0.5255852842809364,0.0021739130434782483,,
high_cheekbones,0.48660714285714285,0.41691468253968256,single,bald,diff_means,9,0.48660714285714285,0.0,,
male,0.9878640776699029,0.9893203883495146,single,bald,diff_means,9,0.9878640776699029,0.0,,
mouth_slightly_open,0.524009324009324,0.5461205461205461,single,bald,diff_means,9,0.527039627039627,-0.00303030303030305,,
mustache,0.6838913148956818,0.7342713892932233,single,bald,diff_means,9,0.6675562024907002,0.016335112404981533,,
narrow_eyes,0.5410271546635184,0.5398465171192444,single,bald,diff_means,9,0.545159386068477,-0.004132231404958664,,
no_beard,0.6438471371863015,0.6954181524591267,single,bald,diff_means,9,0.6408531252102536,0.0029940119760478723,,
oval_face,0.5212585034013605,0.5781462585034014,single,bald,diff_means,9,0.5212585034013605,0.0,,
pale_skin,0.501219512195122,0.6060975609756099,single,bald,diff_means,9,0.5032520325203252,-0.002032520325203291,,
pointy_nose,0.5326131267835303,0.5364859355890746,single,bald,diff_means,9,0.5174616116320152,0.015151515151515138,,
receding_hairline,0.5305068836045056,0.5528003754693367,single,bald,diff_means,9,0.52049436795995,0.01001251564455563,,
rosy_cheeks,0.6947818263607737,0.780476833108412,single,bald,diff_means,9,0.6947818263607737,0.0,,
sideburns,0.6738505747126436,0.7911278735632183,single,bald,diff_means,9,0.694683908045977,-0.02083333333333337,,
smiling,0.7972532737144682,0.9461513893324817,single,bald,diff_means,9,0.7955285851165761,0.001724688597892099,,
straight_hair,0.4405255878284924,0.4461964038727524,single,bald,diff_means,9,0.4405255878284924,0.0,,
wavy_hair,0.5791547764641934,0.5825519771708112,single,bald,diff_means,9,0.5791547764641934,0.0,,
wearing_earrings,0.735593220338983,0.8557203389830508,single,bald,diff_means,9,0.735593220338983,0.0,,
wearing_hat,0.9219660837307896,0.980259671436142,single,bald,diff_means,9,0.9219660837307896,0.0,,
wearing_lipstick,0.4460405601158861,0.4818928054080154,single,bald,diff_means,9,0.45062771607918883,-0.004587155963302725,,
wearing_necklace,0.5934038887521536,0.6566576421363524,single,bald,diff_means,9,0.6017720895889737,-0.008368200836820106,,
wearing_necktie,0.6241698192517864,0.664312736443884,single,bald,diff_means,9,0.6159730979403111,0.008196721311475308,,
young,0.8774519079154841,0.9491012298959318,single,bald,diff_means,9,0.8726900031535794,0.004761904761904745,,
5_o_clock_shadow,0.5632690262798117,0.5808901716542609,single,bald,diff_means,10,0.5632690262798117,0.0,,
arched_eyebrows,0.6026785714285714,0.6199776785714286,single,bald,diff_means,10,0.6026785714285714,0.0,,
attractive,0.512766814337495,0.6482480869915425,single,bald,diff_means,10,0.512766814337495,0.0,,
bags_under_eyes,0.514320987654321,0.5032804232804233,single,bald,diff_means,10,0.5171781305114639,-0.0028571428571428914,,
bald,0.734375,0.85577392578125,single,bald,diff_means,10,0.73828125,-0.00390625,,
bangs,0.7512595633513715,0.8085463705915283,single,bald,diff_means,10,0.7534054860981526,-0.0021459227467811592,,
big_lips,0.3980839788014676,0.45264302214974866,single,bald,diff_means,10,0.4087511890202473,-0.010667210218779699,,
big_nose,0.591796755433119,0.6596265687174779,single,bald,diff_means,10,0.5955004591368228,-0.0037037037037037646,,
black_hair,0.6948621553884712,0.8582393483709273,single,bald,diff_means,10,0.6770050125313283,0.017857142857142905,,
blond_hair,0.9279835390946503,0.9569484013928458,single,bald,diff_means,10,0.9279835390946503,0.0,,
blurry,0.7151639344262295,0.7363387978142077,single,bald,diff_means,10,0.7192622950819672,-0.004098360655737654,,
brown_hair,0.6816239316239316,0.8659673659673659,single,bald,diff_means,10,0.6794871794871795,0.002136752136752129,,
bushy_eyebrows,0.5349766822118587,0.5076615589606929,single,bald,diff_means,10,0.5391960914945592,-0.0042194092827004814,,
chubby,0.5443164362519202,0.7085253456221198,single,bald,diff_means,10,0.554147465437788,-0.009831029185867868,,
double_chin,0.5572916666666666,0.67236328125,single,bald,diff_means,10,0.5651041666666666,-0.0078125,,
eyeglasses,0.9294146990355836,0.9761390089790489,single,bald,diff_means,10,0.9294146990355836,0.0,,
goatee,0.7639109697933227,0.8622151563328033,single,bald,diff_means,10,0.766163222045575,-0.0022522522522522292,,
gray_hair,0.7772136696145868,0.8771699967245332,single,bald,diff_means,10,0.7772136696145868,0.0,,
heavy_makeup,0.5277591973244147,0.5690635451505016,single,bald,diff_means,10,0.5255852842809364,0.0021739130434782483,,
high_cheekbones,0.48660714285714285,0.4136594742063492,single,bald,diff_means,10,0.48660714285714285,0.0,,
male,0.9878640776699029,0.9893203883495146,single,bald,diff_means,10,0.9878640776699029,0.0,,
mouth_slightly_open,0.5264735264735265,0.5458541458541459,single,bald,diff_means,10,0.527039627039627,-0.0005661005661005136,,
mustache,0.6838913148956818,0.7366973960860423,single,bald,diff_means,10,0.6675562024907002,0.016335112404981533,,
narrow_eyes,0.538961038961039,0.5430932703659976,single,bald,diff_means,10,0.545159386068477,-0.006198347107438051,,
no_beard,0.6438471371863015,0.6968310569871493,single,bald,diff_means,10,0.6408531252102536,0.0029940119760478723,,
oval_face,0.5212585034013605,0.5772108843537416,single,bald,diff_means,10,0.5212585034013605,0.0,,
pale_skin,0.5032520325203252,0.6073170731707318,single,bald,diff_means,10,0.5032520325203252,0.0,,
pointy_nose,0.5455224894686778,0.536757711645604,single,bald,diff_means,10,0.5174616116320152,0.028060877836662557,,
receding_hairline,0.523153942428035,0.5517834793491865,single,bald,diff_means,10,0.52049436795995,0.0026595744680850686,,
rosy_cheeks,0.692757534862798,0.7800269905533064,single,bald,diff_means,10,0.6947818263607737,-0.002024291497975672,,
sideburns,0.6673850574712643,0.7920258620689655,single,bald,diff_means,10,0.694683908045977,-0.027298850574712707,,
smiling,0.7955285851165761,0.9466624081763015,single,bald,diff_means,10,0.7955285851165761,0.0,,
straight_hair,0.4717842323651452,0.445643153526971,single,bald,diff_means,10,0.4405255878284924,0.031258644536652835,,
wavy_hair,0.5791547764641934,0.5822802011142818,single,bald,diff_means,10,0.5791547764641934,0.0,,
wearing_earrings,0.7271186440677966,0.853813559322034,single,bald,diff_means,10,0.735593220338983,-0.008474576271186418,,
wearing_hat,0.9219660837307896,0.9805246422893482,single,bald,diff_means,10,0.9219660837307896,0.0,,
wearing_lipstick,0.46149203283437956,0.47875422501207143,single,bald,diff_means,10,0.45062771607918883,0.010864316755190728,,
wearing_necklace,0.5892197883337436,0.6581343834604971,single,bald,diff_means,10,0.6017720895889737,-0.012552301255230103,,
wearing_necktie,0.6190416141235813,0.6678436317780581,single,bald,diff_means,10,0.6159730979403111,0.003068516183270198,,
young,0.8693787448754337,0.948975086723431,single,bald,diff_means,10,0.8726900031535794,-0.0033112582781457123,,
5_o_clock_shadow,0.5632690262798117,0.58164970378247,single,bald,diff_means,11,0.5632690262798117,0.0,,
arched_eyebrows,0.609375,0.6212332589285714,single,bald,diff_means,11,0.6026785714285714,0.006696428571428603,,
attractive,0.512766814337495,0.6545308095046316,single,bald,diff_means,11,0.512766814337495,0.0,,
bags_under_eyes,0.520952380952381,0.5075132275132276,single,bald,diff_means,11,0.5171781305114639,0.0037742504409170596,,
bald,0.734375,0.85687255859375,single,bald,diff_means,11,0.73828125,-0.00390625,,
bangs,0.7555514088449338,0.809852584437395,single,bald,diff_means,11,0.7534054860981526,0.0021459227467811592,,
big_lips,0.4087511890202473,0.44530506862345426,single,bald,diff_means,11,0.4087511890202473,0.0,,
big_nose,0.591796755433119,0.6611570247933886,single,bald,diff_means,11,0.5955004591368228,-0.0037037037037037646,,
black_hair,0.6948621553884712,0.8604323308270677,single,bald,diff_means,11,0.6770050125313283,0.017857142857142905,,
blond_hair,0.9259259259259259,0.9578980690091801,single,bald,diff_means,11,0.9279835390946503,-0.002057613168724326,,
blurry,0.7172131147540983,0.744535519125683,single,bald,diff_means,11,0.7192622950819672,-0.002049180327868827,,
brown_hair,0.6752136752136753,0.8614996114996114,single,bald,diff_means,11,0.6794871794871795,-0.004273504273504258,,
bushy_eyebrows,0.5349766822118587,0.5034421496779924,single,bald,diff_means,11,0.5391960914945592,-0.0042194092827004814,,
chubby,0.5443164362519202,0.7097542242703533,single,bald,diff_means,11,0.554147465437788,-0.009831029185867868,,
double_chin,0.5546875,0.676513671875,single,bald,diff_means,11,0.5651041666666666,-0.01041666666666663,,
eyeglasses,0.9187728633189225,0.9753907549052212,single,bald,diff_means,11,0.9294146990355836,-0.010641835716661108,,
goatee,0.7696078431372549,0.8632750397456279,single,bald,diff_means,11,0.766163222045575,0.003444621091679978,,
gray_hair,0.7748662517742111,0.8757506277977946,single,bald,diff_means,11,0.7772136696145868,-0.0023474178403757318,,
heavy_makeup,0.5212374581939799,0.5809364548494983,single,bald,diff_means,11,0.5255852842809364,-0.004347826086956497,,
high_cheekbones,0.48313492063492064,0.4150545634920635,single,bald,diff_means,11,0.48660714285714285,-0.00347222222222221,,
male,0.9878640776699029,0.9895145631067962,single,bald,diff_means,11,0.9878640776699029,0.0,,
mouth_slightly_open,0.5314019314019314,0.5455877455877456,single,bald,diff_means,11,0.527039627039627,0.004362304362304337,,
mustache,0.6817079087821446,0.7303897784247129,single,bald,diff_means,11,0.6675562024907002,0.014151706291444355,,
narrow_eyes,0.5410271546635184,0.54456906729634,single,bald,diff_means,11,0.545159386068477,-0.004132231404958664,,
no_beard,0.6468411491623495,0.6950144654511202,single,bald,diff_means,11,0.6408531252102536,0.005988023952095856,,
oval_face,0.5212585034013605,0.5761054421768708,single,bald,diff_means,11,0.5212585034013605,0.0,,
pale_skin,0.5032520325203252,0.6121951219512195,single,bald,diff_means,11,0.5032520325203252,0.0,,
pointy_nose,0.54328033700231,0.5337681750237804,single,bald,diff_means,11,0.5174616116320152,0.025818725370294837,,
receding_hairline,0.5158010012515645,0.553035043804756,single,bald,diff_means,11,0.52049436795995,-0.0046933667083854935,,
rosy_cheeks,0.692757534862798,0.7831758884390463,single,bald,diff_means,11,0.6947818263607737,-0.002024291497975672,,
sideburns,0.6609195402298851,0.7886135057471265,single,bald,diff_means,11,0.694683908045977,-0.033764367816091934,,
smiling,0.800479080166081,0.946598530820824,single,bald,diff_means,11,0.7955285851165761,0.004950495049504955,,
straight_hair,0.4343015214384509,0.44536652835408025,single,bald,diff_means,11,0.4405255878284924,-0.006224066390041472,,
wavy_hair,0.5813969289305612,0.5779317842098112,single,bald,diff_means,11,0.5791547764641934,0.0022421524663677195,,
wearing_earrings,0.7228813559322034,0.853813559322034,single,bald,diff_means,11,0.735593220338983,-0.012711864406779627,,
wearing_hat,0.9219660837307896,0.9817170111287759,single,bald,diff_means,11,0.9219660837307896,0.0,,
wearing_lipstick,0.4437469821342347,0.4805649444712699,single,bald,diff_means,11,0.45062771607918883,-0.006880733944954143,,
wearing_necklace,0.5766674870785135,0.6591188776765937,single,bald,diff_means,11,0.6017720895889737,-0.025104602510460206,,
wearing_necktie,0.6221101303068516,0.6777637662883564,single,bald,diff_means,11,0.6159730979403111,0.006137032366540507,,
young,0.8774519079154841,0.9497950173446862,single,bald,diff_means,11,0.8726900031535794,0.004761904761904745,,
5_o_clock_shadow,0.5610663831080055,0.5821054230593954,single,bald,diff_means,12,0.5632690262798117,-0.0022026431718061845,,
arched_eyebrows,0.6071428571428572,0.6215122767857143,single,bald,diff_means,12,0.6026785714285714,0.0044642857142858094,,
attractive,0.512766814337495,0.6544502617801047,single,bald,diff_means,12,0.512766814337495,0.0,,
bags_under_eyes,0.5119223985890653,0.508289241622575,single,bald,diff_means,12,0.5171781305114639,-0.005255731922398588,,
bald,0.7421875,0.8568115234375,single,bald,diff_means,12,0.73828125,0.00390625,,
bangs,0.7576973315917148,0.8094793804814331,single,bald,diff_means,12,0.7534054860981526,0.0042918454935622075,,
big_lips,0.3935996738687322,0.4442179643973366,single,bald,diff_means,12,0.4087511890202473,-0.015151515151515138,,
big_nose,0.5955004591368228,0.6602999693908785,single,bald,diff_means,12,0.5955004591368228,0.0,,
black_hair,0.6926691729323309,0.8604323308270676,single,bald,diff_means,12,0.6770050125313283,0.015664160401002603,,
blond_hair,0.9259259259259259,0.9575815131370686,single,bald,diff_means,12,0.9279835390946503,-0.002057613168724326,,
blurry,0.7192622950819672,0.7414617486338798,single,bald,diff_means,12,0.7192622950819672,0.0,,
brown_hair,0.6688034188034189,0.8616938616938616,single,bald,diff_means,12,0.6794871794871795,-0.010683760683760646,,
bushy_eyebrows,0.537086386853209,0.5094381523428826,single,bald,diff_means,12,0.5391960914945592,-0.002109704641350185,,
chubby,0.5443164362519202,0.7109062980030723,single,bald,diff_means,12,0.554147465437788,-0.009831029185867868,,
double_chin,0.5677083333333334,0.6770019531249999,single,bald,diff_means,12,0.5651041666666666,0.0026041666666667407,,
eyeglasses,0.9161955437312936,0.9742268041237113,single,bald,diff_means,12,0.9294146990355836,-0.013219155304289965,,
goatee,0.7718600953895072,0.8635400105988341,single,bald,diff_means,12,0.766163222045575,0.005696873343932207,,
gray_hair,0.7748662517742111,0.8771699967245332,single,bald,diff_means,12,0.7772136696145868,-0.0023474178403757318,,
heavy_makeup,0.5234113712374582,0.5747491638795987,single,bald,diff_means,12,0.5255852842809364,-0.0021739130434782483,,
high_cheekbones,0.48313492063492064,0.4166046626984127,single,bald,diff_means,12,0.48660714285714285,-0.00347222222222221,,
male,0.9878640776699029,0.9893203883495145,single,bald,diff_means,12,0.9878640776699029,0.0,,
mouth_slightly_open,0.5314019314019314,0.5459207459207459,single,bald,diff_means,12,0.527039627039627,0.004362304362304337,,
mustache,0.6838913148956818,0.7354035257965389,single,bald,diff_means,12,0.6675562024907002,0.016335112404981533,,
narrow_eyes,0.5368949232585596,0.5368949232585596,single,bald,diff_means,12,0.545159386068477,-0.008264462809917439,,
no_beard,0.6524591266904394,0.6960909641391374,single,bald,diff_means,12,0.6408531252102536,0.011606001480185757,,
oval_face,0.5212585034013605,0.5757653061224489,single,bald,diff_means,12,0.5212585034013605,0.0,,
pale_skin,0.5032520325203252,0.6109756097560975,single,bald,diff_means,12,0.5032520325203252,0.0,,
pointy_nose,0.5410381845359423,0.531593966571545,single,bald,diff_means,12,0.5174616116320152,0.023576572903927118,,
receding_hairline,0.5305068836045056,0.5564768460575719,single,bald,diff_means,12,0.52049436795995,0.01001251564455563,,
rosy_cheeks,0.6947818263607737,0.7822762033288349,single,bald,diff_means,12,0.6947818263607737,0.0,,
sideburns,0.6774425287356323,0.7941810344827586,single,bald,diff_means,12,0.694683908045977,-0.01724137931034475,,
smiling,0.805429575215586,0.9455764931331844,single,bald,diff_means,12,0.7955285851165761,0.00990099009900991,,
straight_hair,0.47385892116182576,0.44674965421853385,single,bald,diff_means,12,0.4405255878284924,0.03333333333333338,,
wavy_hair,0.5813969289305612,0.5780676722380758,single,bald,diff_means,12,0.5791547764641934,0.0022421524663677195,,
wearing_earrings,0.7292372881355932,0.8578389830508474,single,bald,diff_means,12,0.735593220338983,-0.006355932203389814,,
wearing_hat,0.9219660837307896,0.9807896131425543,single,bald,diff_means,12,0.9219660837307896,0.0,,
wearing_lipstick,0.4746499275712216,0.4774263640753259,single,bald,diff_means,12,0.45062771607918883,0.024022211492032763,,
wearing_necklace,0.5808515874969234,0.6573960127984249,single,bald,diff_means,12,0.6017720895889737,-0.02092050209205021,,
wearing_necktie,0.6246742328709541,0.6723833543505675,single,bald,diff_means,12,0.6159730979403111,0.008701134930643062,,
young,0.8774519079154841,0.9492273730684327,single,bald,diff_means,12,0.8726900031535794,0.004761904761904745,,
5_o_clock_shadow,0.548230290141273,0.5799787331004101,single,bald,diff_means,13,0.5632690262798117,-0.015038736138538678,,
arched_eyebrows,0.6049107142857143,0.62109375,single,bald,diff_means,13,0.6026785714285714,0.0022321428571429047,,
attractive,0.512766814337495,0.6474426097462747,single,bald,diff_means,13,0.512766814337495,0.0,,
bags_under_eyes,0.5171781305114639,0.50673721340388,single,bald,diff_means,13,0.5171781305114639,0.0,,
bald,0.7421875,0.857666015625,single,bald,diff_means,13,0.73828125,0.00390625,,
bangs,0.7576973315917148,0.8102257883933569,single,bald,diff_means,13,0.7534054860981526,0.0042918454935622075,,
big_lips,0.3935996738687322,0.4457127327082484,single,bald,diff_means,13,0.4087511890202473,-0.015151515151515138,,
big_nose,0.591796755433119,0.6620752984389349,single,bald,diff_means,13,0.5955004591368228,-0.0037037037037037646,,
black_hair,0.6970551378446115,0.8616854636591478,single,bald,diff_means,13,0.6770050125313283,0.020050125313283207,,
blond_hair,0.9300411522633745,0.9582146248812915,single,bald,diff_means,13,0.9279835390946503,0.002057613168724215,,
blurry,0.7192622950819672,0.7380464480874317,single,bald,diff_means,13,0.7192622950819672,0.0,,
brown_hair,0.6730769230769231,0.8624708624708625,single,bald,diff_means,13,0.6794871794871795,-0.0064102564102563875,,
bushy_eyebrows,0.5391960914945592,0.5018876304685764,single,bald,diff_means,13,0.5391960914945592,0.0,,
chubby,0.5514592933947773,0.7127496159754225,single,bald,diff_means,13,0.554147465437788,-0.0026881720430107503,,
double_chin,0.5703125,0.6728515624999999,single,bald,diff_means,13,0.5651041666666666,0.00520833333333337,,
eyeglasses,0.9268373794479547,0.9757233122713668,single,bald,diff_means,13,0.9294146990355836,-0.002577319587628857,,
goatee,0.7763645998940116,0.8632750397456279,single,bald,diff_means,13,0.766163222045575,0.010201377848436666,,
gray_hair,0.7795610874549623,0.8761873566983295,single,bald,diff_means,13,0.7772136696145868,0.0023474178403755097,,
heavy_makeup,0.5255852842809364,0.5698996655518395,single,bald,diff_means,13,0.5255852842809364,0.0,,
high_cheekbones,0.48660714285714285,0.41499255952380953,single,bald,diff_means,13,0.48660714285714285,0.0,,
male,0.9878640776699029,0.9895145631067962,single,bald,diff_means,13,0.9878640776699029,0.0,,
mouth_slightly_open,0.528937728937729,0.5442557442557442,single,bald,diff_means,13,0.527039627039627,0.0018981018981019115,,
mustache,0.6860747210092188,0.7362121947274785,single,bald,diff_means,13,0.6675562024907002,0.0185185185185186,,
narrow_eyes,0.5410271546635184,0.5422077922077921,single,bald,diff_means,13,0.545159386068477,-0.004132231404958664,,
no_beard,0.6438471371863015,0.6960909641391375,single,bald,diff_means,13,0.6408531252102536,0.0029940119760478723,,
oval_face,0.5212585034013605,0.5785714285714286,single,bald,diff_means,13,0.5212585034013605,0.0,,
pale_skin,0.501219512195122,0.6101626016260162,single,bald,diff_means,13,0.5032520325203252,-0.002032520325203291,,
pointy_nose,0.5281288218507949,0.5324092947411333,single,bald,diff_means,13,0.5174616116320152,0.010667210218779699,,
receding_hairline,0.5278473091364205,0.5539737171464331,single,bald,diff_means,13,0.52049436795995,0.007352941176470562,,
rosy_cheeks,0.692757534862798,0.7813765182186234,single,bald,diff_means,13,0.6947818263607737,-0.002024291497975672,,
sideburns,0.6882183908045977,0.7963362068965517,single,bald,diff_means,13,0.694683908045977,-0.006465517241379337,,
smiling,0.805429575215586,0.9454487384222293,single,bald,diff_means,13,0.7955285851165761,0.00990099009900991,,
straight_hair,0.47385892116182576,0.4489626556016597,single,bald,diff_means,13,0.4405255878284924,0.03333333333333338,,
wavy_hair,0.5791547764641934,0.5824160891425465,single,bald,diff_means,13,0.5791547764641934,0.0,,
wearing_earrings,0.7334745762711864,0.8563559322033898,single,bald,diff_means,13,0.735593220338983,-0.0021186440677966045,,
wearing_hat,0.9219660837307896,0.9809220985691574,single,bald,diff_means,13,0.9219660837307896,0.0,,
wearing_lipstick,0.4460405601158861,0.48068565910188316,single,bald,diff_means,13,0.45062771607918883,-0.004587155963302725,,
wearing_necklace,0.5871277381245386,0.6559192714742801,single,bald,diff_means,13,0.6017720895889737,-0.014644351464435101,,
wearing_necktie,0.6216057166876838,0.6698612862547288,single,bald,diff_means,13,0.6159730979403111,0.005632618747372753,,
young,0.8726900031535794,0.948470514033428,single,bald,diff_means,13,0.8726900031535794,0.0,,
5_o_clock_shadow,0.5654716694516178,0.5799787331004103,single,bald,diff_means,14,0.5632690262798117,0.0022026431718060735,,
arched_eyebrows,0.5892857142857143,0.6202566964285714,single,bald,diff_means,14,0.6026785714285714,-0.013392857142857095,,
attractive,0.512766814337495,0.6461538461538462,single,bald,diff_means,14,0.512766814337495,0.0,,
bags_under_eyes,0.514320987654321,0.5074426807760142,single,bald,diff_means,14,0.5171781305114639,-0.0028571428571428914,,
bald,0.73828125,0.8563232421875,single,bald,diff_means,14,0.73828125,0.0,,
bangs,0.7512595633513715,0.8094793804814331,single,bald,diff_means,14,0.7534054860981526,-0.0021459227467811592,,
big_lips,0.3935996738687322,0.4447615165103954,single,bald,diff_means,14,0.4087511890202473,-0.015151515151515138,,
big_nose,0.5955004591368228,0.6624426078971534,single,bald,diff_means,14,0.5955004591368228,0.0,,
black_hair,0.681390977443609,0.8601190476190477,single,bald,diff_means,14,0.6770050125313283,0.004385964912280715,,
blond_hair,0.9300411522633745,0.9578980690091801,single,bald,diff_means,14,0.9279835390946503,0.002057613168724215,,
blurry,0.7172131147540983,0.7332650273224043,single,bald,diff_means,14,0.7192622950819672,-0.002049180327868827,,
brown_hair,0.6794871794871795,0.8630536130536131,single,bald,diff_means,14,0.6794871794871795,0.0,,
bushy_eyebrows,0.537086386853209,0.5041083721963135,single,bald,diff_means,14,0.5391960914945592,-0.002109704641350185,,
chubby,0.5514592933947773,0.7112135176651305,single,bald,diff_means,14,0.554147465437788,-0.0026881720430107503,,
double_chin,0.5651041666666666,0.6736653645833334,single,bald,diff_means,14,0.5651041666666666,0.0,,
eyeglasses,0.9213501829065514,0.9748919188560027,single,bald,diff_means,14,0.9294146990355836,-0.008064516129032251,,
goatee,0.7831213566507684,0.8627450980392157,single,bald,diff_means,14,0.766163222045575,0.016958134605193464,,
gray_hair,0.7795610874549623,0.8778250900753357,single,bald,diff_means,14,0.7772136696145868,0.0023474178403755097,,
heavy_makeup,0.529933110367893,0.5660535117056856,single,bald,diff_means,14,0.5255852842809364,0.004347826086956608,,
high_cheekbones,0.49007936507936506,0.415860615079365,single,bald,diff_means,14,0.48660714285714285,0.00347222222222221,,
male,0.9878640776699029,0.989126213592233,single,bald,diff_means,14,0.9878640776699029,0.0,,
mouth_slightly_open,0.524009324009324,0.545987345987346,single,bald,diff_means,14,0.527039627039627,-0.00303030303030305,,
mustache,0.6860747210092188,0.7358887271551028,single,bald,diff_means,14,0.6675562024907002,0.0185185185185186,,
narrow_eyes,0.545159386068477,0.5451593860684769,single,bald,diff_means,14,0.545159386068477,0.0,,
no_beard,0.6408531252102536,0.695821839467133,single,bald,diff_means,14,0.6408531252102536,0.0,,
oval_face,0.5212585034013605,0.578656462585034,single,bald,diff_means,14,0.5212585034013605,0.0,,
pale_skin,0.5032520325203252,0.6085365853658536,single,bald,diff_means,14,0.5032520325203252,0.0,,
pointy_nose,0.5303709743171626,0.533496398967251,single,bald,diff_means,14,0.5174616116320152,0.012909362685147419,,
receding_hairline,0.5278473091364205,0.5520181476846058,single,bald,diff_means,14,0.52049436795995,0.007352941176470562,,
rosy_cheeks,0.6947818263607737,0.7795771479982007,single,bald,diff_means,14,0.6947818263607737,0.0,,
sideburns,0.6925287356321839,0.7977729885057472,single,bald,diff_means,14,0.694683908045977,-0.0021551724137931494,,
smiling,0.7955285851165761,0.9458958799105717,single,bald,diff_means,14,0.7955285851165761,0.0,,
straight_hair,0.4405255878284924,0.45062240663900416,single,bald,diff_means,14,0.4405255878284924,0.0,,
wavy_hair,0.5791547764641934,0.5864927299904878,single,bald,diff_means,14,0.5791547764641934,0.0,,
wearing_earrings,0.7313559322033898,0.8542372881355932,single,bald,diff_means,14,0.735593220338983,-0.004237288135593209,,
wearing_hat,0.9219660837307896,0.9809220985691575,single,bald,diff_means,14,0.9219660837307896,0.0,,
wearing_lipstick,0.45062771607918883,0.4811685176243361,single,bald,diff_means,14,0.45062771607918883,0.0,,
wearing_necklace,0.5954959389613586,0.65591927147428,single,bald,diff_means,14,0.6017720895889737,-0.006276150627615107,,
wearing_necktie,0.6190416141235813,0.6717948717948719,single,bald,diff_means,14,0.6159730979403111,0.003068516183270198,,
young,0.8726900031535794,0.9482182276884263,single,bald,diff_means,14,0.8726900031535794,0.0,,
5_o_clock_shadow,0.5654716694516178,0.5801306395260519,single,bald,diff_means,15,0.5632690262798117,0.0022026431718060735,,
arched_eyebrows,0.5915178571428572,0.6194196428571428,single,bald,diff_means,15,0.6026785714285714,-0.01116071428571419,,
attractive,0.512766814337495,0.6327829238824003,single,bald,diff_means,15,0.512766814337495,0.0,,
bags_under_eyes,0.511005291005291,0.5063139329805997,single,bald,diff_means,15,0.5171781305114639,-0.006172839506172867,,
bald,0.734375,0.85772705078125,single,bald,diff_means,15,0.73828125,-0.00390625,,
bangs,0.7534054860981526,0.8072401567456616,single,bald,diff_means,15,0.7534054860981526,0.0,,
big_lips,0.41323549395298276,0.4469357249626308,single,bald,diff_means,15,0.4087511890202473,0.004484304932735439,,
big_nose,0.5955004591368228,0.6639118457300276,single,bald,diff_means,15,0.5955004591368228,0.0,,
black_hair,0.6835839598997494,0.8599624060150376,single,bald,diff_means,15,0.6770050125313283,0.006578947368421129,,
blond_hair,0.9279835390946503,0.9582146248812915,single,bald,diff_means,15,0.9279835390946503,0.0,,
blurry,0.7151639344262295,0.7346311475409836,single,bald,diff_means,15,0.7192622950819672,-0.004098360655737654,,
brown_hair,0.6773504273504274,0.8624708624708625,single,bald,diff_means,15,0.6794871794871795,-0.002136752136752129,,
bushy_eyebrows,0.5391960914945592,0.4978902953586497,single,bald,diff_means,15,0.5391960914945592,0.0,,
chubby,0.5514592933947773,0.7104454685099847,single,bald,diff_means,15,0.554147465437788,-0.0026881720430107503,,
double_chin,0.5677083333333334,0.6714680989583334,single,bald,diff_means,15,0.5651041666666666,0.0026041666666667407,,
eyeglasses,0.9268373794479547,0.9742268041237113,single,bald,diff_means,15,0.9294146990355836,-0.002577319587628857,,
goatee,0.766163222045575,0.861552729199788,single,bald,diff_means,15,0.766163222045575,0.0,,
gray_hair,0.7772136696145868,0.8754230811223933,single,bald,diff_means,15,0.7772136696145868,0.0,,
heavy_makeup,0.529933110367893,0.5565217391304348,single,bald,diff_means,15,0.5255852842809364,0.004347826086956608,,
high_cheekbones,0.48660714285714285,0.4156746031746032,single,bald,diff_means,15,0.48660714285714285,0.0,,
male,0.9878640776699029,0.9889320388349514,single,bald,diff_means,15,0.9878640776699029,0.0,,
mouth_slightly_open,0.5264735264735265,0.546053946053946,single,bald,diff_means,15,0.527039627039627,-0.0005661005661005136,,
mustache,0.6860747210092188,0.7360504609412906,single,bald,diff_means,15,0.6675562024907002,0.0185185185185186,,
narrow_eyes,0.5430932703659976,0.5442739079102715,single,bald,diff_means,15,0.545159386068477,-0.0020661157024793875,,
no_beard,0.6408531252102536,0.6960909641391375,single,bald,diff_means,15,0.6408531252102536,0.0,,
oval_face,0.5212585034013605,0.5779761904761904,single,bald,diff_means,15,0.5212585034013605,0.0,,
pale_skin,0.5052845528455284,0.6077235772357723,single,bald,diff_means,15,0.5032520325203252,0.00203252032520318,,
pointy_nose,0.5326131267835303,0.5306427503736921,single,bald,diff_means,15,0.5174616116320152,0.015151515151515138,,
receding_hairline,0.52049436795995,0.5520181476846058,single,bald,diff_means,15,0.52049436795995,0.0,,
rosy_cheeks,0.6947818263607737,0.7705802968960864,single,bald,diff_means,15,0.6947818263607737,0.0,,
sideburns,0.6903735632183908,0.7961566091954023,single,bald,diff_means,15,0.694683908045977,-0.004310344827586188,,
smiling,0.7955285851165761,0.9460875119770041,single,bald,diff_means,15,0.7955285851165761,0.0,,
straight_hair,0.4405255878284924,0.4564315352697096,single,bald,diff_means,15,0.4405255878284924,0.0,,
wavy_hair,0.5791547764641934,0.5841826335099878,single,bald,diff_means,15,0.5791547764641934,0.0,,
wearing_earrings,0.7292372881355932,0.8546610169491525,single,bald,diff_means,15,0.735593220338983,-0.006355932203389814,,
wearing_hat,0.9219660837307896,0.9802596714361419,single,bald,diff_means,15,0.9219660837307896,0.0,,
wearing_lipstick,0.4483341380975374,0.4861178174794785,single,bald,diff_means,15,0.45062771607918883,-0.002293577981651418,,
wearing_necklace,0.5913118385429486,0.6593650012306178,single,bald,diff_means,15,0.6017720895889737,-0.010460251046025104,,
wearing_necktie,0.6164775115594787,0.6675073560319462,single,bald,diff_means,15,0.6159730979403111,0.0005044136191676429,,
young,0.8726900031535794,0.9474613686534217,single,bald,diff_means,15,0.8726900031535794,0.0,,
5_o_clock_shadow,0.5504329333130792,0.582409235910679,single,bald,diff_means,16,0.5632690262798117,-0.012836092966732493,,
arched_eyebrows,0.5870535714285714,0.6180245535714286,single,bald,diff_means,16,0.6026785714285714,-0.015625,,
attractive,0.512766814337495,0.6303664921465969,single,bald,diff_means,16,0.512766814337495,0.0,,
bags_under_eyes,0.5048324514991182,0.5029982363315696,single,bald,diff_means,16,0.5171781305114639,-0.012345679012345734,,
bald,0.7421875,0.85723876953125,single,bald,diff_means,16,0.73828125,0.00390625,,
bangs,0.7512595633513715,0.8042545250979659,single,bald,diff_means,16,0.7534054860981526,-0.0021459227467811592,,
big_lips,0.41099334148661504,0.4474792770756897,single,bald,diff_means,16,0.4087511890202473,0.0022421524663677195,,
big_nose,0.5992041628405265,0.6621365166819713,single,bald,diff_means,16,0.5955004591368228,0.0037037037037036535,,
black_hair,0.6791979949874687,0.8626253132832079,single,bald,diff_means,16,0.6770050125313283,0.002192982456140413,,
blond_hair,0.9279835390946503,0.9569484013928458,single,bald,diff_means,16,0.9279835390946503,0.0,,
blurry,0.7151639344262295,0.7380464480874317,single,bald,diff_means,16,0.7192622950819672,-0.004098360655737654,,
brown_hair,0.6837606837606838,0.864996114996115,single,bald,diff_means,16,0.6794871794871795,0.004273504273504258,,
bushy_eyebrows,0.5391960914945592,0.4990006662225183,single,bald,diff_means,16,0.5391960914945592,0.0,,
chubby,0.5514592933947773,0.7115207373271889,single,bald,diff_means,16,0.554147465437788,-0.0026881720430107503,,
double_chin,0.5677083333333334,0.6673177083333334,single,bald,diff_means,16,0.5651041666666666,0.0026041666666667407,,
eyeglasses,0.9294146990355836,0.9739773860991021,single,bald,diff_means,16,0.9294146990355836,0.0,,
goatee,0.766163222045575,0.8631425543190249,single,bald,diff_means,16,0.766163222045575,0.0,,
gray_hair,0.7772136696145868,0.8753138988972595,single,bald,diff_means,16,0.7772136696145868,0.0,,
heavy_makeup,0.5234113712374582,0.5468227424749164,single,bald,diff_means,16,0.5255852842809364,-0.0021739130434782483,,
high_cheekbones,0.49007936507936506,0.41300843253968256,single,bald,diff_means,16,0.48660714285714285,0.00347222222222221,,
male,0.9878640776699029,0.989126213592233,single,bald,diff_means,16,0.9878640776699029,0.0,,
mouth_slightly_open,0.5264735264735265,0.5447885447885449,single,bald,diff_means,16,0.527039627039627,-0.0005661005661005136,,
mustache,0.6882581271227559,0.7402555393821769,single,bald,diff_means,16,0.6675562024907002,0.020701924632055668,,
narrow_eyes,0.5430932703659976,0.5469303423848878,single,bald,diff_means,16,0.545159386068477,-0.0020661157024793875,,
no_beard,0.6408531252102536,0.6975711498351611,single,bald,diff_means,16,0.6408531252102536,0.0,,
oval_face,0.5187074829931972,0.5782312925170069,single,bald,diff_means,16,0.5212585034013605,-0.0025510204081632404,,
pale_skin,0.501219512195122,0.603658536585366,single,bald,diff_means,16,0.5032520325203252,-0.002032520325203291,,
pointy_nose,0.54328033700231,0.5283326538931922,single,bald,diff_means,16,0.5174616116320152,0.025818725370294837,,
receding_hairline,0.5278473091364205,0.5503754693366708,single,bald,diff_means,16,0.52049436795995,0.007352941176470562,,
rosy_cheeks,0.692757534862798,0.766531713900135,single,bald,diff_means,16,0.6947818263607737,-0.002024291497975672,,
sideburns,0.694683908045977,0.7948994252873562,single,bald,diff_means,16,0.694683908045977,0.0,,
smiling,0.7955285851165761,0.9462152666879591,single,bald,diff_means,16,0.7955285851165761,0.0,,
straight_hair,0.4426002766251729,0.45283540802213007,single,bald,diff_means,16,0.4405255878284924,0.0020746887966804906,,
wavy_hair,0.5769126239978258,0.5776600081532818,single,bald,diff_means,16,0.5791547764641934,-0.0022421524663676085,,
wearing_earrings,0.7334745762711864,0.8569915254237288,single,bald,diff_means,16,0.735593220338983,-0.0021186440677966045,,
wearing_hat,0.9219660837307896,0.9799947005829359,single,bald,diff_means,16,0.9219660837307896,0.0,,
wearing_lipstick,0.4529212940608402,0.4855142443264124,single,bald,diff_means,16,0.45062771607918883,0.0022935779816513624,,
wearing_necklace,0.5975879891705637,0.6598572483386659,single,bald,diff_means,16,0.6017720895889737,-0.004184100418409997,,
wearing_necktie,0.6103404791929382,0.6580916351408155,single,bald,diff_means,16,0.6159730979403111,-0.005632618747372864,,
young,0.8774519079154841,0.9467045096184168,single,bald,diff_means,16,0.8726900031535794,0.004761904761904745,,
5_o_clock_shadow,0.5676743126234239,0.5799787331004101,single,bald,diff_means,17,0.5632690262798117,0.004405286343612258,,
arched_eyebrows,0.5870535714285714,0.6100725446428571,single,bald,diff_means,17,0.6026785714285714,-0.015625,,
attractive,0.512766814337495,0.6169150221506242,single,bald,diff_means,17,0.512766814337495,0.0,,
bags_under_eyes,0.5081481481481481,0.5027865961199294,single,bald,diff_means,17,0.5171781305114639,-0.009029982363315758,,
bald,0.7421875,0.85565185546875,single,bald,diff_means,17,0.73828125,0.00390625,,
bangs,0.7534054860981526,0.8027617092741184,single,bald,diff_means,17,0.7534054860981526,0.0,,
big_lips,0.4087511890202473,0.44965348552792495,single,bald,diff_means,17,0.4087511890202473,0.0,,
big_nose,0.5913682277318641,0.6615855524946435,single,bald,diff_means,17,0.5955004591368228,-0.004132231404958664,,
black_hair,0.681390977443609,0.8596491228070176,single,bald,diff_means,17,0.6770050125313283,0.004385964912280715,,
blond_hair,0.9300411522633745,0.9566318455207343,single,bald,diff_means,17,0.9279835390946503,0.002057613168724215,,
blurry,0.7172131147540983,0.7394125683060109,single,bald,diff_means,17,0.7192622950819672,-0.002049180327868827,,
brown_hair,0.6794871794871795,0.8630536130536131,single,bald,diff_means,17,0.6794871794871795,0.0,,
bushy_eyebrows,0.5391960914945592,0.49811236953142346,single,bald,diff_means,17,0.5391960914945592,0.0,,
chubby,0.5514592933947773,0.7091397849462365,single,bald,diff_means,17,0.554147465437788,-0.0026881720430107503,,
double_chin,0.5677083333333334,0.6603190104166666,single,bald,diff_means,17,0.5651041666666666,0.0026041666666667407,,
eyeglasses,0.9294146990355836,0.9738111074160293,single,bald,diff_means,17,0.9294146990355836,0.0,,
goatee,0.766163222045575,0.8632750397456279,single,bald,diff_means,17,0.766163222045575,0.0,,
gray_hair,0.7772136696145868,0.8770608144993994,single,bald,diff_means,17,0.7772136696145868,0.0,,
heavy_makeup,0.5020066889632108,0.5309364548494984,single,bald,diff_means,17,0.5255852842809364,-0.02357859531772566,,
high_cheekbones,0.49007936507936506,0.41530257936507936,single,bald,diff_means,17,0.48660714285714285,0.00347222222222221,,
male,0.9878640776699029,0.9889320388349514,single,bald,diff_means,17,0.9878640776699029,0.0,,
mouth_slightly_open,0.5344322344322344,0.5441225441225441,single,bald,diff_means,17,0.527039627039627,0.0073926073926073865,,
mustache,0.6860747210092188,0.735080058224163,single,bald,diff_means,17,0.6675562024907002,0.0185185185185186,,
narrow_eyes,0.5410271546635184,0.5454545454545454,single,bald,diff_means,17,0.545159386068477,-0.004132231404958664,,
no_beard,0.6408531252102536,0.6985130861871762,single,bald,diff_means,17,0.6408531252102536,0.0,,
oval_face,0.5187074829931972,0.5792517006802721,single,bald,diff_means,17,0.5212585034013605,-0.0025510204081632404,,
pale_skin,0.5052845528455284,0.609349593495935,single,bald,diff_means,17,0.5032520325203252,0.00203252032520318,,
pointy_nose,0.5303709743171626,0.5224894686778095,single,bald,diff_means,17,0.5174616116320152,0.012909362685147419,,
receding_hairline,0.52049436795995,0.5481852315394242,single,bald,diff_means,17,0.52049436795995,0.0,,
rosy_cheeks,0.6947818263607737,0.7737291947818263,single,bald,diff_means,17,0.6947818263607737,0.0,,
sideburns,0.6925287356321839,0.796875,single,bald,diff_means,17,0.694683908045977,-0.0021551724137931494,,
smiling,0.7955285851165761,0.9458320025550943,single,bald,diff_means,17,0.7955285851165761,0.0,,
straight_hair,0.4405255878284924,0.45698478561549105,single,bald,diff_means,17,0.4405255878284924,0.0,,
wavy_hair,0.5791547764641934,0.5825519771708113,single,bald,diff_means,17,0.5791547764641934,0.0,,
wearing_earrings,0.7292372881355932,0.8582627118644068,single,bald,diff_means,17,0.735593220338983,-0.006355932203389814,,
wearing_hat,0.9219660837307896,0.9790673025967144,single,bald,diff_means,17,0.9219660837307896,0.0,,
wearing_lipstick,0.4243119266055046,0.47199420569773054,single,bald,diff_means,17,0.45062771607918883,-0.026315789473684237,,
wearing_necklace,0.5996800393797687,0.659857248338666,single,bald,diff_means,17,0.6017720895889737,-0.0020920502092049986,,
wearing_necktie,0.6159730979403111,0.6585119798234552,single,bald,diff_means,17,0.6159730979403111,0.0,,
young,0.8726900031535794,0.9446862188584043,single,bald,diff_means,17,0.8726900031535794,0.0,,
5_o_clock_shadow,0.5610663831080055,0.5801306395260519,single,bald,diff_means,18,0.5632690262798117,-0.0022026431718061845,,
arched_eyebrows,0.5915178571428572,0.6072823660714286,single,bald,diff_means,18,0.6026785714285714,-0.01116071428571419,,
attractive,0.512766814337495,0.6057994361659284,single,bald,diff_means,18,0.512766814337495,0.0,,
bags_under_eyes,0.4929453262786596,0.5010934744268077,single,bald,diff_means,18,0.5171781305114639,-0.024232804232804273,,
bald,0.734375,0.85345458984375,single,bald,diff_means,18,0.73828125,-0.00390625,,
bangs,0.7512595633513715,0.8018286993842136,single,bald,diff_means,18,0.7534054860981526,-0.0021459227467811592,,
big_lips,0.4087511890202473,0.45277891017801325,single,bald,diff_means,18,0.4087511890202473,0.0,,
big_nose,0.5950719314355678,0.6559534741352923,single,bald,diff_means,18,0.5955004591368228,-0.0004285277012550104,,
black_hair,0.681390977443609,0.8593358395989975,single,bald,diff_means,18,0.6770050125313283,0.004385964912280715,,
blond_hair,0.9300411522633745,0.9563152896486229,single,bald,diff_means,18,0.9279835390946503,0.002057613168724215,,
blurry,0.7213114754098361,0.7394125683060109,single,bald,diff_means,18,0.7192622950819672,0.002049180327868938,,
brown_hair,0.6773504273504274,0.8614996114996115,single,bald,diff_means,18,0.6794871794871795,-0.002136752136752129,,
bushy_eyebrows,0.5391960914945592,0.4985565178769709,single,bald,diff_means,18,0.5391960914945592,0.0,,
chubby,0.5470046082949309,0.7055299539170508,single,bald,diff_means,18,0.554147465437788,-0.0071428571428571175,,
double_chin,0.5494791666666666,0.6617838541666667,single,bald,diff_means,18,0.5651041666666666,-0.015625,,
eyeglasses,0.9294146990355836,0.9737279680744929,single,bald,diff_means,18,0.9294146990355836,0.0,,
goatee,0.7616587175410705,0.8616852146263911,single,bald,diff_means,18,0.766163222045575,-0.0045045045045044585,,
gray_hair,0.7795610874549623,0.8755322633475271,single,bald,diff_means,18,0.7772136696145868,0.0023474178403755097,,
heavy_makeup,0.5063545150501673,0.518561872909699,single,bald,diff_means,18,0.5255852842809364,-0.019230769230769162,,
high_cheekbones,0.48660714285714285,0.4129464285714286,single,bald,diff_means,18,0.48660714285714285,0.0,,
male,0.9878640776699029,0.9889320388349514,single,bald,diff_means,18,0.9878640776699029,0.0,,
mouth_slightly_open,0.5228771228771228,0.542990342990343,single,bald,diff_means,18,0.527039627039627,-0.004162504162504188,,
mustache,0.6882581271227559,0.7357269933689148,single,bald,diff_means,18,0.6675562024907002,0.020701924632055668,,
narrow_eyes,0.538961038961039,0.5460448642266824,single,bald,diff_means,18,0.545159386068477,-0.006198347107438051,,
no_beard,0.6438471371863015,0.6987149296911794,single,bald,diff_means,18,0.6408531252102536,0.0029940119760478723,,
oval_face,0.5187074829931972,0.5803571428571428,single,bald,diff_means,18,0.5212585034013605,-0.0025510204081632404,,
pale_skin,0.5032520325203252,0.5979674796747967,single,bald,diff_means,18,0.5032520325203252,0.0,,
pointy_nose,0.5348552792498981,0.5139285228971329,single,bald,diff_means,18,0.5174616116320152,0.017393667617882858,,
receding_hairline,0.5178347934918648,0.5483416770963705,single,bald,diff_means,18,0.52049436795995,-0.0026595744680851796,,
rosy_cheeks,0.692757534862798,0.7624831309041835,single,bald,diff_means,18,0.6947818263607737,-0.002024291497975672,,
sideburns,0.6925287356321839,0.7963362068965517,single,bald,diff_means,18,0.694683908045977,-0.0021551724137931494,,
smiling,0.800479080166081,0.9451293516448419,single,bald,diff_means,18,0.7955285851165761,0.004950495049504955,,
straight_hair,0.4426002766251729,0.45421853388658373,single,bald,diff_means,18,0.4405255878284924,0.0020746887966804906,,
wavy_hair,0.5791547764641934,0.5758934637858405,single,bald,diff_means,18,0.5791547764641934,0.0,,
wearing_earrings,0.7292372881355932,0.8555084745762712,single,bald,diff_means,18,0.735593220338983,-0.006355932203389814,,
wearing_hat,0.9219660837307896,0.9785373608903021,single,bald,diff_means,18,0.9219660837307896,0.0,,
wearing_lipstick,0.4374698213423467,0.47827136648961865,single,bald,diff_means,18,0.45062771607918883,-0.013157894736842146,,
wearing_necklace,0.5975879891705637,0.6598572483386659,single,bald,diff_means,18,0.6017720895889737,-0.004184100418409997,,
wearing_necktie,0.6129045817570408,0.6528793610760824,single,bald,diff_means,18,0.6159730979403111,-0.003068516183270309,,
young,0.8660674865972879,0.9433617155471461,single,bald,diff_means,18,0.8726900031535794,-0.0066225165562914245,,
5_o_clock_shadow,0.5544584535925869,0.5796749202491265,single,bald,diff_means,19,0.5632690262798117,-0.008810572687224738,,
arched_eyebrows,0.5959821428571428,0.6025390625,single,bald,diff_means,19,0.6026785714285714,-0.006696428571428603,,
attractive,0.512766814337495,0.6024969794603303,single,bald,diff_means,19,0.512766814337495,0.0,,
bags_under_eyes,0.4962610229276896,0.49876543209876545,single,bald,diff_means,19,0.5171781305114639,-0.020917107583774297,,
bald,0.71484375,0.84613037109375,single,bald,diff_means,19,0.73828125,-0.0234375,,
bangs,0.7491136406045904,0.8040679231199852,single,bald,diff_means,19,0.7534054860981526,-0.0042918454935622075,,
big_lips,0.3958418263350999,0.45604022285636636,single,bald,diff_means,19,0.4087511890202473,-0.012909362685147419,,
big_nose,0.5831037649219467,0.655341291704928,single,bald,diff_means,19,0.5955004591368228,-0.012396694214876103,,
black_hair,0.681390977443609,0.8582393483709273,single,bald,diff_means,19,0.6770050125313283,0.004385964912280715,,
blond_hair,0.9238683127572016,0.9566318455207343,single,bald,diff_means,19,0.9279835390946503,-0.004115226337448652,,
blurry,0.7254098360655737,0.7448770491803278,single,bald,diff_means,19,0.7192622950819672,0.006147540983606592,,
brown_hair,0.6773504273504274,0.8613053613053613,single,bald,diff_means,19,0.6794871794871795,-0.002136752136752129,,
bushy_eyebrows,0.5391960914945592,0.49833444370419716,single,bald,diff_means,19,0.5391960914945592,0.0,,
chubby,0.5398617511520738,0.7054531490015362,single,bald,diff_means,19,0.554147465437788,-0.014285714285714235,,
double_chin,0.5338541666666666,0.66015625,single,bald,diff_means,19,0.5651041666666666,-0.03125,,
eyeglasses,0.9294146990355836,0.9743099434652478,single,bald,diff_means,19,0.9294146990355836,0.0,,
goatee,0.7616587175410705,0.8606253312135665,single,bald,diff_means,19,0.766163222045575,-0.0045045045045044585,,
gray_hair,0.7795610874549623,0.8784801834261382,single,bald,diff_means,19,0.7772136696145868,0.0023474178403755097,,
heavy_makeup,0.504180602006689,0.5135451505016722,single,bald,diff_means,19,0.5255852842809364,-0.02140468227424741,,
high_cheekbones,0.49702380952380953,0.41462053571428575,single,bald,diff_means,19,0.48660714285714285,0.010416666666666685,,
male,0.9878640776699029,0.9894174757281553,single,bald,diff_means,19,0.9878640776699029,0.0,,
mouth_slightly_open,0.5247752247752248,0.5468531468531469,single,bald,diff_means,19,0.527039627039627,-0.0022644022644022765,,
mustache,0.6882581271227559,0.7355652595827269,single,bald,diff_means,19,0.6675562024907002,0.020701924632055668,,
narrow_eyes,0.545159386068477,0.5466351829988193,single,bald,diff_means,19,0.545159386068477,0.0,,
no_beard,0.6438471371863015,0.6981093991791698,single,bald,diff_means,19,0.6408531252102536,0.0029940119760478723,,
oval_face,0.5187074829931972,0.582908163265306,single,bald,diff_means,19,0.5212585034013605,-0.0025510204081632404,,
pale_skin,0.5032520325203252,0.6024390243902439,single,bald,diff_means,19,0.5032520325203252,0.0,,
pointy_nose,0.5370974317162658,0.5069982334556326,single,bald,diff_means,19,0.5174616116320152,0.019635820084250577,,
receding_hairline,0.5104818523153942,0.5466207759699625,single,bald,diff_means,19,0.52049436795995,-0.010012515644555742,,
rosy_cheeks,0.692757534862798,0.7701304543409807,single,bald,diff_means,19,0.6947818263607737,-0.002024291497975672,,
sideburns,0.6903735632183908,0.7952586206896551,single,bald,diff_means,19,0.694683908045977,-0.004310344827586188,,
smiling,0.7955285851165761,0.9442989460236346,single,bald,diff_means,19,0.7955285851165761,0.0,,
straight_hair,0.44674965421853385,0.46417704011065003,single,bald,diff_means,19,0.4405255878284924,0.006224066390041472,,
wavy_hair,0.5791547764641934,0.5646147574398696,single,bald,diff_means,19,0.5791547764641934,0.0,,
wearing_earrings,0.7228813559322034,0.8529661016949153,single,bald,diff_means,19,0.735593220338983,-0.012711864406779627,,
wearing_hat,0.9219660837307896,0.976550079491256,single,bald,diff_means,19,0.9219660837307896,0.0,,
wearing_lipstick,0.45062771607918883,0.4711492032834379,single,bald,diff_means,19,0.45062771607918883,0.0,,
wearing_necklace,0.5871277381245386,0.6529657888259905,single,bald,diff_means,19,0.6017720895889737,-0.014644351464435101,,
wearing_necktie,0.6159730979403111,0.6603614964270702,single,bald,diff_means,19,0.6159730979403111,0.0,,
young,0.8642068748029013,0.938883632923368,single,bald,diff_means,19,0.8726900031535794,-0.008483128350678104,,
5_o_clock_shadow,0.5588637399361993,0.579219200972201,single,bald,diff_means,20,0.5632690262798117,-0.004405286343612369,,
arched_eyebrows,0.5959821428571428,0.6030970982142858,single,bald,diff_means,20,0.6026785714285714,-0.006696428571428603,,
attractive,0.512766814337495,0.5850181232380185,single,bald,diff_means,20,0.512766814337495,0.0,,
bags_under_eyes,0.4929453262786596,0.4898059964726631,single,bald,diff_means,20,0.5171781305114639,-0.024232804232804273,,
bald,0.7109375,0.84112548828125,single,bald,diff_means,20,0.73828125,-0.02734375,,
bangs,0.7576973315917148,0.8087329725695093,single,bald,diff_means,20,0.7534054860981526,0.0042918454935622075,,
big_lips,0.3958418263350999,0.4587579834216605,single,bald,diff_means,20,0.4087511890202473,-0.012909362685147419,,
big_nose,0.5872359963269054,0.6549739822467097,single,bald,diff_means,20,0.5955004591368228,-0.008264462809917439,,
black_hair,0.681390977443609,0.8585526315789473,single,bald,diff_means,20,0.6770050125313283,0.004385964912280715,,
blond_hair,0.9279835390946503,0.9572649572649572,single,bald,diff_means,20,0.9279835390946503,0.0,,
blurry,0.7172131147540983,0.7510245901639344,single,bald,diff_means,20,0.7192622950819672,-0.002049180327868827,,
brown_hair,0.6794871794871795,0.8679098679098679,single,bald,diff_means,20,0.6794871794871795,0.0,,
bushy_eyebrows,0.5455252054186098,0.4943371085942705,single,bald,diff_means,20,0.5391960914945592,0.006329113924050667,,
chubby,0.5612903225806452,0.7089861751152073,single,bald,diff_means,20,0.554147465437788,0.0071428571428571175,,
double_chin,0.5364583333333334,0.6611328125,single,bald,diff_means,20,0.5651041666666666,-0.02864583333333326,,
eyeglasses,0.9213501829065514,0.9720651812437646,single,bald,diff_means,20,0.9294146990355836,-0.008064516129032251,,
goatee,0.7808691043985162,0.8631425543190249,single,bald,diff_means,20,0.766163222045575,0.014705882352941235,,
gray_hair,0.781908505295338,0.8757506277977944,single,bald,diff_means,20,0.7772136696145868,0.0046948356807511304,,
heavy_makeup,0.49983277591973246,0.5025083612040133,single,bald,diff_means,20,0.5255852842809364,-0.025752508361203963,,
high_cheekbones,0.49007936507936506,0.4187748015873016,single,bald,diff_means,20,0.48660714285714285,0.00347222222222221,,
male,0.9878640776699029,0.9895145631067961,single,bald,diff_means,20,0.9878640776699029,0.0,,
mouth_slightly_open,0.5181485181485181,0.5438561438561439,single,bald,diff_means,20,0.527039627039627,-0.00889110889110889,,
mustache,0.6882581271227559,0.7389616690926735,single,bald,diff_means,20,0.6675562024907002,0.020701924632055668,,
narrow_eyes,0.545159386068477,0.5422077922077921,single,bald,diff_means,20,0.545159386068477,0.0,,
no_beard,0.6468411491623495,0.6982439615151719,single,bald,diff_means,20,0.6408531252102536,0.005988023952095856,,
oval_face,0.5187074829931972,0.5828231292517008,single,bald,diff_means,20,0.5212585034013605,-0.0025510204081632404,,
pale_skin,0.5032520325203252,0.603658536585366,single,bald,diff_means,20,0.5032520325203252,0.0,,
pointy_nose,0.5326131267835303,0.5182769398016036,single,bald,diff_means,20,0.5174616116320152,0.015151515151515138,,
receding_hairline,0.5078222778473092,0.5458385481852316,single,bald,diff_means,20,0.52049436795995,-0.01267209011264081,,
rosy_cheeks,0.6947818263607737,0.7795771479982005,single,bald,diff_means,20,0.6947818263607737,0.0,,
sideburns,0.6903735632183908,0.7972341954022988,single,bald,diff_means,20,0.694683908045977,-0.004310344827586188,,
smiling,0.800479080166081,0.9456403704886617,single,bald,diff_means,20,0.7955285851165761,0.004950495049504955,,
straight_hair,0.4591977869986169,0.4757952973720609,single,bald,diff_means,20,0.4405255878284924,0.018672199170124526,,
wavy_hair,0.559518956379943,0.5532001630656339,single,bald,diff_means,20,0.5791547764641934,-0.019635820084250466,,
wearing_earrings,0.7228813559322034,0.8546610169491525,single,bald,diff_means,20,0.735593220338983,-0.012711864406779627,,
wearing_hat,0.9219660837307896,0.9753577106518283,single,bald,diff_means,20,0.9219660837307896,0.0,,
wearing_lipstick,0.4660791887976823,0.46921776919362623,single,bald,diff_means,20,0.45062771607918883,0.015451472718493453,,
wearing_necklace,0.5808515874969234,0.6507506768397735,single,bald,diff_means,20,0.6017720895889737,-0.02092050209205021,,
wearing_necktie,0.6103404791929382,0.659016393442623,single,bald,diff_means,20,0.6159730979403111,-0.005632618747372864,,
young,0.8575843582466098,0.9385052034058657,single,bald,diff_means,20,0.8726900031535794,-0.015105644906969529,,
5_o_clock_shadow,0.5504329333130792,0.5895488379158439,single,bald,diff_means,21,0.5632690262798117,-0.012836092966732493,,
arched_eyebrows,0.5915178571428572,0.6092354910714286,single,bald,diff_means,21,0.6026785714285714,-0.01116071428571419,,
attractive,0.512766814337495,0.5999194522754733,single,bald,diff_means,21,0.512766814337495,0.0,,
bags_under_eyes,0.4982010582010582,0.48543209876543203,single,bald,diff_means,21,0.5171781305114639,-0.018977072310405685,,
bald,0.6875,0.826416015625,single,bald,diff_means,21,0.73828125,-0.05078125,,
bangs,0.7491136406045904,0.8107855943272999,single,bald,diff_means,21,0.7534054860981526,-0.0042918454935622075,,
big_lips,0.4087511890202473,0.4621551841282783,single,bald,diff_means,21,0.4087511890202473,0.0,,
big_nose,0.5781144781144781,0.6389960208142027,single,bald,diff_means,21,0.5955004591368228,-0.017385981022344676,,
black_hair,0.6970551378446115,0.8574561403508772,single,bald,diff_means,21,0.6770050125313283,0.020050125313283207,,
blond_hair,0.9259259259259259,0.9578980690091801,single,bald,diff_means,21,0.9279835390946503,-0.002057613168724326,,
blurry,0.7192622950819672,0.7588797814207651,single,bald,diff_means,21,0.7192622950819672,0.0,,
brown_hair,0.6794871794871795,0.8694638694638694,single,bald,diff_means,21,0.6794871794871795,0.0,,
bushy_eyebrows,0.5297579391516767,0.4990006662225183,single,bald,diff_means,21,0.5391960914945592,-0.009438152342882478,,
chubby,0.5443164362519202,0.702073732718894,single,bald,diff_means,21,0.554147465437788,-0.009831029185867868,,
double_chin,0.5442708333333334,0.6500651041666666,single,bald,diff_means,21,0.5651041666666666,-0.02083333333333326,,
eyeglasses,0.9161955437312936,0.9729797140006652,single,bald,diff_means,21,0.9294146990355836,-0.013219155304289965,,
goatee,0.778616852146264,0.8607578166401696,single,bald,diff_means,21,0.766163222045575,0.012453630100689006,,
gray_hair,0.7938639589474834,0.8678895075881647,single,bald,diff_means,21,0.7772136696145868,0.016650289332896584,,
heavy_makeup,0.5255852842809364,0.532608695652174,single,bald,diff_means,21,0.5255852842809364,0.0,,
high_cheekbones,0.48660714285714285,0.4213789682539683,single,bald,diff_means,21,0.48660714285714285,0.0,,
male,0.9878640776699029,0.9896116504854369,single,bald,diff_means,21,0.9878640776699029,0.0,,
mouth_slightly_open,0.5401265401265402,0.5433233433233433,single,bald,diff_means,21,0.527039627039627,0.013086913086913121,,
mustache,0.6838913148956818,0.7444606178230632,single,bald,diff_means,21,0.6675562024907002,0.016335112404981533,,
narrow_eyes,0.5492916174734357,0.531582054309327,single,bald,diff_means,21,0.545159386068477,0.004132231404958664,,
no_beard,0.6438471371863015,0.69750386866716,single,bald,diff_means,21,0.6408531252102536,0.0029940119760478723,,
oval_face,0.516156462585034,0.5832482993197278,single,bald,diff_means,21,0.5212585034013605,-0.005102040816326481,,
pale_skin,0.5073170731707317,0.6085365853658536,single,bald,diff_means,21,0.5032520325203252,0.004065040650406471,,
pointy_nose,0.5281288218507949,0.5218100285364861,single,bald,diff_means,21,0.5174616116320152,0.010667210218779699,,
receding_hairline,0.4784105131414268,0.5307415519399248,single,bald,diff_means,21,0.52049436795995,-0.04208385481852317,,
rosy_cheeks,0.6947818263607737,0.7728295096716149,single,bald,diff_means,21,0.6947818263607737,0.0,,
sideburns,0.6882183908045977,0.8020833333333334,single,bald,diff_means,21,0.694683908045977,-0.006465517241379337,,
smiling,0.7905780900670711,0.944873842222932,single,bald,diff_means,21,0.7955285851165761,-0.004950495049504955,,
straight_hair,0.46957123098201936,0.4827109266943292,single,bald,diff_means,21,0.4405255878284924,0.02904564315352698,,
wavy_hair,0.5550346514472075,0.5457263215110749,single,bald,diff_means,21,0.5791547764641934,-0.024120125016985905,,
wearing_earrings,0.7415254237288136,0.8614406779661017,single,bald,diff_means,21,0.735593220338983,0.0059322033898305815,,
wearing_hat,0.9366719660837308,0.96939586645469,single,bald,diff_means,21,0.9219660837307896,0.014705882352941235,,
wearing_lipstick,0.45919845485272814,0.4729599227426363,single,bald,diff_means,21,0.45062771607918883,0.00857073877353931,,
wearing_necklace,0.5535318730002461,0.6534580359340388,single,bald,diff_means,21,0.6017720895889737,-0.04824021658872757,,
wearing_necktie,0.610844892812106,0.6788566624632199,single,bald,diff_means,21,0.6159730979403111,-0.00512820512820511,,
young,0.8377168085777358,0.9255755282245348,single,bald,diff_means,21,0.8726900031535794,-0.03497319457584358,,
5_o_clock_shadow,0.5658514355157223,0.6054990126082334,single,bald,diff_means,22,0.5632690262798117,0.0025824092359105766,,
arched_eyebrows,0.5892857142857143,0.5973772321428571,single,bald,diff_means,22,0.6026785714285714,-0.013392857142857095,,
attractive,0.512766814337495,0.585581957309706,single,bald,diff_means,22,0.512766814337495,0.0,,
bags_under_eyes,0.511005291005291,0.5010934744268077,single,bald,diff_means,22,0.5171781305114639,-0.006172839506172867,,
bald,0.64453125,0.78472900390625,single,bald,diff_means,22,0.73828125,-0.09375,,
bangs,0.7448217951110281,0.8003358835603657,single,bald,diff_means,22,0.7534054860981526,-0.008583690987124526,,
big_lips,0.4087511890202473,0.4568555510259546,single,bald,diff_means,22,0.4087511890202473,0.0,,
big_nose,0.5818181818181818,0.641505968778696,single,bald,diff_means,22,0.5955004591368228,-0.013682277318641023,,
black_hair,0.6926691729323309,0.8447681704260651,single,bald,diff_means,22,0.6770050125313283,0.015664160401002603,,
blond_hair,0.9300411522633745,0.9616967394745173,single,bald,diff_means,22,0.9279835390946503,0.002057613168724215,,
blurry,0.7172131147540983,0.7400956284153006,single,bald,diff_means,22,0.7192622950819672,-0.002049180327868827,,
brown_hair,0.6752136752136753,0.85994560994561,single,bald,diff_means,22,0.6794871794871795,-0.004273504273504258,,
bushy_eyebrows,0.5235398623140128,0.5152120808349989,single,bald,diff_means,22,0.5391960914945592,-0.01565622918054632,,
chubby,0.5443164362519202,0.711520737327189,single,bald,diff_means,22,0.554147465437788,-0.009831029185867868,,
double_chin,0.5416666666666666,0.6525878906250001,single,bald,diff_means,22,0.5651041666666666,-0.0234375,,
eyeglasses,0.9110409045560359,0.9760558696375126,single,bald,diff_means,22,0.9294146990355836,-0.018373794479547678,,
goatee,0.7763645998940116,0.8656597774244833,single,bald,diff_means,22,0.766163222045575,0.010201377848436666,,
gray_hair,0.7823452341958729,0.8674527786876296,single,bald,diff_means,22,0.7772136696145868,0.005131564581286052,,
heavy_makeup,0.5494983277591974,0.5822742474916387,single,bald,diff_means,22,0.5255852842809364,0.023913043478260954,,
high_cheekbones,0.48660714285714285,0.42447916666666674,single,bald,diff_means,22,0.48660714285714285,0.0,,
male,0.9878640776699029,0.9890291262135922,single,bald,diff_means,22,0.9878640776699029,0.0,,
mouth_slightly_open,0.5513153513153513,0.523076923076923,single,bald,diff_means,22,0.527039627039627,0.02427572427572422,,
mustache,0.6817079087821446,0.7396086042374251,single,bald,diff_means,22,0.6675562024907002,0.014151706291444355,,
narrow_eyes,0.5678866587957497,0.5389610389610389,single,bald,diff_means,22,0.545159386068477,0.022727272727272707,,
no_beard,0.6378591132342057,0.6985130861871762,single,bald,diff_means,22,0.6408531252102536,-0.0029940119760478723,,
oval_face,0.5187074829931972,0.5945578231292517,single,bald,diff_means,22,0.5212585034013605,-0.0025510204081632404,,
pale_skin,0.5276422764227643,0.608130081300813,single,bald,diff_means,22,0.5032520325203252,0.024390243902439046,,
pointy_nose,0.5062508493001767,0.48661502921592614,single,bald,diff_means,22,0.5174616116320152,-0.011210762331838486,,
receding_hairline,0.4690237797246558,0.5126720901126408,single,bald,diff_means,22,0.52049436795995,-0.05147058823529416,,
rosy_cheeks,0.6846603688708952,0.7548358074673864,single,bald,diff_means,22,0.6947818263607737,-0.010121457489878471,,
sideburns,0.6860632183908046,0.8026221264367815,single,bald,diff_means,22,0.694683908045977,-0.008620689655172376,,
smiling,0.810380070265091,0.9485148514851486,single,bald,diff_means,22,0.7955285851165761,0.014851485148514865,,
straight_hair,0.4778699861687413,0.493222683264177,single,bald,diff_means,22,0.4405255878284924,0.03734439834024894,,
wavy_hair,0.567944014132355,0.529691534175839,single,bald,diff_means,22,0.5791547764641934,-0.011210762331838486,,
wearing_earrings,0.7766949152542373,0.850635593220339,single,bald,diff_means,22,0.735593220338983,0.04110169491525428,,
wearing_hat,0.9219660837307896,0.9456809750927399,single,bald,diff_means,22,0.9219660837307896,0.0,,
wearing_lipstick,0.45521487204249156,0.5042250120714631,single,bald,diff_means,22,0.45062771607918883,0.004587155963302725,,
wearing_necklace,0.536795471326606,0.6418902288949053,single,bald,diff_means,22,0.6017720895889737,-0.06497661826236767,,
wearing_necktie,0.5888188314417823,0.6648171500630516,single,bald,diff_means,22,0.6159730979403111,-0.027154266498528812,,
young,0.8263323872595396,0.8886155786818039,single,bald,diff_means,22,0.8726900031535794,-0.04635761589403975,,
5_o_clock_shadow,0.587877867233784,0.6094485796749203,single,bald,diff_means,23,0.5632690262798117,0.02460884095397231,,
arched_eyebrows,0.5870535714285714,0.5638950892857143,single,bald,diff_means,23,0.6026785714285714,-0.015625,,
attractive,0.512766814337495,0.5656866693515908,single,bald,diff_means,23,0.512766814337495,0.0,,
bags_under_eyes,0.5527336860670193,0.5252910052910053,single,bald,diff_means,23,0.5171781305114639,0.03555555555555545,,
bald,0.51171875,0.553466796875,single,bald,diff_means,23,0.73828125,-0.2265625,,
bangs,0.7016234372084345,0.7839149094980407,single,bald,diff_means,23,0.7534054860981526,-0.05178204888971816,,
big_lips,0.4087511890202473,0.45196358200842507,single,bald,diff_means,23,0.4087511890202473,0.0,,
big_nose,0.5541781450872361,0.6277930823385369,single,bald,diff_means,23,0.5955004591368228,-0.04132231404958675,,
black_hair,0.7265037593984962,0.8032581453634086,single,bald,diff_means,23,0.6770050125313283,0.04949874686716793,,
blond_hair,0.9279835390946503,0.9597974042418487,single,bald,diff_means,23,0.9279835390946503,0.0,,
blurry,0.7151639344262295,0.7366803278688525,single,bald,diff_means,23,0.7192622950819672,-0.004098360655737654,,
brown_hair,0.6452991452991453,0.8269230769230769,single,bald,diff_means,23,0.6794871794871795,-0.03418803418803418,,
bushy_eyebrows,0.5235398623140128,0.5094381523428825,single,bald,diff_means,23,0.5391960914945592,-0.01565622918054632,,
chubby,0.587173579109063,0.7215053763440861,single,bald,diff_means,23,0.554147465437788,0.03302611367127495,,
double_chin,0.5390625,0.6464029947916667,single,bald,diff_means,23,0.5651041666666666,-0.02604166666666663,,
eyeglasses,0.9113734619221816,0.976970402394413,single,bald,diff_means,23,0.9294146990355836,-0.018041237113401998,,
goatee,0.8000794912559619,0.8767885532591415,single,bald,diff_means,23,0.766163222045575,0.03391626921038693,,
gray_hair,0.7338137351239218,0.7898242166175347,single,bald,diff_means,23,0.7772136696145868,-0.04339993449066504,,
heavy_makeup,0.5408026755852843,0.5849498327759197,single,bald,diff_means,23,0.5255852842809364,0.01521739130434785,,
high_cheekbones,0.48660714285714285,0.4191468253968254,single,bald,diff_means,23,0.48660714285714285,0.0,,
male,0.8737864077669903,0.9822330097087378,single,bald,diff_means,23,0.9878640776699029,-0.11407766990291257,,
mouth_slightly_open,0.5312354312354313,0.4763902763902765,single,bald,diff_means,23,0.527039627039627,0.004195804195804231,,
mustache,0.6860747210092188,0.7331392527899078,single,bald,diff_means,23,0.6675562024907002,0.0185185185185186,,
narrow_eyes,0.6325265643447462,0.5348288075560803,single,bald,diff_means,23,0.545159386068477,0.08736717827626916,,
no_beard,0.6670591401466729,0.7052412029872839,single,bald,diff_means,23,0.6408531252102536,0.026206014936419275,,
oval_face,0.5129251700680272,0.5738945578231293,single,bald,diff_means,23,0.5212585034013605,-0.008333333333333304,,
pale_skin,0.5296747967479675,0.6313008130081301,single,bald,diff_means,23,0.5032520325203252,0.026422764227642226,,
pointy_nose,0.5017665443674413,0.42696018480771847,single,bald,diff_means,23,0.5174616116320152,-0.015695067264573925,,
receding_hairline,0.4328848560700876,0.4370306633291614,single,bald,diff_means,23,0.52049436795995,-0.08760951188986238,,
rosy_cheeks,0.6502474134053082,0.6824111560953666,single,bald,diff_means,23,0.6947818263607737,-0.04453441295546545,,
sideburns,0.6716954022988506,0.7864583333333334,single,bald,diff_means,23,0.694683908045977,-0.02298850574712641,,
smiling,0.7955285851165761,0.9451293516448418,single,bald,diff_means,23,0.7955285851165761,0.0,,
straight_hair,0.5027662517289073,0.5394190871369295,single,bald,diff_means,23,0.4405255878284924,0.06224066390041494,,
wavy_hair,0.5505503465144721,0.467454817230602,single,bald,diff_means,23,0.5791547764641934,-0.028604429949721344,,
wearing_earrings,0.676271186440678,0.7868644067796611,single,bald,diff_means,23,0.735593220338983,-0.05932203389830504,,
wearing_hat,0.87241653418124,0.9105723370429254,single,bald,diff_means,23,0.9219660837307896,-0.0495495495495496,,
wearing_lipstick,0.45521487204249156,0.4891356832448092,single,bald,diff_means,23,0.45062771607918883,0.004587155963302725,,
wearing_necklace,0.5116908688161457,0.5946345065222742,single,bald,diff_means,23,0.6017720895889737,-0.09008122077282799,,
wearing_necktie,0.6164775115594787,0.6797814207650273,single,bald,diff_means,23,0.6159730979403111,0.0005044136191676429,,
young,0.7315357931251971,0.782087669504888,single,bald,diff_means,23,0.8726900031535794,-0.14115421002838224,,
5_o_clock_shadow,0.5632690262798117,0.5793711073978429,single,bald,lr,0,0.5632690262798117,0.0,,
arched_eyebrows,0.609375,0.6194196428571429,single,bald,lr,0,0.6026785714285714,0.006696428571428603,,
attractive,0.512766814337495,0.6458316552557392,single,bald,lr,0,0.512766814337495,0.0,,
bags_under_eyes,0.5171781305114639,0.5039153439153439,single,bald,lr,0,0.5171781305114639,0.0,,
bald,0.73046875,0.85516357421875,single,bald,lr,0,0.73828125,-0.0078125,,
bangs,0.7512595633513715,0.8074267587236424,single,bald,lr,0,0.7534054860981526,-0.0021459227467811592,,
big_lips,0.4087511890202473,0.44924582144313085,single,bald,lr,0,0.4087511890202473,0.0,,
big_nose,0.5955004591368228,0.6613406795224978,single,bald,lr,0,0.5955004591368228,0.0,,
black_hair,0.6791979949874687,0.8602756892230576,single,bald,lr,0,0.6770050125313283,0.002192982456140413,,
blond_hair,0.9279835390946503,0.956315289648623,single,bald,lr,0,0.9279835390946503,0.0,,
blurry,0.7233606557377049,0.7353142076502732,single,bald,lr,0,0.7192622950819672,0.004098360655737765,,
brown_hair,0.6773504273504274,0.864024864024864,single,bald,lr,0,0.6794871794871795,-0.002136752136752129,,
bushy_eyebrows,0.5391960914945592,0.5047745947146347,single,bald,lr,0,0.5391960914945592,0.0,,
chubby,0.5568356374807988,0.7105222734254993,single,bald,lr,0,0.554147465437788,0.0026881720430107503,,
double_chin,0.5677083333333334,0.6719563802083334,single,bald,lr,0,0.5651041666666666,0.0026041666666667407,,
eyeglasses,0.9294146990355836,0.974975058197539,single,bald,lr,0,0.9294146990355836,0.0,,
goatee,0.766163222045575,0.8608903020667726,single,bald,lr,0,0.766163222045575,0.0,,
gray_hair,0.7795610874549623,0.878589365651272,single,bald,lr,0,0.7772136696145868,0.0023474178403755097,,
heavy_makeup,0.5321070234113713,0.56438127090301,single,bald,lr,0,0.5255852842809364,0.006521739130434856,,
high_cheekbones,0.49355158730158727,0.41443452380952384,single,bald,lr,0,0.48660714285714285,0.00694444444444442,,
male,0.9878640776699029,0.9892233009708739,single,bald,lr,0,0.9878640776699029,0.0,,
mouth_slightly_open,0.5215451215451216,0.5459207459207459,single,bald,lr,0,0.527039627039627,-0.005494505494505475,,
mustache,0.6675562024907002,0.7334627203622837,single,bald,lr,0,0.6675562024907002,0.0,,
narrow_eyes,0.545159386068477,0.5377804014167651,single,bald,lr,0,0.545159386068477,0.0,,
no_beard,0.6408531252102536,0.6960909641391375,single,bald,lr,0,0.6408531252102536,0.0,,
oval_face,0.5212585034013605,0.5768707482993197,single,bald,lr,0,0.5212585034013605,0.0,,
pale_skin,0.5032520325203252,0.6048780487804878,single,bald,lr,0,0.5032520325203252,0.0,,
pointy_nose,0.5197037640983829,0.5419214567196631,single,bald,lr,0,0.5174616116320152,0.0022421524663677195,,
receding_hairline,0.52049436795995,0.5516270337922403,single,bald,lr,0,0.52049436795995,0.0,,
rosy_cheeks,0.6947818263607737,0.7755285650022492,single,bald,lr,0,0.6947818263607737,0.0,,
sideburns,0.6968390804597702,0.7959770114942529,single,bald,lr,0,0.694683908045977,0.0021551724137931494,,
smiling,0.7955285851165761,0.9464707761098691,single,bald,lr,0,0.7955285851165761,0.0,,
straight_hair,0.4426002766251729,0.4464730290456432,single,bald,lr,0,0.4405255878284924,0.0020746887966804906,,
wavy_hair,0.5791547764641934,0.585541513792635,single,bald,lr,0,0.5791547764641934,0.0,,
wearing_earrings,0.7334745762711864,0.8542372881355933,single,bald,lr,0,0.735593220338983,-0.0021186440677966045,,
wearing_hat,0.9219660837307896,0.9809220985691574,single,bald,lr,0,0.9219660837307896,0.0,,
wearing_lipstick,0.45062771607918883,0.48853211009174313,single,bald,lr,0,0.45062771607918883,0.0,,
wearing_necklace,0.5996800393797687,0.6573960127984247,single,bald,lr,0,0.6017720895889737,-0.0020920502092049986,,
wearing_necktie,0.610844892812106,0.6631357713324927,single,bald,lr,0,0.6159730979403111,-0.00512820512820511,,
young,0.8774519079154841,0.948155156102176,single,bald,lr,0,0.8726900031535794,0.004761904761904745,,
5_o_clock_shadow,0.5610663831080055,0.580130639526052,single,bald,lr,1,0.5632690262798117,-0.0022026431718061845,,
arched_eyebrows,0.6049107142857143,0.6188616071428572,single,bald,lr,1,0.6026785714285714,0.0022321428571429047,,
attractive,0.512766814337495,0.6463149416028998,single,bald,lr,1,0.512766814337495,0.0,,
bags_under_eyes,0.5048324514991182,0.5027865961199295,single,bald,lr,1,0.5171781305114639,-0.012345679012345734,,
bald,0.73828125,0.855712890625,single,bald,lr,1,0.73828125,0.0,,
bangs,0.7534054860981526,0.8077999626796045,single,bald,lr,1,0.7534054860981526,0.0,,
big_lips,0.4087511890202473,0.44992526158445445,single,bald,lr,1,0.4087511890202473,0.0,,
big_nose,0.5955004591368228,0.6606672788490972,single,bald,lr,1,0.5955004591368228,0.0,,
black_hair,0.6791979949874687,0.8602756892230576,single,bald,lr,1,0.6770050125313283,0.002192982456140413,,
blond_hair,0.9279835390946503,0.9563152896486229,single,bald,lr,1,0.9279835390946503,0.0,,
blurry,0.7233606557377049,0.7346311475409837,single,bald,lr,1,0.7192622950819672,0.004098360655737765,,
brown_hair,0.6816239316239316,0.8632478632478633,single,bald,lr,1,0.6794871794871795,0.002136752136752129,,
bushy_eyebrows,0.5391960914945592,0.5058849655785032,single,bald,lr,1,0.5391960914945592,0.0,,
chubby,0.5612903225806452,0.7102150537634409,single,bald,lr,1,0.554147465437788,0.0071428571428571175,,
double_chin,0.5651041666666666,0.6720377604166667,single,bald,lr,1,0.5651041666666666,0.0,,
eyeglasses,0.9294146990355836,0.9754738942467575,single,bald,lr,1,0.9294146990355836,0.0,,
goatee,0.766163222045575,0.8614202437731849,single,bald,lr,1,0.766163222045575,0.0,,
gray_hair,0.7795610874549623,0.8767332678239983,single,bald,lr,1,0.7772136696145868,0.0023474178403755097,,
heavy_makeup,0.5277591973244147,0.5633779264214046,single,bald,lr,1,0.5255852842809364,0.0021739130434782483,,
high_cheekbones,0.47966269841269843,0.41635664682539686,single,bald,lr,1,0.48660714285714285,-0.00694444444444442,,
male,0.9878640776699029,0.9893203883495146,single,bald,lr,1,0.9878640776699029,0.0,,
mouth_slightly_open,0.527039627039627,0.545054945054945,single,bald,lr,1,0.527039627039627,0.0,,
mustache,0.6675562024907002,0.7344331230794113,single,bald,lr,1,0.6675562024907002,0.0,,
narrow_eyes,0.5472255017709563,0.5386658795749705,single,bald,lr,1,0.545159386068477,0.0020661157024792765,,
no_beard,0.6408531252102536,0.6962928076431407,single,bald,lr,1,0.6408531252102536,0.0,,
oval_face,0.5212585034013605,0.5766156462585035,single,bald,lr,1,0.5212585034013605,0.0,,
pale_skin,0.5032520325203252,0.6052845528455284,single,bald,lr,1,0.5032520325203252,0.0,,
pointy_nose,0.5500067944014132,0.5404266884087512,single,bald,lr,1,0.5174616116320152,0.032545182769397996,,
receding_hairline,0.523153942428035,0.5528003754693367,single,bald,lr,1,0.52049436795995,0.0026595744680850686,,
rosy_cheeks,0.6947818263607737,0.7746288798920378,single,bald,lr,1,0.6947818263607737,0.0,,
sideburns,0.6968390804597702,0.7959770114942528,single,bald,lr,1,0.694683908045977,0.0021551724137931494,,
smiling,0.800479080166081,0.9465346534653465,single,bald,lr,1,0.7955285851165761,0.004950495049504955,,
straight_hair,0.4426002766251729,0.4475795297372061,single,bald,lr,1,0.4405255878284924,0.0020746887966804906,,
wavy_hair,0.5791547764641934,0.5835031933686643,single,bald,lr,1,0.5791547764641934,0.0,,
wearing_earrings,0.7334745762711864,0.8550847457627119,single,bald,lr,1,0.735593220338983,-0.0021186440677966045,,
wearing_hat,0.9219660837307896,0.9813195548489666,single,bald,lr,1,0.9219660837307896,0.0,,
wearing_lipstick,0.4529212940608402,0.4892563978754225,single,bald,lr,1,0.45062771607918883,0.0022935779816513624,,
wearing_necklace,0.6038641397981788,0.6569037656903765,single,bald,lr,1,0.6017720895889737,0.0020920502092051096,,
wearing_necktie,0.6185372005044136,0.6625472887767969,single,bald,lr,1,0.6159730979403111,0.002564102564102555,,
young,0.8726900031535794,0.9484074424471776,single,bald,lr,1,0.8726900031535794,0.0,,
5_o_clock_shadow,0.5632690262798117,0.5804344523773356,single,bald,lr,2,0.5632690262798117,0.0,,
arched_eyebrows,0.6071428571428572,0.6213727678571429,single,bald,lr,2,0.6026785714285714,0.0044642857142858094,,
attractive,0.512766814337495,0.6451067257349979,single,bald,lr,2,0.512766814337495,0.0,,
bags_under_eyes,0.511005291005291,0.5041975308641975,single,bald,lr,2,0.5171781305114639,-0.006172839506172867,,
bald,0.73828125,0.85504150390625,single,bald,lr,2,0.73828125,0.0,,
bangs,0.7512595633513715,0.8076133607016234,single,bald,lr,2,0.7534054860981526,-0.0021459227467811592,,
big_lips,0.4087511890202473,0.4481587172170132,single,bald,lr,2,0.4087511890202473,0.0,,
big_nose,0.5955004591368228,0.6628711355984084,single,bald,lr,2,0.5955004591368228,0.0,,
black_hair,0.6791979949874687,0.8605889724310777,single,bald,lr,2,0.6770050125313283,0.002192982456140413,,
blond_hair,0.9279835390946503,0.9563152896486229,single,bald,lr,2,0.9279835390946503,0.0,,
blurry,0.7213114754098361,0.7363387978142076,single,bald,lr,2,0.7192622950819672,0.002049180327868938,,
brown_hair,0.6794871794871795,0.8665501165501166,single,bald,lr,2,0.6794871794871795,0.0,,
bushy_eyebrows,0.5391960914945592,0.5065511880968243,single,bald,lr,2,0.5391960914945592,0.0,,
chubby,0.5612903225806452,0.7105222734254992,single,bald,lr,2,0.554147465437788,0.0071428571428571175,,
double_chin,0.5651041666666666,0.6715494791666666,single,bald,lr,2,0.5651041666666666,0.0,,
eyeglasses,0.9319920186232125,0.9742268041237113,single,bald,lr,2,0.9294146990355836,0.002577319587628857,,
goatee,0.7639109697933227,0.8616852146263911,single,bald,lr,2,0.766163222045575,-0.0022522522522522292,,
gray_hair,0.7772136696145868,0.8773883611748008,single,bald,lr,2,0.7772136696145868,0.0,,
heavy_makeup,0.5277591973244147,0.5627090301003345,single,bald,lr,2,0.5255852842809364,0.0021739130434782483,,
high_cheekbones,0.48313492063492064,0.41412450396825395,single,bald,lr,2,0.48660714285714285,-0.00347222222222221,,
male,0.9878640776699029,0.9893203883495146,single,bald,lr,2,0.9878640776699029,0.0,,
mouth_slightly_open,0.527039627039627,0.5474525474525475,single,bald,lr,2,0.527039627039627,0.0,,
mustache,0.6675562024907002,0.7354035257965388,single,bald,lr,2,0.6675562024907002,0.0,,
narrow_eyes,0.545159386068477,0.538370720188902,single,bald,lr,2,0.545159386068477,0.0,,
no_beard,0.6408531252102536,0.6963600888111418,single,bald,lr,2,0.6408531252102536,0.0,,
oval_face,0.5212585034013605,0.5775510204081633,single,bald,lr,2,0.5212585034013605,0.0,,
pale_skin,0.5032520325203252,0.608130081300813,single,bald,lr,2,0.5032520325203252,0.0,,
pointy_nose,0.5174616116320152,0.542872672917516,single,bald,lr,2,0.5174616116320152,0.0,,
receding_hairline,0.52049436795995,0.5512359198998749,single,bald,lr,2,0.52049436795995,0.0,,
rosy_cheeks,0.6947818263607737,0.7777777777777778,single,bald,lr,2,0.6947818263607737,0.0,,
sideburns,0.694683908045977,0.7963362068965517,single,bald,lr,2,0.694683908045977,0.0,,
smiling,0.7955285851165761,0.946343021398914,single,bald,lr,2,0.7955285851165761,0.0,,
straight_hair,0.4405255878284924,0.4473029045643153,single,bald,lr,2,0.4405255878284924,0.0,,
wavy_hair,0.5640032613126783,0.5828237532273407,single,bald,lr,2,0.5791547764641934,-0.015151515151515138,,
wearing_earrings,0.7334745762711864,0.8550847457627119,single,bald,lr,2,0.735593220338983,-0.0021186440677966045,,
wearing_hat,0.9219660837307896,0.9806571277159513,single,bald,lr,2,0.9219660837307896,0.0,,
wearing_lipstick,0.4529212940608402,0.48985997102848866,single,bald,lr,2,0.45062771607918883,0.0022935779816513624,,
wearing_necklace,0.6038641397981788,0.6573960127984247,single,bald,lr,2,0.6017720895889737,0.0020920502092051096,,
wearing_necktie,0.6052122740647331,0.660865910046238,single,bald,lr,2,0.6159730979403111,-0.010760823875577974,,
young,0.8726900031535794,0.9482812992746767,single,bald,lr,2,0.8726900031535794,0.0,,
5_o_clock_shadow,0.5654716694516178,0.5827130487619627,single,bald,lr,3,0.5632690262798117,0.0022026431718060735,,
arched_eyebrows,0.5892857142857143,0.6173270089285715,single,bald,lr,3,0.6026785714285714,-0.013392857142857095,,
attractive,0.512766814337495,0.6459927507047927,single,bald,lr,3,0.512766814337495,0.0,,
bags_under_eyes,0.5171781305114639,0.5015873015873016,single,bald,lr,3,0.5171781305114639,0.0,,
bald,0.73046875,0.85565185546875,single,bald,lr,3,0.73828125,-0.0078125,,
bangs,0.7512595633513715,0.8081731666355664,single,bald,lr,3,0.7534054860981526,-0.0021459227467811592,,
big_lips,0.4087511890202473,0.45087647778230744,single,bald,lr,3,0.4087511890202473,0.0,,
big_nose,0.5955004591368228,0.6624426078971533,single,bald,lr,3,0.5955004591368228,0.0,,
black_hair,0.6791979949874687,0.8610588972431078,single,bald,lr,3,0.6770050125313283,0.002192982456140413,,
blond_hair,0.9279835390946503,0.9569484013928458,single,bald,lr,3,0.9279835390946503,0.0,,
blurry,0.7213114754098361,0.7387295081967213,single,bald,lr,3,0.7192622950819672,0.002049180327868938,,
brown_hair,0.6816239316239316,0.8644133644133644,single,bald,lr,3,0.6794871794871795,0.002136752136752129,,
bushy_eyebrows,0.5391960914945592,0.5069953364423718,single,bald,lr,3,0.5391960914945592,0.0,,
chubby,0.5612903225806452,0.7108294930875576,single,bald,lr,3,0.554147465437788,0.0071428571428571175,,
double_chin,0.5677083333333334,0.6710611979166666,single,bald,lr,3,0.5651041666666666,0.0026041666666667407,,
eyeglasses,0.9294146990355836,0.9747256401729298,single,bald,lr,3,0.9294146990355836,0.0,,
goatee,0.7684154742978273,0.8619501854795972,single,bald,lr,3,0.766163222045575,0.0022522522522523403,,
gray_hair,0.7772136696145868,0.8765149033737307,single,bald,lr,3,0.7772136696145868,0.0,,
heavy_makeup,0.5321070234113713,0.5627090301003345,single,bald,lr,3,0.5255852842809364,0.006521739130434856,,
high_cheekbones,0.48660714285714285,0.4148685515873016,single,bald,lr,3,0.48660714285714285,0.0,,
male,0.9878640776699029,0.9892233009708739,single,bald,lr,3,0.9878640776699029,0.0,,
mouth_slightly_open,0.527039627039627,0.5460539460539461,single,bald,lr,3,0.527039627039627,0.0,,
mustache,0.6675562024907002,0.735241792010351,single,bald,lr,3,0.6675562024907002,0.0,,
narrow_eyes,0.5430932703659976,0.5377804014167651,single,bald,lr,3,0.545159386068477,-0.0020661157024793875,,
no_beard,0.6408531252102536,0.6968983381551503,single,bald,lr,3,0.6408531252102536,0.0,,
oval_face,0.5212585034013605,0.5742346938775511,single,bald,lr,3,0.5212585034013605,0.0,,
pale_skin,0.5032520325203252,0.6032520325203252,single,bald,lr,3,0.5032520325203252,0.0,,
pointy_nose,0.5348552792498981,0.5421932327761925,single,bald,lr,3,0.5174616116320152,0.017393667617882858,,
receding_hairline,0.52049436795995,0.5514705882352942,single,bald,lr,3,0.52049436795995,0.0,,
rosy_cheeks,0.6947818263607737,0.7755285650022492,single,bald,lr,3,0.6947818263607737,0.0,,
sideburns,0.694683908045977,0.799030172413793,single,bald,lr,3,0.694683908045977,0.0,,
smiling,0.7955285851165761,0.946343021398914,single,bald,lr,3,0.7955285851165761,0.0,,
straight_hair,0.4405255878284924,0.4461964038727524,single,bald,lr,3,0.4405255878284924,0.0,,
wavy_hair,0.5791547764641934,0.5825519771708112,single,bald,lr,3,0.5791547764641934,0.0,,
wearing_earrings,0.7063559322033899,0.8552966101694915,single,bald,lr,3,0.735593220338983,-0.02923728813559312,,
wearing_hat,0.9219660837307896,0.9805246422893482,single,bald,lr,3,0.9219660837307896,0.0,,
wearing_lipstick,0.4529212940608402,0.48816996619990344,single,bald,lr,3,0.45062771607918883,0.0022935779816513624,,
wearing_necklace,0.6059561900073838,0.6561653950283042,single,bald,lr,3,0.6017720895889737,0.004184100418410108,,
wearing_necktie,0.610844892812106,0.6617065994115174,single,bald,lr,3,0.6159730979403111,-0.00512820512820511,,
young,0.8726900031535794,0.9483443708609272,single,bald,lr,3,0.8726900031535794,0.0,,
5_o_clock_shadow,0.5588637399361993,0.5802825459516937,single,bald,lr,4,0.5632690262798117,-0.004405286343612369,,
arched_eyebrows,0.6026785714285714,0.6224888392857143,single,bald,lr,4,0.6026785714285714,0.0,,
attractive,0.512766814337495,0.6456705598066855,single,bald,lr,4,0.512766814337495,0.0,,
bags_under_eyes,0.4953439153439153,0.502363315696649,single,bald,lr,4,0.5171781305114639,-0.021834215167548576,,
bald,0.73046875,0.85455322265625,single,bald,lr,4,0.73828125,-0.0078125,,
bangs,0.7512595633513715,0.8072401567456615,single,bald,lr,4,0.7534054860981526,-0.0021459227467811592,,
big_lips,0.41099334148661504,0.449653485527925,single,bald,lr,4,0.4087511890202473,0.0022421524663677195,,
big_nose,0.5955004591368228,0.6618916437098256,single,bald,lr,4,0.5955004591368228,0.0,,
black_hair,0.6770050125313283,0.8607456140350878,single,bald,lr,4,0.6770050125313283,0.0,,
blond_hair,0.9279835390946503,0.9566318455207343,single,bald,lr,4,0.9279835390946503,0.0,,
blurry,0.7192622950819672,0.7339480874316939,single,bald,lr,4,0.7192622950819672,0.0,,
brown_hair,0.6858974358974359,0.8657731157731158,single,bald,lr,4,0.6794871794871795,0.0064102564102563875,,
bushy_eyebrows,0.537086386853209,0.5092160781701088,single,bald,lr,4,0.5391960914945592,-0.002109704641350185,,
chubby,0.5639784946236559,0.7097542242703533,single,bald,lr,4,0.554147465437788,0.009831029185867868,,
double_chin,0.5625,0.6724446614583334,single,bald,lr,4,0.5651041666666666,-0.0026041666666666297,,
eyeglasses,0.9319920186232125,0.9741436647821748,single,bald,lr,4,0.9294146990355836,0.002577319587628857,,
goatee,0.766163222045575,0.8635400105988341,single,bald,lr,4,0.766163222045575,0.0,,
gray_hair,0.7795610874549623,0.877715907850202,single,bald,lr,4,0.7772136696145868,0.0023474178403755097,,
heavy_makeup,0.5277591973244147,0.5675585284280937,single,bald,lr,4,0.5255852842809364,0.0021739130434782483,,
high_cheekbones,0.48313492063492064,0.41511656746031744,single,bald,lr,4,0.48660714285714285,-0.00347222222222221,,
male,0.9878640776699029,0.9891262135922331,single,bald,lr,4,0.9878640776699029,0.0,,
mouth_slightly_open,0.5215451215451216,0.5463869463869464,single,bald,lr,4,0.527039627039627,-0.005494505494505475,,
mustache,0.6697396086042374,0.7386382015202976,single,bald,lr,4,0.6675562024907002,0.0021834061135371785,,
narrow_eyes,0.5410271546635184,0.5365997638724912,single,bald,lr,4,0.545159386068477,-0.004132231404958664,,
no_beard,0.6408531252102536,0.6971001816591536,single,bald,lr,4,0.6408531252102536,0.0,,
oval_face,0.5212585034013605,0.5759353741496598,single,bald,lr,4,0.5212585034013605,0.0,,
pale_skin,0.49918699186991866,0.6024390243902439,single,bald,lr,4,0.5032520325203252,-0.004065040650406582,,
pointy_nose,0.5477646419350455,0.5421932327761925,single,bald,lr,4,0.5174616116320152,0.030303030303030276,,
receding_hairline,0.52049436795995,0.5509230287859824,single,bald,lr,4,0.52049436795995,0.0,,
rosy_cheeks,0.6947818263607737,0.7737291947818263,single,bald,lr,4,0.6947818263607737,0.0,,
sideburns,0.6738505747126436,0.7936422413793104,single,bald,lr,4,0.694683908045977,-0.02083333333333337,,
smiling,0.7955285851165761,0.9476205685084638,single,bald,lr,4,0.7955285851165761,0.0,,
straight_hair,0.4426002766251729,0.4517289073305671,single,bald,lr,4,0.4405255878284924,0.0020746887966804906,,
wavy_hair,0.5791547764641934,0.5870362821035466,single,bald,lr,4,0.5791547764641934,0.0,,
wearing_earrings,0.7148305084745763,0.8531779661016949,single,bald,lr,4,0.735593220338983,-0.020762711864406702,,
wearing_hat,0.9219660837307896,0.9811870694223637,single,bald,lr,4,0.9219660837307896,0.0,,
wearing_lipstick,0.45521487204249156,0.4880492515692902,single,bald,lr,4,0.45062771607918883,0.004587155963302725,,
wearing_necklace,0.6017720895889737,0.6573960127984249,single,bald,lr,4,0.6017720895889737,0.0,,
wearing_necktie,0.6103404791929382,0.6612862547288776,single,bald,lr,4,0.6159730979403111,-0.005632618747372864,,
young,0.8774519079154841,0.948470514033428,single,bald,lr,4,0.8726900031535794,0.004761904761904745,,
5_o_clock_shadow,0.5372170742822422,0.5740543825003797,single,bald,lr,5,0.5632690262798117,-0.02605195199756949,,
arched_eyebrows,0.6026785714285714,0.6240234375,single,bald,lr,5,0.6026785714285714,0.0,,
attractive,0.512766814337495,0.6468787756745872,single,bald,lr,5,0.512766814337495,0.0,,
bags_under_eyes,0.5072310405643738,0.5027865961199295,single,bald,lr,5,0.5171781305114639,-0.009947089947090038,,
bald,0.73046875,0.852783203125,single,bald,lr,5,0.73828125,-0.0078125,,
bangs,0.7512595633513715,0.8066803508117186,single,bald,lr,5,0.7534054860981526,-0.0021459227467811592,,
big_lips,0.41099334148661504,0.449653485527925,single,bald,lr,5,0.4087511890202473,0.0022421524663677195,,
big_nose,0.6029078665442302,0.6642791551882461,single,bald,lr,5,0.5955004591368228,0.007407407407407418,,
black_hair,0.6770050125313283,0.8598057644110276,single,bald,lr,5,0.6770050125313283,0.0,,
blond_hair,0.9279835390946503,0.9553656220322887,single,bald,lr,5,0.9279835390946503,0.0,,
blurry,0.7192622950819672,0.7298497267759563,single,bald,lr,5,0.7192622950819672,0.0,,
brown_hair,0.6901709401709402,0.8661616161616161,single,bald,lr,5,0.6794871794871795,0.010683760683760646,,
bushy_eyebrows,0.5349766822118587,0.5132134132800356,single,bald,lr,5,0.5391960914945592,-0.0042194092827004814,,
chubby,0.5639784946236559,0.7115975422427036,single,bald,lr,5,0.554147465437788,0.009831029185867868,,
double_chin,0.5677083333333334,0.674072265625,single,bald,lr,5,0.5651041666666666,0.0026041666666667407,,
eyeglasses,0.9345693382108413,0.9738111074160293,single,bald,lr,5,0.9294146990355836,0.005154639175257714,,
goatee,0.7684154742978273,0.8631425543190249,single,bald,lr,5,0.766163222045575,0.0022522522522523403,,
gray_hair,0.7725188339338356,0.8767332678239983,single,bald,lr,5,0.7772136696145868,-0.0046948356807512415,,
heavy_makeup,0.5277591973244147,0.5680602006688963,single,bald,lr,5,0.5255852842809364,0.0021739130434782483,,
high_cheekbones,0.48313492063492064,0.4144965277777778,single,bald,lr,5,0.48660714285714285,-0.00347222222222221,,
male,0.9878640776699029,0.9893203883495146,single,bald,lr,5,0.9878640776699029,0.0,,
mouth_slightly_open,0.5185148185148185,0.5461871461871461,single,bald,lr,5,0.527039627039627,-0.008524808524808525,,
mustache,0.6675562024907002,0.740093805595989,single,bald,lr,5,0.6675562024907002,0.0,,
narrow_eyes,0.5348288075560803,0.5321723730814639,single,bald,lr,5,0.545159386068477,-0.010330578512396715,,
no_beard,0.6408531252102536,0.6962928076431406,single,bald,lr,5,0.6408531252102536,0.0,,
oval_face,0.5187074829931972,0.5814625850340136,single,bald,lr,5,0.5212585034013605,-0.0025510204081632404,,
pale_skin,0.49918699186991866,0.5914634146341464,single,bald,lr,5,0.5032520325203252,-0.004065040650406582,,
pointy_nose,0.5348552792498981,0.5374371517869276,single,bald,lr,5,0.5174616116320152,0.017393667617882858,,
receding_hairline,0.5158010012515645,0.5506101376720902,single,bald,lr,5,0.52049436795995,-0.0046933667083854935,,
rosy_cheeks,0.6947818263607737,0.7759784075573549,single,bald,lr,5,0.6947818263607737,0.0,,
sideburns,0.6738505747126436,0.7940014367816092,single,bald,lr,5,0.694683908045977,-0.02083333333333337,,
smiling,0.805429575215586,0.9460236346215266,single,bald,lr,5,0.7955285851165761,0.00990099009900991,,
straight_hair,0.4529737206085753,0.4508990318118949,single,bald,lr,5,0.4405255878284924,0.012448132780082943,,
wavy_hair,0.5746704715314581,0.5841826335099878,single,bald,lr,5,0.5791547764641934,-0.004484304932735328,,
wearing_earrings,0.7211864406779661,0.8567796610169492,single,bald,lr,5,0.735593220338983,-0.014406779661016889,,
wearing_hat,0.9366719660837308,0.9799947005829359,single,bald,lr,5,0.9219660837307896,0.014705882352941235,,
wearing_lipstick,0.4660791887976823,0.49336069531627225,single,bald,lr,5,0.45062771607918883,0.015451472718493453,,
wearing_necklace,0.6017720895889737,0.664041348757076,single,bald,lr,5,0.6017720895889737,0.0,,
wearing_necktie,0.6098360655737705,0.6562421185372005,single,bald,lr,5,0.6159730979403111,-0.006137032366540618,,
young,0.8822138126773889,0.9489750867234311,single,bald,lr,5,0.8726900031535794,0.00952380952380949,,
5_o_clock_shadow,0.5588637399361993,0.5790672945465593,single,bald,lr,6,0.5632690262798117,-0.004405286343612369,,
arched_eyebrows,0.6026785714285714,0.623046875,single,bald,lr,6,0.6026785714285714,0.0,,
attractive,0.512766814337495,0.6463954893274265,single,bald,lr,6,0.512766814337495,0.0,,
bags_under_eyes,0.49248677248677253,0.5031393298059964,single,bald,lr,6,0.5171781305114639,-0.024691358024691357,,
bald,0.734375,0.8538818359375,single,bald,lr,6,0.73828125,-0.00390625,,
bangs,0.7534054860981526,0.8083597686135473,single,bald,lr,6,0.7534054860981526,0.0,,
big_lips,0.4087511890202473,0.4525071341214839,single,bald,lr,6,0.4087511890202473,0.0,,
big_nose,0.5955004591368228,0.6624426078971533,single,bald,lr,6,0.5955004591368228,0.0,,
black_hair,0.6791979949874687,0.8602756892230576,single,bald,lr,6,0.6770050125313283,0.002192982456140413,,
blond_hair,0.9259259259259259,0.9569484013928458,single,bald,lr,6,0.9279835390946503,-0.002057613168724326,,
blurry,0.7192622950819672,0.735655737704918,single,bald,lr,6,0.7192622950819672,0.0,,
brown_hair,0.6837606837606838,0.8653846153846154,single,bald,lr,6,0.6794871794871795,0.004273504273504258,,
bushy_eyebrows,0.5349766822118587,0.5103264490339773,single,bald,lr,6,0.5391960914945592,-0.0042194092827004814,,
chubby,0.5639784946236559,0.7107526881720431,single,bald,lr,6,0.554147465437788,0.009831029185867868,,
double_chin,0.5651041666666666,0.673583984375,single,bald,lr,6,0.5651041666666666,0.0,,
eyeglasses,0.9294146990355836,0.9752244762221484,single,bald,lr,6,0.9294146990355836,0.0,,
goatee,0.7684154742978273,0.8623476417594065,single,bald,lr,6,0.766163222045575,0.0022522522522523403,,
gray_hair,0.7772136696145868,0.876842450049132,single,bald,lr,6,0.7772136696145868,0.0,,
heavy_makeup,0.5277591973244147,0.5653846153846154,single,bald,lr,6,0.5255852842809364,0.0021739130434782483,,
high_cheekbones,0.48660714285714285,0.41536458333333337,single,bald,lr,6,0.48660714285714285,0.0,,
male,0.9878640776699029,0.9894174757281554,single,bald,lr,6,0.9878640776699029,0.0,,
mouth_slightly_open,0.5185148185148185,0.5451881451881452,single,bald,lr,6,0.527039627039627,-0.008524808524808525,,
mustache,0.6675562024907002,0.7376677988031699,single,bald,lr,6,0.6675562024907002,0.0,,
narrow_eyes,0.538961038961039,0.5339433293978748,single,bald,lr,6,0.545159386068477,-0.006198347107438051,,
no_beard,0.6438471371863015,0.6954854336271278,single,bald,lr,6,0.6408531252102536,0.0029940119760478723,,
oval_face,0.5212585034013605,0.5766156462585035,single,bald,lr,6,0.5212585034013605,0.0,,
pale_skin,0.49918699186991866,0.6012195121951219,single,bald,lr,6,0.5032520325203252,-0.004065040650406582,,
pointy_nose,0.5477646419350455,0.5385242560130453,single,bald,lr,6,0.5174616116320152,0.030303030303030276,,
receding_hairline,0.5305068836045056,0.5515488110137672,single,bald,lr,6,0.52049436795995,0.01001251564455563,,
rosy_cheeks,0.6907332433648223,0.7732793522267206,single,bald,lr,6,0.6947818263607737,-0.004048582995951344,,
sideburns,0.6738505747126436,0.7965158045977012,single,bald,lr,6,0.694683908045977,-0.02083333333333337,,
smiling,0.7955285851165761,0.946726285531779,single,bald,lr,6,0.7955285851165761,0.0,,
straight_hair,0.4426002766251729,0.4508990318118949,single,bald,lr,6,0.4405255878284924,0.0020746887966804906,,
wavy_hair,0.5769126239978258,0.5855415137926349,single,bald,lr,6,0.5791547764641934,-0.0022421524663676085,,
wearing_earrings,0.7127118644067797,0.8574152542372881,single,bald,lr,6,0.735593220338983,-0.022881355932203307,,
wearing_hat,0.9219660837307896,0.980127186009539,single,bald,lr,6,0.9219660837307896,0.0,,
wearing_lipstick,0.4529212940608402,0.49130854659584744,single,bald,lr,6,0.45062771607918883,0.0022935779816513624,,
wearing_necklace,0.5975879891705637,0.6593650012306178,single,bald,lr,6,0.6017720895889737,-0.004184100418409997,,
wearing_necktie,0.6185372005044136,0.6630517023959647,single,bald,lr,6,0.6159730979403111,0.002564102564102555,,
young,0.8726900031535794,0.9491012298959318,single,bald,lr,6,0.8726900031535794,0.0,,
5_o_clock_shadow,0.5632690262798117,0.5811939845055446,single,bald,lr,7,0.5632690262798117,0.0,,
arched_eyebrows,0.6026785714285714,0.6177455357142857,single,bald,lr,7,0.6026785714285714,0.0,,
attractive,0.512766814337495,0.6463149416028998,single,bald,lr,7,0.512766814337495,0.0,,
bags_under_eyes,0.511005291005291,0.50342151675485,single,bald,lr,7,0.5171781305114639,-0.006172839506172867,,
bald,0.734375,0.853515625,single,bald,lr,7,0.73828125,-0.00390625,,
bangs,0.7512595633513715,0.8072401567456615,single,bald,lr,7,0.7534054860981526,-0.0021459227467811592,,
big_lips,0.41099334148661504,0.4485663813018073,single,bald,lr,7,0.4087511890202473,0.0022421524663677195,,
big_nose,0.5955004591368228,0.6626262626262627,single,bald,lr,7,0.5955004591368228,0.0,,
black_hair,0.6770050125313283,0.8607456140350878,single,bald,lr,7,0.6770050125313283,0.0,,
blond_hair,0.9279835390946503,0.9559987337765116,single,bald,lr,7,0.9279835390946503,0.0,,
blurry,0.7213114754098361,0.7336065573770492,single,bald,lr,7,0.7192622950819672,0.002049180327868938,,
brown_hair,0.6837606837606838,0.8651903651903652,single,bald,lr,7,0.6794871794871795,0.004273504273504258,,
bushy_eyebrows,0.537086386853209,0.5085498556517877,single,bald,lr,7,0.5391960914945592,-0.002109704641350185,,
chubby,0.5639784946236559,0.709984639016897,single,bald,lr,7,0.554147465437788,0.009831029185867868,,
double_chin,0.5625,0.6717122395833334,single,bald,lr,7,0.5651041666666666,-0.0026041666666666297,,
eyeglasses,0.9294146990355836,0.9753076155636847,single,bald,lr,7,0.9294146990355836,0.0,,
goatee,0.7684154742978273,0.863142554319025,single,bald,lr,7,0.766163222045575,0.0022522522522523403,,
gray_hair,0.7795610874549623,0.8783710012010044,single,bald,lr,7,0.7772136696145868,0.0023474178403755097,,
heavy_makeup,0.5277591973244147,0.5615384615384615,single,bald,lr,7,0.5255852842809364,0.0021739130434782483,,
high_cheekbones,0.49007936507936506,0.41511656746031755,single,bald,lr,7,0.48660714285714285,0.00347222222222221,,
male,0.9878640776699029,0.9892233009708737,single,bald,lr,7,0.9878640776699029,0.0,,
mouth_slightly_open,0.527039627039627,0.5443223443223443,single,bald,lr,7,0.527039627039627,0.0,,
mustache,0.6675562024907002,0.7344331230794112,single,bald,lr,7,0.6675562024907002,0.0,,
narrow_eyes,0.5430932703659976,0.5380755608028336,single,bald,lr,7,0.545159386068477,-0.0020661157024793875,,
no_beard,0.6408531252102536,0.6957545582991321,single,bald,lr,7,0.6408531252102536,0.0,,
oval_face,0.5212585034013605,0.5768707482993198,single,bald,lr,7,0.5212585034013605,0.0,,
pale_skin,0.5032520325203252,0.6069105691056911,single,bald,lr,7,0.5032520325203252,0.0,,
pointy_nose,0.5326131267835303,0.5421932327761925,single,bald,lr,7,0.5174616116320152,0.015151515151515138,,
receding_hairline,0.5158010012515645,0.5534261576971214,single,bald,lr,7,0.52049436795995,-0.0046933667083854935,,
rosy_cheeks,0.6947818263607737,0.7773279352226721,single,bald,lr,7,0.6947818263607737,0.0,,
sideburns,0.6738505747126436,0.7963362068965517,single,bald,lr,7,0.694683908045977,-0.02083333333333337,,
smiling,0.7955285851165761,0.946981794953689,single,bald,lr,7,0.7955285851165761,0.0,,
straight_hair,0.47593360995850625,0.4492392807745505,single,bald,lr,7,0.4405255878284924,0.03540802213001387,,
wavy_hair,0.5791547764641934,0.5829596412556054,single,bald,lr,7,0.5791547764641934,0.0,,
wearing_earrings,0.7084745762711864,0.8565677966101695,single,bald,lr,7,0.735593220338983,-0.027118644067796627,,
wearing_hat,0.9219660837307896,0.9806571277159513,single,bald,lr,7,0.9219660837307896,0.0,,
wearing_lipstick,0.4529212940608402,0.48889425398358277,single,bald,lr,7,0.45062771607918883,0.0022935779816513624,,
wearing_necklace,0.5996800393797687,0.6573960127984249,single,bald,lr,7,0.6017720895889737,-0.0020920502092049986,,
wearing_necktie,0.6077763766288357,0.6600252206809584,single,bald,lr,7,0.6159730979403111,-0.008196721311475419,,
young,0.8726900031535794,0.9485966572059287,single,bald,lr,7,0.8726900031535794,0.0,,
5_o_clock_shadow,0.5610663831080055,0.5825611423363208,single,bald,lr,8,0.5632690262798117,-0.0022026431718061845,,
arched_eyebrows,0.6049107142857143,0.6167689732142857,single,bald,lr,8,0.6026785714285714,0.0022321428571429047,,
attractive,0.512766814337495,0.6478453483689085,single,bald,lr,8,0.512766814337495,0.0,,
bags_under_eyes,0.5171781305114639,0.5018694885361552,single,bald,lr,8,0.5171781305114639,0.0,,
bald,0.73046875,0.8548583984375,single,bald,lr,8,0.73828125,-0.0078125,,
bangs,0.7512595633513715,0.8076133607016235,single,bald,lr,8,0.7534054860981526,-0.0021459227467811592,,
big_lips,0.4087511890202473,0.4503329256692486,single,bald,lr,8,0.4087511890202473,0.0,,
big_nose,0.5955004591368228,0.6623201714110805,single,bald,lr,8,0.5955004591368228,0.0,,
black_hair,0.6791979949874687,0.8596491228070176,single,bald,lr,8,0.6770050125313283,0.002192982456140413,,
blond_hair,0.9279835390946503,0.9572649572649572,single,bald,lr,8,0.9279835390946503,0.0,,
blurry,0.7192622950819672,0.7339480874316939,single,bald,lr,8,0.7192622950819672,0.0,,
brown_hair,0.6837606837606838,0.8646076146076146,single,bald,lr,8,0.6794871794871795,0.004273504273504258,,
bushy_eyebrows,0.5391960914945592,0.5072174106151455,single,bald,lr,8,0.5391960914945592,0.0,,
chubby,0.5568356374807988,0.7101382488479262,single,bald,lr,8,0.554147465437788,0.0026881720430107503,,
double_chin,0.5572916666666666,0.6713867187500001,single,bald,lr,8,0.5651041666666666,-0.0078125,,
eyeglasses,0.9319920186232125,0.9758064516129032,single,bald,lr,8,0.9294146990355836,0.002577319587628857,,
goatee,0.7684154742978273,0.8619501854795972,single,bald,lr,8,0.766163222045575,0.0022522522522523403,,
gray_hair,0.7795610874549623,0.878589365651272,single,bald,lr,8,0.7772136696145868,0.0023474178403755097,,
heavy_makeup,0.5277591973244147,0.5605351170568562,single,bald,lr,8,0.5255852842809364,0.0021739130434782483,,
high_cheekbones,0.49355158730158727,0.4149305555555556,single,bald,lr,8,0.48660714285714285,0.00694444444444442,,
male,0.9878640776699029,0.9893203883495146,single,bald,lr,8,0.9878640776699029,0.0,,
mouth_slightly_open,0.527039627039627,0.5451881451881453,single,bald,lr,8,0.527039627039627,0.0,,
mustache,0.6675562024907002,0.735080058224163,single,bald,lr,8,0.6675562024907002,0.0,,
narrow_eyes,0.545159386068477,0.5392561983471074,single,bald,lr,8,0.545159386068477,0.0,,
no_beard,0.6408531252102536,0.6958218394671332,single,bald,lr,8,0.6408531252102536,0.0,,
oval_face,0.5212585034013605,0.5762755102040815,single,bald,lr,8,0.5212585034013605,0.0,,
pale_skin,0.5032520325203252,0.6085365853658538,single,bald,lr,8,0.5032520325203252,0.0,,
pointy_nose,0.5348552792498981,0.5427367848892513,single,bald,lr,8,0.5174616116320152,0.017393667617882858,,
receding_hairline,0.5131414267834793,0.5511576971214018,single,bald,lr,8,0.52049436795995,-0.007352941176470673,,
rosy_cheeks,0.6947818263607737,0.7773279352226721,single,bald,lr,8,0.6947818263607737,0.0,,
sideburns,0.694683908045977,0.7954382183908045,single,bald,lr,8,0.694683908045977,0.0,,
smiling,0.7955285851165761,0.9462152666879591,single,bald,lr,8,0.7955285851165761,0.0,,
straight_hair,0.4426002766251729,0.4468879668049792,single,bald,lr,8,0.4405255878284924,0.0020746887966804906,,
wavy_hair,0.5791547764641934,0.5848620736513113,single,bald,lr,8,0.5791547764641934,0.0,,
wearing_earrings,0.7042372881355932,0.8561440677966101,single,bald,lr,8,0.735593220338983,-0.031355932203389836,,
wearing_hat,0.9219660837307896,0.9806571277159513,single,bald,lr,8,0.9219660837307896,0.0,,
wearing_lipstick,0.45062771607918883,0.48563495895702563,single,bald,lr,8,0.45062771607918883,0.0,,
wearing_necklace,0.5975879891705637,0.6549347772581836,single,bald,lr,8,0.6017720895889737,-0.004184100418409997,,
wearing_necktie,0.6241698192517864,0.6641445985708281,single,bald,lr,8,0.6159730979403111,0.008196721311475308,,
young,0.8726900031535794,0.9482182276884263,single,bald,lr,8,0.8726900031535794,0.0,,
5_o_clock_shadow,0.5632690262798117,0.5802825459516938,single,bald,lr,9,0.5632690262798117,0.0,,
arched_eyebrows,0.6026785714285714,0.6190011160714285,single,bald,lr,9,0.6026785714285714,0.0,,
attractive,0.512766814337495,0.6464760370519532,single,bald,lr,9,0.512766814337495,0.0,,
bags_under_eyes,0.5171781305114639,0.4998941798941799,single,bald,lr,9,0.5171781305114639,0.0,,
bald,0.734375,0.85528564453125,single,bald,lr,9,0.73828125,-0.00390625,,
bangs,0.7512595633513715,0.8068669527896997,single,bald,lr,9,0.7534054860981526,-0.0021459227467811592,,
big_lips,0.4087511890202473,0.45046881369751324,single,bald,lr,9,0.4087511890202473,0.0,,
big_nose,0.5955004591368228,0.6631772268135905,single,bald,lr,9,0.5955004591368228,0.0,,
black_hair,0.6970551378446115,0.8599624060150377,single,bald,lr,9,0.6770050125313283,0.020050125313283207,,
blond_hair,0.9279835390946503,0.9572649572649572,single,bald,lr,9,0.9279835390946503,0.0,,
blurry,0.7192622950819672,0.733948087431694,single,bald,lr,9,0.7192622950819672,0.0,,
brown_hair,0.6816239316239316,0.8679098679098679,single,bald,lr,9,0.6794871794871795,0.002136752136752129,,
bushy_eyebrows,0.5349766822118587,0.5069953364423717,single,bald,lr,9,0.5391960914945592,-0.0042194092827004814,,
chubby,0.5586021505376344,0.71036866359447,single,bald,lr,9,0.554147465437788,0.004454685099846367,,
double_chin,0.5625,0.6717936197916666,single,bald,lr,9,0.5651041666666666,-0.0026041666666666297,,
eyeglasses,0.9213501829065514,0.9746425008313935,single,bald,lr,9,0.9294146990355836,-0.008064516129032251,,
goatee,0.7684154742978273,0.8614202437731849,single,bald,lr,9,0.766163222045575,0.0022522522522523403,,
gray_hair,0.7748662517742111,0.8774975433999345,single,bald,lr,9,0.7772136696145868,-0.0023474178403757318,,
heavy_makeup,0.5277591973244147,0.558361204013378,single,bald,lr,9,0.5255852842809364,0.0021739130434782483,,
high_cheekbones,0.49007936507936506,0.41660466269841273,single,bald,lr,9,0.48660714285714285,0.00347222222222221,,
male,0.9878640776699029,0.9893203883495146,single,bald,lr,9,0.9878640776699029,0.0,,
mouth_slightly_open,0.5355644355644356,0.5465201465201466,single,bald,lr,9,0.527039627039627,0.008524808524808525,,
mustache,0.6860747210092188,0.7358887271551027,single,bald,lr,9,0.6675562024907002,0.0185185185185186,,
narrow_eyes,0.545159386068477,0.5410271546635183,single,bald,lr,9,0.545159386068477,0.0,,
no_beard,0.6408531252102536,0.6956199959631298,single,bald,lr,9,0.6408531252102536,0.0,,
oval_face,0.5212585034013605,0.5789965986394557,single,bald,lr,9,0.5212585034013605,0.0,,
pale_skin,0.5032520325203252,0.6069105691056911,single,bald,lr,9,0.5032520325203252,0.0,,
pointy_nose,0.5348552792498981,0.5417855686913984,single,bald,lr,9,0.5174616116320152,0.017393667617882858,,
receding_hairline,0.52049436795995,0.5520963704630788,single,bald,lr,9,0.52049436795995,0.0,,
rosy_cheeks,0.6947818263607737,0.7791273054430948,single,bald,lr,9,0.6947818263607737,0.0,,
sideburns,0.694683908045977,0.7950790229885057,single,bald,lr,9,0.694683908045977,0.0,,
smiling,0.800479080166081,0.946726285531779,single,bald,lr,9,0.7955285851165761,0.004950495049504955,,
straight_hair,0.4405255878284924,0.4484094052558783,single,bald,lr,9,0.4405255878284924,0.0,,
wavy_hair,0.5791547764641934,0.58078543280337,single,bald,lr,9,0.5791547764641934,0.0,,
wearing_earrings,0.7063559322033899,0.8555084745762712,single,bald,lr,9,0.735593220338983,-0.02923728813559312,,
wearing_hat,0.9219660837307896,0.9806571277159513,single,bald,lr,9,0.9219660837307896,0.0,,
wearing_lipstick,0.45062771607918883,0.485876388218252,single,bald,lr,9,0.45062771607918883,0.0,,
wearing_necklace,0.5913118385429486,0.6569037656903766,single,bald,lr,9,0.6017720895889737,-0.010460251046025104,,
wearing_necktie,0.6159730979403111,0.6614543926019335,single,bald,lr,9,0.6159730979403111,0.0,,
young,0.8726900031535794,0.949290444654683,single,bald,lr,9,0.8726900031535794,0.0,,
5_o_clock_shadow,0.5632690262798117,0.5819535166337536,single,bald,lr,10,0.5632690262798117,0.0,,
arched_eyebrows,0.5892857142857143,0.6185825892857143,single,bald,lr,10,0.6026785714285714,-0.013392857142857095,,
attractive,0.512766814337495,0.6467176802255336,single,bald,lr,10,0.512766814337495,0.0,,
bags_under_eyes,0.511005291005291,0.5018694885361552,single,bald,lr,10,0.5171781305114639,-0.006172839506172867,,
bald,0.734375,0.8560791015625,single,bald,lr,10,0.73828125,-0.00390625,,
bangs,0.7534054860981526,0.8079865646575854,single,bald,lr,10,0.7534054860981526,0.0,,
big_lips,0.4087511890202473,0.45087647778230744,single,bald,lr,10,0.4087511890202473,0.0,,
big_nose,0.5955004591368228,0.6630547903275176,single,bald,lr,10,0.5955004591368228,0.0,,
black_hair,0.6791979949874687,0.8599624060150376,single,bald,lr,10,0.6770050125313283,0.002192982456140413,,
blond_hair,0.9279835390946503,0.9563152896486229,single,bald,lr,10,0.9279835390946503,0.0,,
blurry,0.7172131147540983,0.7346311475409837,single,bald,lr,10,0.7192622950819672,-0.002049180327868827,,
brown_hair,0.6837606837606838,0.8657731157731158,single,bald,lr,10,0.6794871794871795,0.004273504273504258,,
bushy_eyebrows,0.5391960914945592,0.5092160781701088,single,bald,lr,10,0.5391960914945592,0.0,,
chubby,0.5612903225806452,0.7109062980030721,single,bald,lr,10,0.554147465437788,0.0071428571428571175,,
double_chin,0.5651041666666666,0.6712646484374999,single,bald,lr,10,0.5651041666666666,0.0,,
eyeglasses,0.9294146990355836,0.9754738942467576,single,bald,lr,10,0.9294146990355836,0.0,,
goatee,0.766163222045575,0.8611552729199787,single,bald,lr,10,0.766163222045575,0.0,,
gray_hair,0.7748662517742111,0.876405721148597,single,bald,lr,10,0.7772136696145868,-0.0023474178403757318,,
heavy_makeup,0.5277591973244147,0.5623745819397993,single,bald,lr,10,0.5255852842809364,0.0021739130434782483,,
high_cheekbones,0.48660714285714285,0.4144965277777778,single,bald,lr,10,0.48660714285714285,0.0,,
male,0.9878640776699029,0.9893203883495146,single,bald,lr,10,0.9878640776699029,0.0,,
mouth_slightly_open,0.527039627039627,0.5458541458541459,single,bald,lr,10,0.527039627039627,0.0,,
mustache,0.6860747210092188,0.7354035257965389,single,bald,lr,10,0.6675562024907002,0.0185185185185186,,
narrow_eyes,0.545159386068477,0.5425029515938606,single,bald,lr,10,0.545159386068477,0.0,,
no_beard,0.6408531252102536,0.6964946511471439,single,bald,lr,10,0.6408531252102536,0.0,,
oval_face,0.5212585034013605,0.5772108843537415,single,bald,lr,10,0.5212585034013605,0.0,,
pale_skin,0.5032520325203252,0.602439024390244,single,bald,lr,10,0.5032520325203252,0.0,,
pointy_nose,0.5326131267835303,0.5419214567196631,single,bald,lr,10,0.5174616116320152,0.015151515151515138,,
receding_hairline,0.5131414267834793,0.5498279098873592,single,bald,lr,10,0.52049436795995,-0.007352941176470673,,
rosy_cheeks,0.6947818263607737,0.7773279352226721,single,bald,lr,10,0.6947818263607737,0.0,,
sideburns,0.6716954022988506,0.7938218390804598,single,bald,lr,10,0.694683908045977,-0.02298850574712641,,
smiling,0.7955285851165761,0.946854040242734,single,bald,lr,10,0.7955285851165761,0.0,,
straight_hair,0.47385892116182576,0.4478561549100968,single,bald,lr,10,0.4405255878284924,0.03333333333333338,,
wavy_hair,0.5791547764641934,0.5848620736513114,single,bald,lr,10,0.5791547764641934,0.0,,
wearing_earrings,0.7105932203389831,0.8555084745762712,single,bald,lr,10,0.735593220338983,-0.02499999999999991,,
wearing_hat,0.9219660837307896,0.9813195548489666,single,bald,lr,10,0.9219660837307896,0.0,,
wearing_lipstick,0.45062771607918883,0.48418638338966685,single,bald,lr,10,0.45062771607918883,0.0,,
wearing_necklace,0.5954959389613586,0.655673147920256,single,bald,lr,10,0.6017720895889737,-0.006276150627615107,,
wearing_necktie,0.6241698192517864,0.6653215636822194,single,bald,lr,10,0.6159730979403111,0.008196721311475308,,
young,0.8726900031535794,0.9494796594134343,single,bald,lr,10,0.8726900031535794,0.0,,
5_o_clock_shadow,0.5632690262798117,0.5827130487619626,single,bald,lr,11,0.5632690262798117,0.0,,
arched_eyebrows,0.6026785714285714,0.6206752232142857,single,bald,lr,11,0.6026785714285714,0.0,,
attractive,0.512766814337495,0.6454289166331052,single,bald,lr,11,0.512766814337495,0.0,,
bags_under_eyes,0.511005291005291,0.5018694885361552,single,bald,lr,11,0.5171781305114639,-0.006172839506172867,,
bald,0.73046875,0.8563232421875,single,bald,lr,11,0.73828125,-0.0078125,,
bangs,0.7534054860981526,0.8091061765254712,single,bald,lr,11,0.7534054860981526,0.0,,
big_lips,0.4087511890202473,0.4511482538388368,single,bald,lr,11,0.4087511890202473,0.0,,
big_nose,0.5955004591368228,0.6632384450566269,single,bald,lr,11,0.5955004591368228,0.0,,
black_hair,0.6791979949874687,0.8602756892230576,single,bald,lr,11,0.6770050125313283,0.002192982456140413,,
blond_hair,0.9279835390946503,0.9569484013928458,single,bald,lr,11,0.9279835390946503,0.0,,
blurry,0.7172131147540983,0.735655737704918,single,bald,lr,11,0.7192622950819672,-0.002049180327868827,,
brown_hair,0.6837606837606838,0.8675213675213675,single,bald,lr,11,0.6794871794871795,0.004273504273504258,,
bushy_eyebrows,0.537086386853209,0.5058849655785032,single,bald,lr,11,0.5391960914945592,-0.002109704641350185,,
chubby,0.5612903225806452,0.7104454685099847,single,bald,lr,11,0.554147465437788,0.0071428571428571175,,
double_chin,0.5598958333333334,0.67138671875,single,bald,lr,11,0.5651041666666666,-0.005208333333333259,,
eyeglasses,0.9294146990355836,0.9748087795144663,single,bald,lr,11,0.9294146990355836,0.0,,
goatee,0.766163222045575,0.8618177000529941,single,bald,lr,11,0.766163222045575,0.0,,
gray_hair,0.7795610874549623,0.8761873566983296,single,bald,lr,11,0.7772136696145868,0.0023474178403755097,,
heavy_makeup,0.5277591973244147,0.5596989966555184,single,bald,lr,11,0.5255852842809364,0.0021739130434782483,,
high_cheekbones,0.48660714285714285,0.4137524801587302,single,bald,lr,11,0.48660714285714285,0.0,,
male,0.9878640776699029,0.9893203883495146,single,bald,lr,11,0.9878640776699029,0.0,,
mouth_slightly_open,0.527039627039627,0.5452547452547453,single,bald,lr,11,0.527039627039627,0.0,,
mustache,0.6860747210092188,0.7352417920103509,single,bald,lr,11,0.6675562024907002,0.0185185185185186,,
narrow_eyes,0.545159386068477,0.5407319952774498,single,bald,lr,11,0.545159386068477,0.0,,
no_beard,0.6408531252102536,0.6962928076431407,single,bald,lr,11,0.6408531252102536,0.0,,
oval_face,0.5212585034013605,0.5767006802721089,single,bald,lr,11,0.5212585034013605,0.0,,
pale_skin,0.501219512195122,0.6028455284552845,single,bald,lr,11,0.5032520325203252,-0.002032520325203291,,
pointy_nose,0.5326131267835303,0.5413779046066042,single,bald,lr,11,0.5174616116320152,0.015151515151515138,,
receding_hairline,0.5131414267834793,0.548732790988736,single,bald,lr,11,0.52049436795995,-0.007352941176470673,,
rosy_cheeks,0.6947818263607737,0.7759784075573549,single,bald,lr,11,0.6947818263607737,0.0,,
sideburns,0.6738505747126436,0.7963362068965517,single,bald,lr,11,0.694683908045977,-0.02083333333333337,,
smiling,0.800479080166081,0.9462152666879592,single,bald,lr,11,0.7955285851165761,0.004950495049504955,,
straight_hair,0.4426002766251729,0.4492392807745505,single,bald,lr,11,0.4405255878284924,0.0020746887966804906,,
wavy_hair,0.5791547764641934,0.5832314173121349,single,bald,lr,11,0.5791547764641934,0.0,,
wearing_earrings,0.7313559322033898,0.8550847457627119,single,bald,lr,11,0.735593220338983,-0.004237288135593209,,
wearing_hat,0.9219660837307896,0.9811870694223636,single,bald,lr,11,0.9219660837307896,0.0,,
wearing_lipstick,0.4483341380975374,0.48394495412844035,single,bald,lr,11,0.45062771607918883,-0.002293577981651418,,
wearing_necklace,0.5954959389613586,0.6564115185823284,single,bald,lr,11,0.6017720895889737,-0.006276150627615107,,
wearing_necktie,0.6159730979403111,0.664312736443884,single,bald,lr,11,0.6159730979403111,0.0,,
young,0.8726900031535794,0.9487858719646799,single,bald,lr,11,0.8726900031535794,0.0,,
5_o_clock_shadow,0.5632690262798117,0.5808901716542609,single,bald,lr,12,0.5632690262798117,0.0,,
arched_eyebrows,0.5870535714285714,0.6184430803571429,single,bald,lr,12,0.6026785714285714,-0.015625,,
attractive,0.512766814337495,0.6414015304067661,single,bald,lr,12,0.512766814337495,0.0,,
bags_under_eyes,0.49865961199294534,0.5022222222222221,single,bald,lr,12,0.5171781305114639,-0.018518518518518545,,
bald,0.734375,0.856689453125,single,bald,lr,12,0.73828125,-0.00390625,,
bangs,0.7555514088449338,0.8081731666355664,single,bald,lr,12,0.7534054860981526,0.0021459227467811592,,
big_lips,0.4087511890202473,0.4493817094713956,single,bald,lr,12,0.4087511890202473,0.0,,
big_nose,0.5955004591368228,0.6631160085705541,single,bald,lr,12,0.5955004591368228,0.0,,
black_hair,0.681390977443609,0.8607456140350878,single,bald,lr,12,0.6770050125313283,0.004385964912280715,,
blond_hair,0.9279835390946503,0.9572649572649572,single,bald,lr,12,0.9279835390946503,0.0,,
blurry,0.7172131147540983,0.7342896174863388,single,bald,lr,12,0.7192622950819672,-0.002049180327868827,,
brown_hair,0.6816239316239316,0.8651903651903652,single,bald,lr,12,0.6794871794871795,0.002136752136752129,,
bushy_eyebrows,0.537086386853209,0.5076615589606928,single,bald,lr,12,0.5391960914945592,-0.002109704641350185,,
chubby,0.5586021505376344,0.7107526881720431,single,bald,lr,12,0.554147465437788,0.004454685099846367,,
double_chin,0.5625,0.6688639322916667,single,bald,lr,12,0.5651041666666666,-0.0026041666666666297,,
eyeglasses,0.9294146990355836,0.974559361489857,single,bald,lr,12,0.9294146990355836,0.0,,
goatee,0.766163222045575,0.8618177000529941,single,bald,lr,12,0.766163222045575,0.0,,
gray_hair,0.7748662517742111,0.8783710012010045,single,bald,lr,12,0.7772136696145868,-0.0023474178403757318,,
heavy_makeup,0.529933110367893,0.5590301003344481,single,bald,lr,12,0.5255852842809364,0.004347826086956608,,
high_cheekbones,0.48660714285714285,0.4146825396825397,single,bald,lr,12,0.48660714285714285,0.0,,
male,0.9878640776699029,0.9894174757281554,single,bald,lr,12,0.9878640776699029,0.0,,
mouth_slightly_open,0.527039627039627,0.5452547452547453,single,bald,lr,12,0.527039627039627,0.0,,
mustache,0.6860747210092188,0.7370208636584182,single,bald,lr,12,0.6675562024907002,0.0185185185185186,,
narrow_eyes,0.5410271546635184,0.5404368358913813,single,bald,lr,12,0.545159386068477,-0.004132231404958664,,
no_beard,0.6408531252102536,0.6973020251631568,single,bald,lr,12,0.6408531252102536,0.0,,
oval_face,0.5212585034013605,0.5761904761904763,single,bald,lr,12,0.5212585034013605,0.0,,
pale_skin,0.5032520325203252,0.5991869918699186,single,bald,lr,12,0.5032520325203252,0.0,,
pointy_nose,0.5303709743171626,0.5383883679847806,single,bald,lr,12,0.5174616116320152,0.012909362685147419,,
receding_hairline,0.52049436795995,0.5509230287859824,single,bald,lr,12,0.52049436795995,0.0,,
rosy_cheeks,0.6947818263607737,0.7773279352226721,single,bald,lr,12,0.6947818263607737,0.0,,
sideburns,0.6760057471264368,0.7975933908045977,single,bald,lr,12,0.694683908045977,-0.01867816091954022,,
smiling,0.7955285851165761,0.9454487384222293,single,bald,lr,12,0.7955285851165761,0.0,,
straight_hair,0.44674965421853385,0.45006915629322264,single,bald,lr,12,0.4405255878284924,0.006224066390041472,,
wavy_hair,0.5791547764641934,0.5858132898491643,single,bald,lr,12,0.5791547764641934,0.0,,
wearing_earrings,0.7377118644067797,0.8563559322033898,single,bald,lr,12,0.735593220338983,0.0021186440677967155,,
wearing_hat,0.9219660837307896,0.9810545839957605,single,bald,lr,12,0.9219660837307896,0.0,,
wearing_lipstick,0.4529212940608402,0.48346209560598746,single,bald,lr,12,0.45062771607918883,0.0022935779816513624,,
wearing_necklace,0.5975879891705637,0.6583805070145213,single,bald,lr,12,0.6017720895889737,-0.004184100418409997,,
wearing_necktie,0.6185372005044136,0.6591004623791509,single,bald,lr,12,0.6159730979403111,0.002564102564102555,,
young,0.8726900031535794,0.9483443708609272,single,bald,lr,12,0.8726900031535794,0.0,,
5_o_clock_shadow,0.5632690262798117,0.5816497037824699,single,bald,lr,13,0.5632690262798117,0.0,,
arched_eyebrows,0.5892857142857143,0.6138392857142857,single,bald,lr,13,0.6026785714285714,-0.013392857142857095,,
attractive,0.512766814337495,0.6397905759162305,single,bald,lr,13,0.512766814337495,0.0,,
bags_under_eyes,0.5171781305114639,0.5026455026455026,single,bald,lr,13,0.5171781305114639,0.0,,
bald,0.73828125,0.85711669921875,single,bald,lr,13,0.73828125,0.0,,
bangs,0.7534054860981526,0.8079865646575853,single,bald,lr,13,0.7534054860981526,0.0,,
big_lips,0.4087511890202473,0.4489740453866015,single,bald,lr,13,0.4087511890202473,0.0,,
big_nose,0.5955004591368228,0.6618916437098256,single,bald,lr,13,0.5955004591368228,0.0,,
black_hair,0.6835839598997494,0.8609022556390978,single,bald,lr,13,0.6770050125313283,0.006578947368421129,,
blond_hair,0.9279835390946503,0.9569484013928458,single,bald,lr,13,0.9279835390946503,0.0,,
blurry,0.7192622950819672,0.7370218579234973,single,bald,lr,13,0.7192622950819672,0.0,,
brown_hair,0.6794871794871795,0.8646076146076146,single,bald,lr,13,0.6794871794871795,0.0,,
bushy_eyebrows,0.5391960914945592,0.508327781479014,single,bald,lr,13,0.5391960914945592,0.0,,
chubby,0.5568356374807988,0.7110599078341014,single,bald,lr,13,0.554147465437788,0.0026881720430107503,,
double_chin,0.5598958333333334,0.6689453124999999,single,bald,lr,13,0.5651041666666666,-0.005208333333333259,,
eyeglasses,0.9294146990355836,0.9743930828067842,single,bald,lr,13,0.9294146990355836,0.0,,
goatee,0.766163222045575,0.8607578166401696,single,bald,lr,13,0.766163222045575,0.0,,
gray_hair,0.7795610874549623,0.8765149033737307,single,bald,lr,13,0.7772136696145868,0.0023474178403755097,,
heavy_makeup,0.5321070234113713,0.5610367892976589,single,bald,lr,13,0.5255852842809364,0.006521739130434856,,
high_cheekbones,0.48660714285714285,0.41486855158730157,single,bald,lr,13,0.48660714285714285,0.0,,
male,0.9878640776699029,0.9892233009708739,single,bald,lr,13,0.9878640776699029,0.0,,
mouth_slightly_open,0.527039627039627,0.5445887445887446,single,bald,lr,13,0.527039627039627,0.0,,
mustache,0.6860747210092188,0.7342713892932233,single,bald,lr,13,0.6675562024907002,0.0185185185185186,,
narrow_eyes,0.5472255017709563,0.5398465171192444,single,bald,lr,13,0.545159386068477,0.0020661157024792765,,
no_beard,0.6408531252102536,0.696561932315145,single,bald,lr,13,0.6408531252102536,0.0,,
oval_face,0.5212585034013605,0.5770408163265306,single,bald,lr,13,0.5212585034013605,0.0,,
pale_skin,0.5032520325203252,0.6020325203252033,single,bald,lr,13,0.5032520325203252,0.0,,
pointy_nose,0.5174616116320152,0.5367577116456042,single,bald,lr,13,0.5174616116320152,0.0,,
receding_hairline,0.5278473091364205,0.549671464330413,single,bald,lr,13,0.52049436795995,0.007352941176470562,,
rosy_cheeks,0.6947818263607737,0.7732793522267206,single,bald,lr,13,0.6947818263607737,0.0,,
sideburns,0.6968390804597702,0.7966954022988506,single,bald,lr,13,0.694683908045977,0.0021551724137931494,,
smiling,0.800479080166081,0.9464068987543915,single,bald,lr,13,0.7955285851165761,0.004950495049504955,,
straight_hair,0.47800829875518674,0.4503457814661134,single,bald,lr,13,0.4405255878284924,0.03748271092669436,,
wavy_hair,0.5791547764641934,0.5820084250577524,single,bald,lr,13,0.5791547764641934,0.0,,
wearing_earrings,0.7313559322033898,0.8576271186440678,single,bald,lr,13,0.735593220338983,-0.004237288135593209,,
wearing_hat,0.9219660837307896,0.9809220985691574,single,bald,lr,13,0.9219660837307896,0.0,,
wearing_lipstick,0.45062771607918883,0.4845485272815065,single,bald,lr,13,0.45062771607918883,0.0,,
wearing_necklace,0.5975879891705637,0.6586266305685454,single,bald,lr,13,0.6017720895889737,-0.004184100418409997,,
wearing_necktie,0.610844892812106,0.6580916351408155,single,bald,lr,13,0.6159730979403111,-0.00512820512820511,,
young,0.8726900031535794,0.9470829391359192,single,bald,lr,13,0.8726900031535794,0.0,,
5_o_clock_shadow,0.5676743126234239,0.5824092359106791,single,bald,lr,14,0.5632690262798117,0.004405286343612258,,
arched_eyebrows,0.5892857142857143,0.6153738839285714,single,bald,lr,14,0.6026785714285714,-0.013392857142857095,,
attractive,0.512766814337495,0.6408376963350786,single,bald,lr,14,0.512766814337495,0.0,,
bags_under_eyes,0.511005291005291,0.5025044091710757,single,bald,lr,14,0.5171781305114639,-0.006172839506172867,,
bald,0.74609375,0.8564453125,single,bald,lr,14,0.73828125,0.0078125,,
bangs,0.7512595633513715,0.8081731666355664,single,bald,lr,14,0.7534054860981526,-0.0021459227467811592,,
big_lips,0.4087511890202473,0.4480228291887485,single,bald,lr,14,0.4087511890202473,0.0,,
big_nose,0.5955004591368228,0.6632384450566269,single,bald,lr,14,0.5955004591368228,0.0,,
black_hair,0.681390977443609,0.8594924812030076,single,bald,lr,14,0.6770050125313283,0.004385964912280715,,
blond_hair,0.9279835390946503,0.9575815131370686,single,bald,lr,14,0.9279835390946503,0.0,,
blurry,0.7172131147540983,0.737363387978142,single,bald,lr,14,0.7192622950819672,-0.002049180327868827,,
brown_hair,0.6794871794871795,0.8655788655788657,single,bald,lr,14,0.6794871794871795,0.0,,
bushy_eyebrows,0.5391960914945592,0.5087719298245614,single,bald,lr,14,0.5391960914945592,0.0,,
chubby,0.5612903225806452,0.7105990783410139,single,bald,lr,14,0.554147465437788,0.0071428571428571175,,
double_chin,0.5677083333333334,0.67041015625,single,bald,lr,14,0.5651041666666666,0.0026041666666667407,,
eyeglasses,0.9319920186232125,0.9748087795144663,single,bald,lr,14,0.9294146990355836,0.002577319587628857,,
goatee,0.766163222045575,0.8616852146263911,single,bald,lr,14,0.766163222045575,0.0,,
gray_hair,0.7748662517742111,0.8773883611748008,single,bald,lr,14,0.7772136696145868,-0.0023474178403757318,,
heavy_makeup,0.529933110367893,0.5690635451505017,single,bald,lr,14,0.5255852842809364,0.004347826086956608,,
high_cheekbones,0.49355158730158727,0.4148685515873016,single,bald,lr,14,0.48660714285714285,0.00694444444444442,,
male,0.9878640776699029,0.9892233009708739,single,bald,lr,14,0.9878640776699029,0.0,,
mouth_slightly_open,0.527039627039627,0.5453213453213454,single,bald,lr,14,0.527039627039627,0.0,,
mustache,0.6860747210092188,0.7352417920103509,single,bald,lr,14,0.6675562024907002,0.0185185185185186,,
narrow_eyes,0.5430932703659976,0.5416174734356553,single,bald,lr,14,0.545159386068477,-0.0020661157024793875,,
no_beard,0.6408531252102536,0.6963600888111418,single,bald,lr,14,0.6408531252102536,0.0,,
oval_face,0.5212585034013605,0.5770408163265307,single,bald,lr,14,0.5212585034013605,0.0,,
pale_skin,0.5032520325203252,0.6012195121951219,single,bald,lr,14,0.5032520325203252,0.0,,
pointy_nose,0.5174616116320152,0.5355347193912217,single,bald,lr,14,0.5174616116320152,0.0,,
receding_hairline,0.523153942428035,0.5510794743429286,single,bald,lr,14,0.52049436795995,0.0026595744680850686,,
rosy_cheeks,0.6947818263607737,0.7710301394511921,single,bald,lr,14,0.6947818263607737,0.0,,
sideburns,0.6968390804597702,0.7970545977011495,single,bald,lr,14,0.694683908045977,0.0021551724137931494,,
smiling,0.7955285851165761,0.9462791440434366,single,bald,lr,14,0.7955285851165761,0.0,,
straight_hair,0.47800829875518674,0.45089903181189483,single,bald,lr,14,0.4405255878284924,0.03748271092669436,,
wavy_hair,0.5791547764641934,0.5814648729446936,single,bald,lr,14,0.5791547764641934,0.0,,
wearing_earrings,0.7334745762711864,0.8569915254237288,single,bald,lr,14,0.735593220338983,-0.0021186440677966045,,
wearing_hat,0.9219660837307896,0.9806571277159513,single,bald,lr,14,0.9219660837307896,0.0,,
wearing_lipstick,0.45062771607918883,0.48660067600193135,single,bald,lr,14,0.45062771607918883,0.0,,
wearing_necklace,0.5996800393797687,0.6583805070145213,single,bald,lr,14,0.6017720895889737,-0.0020920502092049986,,
wearing_necktie,0.6159730979403111,0.6617906683480455,single,bald,lr,14,0.6159730979403111,0.0,,
young,0.8726900031535794,0.9475875118259224,single,bald,lr,14,0.8726900031535794,0.0,,
5_o_clock_shadow,0.5676743126234239,0.5810420780799027,single,bald,lr,15,0.5632690262798117,0.004405286343612258,,
arched_eyebrows,0.5870535714285714,0.6170479910714285,single,bald,lr,15,0.6026785714285714,-0.015625,,
attractive,0.512766814337495,0.6354409987917843,single,bald,lr,15,0.512766814337495,0.0,,
bags_under_eyes,0.511005291005291,0.5004585537918871,single,bald,lr,15,0.5171781305114639,-0.006172839506172867,,
bald,0.7421875,0.8563232421875,single,bald,lr,15,0.73828125,0.00390625,,
bangs,0.7534054860981526,0.8072401567456615,single,bald,lr,15,0.7534054860981526,0.0,,
big_lips,0.4087511890202473,0.4472075010191602,single,bald,lr,15,0.4087511890202473,0.0,,
big_nose,0.5996326905417815,0.6629323538414449,single,bald,lr,15,0.5955004591368228,0.004132231404958664,,
black_hair,0.681390977443609,0.8601190476190476,single,bald,lr,15,0.6770050125313283,0.004385964912280715,,
blond_hair,0.9279835390946503,0.9578980690091801,single,bald,lr,15,0.9279835390946503,0.0,,
blurry,0.7213114754098361,0.7397540983606558,single,bald,lr,15,0.7192622950819672,0.002049180327868938,,
brown_hair,0.6794871794871795,0.8646076146076146,single,bald,lr,15,0.6794871794871795,0.0,,
bushy_eyebrows,0.5391960914945592,0.5072174106151455,single,bald,lr,15,0.5391960914945592,0.0,,
chubby,0.5586021505376344,0.71036866359447,single,bald,lr,15,0.554147465437788,0.004454685099846367,,
double_chin,0.5625,0.6700032552083334,single,bald,lr,15,0.5651041666666666,-0.0026041666666666297,,
eyeglasses,0.9319920186232125,0.9743099434652478,single,bald,lr,15,0.9294146990355836,0.002577319587628857,,
goatee,0.766163222045575,0.8626126126126126,single,bald,lr,15,0.766163222045575,0.0,,
gray_hair,0.7772136696145868,0.8778250900753357,single,bald,lr,15,0.7772136696145868,0.0,,
heavy_makeup,0.5234113712374582,0.5588628762541806,single,bald,lr,15,0.5255852842809364,-0.0021739130434782483,,
high_cheekbones,0.49007936507936506,0.41480654761904767,single,bald,lr,15,0.48660714285714285,0.00347222222222221,,
male,0.9878640776699029,0.9891262135922331,single,bald,lr,15,0.9878640776699029,0.0,,
mouth_slightly_open,0.524009324009324,0.5456543456543457,single,bald,lr,15,0.527039627039627,-0.00303030303030305,,
mustache,0.6860747210092188,0.7360504609412906,single,bald,lr,15,0.6675562024907002,0.0185185185185186,,
narrow_eyes,0.545159386068477,0.5383707201889021,single,bald,lr,15,0.545159386068477,0.0,,
no_beard,0.6408531252102536,0.696561932315145,single,bald,lr,15,0.6408531252102536,0.0,,
oval_face,0.5212585034013605,0.5767857142857142,single,bald,lr,15,0.5212585034013605,0.0,,
pale_skin,0.5032520325203252,0.6020325203252033,single,bald,lr,15,0.5032520325203252,0.0,,
pointy_nose,0.5326131267835303,0.5326810707976628,single,bald,lr,15,0.5174616116320152,0.015151515151515138,,
receding_hairline,0.523153942428035,0.5494367959949937,single,bald,lr,15,0.52049436795995,0.0026595744680850686,,
rosy_cheeks,0.6947818263607737,0.7755285650022492,single,bald,lr,15,0.6947818263607737,0.0,,
sideburns,0.694683908045977,0.7963362068965517,single,bald,lr,15,0.694683908045977,0.0,,
smiling,0.7955285851165761,0.9457681251996167,single,bald,lr,15,0.7955285851165761,0.0,,
straight_hair,0.44467496542185336,0.4520055325034578,single,bald,lr,15,0.4405255878284924,0.004149377593360981,,
wavy_hair,0.5791547764641934,0.579834216605517,single,bald,lr,15,0.5791547764641934,0.0,,
wearing_earrings,0.7334745762711864,0.8588983050847457,single,bald,lr,15,0.735593220338983,-0.0021186440677966045,,
wearing_hat,0.9219660837307896,0.9803921568627452,single,bald,lr,15,0.9219660837307896,0.0,,
wearing_lipstick,0.4529212940608402,0.4886528247223563,single,bald,lr,15,0.45062771607918883,0.0022935779816513624,,
wearing_necklace,0.5996800393797687,0.6615801132168349,single,bald,lr,15,0.6017720895889737,-0.0020920502092049986,,
wearing_necktie,0.6241698192517864,0.6621269440941572,single,bald,lr,15,0.6159730979403111,0.008196721311475308,,
young,0.8726900031535794,0.9474613686534217,single,bald,lr,15,0.8726900031535794,0.0,,
5_o_clock_shadow,0.5676743126234239,0.5825611423363208,single,bald,lr,16,0.5632690262798117,0.004405286343612258,,
arched_eyebrows,0.5870535714285714,0.6213727678571429,single,bald,lr,16,0.6026785714285714,-0.015625,,
attractive,0.512766814337495,0.6356826419653645,single,bald,lr,16,0.512766814337495,0.0,,
bags_under_eyes,0.49865961199294534,0.5010934744268077,single,bald,lr,16,0.5171781305114639,-0.018518518518518545,,
bald,0.73046875,0.85418701171875,single,bald,lr,16,0.73828125,-0.0078125,,
bangs,0.7512595633513715,0.8059339428997948,single,bald,lr,16,0.7534054860981526,-0.0021459227467811592,,
big_lips,0.4087511890202473,0.4476151651039543,single,bald,lr,16,0.4087511890202473,0.0,,
big_nose,0.5992041628405265,0.6629935720844813,single,bald,lr,16,0.5955004591368228,0.0037037037037036535,,
black_hair,0.681390977443609,0.8593358395989975,single,bald,lr,16,0.6770050125313283,0.004385964912280715,,
blond_hair,0.9279835390946503,0.9572649572649572,single,bald,lr,16,0.9279835390946503,0.0,,
blurry,0.7172131147540983,0.7400956284153005,single,bald,lr,16,0.7192622950819672,-0.002049180327868827,,
brown_hair,0.6837606837606838,0.8667443667443667,single,bald,lr,16,0.6794871794871795,0.004273504273504258,,
bushy_eyebrows,0.5391960914945592,0.5076615589606928,single,bald,lr,16,0.5391960914945592,0.0,,
chubby,0.5612903225806452,0.7102918586789555,single,bald,lr,16,0.554147465437788,0.0071428571428571175,,
double_chin,0.5625,0.6676432291666667,single,bald,lr,16,0.5651041666666666,-0.0026041666666666297,,
eyeglasses,0.9294146990355836,0.9739773860991021,single,bald,lr,16,0.9294146990355836,0.0,,
goatee,0.7684154742978273,0.8618177000529942,single,bald,lr,16,0.766163222045575,0.0022522522522523403,,
gray_hair,0.7772136696145868,0.8766240855988645,single,bald,lr,16,0.7772136696145868,0.0,,
heavy_makeup,0.5277591973244147,0.5580267558528429,single,bald,lr,16,0.5255852842809364,0.0021739130434782483,,
high_cheekbones,0.48660714285714285,0.4143725198412698,single,bald,lr,16,0.48660714285714285,0.0,,
male,0.9878640776699029,0.9891262135922331,single,bald,lr,16,0.9878640776699029,0.0,,
mouth_slightly_open,0.527039627039627,0.5458541458541458,single,bald,lr,16,0.527039627039627,0.0,,
mustache,0.6860747210092188,0.7365356622998545,single,bald,lr,16,0.6675562024907002,0.0185185185185186,,
narrow_eyes,0.5430932703659976,0.5433884297520661,single,bald,lr,16,0.545159386068477,-0.0020661157024793875,,
no_beard,0.6408531252102536,0.6971001816591536,single,bald,lr,16,0.6408531252102536,0.0,,
oval_face,0.5212585034013605,0.5751700680272109,single,bald,lr,16,0.5212585034013605,0.0,,
pale_skin,0.5032520325203252,0.6069105691056911,single,bald,lr,16,0.5032520325203252,0.0,,
pointy_nose,0.5281288218507949,0.5339040630520452,single,bald,lr,16,0.5174616116320152,0.010667210218779699,,
receding_hairline,0.5158010012515645,0.5492021276595744,single,bald,lr,16,0.52049436795995,-0.0046933667083854935,,
rosy_cheeks,0.692757534862798,0.7732793522267206,single,bald,lr,16,0.6947818263607737,-0.002024291497975672,,
sideburns,0.694683908045977,0.796875,single,bald,lr,16,0.694683908045977,0.0,,
smiling,0.7955285851165761,0.9462152666879591,single,bald,lr,16,0.7955285851165761,0.0,,
straight_hair,0.44467496542185336,0.44923928077455044,single,bald,lr,16,0.4405255878284924,0.004149377593360981,,
wavy_hair,0.5791547764641934,0.583639081396929,single,bald,lr,16,0.5791547764641934,0.0,,
wearing_earrings,0.7334745762711864,0.855720338983051,single,bald,lr,16,0.735593220338983,-0.0021186440677966045,,
wearing_hat,0.9219660837307896,0.9807896131425543,single,bald,lr,16,0.9219660837307896,0.0,,
wearing_lipstick,0.45062771607918883,0.4856349589570255,single,bald,lr,16,0.45062771607918883,0.0,,
wearing_necklace,0.5975879891705637,0.6564115185823283,single,bald,lr,16,0.6017720895889737,-0.004184100418409997,,
wearing_necktie,0.626733921815889,0.662463219840269,single,bald,lr,16,0.6159730979403111,0.010760823875577974,,
young,0.8726900031535794,0.94720908230842,single,bald,lr,16,0.8726900031535794,0.0,,
5_o_clock_shadow,0.5676743126234239,0.5796749202491265,single,bald,lr,17,0.5632690262798117,0.004405286343612258,,
arched_eyebrows,0.5870535714285714,0.6170479910714286,single,bald,lr,17,0.6026785714285714,-0.015625,,
attractive,0.512766814337495,0.6357631896898912,single,bald,lr,17,0.512766814337495,0.0,,
bags_under_eyes,0.511005291005291,0.5039153439153439,single,bald,lr,17,0.5171781305114639,-0.006172839506172867,,
bald,0.73046875,0.853271484375,single,bald,lr,17,0.73828125,-0.0078125,,
bangs,0.7512595633513715,0.8048143310319089,single,bald,lr,17,0.7534054860981526,-0.0021459227467811592,,
big_lips,0.41099334148661504,0.45019703764098384,single,bald,lr,17,0.4087511890202473,0.0022421524663677195,,
big_nose,0.6033363942454851,0.663666972757882,single,bald,lr,17,0.5955004591368228,0.007835935108662317,,
black_hair,0.6835839598997494,0.8576127819548873,single,bald,lr,17,0.6770050125313283,0.006578947368421129,,
blond_hair,0.9300411522633745,0.9569484013928458,single,bald,lr,17,0.9279835390946503,0.002057613168724215,,
blurry,0.7172131147540983,0.7363387978142076,single,bald,lr,17,0.7192622950819672,-0.002049180327868827,,
brown_hair,0.6837606837606838,0.8648018648018647,single,bald,lr,17,0.6794871794871795,0.004273504273504258,,
bushy_eyebrows,0.537086386853209,0.5092160781701088,single,bald,lr,17,0.5391960914945592,-0.002109704641350185,,
chubby,0.554147465437788,0.7099078341013826,single,bald,lr,17,0.554147465437788,0.0,,
double_chin,0.5677083333333334,0.6687825520833334,single,bald,lr,17,0.5651041666666666,0.0026041666666667407,,
eyeglasses,0.9319920186232125,0.9746425008313935,single,bald,lr,17,0.9294146990355836,0.002577319587628857,,
goatee,0.7684154742978273,0.8627450980392157,single,bald,lr,17,0.766163222045575,0.0022522522522523403,,
gray_hair,0.7795610874549623,0.8793536412272083,single,bald,lr,17,0.7772136696145868,0.0023474178403755097,,
heavy_makeup,0.5255852842809364,0.553010033444816,single,bald,lr,17,0.5255852842809364,0.0,,
high_cheekbones,0.48660714285714285,0.4146205357142857,single,bald,lr,17,0.48660714285714285,0.0,,
male,0.9878640776699029,0.9891262135922331,single,bald,lr,17,0.9878640776699029,0.0,,
mouth_slightly_open,0.527039627039627,0.5469197469197469,single,bald,lr,17,0.527039627039627,0.0,,
mustache,0.6882581271227559,0.735241792010351,single,bald,lr,17,0.6675562024907002,0.020701924632055668,,
narrow_eyes,0.545159386068477,0.5451593860684769,single,bald,lr,17,0.545159386068477,0.0,,
no_beard,0.6408531252102536,0.6966964946511471,single,bald,lr,17,0.6408531252102536,0.0,,
oval_face,0.5212585034013605,0.5765306122448979,single,bald,lr,17,0.5212585034013605,0.0,,
pale_skin,0.5032520325203252,0.6032520325203252,single,bald,lr,17,0.5032520325203252,0.0,,
pointy_nose,0.5174616116320152,0.5398831362956924,single,bald,lr,17,0.5174616116320152,0.0,,
receding_hairline,0.5131414267834793,0.5455256570713392,single,bald,lr,17,0.52049436795995,-0.007352941176470673,,
rosy_cheeks,0.6947818263607737,0.7764282501124606,single,bald,lr,17,0.6947818263607737,0.0,,
sideburns,0.694683908045977,0.7972341954022989,single,bald,lr,17,0.694683908045977,0.0,,
smiling,0.7955285851165761,0.9460236346215267,single,bald,lr,17,0.7955285851165761,0.0,,
straight_hair,0.4363762102351314,0.44840940525587825,single,bald,lr,17,0.4405255878284924,-0.004149377593360981,,
wavy_hair,0.5791547764641934,0.5875798342166055,single,bald,lr,17,0.5791547764641934,0.0,,
wearing_earrings,0.7334745762711864,0.8561440677966101,single,bald,lr,17,0.735593220338983,-0.0021186440677966045,,
wearing_hat,0.9219660837307896,0.9799947005829359,single,bald,lr,17,0.9219660837307896,0.0,,
wearing_lipstick,0.4483341380975374,0.4791163689039111,single,bald,lr,17,0.45062771607918883,-0.002293577981651418,,
wearing_necklace,0.5681762244646813,0.653458035934039,single,bald,lr,17,0.6017720895889737,-0.03359586512429236,,
wearing_necktie,0.6216057166876838,0.666162253047499,single,bald,lr,17,0.6159730979403111,0.005632618747372753,,
young,0.8726900031535794,0.9472721538946705,single,bald,lr,17,0.8726900031535794,0.0,,
5_o_clock_shadow,0.5654716694516178,0.5813458909311864,single,bald,lr,18,0.5632690262798117,0.0022026431718060735,,
arched_eyebrows,0.5915178571428572,0.6128627232142857,single,bald,lr,18,0.6026785714285714,-0.01116071428571419,,
attractive,0.512766814337495,0.631413612565445,single,bald,lr,18,0.512766814337495,0.0,,
bags_under_eyes,0.5171781305114639,0.5046913580246912,single,bald,lr,18,0.5171781305114639,0.0,,
bald,0.73046875,0.8521728515625,single,bald,lr,18,0.73828125,-0.0078125,,
bangs,0.7512595633513715,0.8016420974062326,single,bald,lr,18,0.7534054860981526,-0.0021459227467811592,,
big_lips,0.4087511890202473,0.4479548851746161,single,bald,lr,18,0.4087511890202473,0.0,,
big_nose,0.5955004591368228,0.660667278849097,single,bald,lr,18,0.5955004591368228,0.0,,
black_hair,0.6835839598997494,0.8590225563909775,single,bald,lr,18,0.6770050125313283,0.006578947368421129,,
blond_hair,0.9300411522633745,0.9569484013928458,single,bald,lr,18,0.9279835390946503,0.002057613168724215,,
blurry,0.7192622950819672,0.7359972677595629,single,bald,lr,18,0.7192622950819672,0.0,,
brown_hair,0.6837606837606838,0.8593628593628594,single,bald,lr,18,0.6794871794871795,0.004273504273504258,,
bushy_eyebrows,0.5391960914945592,0.5092160781701088,single,bald,lr,18,0.5391960914945592,0.0,,
chubby,0.5568356374807988,0.7107526881720431,single,bald,lr,18,0.554147465437788,0.0026881720430107503,,
double_chin,0.5598958333333334,0.6684570312500001,single,bald,lr,18,0.5651041666666666,-0.005208333333333259,,
eyeglasses,0.9213501829065514,0.974559361489857,single,bald,lr,18,0.9294146990355836,-0.008064516129032251,,
goatee,0.7684154742978273,0.8634075251722311,single,bald,lr,18,0.766163222045575,0.0022522522522523403,,
gray_hair,0.7795610874549623,0.8780434545256033,single,bald,lr,18,0.7772136696145868,0.0023474178403755097,,
heavy_makeup,0.5277591973244147,0.545819397993311,single,bald,lr,18,0.5255852842809364,0.0021739130434782483,,
high_cheekbones,0.49355158730158727,0.4141865079365079,single,bald,lr,18,0.48660714285714285,0.00694444444444442,,
male,0.9878640776699029,0.9889320388349515,single,bald,lr,18,0.9878640776699029,0.0,,
mouth_slightly_open,0.5215451215451216,0.5472527472527472,single,bald,lr,18,0.527039627039627,-0.005494505494505475,,
mustache,0.6882581271227559,0.7368591298722302,single,bald,lr,18,0.6675562024907002,0.020701924632055668,,
narrow_eyes,0.5430932703659976,0.5460448642266824,single,bald,lr,18,0.545159386068477,-0.0020661157024793875,,
no_beard,0.6438471371863015,0.6966292134831461,single,bald,lr,18,0.6408531252102536,0.0029940119760478723,,
oval_face,0.5212585034013605,0.5755102040816327,single,bald,lr,18,0.5212585034013605,0.0,,
pale_skin,0.5032520325203252,0.6044715447154472,single,bald,lr,18,0.5032520325203252,0.0,,
pointy_nose,0.5348552792498981,0.537708927843457,single,bald,lr,18,0.5174616116320152,0.017393667617882858,,
receding_hairline,0.523153942428035,0.5493585732165206,single,bald,lr,18,0.52049436795995,0.0026595744680850686,,
rosy_cheeks,0.6947818263607737,0.7701304543409806,single,bald,lr,18,0.6947818263607737,0.0,,
sideburns,0.6968390804597702,0.795617816091954,single,bald,lr,18,0.694683908045977,0.0021551724137931494,,
smiling,0.800479080166081,0.9460236346215267,single,bald,lr,18,0.7955285851165761,0.004950495049504955,,
straight_hair,0.4405255878284924,0.4522821576763485,single,bald,lr,18,0.4405255878284924,0.0,,
wavy_hair,0.5791547764641934,0.5847261856230467,single,bald,lr,18,0.5791547764641934,0.0,,
wearing_earrings,0.7313559322033898,0.8542372881355933,single,bald,lr,18,0.735593220338983,-0.004237288135593209,,
wearing_hat,0.9219660837307896,0.9789348171701113,single,bald,lr,18,0.9219660837307896,0.0,,
wearing_lipstick,0.4374698213423467,0.4823756639304683,single,bald,lr,18,0.45062771607918883,-0.013157894736842146,,
wearing_necklace,0.5996800393797687,0.655673147920256,single,bald,lr,18,0.6017720895889737,-0.0020920502092049986,,
wearing_necktie,0.6241698192517864,0.6671710802858344,single,bald,lr,18,0.6159730979403111,0.008196721311475308,,
young,0.8726900031535794,0.9466414380321666,single,bald,lr,18,0.8726900031535794,0.0,,
5_o_clock_shadow,0.5632690262798117,0.5825611423363208,single,bald,lr,19,0.5632690262798117,0.0,,
arched_eyebrows,0.59375,0.6139787946428571,single,bald,lr,19,0.6026785714285714,-0.008928571428571397,,
attractive,0.512766814337495,0.638824003221909,single,bald,lr,19,0.512766814337495,0.0,,
bags_under_eyes,0.5048324514991182,0.5037037037037037,single,bald,lr,19,0.5171781305114639,-0.012345679012345734,,
bald,0.7265625,0.847412109375,single,bald,lr,19,0.73828125,-0.01171875,,
bangs,0.7512595633513715,0.8025751072961375,single,bald,lr,19,0.7534054860981526,-0.0021459227467811592,,
big_lips,0.4087511890202473,0.4531865742628074,single,bald,lr,19,0.4087511890202473,0.0,,
big_nose,0.5913682277318641,0.6591980410162228,single,bald,lr,19,0.5955004591368228,-0.004132231404958664,,
black_hair,0.6835839598997494,0.8572994987468672,single,bald,lr,19,0.6770050125313283,0.006578947368421129,,
blond_hair,0.9300411522633745,0.9559987337765116,single,bald,lr,19,0.9279835390946503,0.002057613168724215,,
blurry,0.7213114754098361,0.7397540983606556,single,bald,lr,19,0.7192622950819672,0.002049180327868938,,
brown_hair,0.6837606837606838,0.8624708624708625,single,bald,lr,19,0.6794871794871795,0.004273504273504258,,
bushy_eyebrows,0.537086386853209,0.5081057073062403,single,bald,lr,19,0.5391960914945592,-0.002109704641350185,,
chubby,0.5568356374807988,0.7107526881720431,single,bald,lr,19,0.554147465437788,0.0026881720430107503,,
double_chin,0.5572916666666666,0.6700032552083334,single,bald,lr,19,0.5651041666666666,-0.0078125,,
eyeglasses,0.9294146990355836,0.9740605254406386,single,bald,lr,19,0.9294146990355836,0.0,,
goatee,0.7684154742978273,0.8631425543190249,single,bald,lr,19,0.766163222045575,0.0022522522522523403,,
gray_hair,0.7772136696145868,0.8788077301015395,single,bald,lr,19,0.7772136696145868,0.0,,
heavy_makeup,0.5277591973244147,0.5478260869565218,single,bald,lr,19,0.5255852842809364,0.0021739130434782483,,
high_cheekbones,0.49355158730158727,0.41356646825396826,single,bald,lr,19,0.48660714285714285,0.00694444444444442,,
male,0.9878640776699029,0.9891262135922331,single,bald,lr,19,0.9878640776699029,0.0,,
mouth_slightly_open,0.5295038295038295,0.5457209457209458,single,bald,lr,19,0.527039627039627,0.002464202464202425,,
mustache,0.6882581271227559,0.7355652595827268,single,bald,lr,19,0.6675562024907002,0.020701924632055668,,
narrow_eyes,0.5430932703659976,0.5454545454545454,single,bald,lr,19,0.545159386068477,-0.0020661157024793875,,
no_beard,0.6382291596582117,0.6970329004911525,single,bald,lr,19,0.6408531252102536,-0.002623965552041918,,
oval_face,0.5212585034013605,0.5762755102040816,single,bald,lr,19,0.5212585034013605,0.0,,
pale_skin,0.5032520325203252,0.6040650406504064,single,bald,lr,19,0.5032520325203252,0.0,,
pointy_nose,0.5348552792498981,0.5415137926348689,single,bald,lr,19,0.5174616116320152,0.017393667617882858,,
receding_hairline,0.5178347934918648,0.5477941176470589,single,bald,lr,19,0.52049436795995,-0.0026595744680851796,,
rosy_cheeks,0.6947818263607737,0.7732793522267207,single,bald,lr,19,0.6947818263607737,0.0,,
sideburns,0.694683908045977,0.7970545977011495,single,bald,lr,19,0.694683908045977,0.0,,
smiling,0.7955285851165761,0.9458320025550943,single,bald,lr,19,0.7955285851165761,0.0,,
straight_hair,0.4384508990318119,0.4531120331950207,single,bald,lr,19,0.4405255878284924,-0.0020746887966804906,,
wavy_hair,0.5791547764641934,0.582687865199076,single,bald,lr,19,0.5791547764641934,0.0,,
wearing_earrings,0.7292372881355932,0.8527542372881356,single,bald,lr,19,0.735593220338983,-0.006355932203389814,,
wearing_hat,0.9219660837307896,0.9780074191838897,single,bald,lr,19,0.9219660837307896,0.0,,
wearing_lipstick,0.4374698213423467,0.47416706904876876,single,bald,lr,19,0.45062771607918883,-0.013157894736842146,,
wearing_necklace,0.5975879891705637,0.6546886537041594,single,bald,lr,19,0.6017720895889737,-0.004184100418409997,,
wearing_necktie,0.6241698192517864,0.6670870113493064,single,bald,lr,19,0.6159730979403111,0.008196721311475308,,
young,0.8726900031535794,0.9479028697571743,single,bald,lr,19,0.8726900031535794,0.0,,
5_o_clock_shadow,0.5632690262798117,0.5836244873158135,single,bald,lr,20,0.5632690262798117,0.0,,
arched_eyebrows,0.59375,0.609375,single,bald,lr,20,0.6026785714285714,-0.008928571428571397,,
attractive,0.512766814337495,0.6239226741844544,single,bald,lr,20,0.512766814337495,0.0,,
bags_under_eyes,0.49865961199294534,0.49996472663139324,single,bald,lr,20,0.5171781305114639,-0.018518518518518545,,
bald,0.7265625,0.84326171875,single,bald,lr,20,0.73828125,-0.01171875,,
bangs,0.7491136406045904,0.8044411270759471,single,bald,lr,20,0.7534054860981526,-0.0042918454935622075,,
big_lips,0.4087511890202473,0.45508900665851343,single,bald,lr,20,0.4087511890202473,0.0,,
big_nose,0.5955004591368228,0.6600550964187328,single,bald,lr,20,0.5955004591368228,0.0,,
black_hair,0.6835839598997494,0.856046365914787,single,bald,lr,20,0.6770050125313283,0.006578947368421129,,
blond_hair,0.9279835390946503,0.9569484013928458,single,bald,lr,20,0.9279835390946503,0.0,,
blurry,0.7172131147540983,0.7394125683060109,single,bald,lr,20,0.7192622950819672,-0.002049180327868827,,
brown_hair,0.6837606837606838,0.866938616938617,single,bald,lr,20,0.6794871794871795,0.004273504273504258,,
bushy_eyebrows,0.5391960914945592,0.506773262269598,single,bald,lr,20,0.5391960914945592,0.0,,
chubby,0.571121351766513,0.7136712749615975,single,bald,lr,20,0.554147465437788,0.016973886328724985,,
double_chin,0.5572916666666666,0.67138671875,single,bald,lr,20,0.5651041666666666,-0.0078125,,
eyeglasses,0.9213501829065514,0.9733122713668108,single,bald,lr,20,0.9294146990355836,-0.008064516129032251,,
goatee,0.7684154742978273,0.8627450980392157,single,bald,lr,20,0.766163222045575,0.0022522522522523403,,
gray_hair,0.7772136696145868,0.8788077301015395,single,bald,lr,20,0.7772136696145868,0.0,,
heavy_makeup,0.5277591973244147,0.5520066889632107,single,bald,lr,20,0.5255852842809364,0.0021739130434782483,,
high_cheekbones,0.49355158730158727,0.4138144841269842,single,bald,lr,20,0.48660714285714285,0.00694444444444442,,
male,0.9878640776699029,0.9894174757281554,single,bald,lr,20,0.9878640776699029,0.0,,
mouth_slightly_open,0.5234432234432235,0.5439227439227439,single,bald,lr,20,0.527039627039627,-0.0035964035964035634,,
mustache,0.6882581271227559,0.7358887271551027,single,bald,lr,20,0.6675562024907002,0.020701924632055668,,
narrow_eyes,0.5430932703659976,0.5401416765053129,single,bald,lr,20,0.545159386068477,-0.0020661157024793875,,
no_beard,0.6382291596582117,0.6972347439951557,single,bald,lr,20,0.6408531252102536,-0.002623965552041918,,
oval_face,0.5212585034013605,0.5775510204081632,single,bald,lr,20,0.5212585034013605,0.0,,
pale_skin,0.501219512195122,0.609349593495935,single,bald,lr,20,0.5032520325203252,-0.002032520325203291,,
pointy_nose,0.5197037640983829,0.5434162250305749,single,bald,lr,20,0.5174616116320152,0.0022421524663677195,,
receding_hairline,0.5104818523153942,0.5457603254067585,single,bald,lr,20,0.52049436795995,-0.010012515644555742,,
rosy_cheeks,0.6947818263607737,0.7719298245614035,single,bald,lr,20,0.6947818263607737,0.0,,
sideburns,0.6738505747126436,0.798132183908046,single,bald,lr,20,0.694683908045977,-0.02083333333333337,,
smiling,0.7955285851165761,0.9465346534653465,single,bald,lr,20,0.7955285851165761,0.0,,
straight_hair,0.47593360995850625,0.46141078838174276,single,bald,lr,20,0.4405255878284924,0.03540802213001387,,
wavy_hair,0.5769126239978258,0.5688272863160756,single,bald,lr,20,0.5791547764641934,-0.0022421524663676085,,
wearing_earrings,0.7334745762711864,0.8555084745762712,single,bald,lr,20,0.735593220338983,-0.0021186440677966045,,
wearing_hat,0.9072602013778484,0.9784048754636991,single,bald,lr,20,0.9219660837307896,-0.014705882352941235,,
wearing_lipstick,0.45062771607918883,0.4748913568324481,single,bald,lr,20,0.45062771607918883,0.0,,
wearing_necklace,0.6017720895889737,0.6569037656903766,single,bald,lr,20,0.6017720895889737,0.0,,
wearing_necktie,0.6159730979403111,0.6651534258091635,single,bald,lr,20,0.6159730979403111,0.0,,
young,0.8726900031535794,0.9481551561021759,single,bald,lr,20,0.8726900031535794,0.0,,
5_o_clock_shadow,0.5632690262798117,0.5840802065927388,single,bald,lr,21,0.5632690262798117,0.0,,
arched_eyebrows,0.59375,0.6127232142857143,single,bald,lr,21,0.6026785714285714,-0.008928571428571397,,
attractive,0.512766814337495,0.6375352396294806,single,bald,lr,21,0.512766814337495,0.0,,
bags_under_eyes,0.49865961199294534,0.5005291005291005,single,bald,lr,21,0.5171781305114639,-0.018518518518518545,,
bald,0.72265625,0.83514404296875,single,bald,lr,21,0.73828125,-0.015625,,
bangs,0.729520432916589,0.8036947191640231,single,bald,lr,21,0.7534054860981526,-0.023885053181563642,,
big_lips,0.4065090365538796,0.4523712460932192,single,bald,lr,21,0.4087511890202473,-0.0022421524663677195,,
big_nose,0.5955004591368228,0.6604836241199877,single,bald,lr,21,0.5955004591368228,0.0,,
black_hair,0.6835839598997494,0.8546365914786967,single,bald,lr,21,0.6770050125313283,0.006578947368421129,,
blond_hair,0.9300411522633745,0.9569484013928458,single,bald,lr,21,0.9279835390946503,0.002057613168724215,,
blurry,0.7172131147540983,0.7370218579234972,single,bald,lr,21,0.7192622950819672,-0.002049180327868827,,
brown_hair,0.6816239316239316,0.8632478632478633,single,bald,lr,21,0.6794871794871795,0.002136752136752129,,
bushy_eyebrows,0.5391960914945592,0.5067732622695981,single,bald,lr,21,0.5391960914945592,0.0,,
chubby,0.5612903225806452,0.7109831029185868,single,bald,lr,21,0.554147465437788,0.0071428571428571175,,
double_chin,0.5677083333333334,0.6688639322916667,single,bald,lr,21,0.5651041666666666,0.0026041666666667407,,
eyeglasses,0.9294146990355836,0.9744762221483206,single,bald,lr,21,0.9294146990355836,0.0,,
goatee,0.7684154742978273,0.8622151563328033,single,bald,lr,21,0.766163222045575,0.0022522522522523403,,
gray_hair,0.7772136696145868,0.8771699967245332,single,bald,lr,21,0.7772136696145868,0.0,,
heavy_makeup,0.5277591973244147,0.5473244147157191,single,bald,lr,21,0.5255852842809364,0.0021739130434782483,,
high_cheekbones,0.49007936507936506,0.4171006944444444,single,bald,lr,21,0.48660714285714285,0.00347222222222221,,
male,0.9878640776699029,0.9896116504854369,single,bald,lr,21,0.9878640776699029,0.0,,
mouth_slightly_open,0.5264735264735265,0.5447885447885448,single,bald,lr,21,0.527039627039627,-0.0005661005661005136,,
mustache,0.6882581271227559,0.7339479217208474,single,bald,lr,21,0.6675562024907002,0.020701924632055668,,
narrow_eyes,0.545159386068477,0.5395513577331759,single,bald,lr,21,0.545159386068477,0.0,,
no_beard,0.6408531252102536,0.6968310569871493,single,bald,lr,21,0.6408531252102536,0.0,,
oval_face,0.5212585034013605,0.5777210884353742,single,bald,lr,21,0.5212585034013605,0.0,,
pale_skin,0.5032520325203252,0.6016260162601625,single,bald,lr,21,0.5032520325203252,0.0,,
pointy_nose,0.5197037640983829,0.5455904334828103,single,bald,lr,21,0.5174616116320152,0.0022421524663677195,,
receding_hairline,0.5078222778473092,0.5385638297872339,single,bald,lr,21,0.52049436795995,-0.01267209011264081,,
rosy_cheeks,0.6947818263607737,0.7732793522267206,single,bald,lr,21,0.6947818263607737,0.0,,
sideburns,0.694683908045977,0.7995689655172413,single,bald,lr,21,0.694683908045977,0.0,,
smiling,0.7955285851165761,0.9454487384222293,single,bald,lr,21,0.7955285851165761,0.0,,
straight_hair,0.48008298755186724,0.46141078838174276,single,bald,lr,21,0.4405255878284924,0.03955739972337485,,
wavy_hair,0.5617611088463107,0.5646147574398696,single,bald,lr,21,0.5791547764641934,-0.017393667617882747,,
wearing_earrings,0.735593220338983,0.8552966101694915,single,bald,lr,21,0.735593220338983,0.0,,
wearing_hat,0.9219660837307896,0.9757551669316376,single,bald,lr,21,0.9219660837307896,0.0,,
wearing_lipstick,0.45062771607918883,0.4724770642201835,single,bald,lr,21,0.45062771607918883,0.0,,
wearing_necklace,0.5975879891705637,0.657642136352449,single,bald,lr,21,0.6017720895889737,-0.004184100418409997,,
wearing_necktie,0.6052122740647331,0.6636401849516603,single,bald,lr,21,0.6159730979403111,-0.010760823875577974,,
young,0.8726900031535794,0.9475875118259225,single,bald,lr,21,0.8726900031535794,0.0,,
5_o_clock_shadow,0.548230290141273,0.5900045571927693,single,bald,lr,22,0.5632690262798117,-0.015038736138538678,,
arched_eyebrows,0.5892857142857143,0.6131417410714285,single,bald,lr,22,0.6026785714285714,-0.013392857142857095,,
attractive,0.512766814337495,0.6338300443012485,single,bald,lr,22,0.512766814337495,0.0,,
bags_under_eyes,0.5114638447971781,0.5046913580246913,single,bald,lr,22,0.5171781305114639,-0.005714285714285783,,
bald,0.671875,0.811279296875,single,bald,lr,22,0.73828125,-0.06640625,,
bangs,0.7123530509423399,0.7956708341108416,single,bald,lr,22,0.7534054860981526,-0.041052435155812694,,
big_lips,0.41099334148661504,0.45196358200842507,single,bald,lr,22,0.4087511890202473,0.0022421524663677195,,
big_nose,0.6037649219467401,0.6628711355984084,single,bald,lr,22,0.5955004591368228,0.008264462809917328,,
black_hair,0.674812030075188,0.8469611528822055,single,bald,lr,22,0.6770050125313283,-0.002192982456140302,,
blond_hair,0.9300411522633745,0.9578980690091801,single,bald,lr,22,0.9279835390946503,0.002057613168724215,,
blurry,0.7192622950819672,0.7363387978142076,single,bald,lr,22,0.7192622950819672,0.0,,
brown_hair,0.670940170940171,0.8613053613053613,single,bald,lr,22,0.6794871794871795,-0.008547008547008517,,
bushy_eyebrows,0.5434155007772596,0.5078836331334666,single,bald,lr,22,0.5391960914945592,0.0042194092827004814,,
chubby,0.5657450076804915,0.7159754224270354,single,bald,lr,22,0.554147465437788,0.011597542242703485,,
double_chin,0.5651041666666666,0.6722819010416667,single,bald,lr,22,0.5651041666666666,0.0,,
eyeglasses,0.9294146990355836,0.9756401729298303,single,bald,lr,22,0.9294146990355836,0.0,,
goatee,0.7808691043985162,0.8659247482776895,single,bald,lr,22,0.766163222045575,0.014705882352941235,,
gray_hair,0.7795610874549623,0.8773883611748008,single,bald,lr,22,0.7772136696145868,0.0023474178403755097,,
heavy_makeup,0.5277591973244147,0.562541806020067,single,bald,lr,22,0.5255852842809364,0.0021739130434782483,,
high_cheekbones,0.49007936507936506,0.41858878968253965,single,bald,lr,22,0.48660714285714285,0.00347222222222221,,
male,0.9878640776699029,0.9892233009708737,single,bald,lr,22,0.9878640776699029,0.0,,
mouth_slightly_open,0.531968031968032,0.5433233433233433,single,bald,lr,22,0.527039627039627,0.004928404928404961,,
mustache,0.6838913148956818,0.7328157852175319,single,bald,lr,22,0.6675562024907002,0.016335112404981533,,
narrow_eyes,0.5430932703659976,0.5436835891381345,single,bald,lr,22,0.545159386068477,-0.0020661157024793875,,
no_beard,0.6438471371863015,0.6978402745071653,single,bald,lr,22,0.6408531252102536,0.0029940119760478723,,
oval_face,0.5154761904761905,0.5790816326530611,single,bald,lr,22,0.5212585034013605,-0.005782312925169952,,
pale_skin,0.5073170731707317,0.6097560975609757,single,bald,lr,22,0.5032520325203252,0.004065040650406471,,
pointy_nose,0.5326131267835303,0.5333605109389864,single,bald,lr,22,0.5174616116320152,0.015151515151515138,,
receding_hairline,0.4663642052565707,0.5236232790988736,single,bald,lr,22,0.52049436795995,-0.05413016270337928,,
rosy_cheeks,0.6826360773729194,0.755285650022492,single,bald,lr,22,0.6947818263607737,-0.012145748987854255,,
sideburns,0.694683908045977,0.8029813218390804,single,bald,lr,22,0.694683908045977,0.0,,
smiling,0.7955285851165761,0.9473650590865538,single,bald,lr,22,0.7955285851165761,0.0,,
straight_hair,0.46957123098201936,0.4757952973720609,single,bald,lr,22,0.4405255878284924,0.02904564315352698,,
wavy_hair,0.5746704715314581,0.5605381165919282,single,bald,lr,22,0.5791547764641934,-0.004484304932735328,,
wearing_earrings,0.7271186440677966,0.8510593220338982,single,bald,lr,22,0.735593220338983,-0.008474576271186418,,
wearing_hat,0.9366719660837308,0.9688659247482777,single,bald,lr,22,0.9219660837307896,0.014705882352941235,,
wearing_lipstick,0.4460405601158861,0.4703042008691454,single,bald,lr,22,0.45062771607918883,-0.004587155963302725,,
wearing_necklace,0.5829436377061286,0.6524735417179424,single,bald,lr,22,0.6017720895889737,-0.0188284518828451,,
wearing_necktie,0.6103404791929382,0.6603614964270702,single,bald,lr,22,0.6159730979403111,-0.005632618747372864,,
young,0.8704194260485651,0.9371807000946074,single,bald,lr,22,0.8726900031535794,-0.0022705771050142154,,
5_o_clock_shadow,0.5610663831080055,0.5890931186389183,single,bald,lr,23,0.5632690262798117,-0.0022026431718061845,,
arched_eyebrows,0.5892857142857143,0.6159319196428571,single,bald,lr,23,0.6026785714285714,-0.013392857142857095,,
attractive,0.512766814337495,0.6095046314941602,single,bald,lr,23,0.512766814337495,0.0,,
bags_under_eyes,0.5204938271604937,0.5085714285714286,single,bald,lr,23,0.5171781305114639,0.0033156966490298645,,
bald,0.5859375,0.720947265625,single,bald,lr,23,0.73828125,-0.15234375,,
bangs,0.7273745101698078,0.7829818996081358,single,bald,lr,23,0.7534054860981526,-0.0260309759283448,,
big_lips,0.41099334148661504,0.4579426552520723,single,bald,lr,23,0.4087511890202473,0.0022421524663677195,,
big_nose,0.6029078665442302,0.6549739822467096,single,bald,lr,23,0.5955004591368228,0.007407407407407418,,
black_hair,0.6613408521303258,0.8269110275689223,single,bald,lr,23,0.6770050125313283,-0.01566416040100249,,
blond_hair,0.9279835390946503,0.9591642924976259,single,bald,lr,23,0.9279835390946503,0.0,,
blurry,0.7192622950819672,0.7397540983606558,single,bald,lr,23,0.7192622950819672,0.0,,
brown_hair,0.6730769230769231,0.8515928515928516,single,bald,lr,23,0.6794871794871795,-0.0064102564102563875,,
bushy_eyebrows,0.5391960914945592,0.5098823006884299,single,bald,lr,23,0.5391960914945592,0.0,,
chubby,0.5586021505376344,0.7180491551459293,single,bald,lr,23,0.554147465437788,0.004454685099846367,,
double_chin,0.5598958333333334,0.6663411458333333,single,bald,lr,23,0.5651041666666666,-0.005208333333333259,,
eyeglasses,0.9265048220818091,0.9753076155636848,single,bald,lr,23,0.9294146990355836,-0.0029098769537745373,,
goatee,0.7649708532061473,0.8695018547959724,single,bald,lr,23,0.766163222045575,-0.0011923688394276377,,
gray_hair,0.7772136696145868,0.8728027077191833,single,bald,lr,23,0.7772136696145868,0.0,,
heavy_makeup,0.5277591973244147,0.5476588628762542,single,bald,lr,23,0.5255852842809364,0.0021739130434782483,,
high_cheekbones,0.47619047619047616,0.42292906746031744,single,bald,lr,23,0.48660714285714285,-0.010416666666666685,,
male,0.9878640776699029,0.9884466019417475,single,bald,lr,23,0.9878640776699029,0.0,,
mouth_slightly_open,0.5302697302697302,0.5229437229437229,single,bald,lr,23,0.527039627039627,0.0032301032301031984,,
mustache,0.6860747210092188,0.7240821607633834,single,bald,lr,23,0.6675562024907002,0.0185185185185186,,
narrow_eyes,0.5368949232585596,0.5475206611570248,single,bald,lr,23,0.545159386068477,-0.008264462809917439,,
no_beard,0.6531992195384512,0.6952163089551234,single,bald,lr,23,0.6408531252102536,0.012346094328197554,,
oval_face,0.5129251700680272,0.5642857142857143,single,bald,lr,23,0.5212585034013605,-0.008333333333333304,,
pale_skin,0.5154471544715448,0.6264227642276423,single,bald,lr,23,0.5032520325203252,0.012195121951219523,,
pointy_nose,0.5197037640983829,0.5169180595189564,single,bald,lr,23,0.5174616116320152,0.0022421524663677195,,
receding_hairline,0.46245306633291616,0.5175219023779725,single,bald,lr,23,0.52049436795995,-0.0580413016270338,,
rosy_cheeks,0.6947818263607737,0.7723796671165093,single,bald,lr,23,0.6947818263607737,0.0,,
sideburns,0.694683908045977,0.7977729885057472,single,bald,lr,23,0.694683908045977,0.0,,
smiling,0.7955285851165761,0.9463430213989141,single,bald,lr,23,0.7955285851165761,0.0,,
straight_hair,0.519640387275242,0.527524204702628,single,bald,lr,23,0.4405255878284924,0.0791147994467496,,
wavy_hair,0.5314580785432803,0.5000679440141323,single,bald,lr,23,0.5791547764641934,-0.047696697920913134,,
wearing_earrings,0.7021186440677967,0.8180084745762712,single,bald,lr,23,0.735593220338983,-0.03347457627118633,,
wearing_hat,0.8835453100158983,0.9425013248542661,single,bald,lr,23,0.9219660837307896,-0.038420773714891276,,
wearing_lipstick,0.45062771607918883,0.4605263157894737,single,bald,lr,23,0.45062771607918883,0.0,,
wearing_necklace,0.5514398227910411,0.6364755107063745,single,bald,lr,23,0.6017720895889737,-0.05033226679793257,,
wearing_necktie,0.6077763766288357,0.6562421185372005,single,bald,lr,23,0.6159730979403111,-0.008196721311475419,,
young,0.8290129296751814,0.9174392935982341,single,bald,lr,23,0.8726900031535794,-0.043677073478398,,
5_o_clock_shadow,0.5654716694516178,0.5801306395260519,single,bald,pclarc,0,0.5632690262798117,0.0022026431718060735,,
arched_eyebrows,0.5892857142857143,0.619140625,single,bald,pclarc,0,0.6026785714285714,-0.013392857142857095,,
attractive,0.512766814337495,0.6455900120821587,single,bald,pclarc,0,0.512766814337495,0.0,,
bags_under_eyes,0.5048324514991182,0.5025044091710759,single,bald,pclarc,0,0.5171781305114639,-0.012345679012345734,,
bald,0.73828125,0.85589599609375,single,bald,pclarc,0,0.73828125,0.0,,
bangs,0.7534054860981526,0.8077999626796044,single,bald,pclarc,0,0.7534054860981526,0.0,,
big_lips,0.4087511890202473,0.4492458214431309,single,bald,pclarc,0,0.4087511890202473,0.0,,
big_nose,0.5955004591368228,0.6615855524946436,single,bald,pclarc,0,0.5955004591368228,0.0,,
black_hair,0.6791979949874687,0.8609022556390977,single,bald,pclarc,0,0.6770050125313283,0.002192982456140413,,
blond_hair,0.9279835390946503,0.9569484013928458,single,bald,pclarc,0,0.9279835390946503,0.0,,
blurry,0.7233606557377049,0.7366803278688525,single,bald,pclarc,0,0.7192622950819672,0.004098360655737765,,
brown_hair,0.6837606837606838,0.8642191142191142,single,bald,pclarc,0,0.6794871794871795,0.004273504273504258,,
bushy_eyebrows,0.5391960914945592,0.5085498556517877,single,bald,pclarc,0,0.5391960914945592,0.0,,
chubby,0.5612903225806452,0.7105222734254992,single,bald,pclarc,0,0.554147465437788,0.0071428571428571175,,
double_chin,0.5703125,0.6730143229166667,single,bald,pclarc,0,0.5651041666666666,0.00520833333333337,,
eyeglasses,0.9294146990355836,0.9757233122713669,single,bald,pclarc,0,0.9294146990355836,0.0,,
goatee,0.7684154742978273,0.8610227874933757,single,bald,pclarc,0,0.766163222045575,0.0022522522522523403,,
gray_hair,0.7772136696145868,0.8791352767769407,single,bald,pclarc,0,0.7772136696145868,0.0,,
heavy_makeup,0.529933110367893,0.5633779264214047,single,bald,pclarc,0,0.5255852842809364,0.004347826086956608,,
high_cheekbones,0.48660714285714285,0.4148685515873016,single,bald,pclarc,0,0.48660714285714285,0.0,,
male,0.9878640776699029,0.9893203883495146,single,bald,pclarc,0,0.9878640776699029,0.0,,
mouth_slightly_open,0.5325341325341325,0.5447885447885448,single,bald,pclarc,0,0.527039627039627,0.005494505494505475,,
mustache,0.6675562024907002,0.7324923176451561,single,bald,pclarc,0,0.6675562024907002,0.0,,
narrow_eyes,0.5472255017709563,0.538961038961039,single,bald,pclarc,0,0.545159386068477,0.0020661157024792765,,
no_beard,0.6408531252102536,0.696561932315145,single,bald,pclarc,0,0.6408531252102536,0.0,,
oval_face,0.5212585034013605,0.5761904761904761,single,bald,pclarc,0,0.5212585034013605,0.0,,
pale_skin,0.5032520325203252,0.6065040650406504,single,bald,pclarc,0,0.5032520325203252,0.0,,
pointy_nose,0.5348552792498981,0.5413779046066042,single,bald,pclarc,0,0.5174616116320152,0.017393667617882858,,
receding_hairline,0.5131414267834793,0.5510794743429286,single,bald,pclarc,0,0.52049436795995,-0.007352941176470673,,
rosy_cheeks,0.6947818263607737,0.7755285650022492,single,bald,pclarc,0,0.6947818263607737,0.0,,
sideburns,0.6738505747126436,0.7959770114942528,single,bald,pclarc,0,0.694683908045977,-0.02083333333333337,,
smiling,0.7955285851165761,0.9462791440434366,single,bald,pclarc,0,0.7955285851165761,0.0,,
straight_hair,0.4717842323651452,0.4489626556016598,single,bald,pclarc,0,0.4405255878284924,0.031258644536652835,,
wavy_hair,0.5791547764641934,0.5835031933686642,single,bald,pclarc,0,0.5791547764641934,0.0,,
wearing_earrings,0.7084745762711864,0.8548728813559322,single,bald,pclarc,0,0.735593220338983,-0.027118644067796627,,
wearing_hat,0.9219660837307896,0.9813195548489667,single,bald,pclarc,0,0.9219660837307896,0.0,,
wearing_lipstick,0.4529212940608402,0.48937711250603577,single,bald,pclarc,0,0.45062771607918883,0.0022935779816513624,,
wearing_necklace,0.6017720895889737,0.6578882599064729,single,bald,pclarc,0,0.6017720895889737,0.0,,
wearing_necktie,0.6134089953762085,0.6619588062211014,single,bald,pclarc,0,0.6159730979403111,-0.002564102564102555,,
young,0.8726900031535794,0.9483443708609272,single,bald,pclarc,0,0.8726900031535794,0.0,,
5_o_clock_shadow,0.5610663831080055,0.5808901716542609,single,bald,pclarc,1,0.5632690262798117,-0.0022026431718061845,,
arched_eyebrows,0.5870535714285714,0.6195591517857142,single,bald,pclarc,1,0.6026785714285714,-0.015625,,
attractive,0.512766814337495,0.6468787756745872,single,bald,pclarc,1,0.512766814337495,0.0,,
bags_under_eyes,0.5048324514991182,0.5029982363315697,single,bald,pclarc,1,0.5171781305114639,-0.012345679012345734,,
bald,0.7421875,0.85577392578125,single,bald,pclarc,1,0.73828125,0.00390625,,
bangs,0.7534054860981526,0.8096659824594141,single,bald,pclarc,1,0.7534054860981526,0.0,,
big_lips,0.4087511890202473,0.448702269330072,single,bald,pclarc,1,0.4087511890202473,0.0,,
big_nose,0.5955004591368228,0.6618916437098256,single,bald,pclarc,1,0.5955004591368228,0.0,,
black_hair,0.6770050125313283,0.8615288220551378,single,bald,pclarc,1,0.6770050125313283,0.0,,
blond_hair,0.9279835390946503,0.9566318455207343,single,bald,pclarc,1,0.9279835390946503,0.0,,
blurry,0.7233606557377049,0.7397540983606556,single,bald,pclarc,1,0.7192622950819672,0.004098360655737765,,
brown_hair,0.6816239316239316,0.8634421134421135,single,bald,pclarc,1,0.6794871794871795,0.002136752136752129,,
bushy_eyebrows,0.5391960914945592,0.5049966688874084,single,bald,pclarc,1,0.5391960914945592,0.0,,
chubby,0.5568356374807988,0.7113671274961598,single,bald,pclarc,1,0.554147465437788,0.0026881720430107503,,
double_chin,0.5625,0.6710611979166666,single,bald,pclarc,1,0.5651041666666666,-0.0026041666666666297,,
eyeglasses,0.9294146990355836,0.9753076155636847,single,bald,pclarc,1,0.9294146990355836,0.0,,
goatee,0.766163222045575,0.8619501854795972,single,bald,pclarc,1,0.766163222045575,0.0,,
gray_hair,0.7795610874549623,0.8771699967245332,single,bald,pclarc,1,0.7772136696145868,0.0023474178403755097,,
heavy_makeup,0.529933110367893,0.5648829431438127,single,bald,pclarc,1,0.5255852842809364,0.004347826086956608,,
high_cheekbones,0.49007936507936506,0.41424851190476186,single,bald,pclarc,1,0.48660714285714285,0.00347222222222221,,
male,0.9878640776699029,0.9893203883495146,single,bald,pclarc,1,0.9878640776699029,0.0,,
mouth_slightly_open,0.527039627039627,0.5463869463869464,single,bald,pclarc,1,0.527039627039627,0.0,,
mustache,0.6675562024907002,0.7328157852175319,single,bald,pclarc,1,0.6675562024907002,0.0,,
narrow_eyes,0.5472255017709563,0.538961038961039,single,bald,pclarc,1,0.545159386068477,0.0020661157024792765,,
no_beard,0.6408531252102536,0.6960236829711364,single,bald,pclarc,1,0.6408531252102536,0.0,,
oval_face,0.5212585034013605,0.5768707482993198,single,bald,pclarc,1,0.5212585034013605,0.0,,
pale_skin,0.5032520325203252,0.6036585365853658,single,bald,pclarc,1,0.5032520325203252,0.0,,
pointy_nose,0.5348552792498981,0.539067808126104,single,bald,pclarc,1,0.5174616116320152,0.017393667617882858,,
receding_hairline,0.52049436795995,0.5510012515644556,single,bald,pclarc,1,0.52049436795995,0.0,,
rosy_cheeks,0.6947818263607737,0.7759784075573549,single,bald,pclarc,1,0.6947818263607737,0.0,,
sideburns,0.6968390804597702,0.7979525862068966,single,bald,pclarc,1,0.694683908045977,0.0021551724137931494,,
smiling,0.7955285851165761,0.9464707761098691,single,bald,pclarc,1,0.7955285851165761,0.0,,
straight_hair,0.47385892116182576,0.44785615491009684,single,bald,pclarc,1,0.4405255878284924,0.03333333333333338,,
wavy_hair,0.5791547764641934,0.5829596412556054,single,bald,pclarc,1,0.5791547764641934,0.0,,
wearing_earrings,0.7313559322033898,0.8546610169491525,single,bald,pclarc,1,0.735593220338983,-0.004237288135593209,,
wearing_hat,0.9219660837307896,0.9814520402755696,single,bald,pclarc,1,0.9219660837307896,0.0,,
wearing_lipstick,0.45521487204249156,0.48889425398358277,single,bald,pclarc,1,0.45062771607918883,0.004587155963302725,,
wearing_necklace,0.5996800393797687,0.6571498892444007,single,bald,pclarc,1,0.6017720895889737,-0.0020920502092049986,,
wearing_necktie,0.626733921815889,0.6638083228247162,single,bald,pclarc,1,0.6159730979403111,0.010760823875577974,,
young,0.8774519079154841,0.9489120151371807,single,bald,pclarc,1,0.8726900031535794,0.004761904761904745,,
5_o_clock_shadow,0.5632690262798117,0.5808901716542609,single,bald,pclarc,2,0.5632690262798117,0.0,,
arched_eyebrows,0.6071428571428572,0.6199776785714285,single,bald,pclarc,2,0.6026785714285714,0.0044642857142858094,,
attractive,0.512766814337495,0.6456705598066854,single,bald,pclarc,2,0.512766814337495,0.0,,
bags_under_eyes,0.511005291005291,0.5020811287477954,single,bald,pclarc,2,0.5171781305114639,-0.006172839506172867,,
bald,0.73828125,0.8560791015625,single,bald,pclarc,2,0.73828125,0.0,,
bangs,0.7512595633513715,0.8087329725695093,single,bald,pclarc,2,0.7534054860981526,-0.0021459227467811592,,
big_lips,0.4087511890202473,0.4501970376409839,single,bald,pclarc,2,0.4087511890202473,0.0,,
big_nose,0.5955004591368228,0.6617079889807164,single,bald,pclarc,2,0.5955004591368228,0.0,,
black_hair,0.6791979949874687,0.8607456140350878,single,bald,pclarc,2,0.6770050125313283,0.002192982456140413,,
blond_hair,0.9279835390946503,0.9572649572649572,single,bald,pclarc,2,0.9279835390946503,0.0,,
blurry,0.7233606557377049,0.737363387978142,single,bald,pclarc,2,0.7192622950819672,0.004098360655737765,,
brown_hair,0.6773504273504274,0.8644133644133645,single,bald,pclarc,2,0.6794871794871795,-0.002136752136752129,,
bushy_eyebrows,0.5391960914945592,0.5052187430601821,single,bald,pclarc,2,0.5391960914945592,0.0,,
chubby,0.5639784946236559,0.7104454685099847,single,bald,pclarc,2,0.554147465437788,0.009831029185867868,,
double_chin,0.5651041666666666,0.6736653645833334,single,bald,pclarc,2,0.5651041666666666,0.0,,
eyeglasses,0.9319920186232125,0.9748087795144663,single,bald,pclarc,2,0.9294146990355836,0.002577319587628857,,
goatee,0.7808691043985162,0.861552729199788,single,bald,pclarc,2,0.766163222045575,0.014705882352941235,,
gray_hair,0.7772136696145868,0.8766240855988645,single,bald,pclarc,2,0.7772136696145868,0.0,,
heavy_makeup,0.529933110367893,0.5647157190635451,single,bald,pclarc,2,0.5255852842809364,0.004347826086956608,,
high_cheekbones,0.48660714285714285,0.41427951388888895,single,bald,pclarc,2,0.48660714285714285,0.0,,
male,0.9878640776699029,0.9893203883495146,single,bald,pclarc,2,0.9878640776699029,0.0,,
mouth_slightly_open,0.527039627039627,0.546919746919747,single,bald,pclarc,2,0.527039627039627,0.0,,
mustache,0.6675562024907002,0.735241792010351,single,bald,pclarc,2,0.6675562024907002,0.0,,
narrow_eyes,0.545159386068477,0.5392561983471075,single,bald,pclarc,2,0.545159386068477,0.0,,
no_beard,0.6408531252102536,0.6969656193231515,single,bald,pclarc,2,0.6408531252102536,0.0,,
oval_face,0.5212585034013605,0.5764455782312926,single,bald,pclarc,2,0.5212585034013605,0.0,,
pale_skin,0.5032520325203252,0.6069105691056911,single,bald,pclarc,2,0.5032520325203252,0.0,,
pointy_nose,0.5348552792498981,0.541513792634869,single,bald,pclarc,2,0.5174616116320152,0.017393667617882858,,
receding_hairline,0.5158010012515645,0.5516270337922403,single,bald,pclarc,2,0.52049436795995,-0.0046933667083854935,,
rosy_cheeks,0.6947818263607737,0.7755285650022492,single,bald,pclarc,2,0.6947818263607737,0.0,,
sideburns,0.6968390804597702,0.7974137931034483,single,bald,pclarc,2,0.694683908045977,0.0021551724137931494,,
smiling,0.7955285851165761,0.9462152666879592,single,bald,pclarc,2,0.7955285851165761,0.0,,
straight_hair,0.47593360995850625,0.4481327800829875,single,bald,pclarc,2,0.4405255878284924,0.03540802213001387,,
wavy_hair,0.5791547764641934,0.5822802011142818,single,bald,pclarc,2,0.5791547764641934,0.0,,
wearing_earrings,0.7313559322033898,0.8565677966101695,single,bald,pclarc,2,0.735593220338983,-0.004237288135593209,,
wearing_hat,0.9219660837307896,0.9806571277159513,single,bald,pclarc,2,0.9219660837307896,0.0,,
wearing_lipstick,0.4529212940608402,0.4897392563978754,single,bald,pclarc,2,0.45062771607918883,0.0022935779816513624,,
wearing_necklace,0.6017720895889737,0.6593650012306177,single,bald,pclarc,2,0.6017720895889737,0.0,,
wearing_necktie,0.6159730979403111,0.6620428751576293,single,bald,pclarc,2,0.6159730979403111,0.0,,
young,0.8726900031535794,0.9484074424471776,single,bald,pclarc,2,0.8726900031535794,0.0,,
5_o_clock_shadow,0.5632690262798117,0.5799787331004101,single,bald,pclarc,3,0.5632690262798117,0.0,,
arched_eyebrows,0.59375,0.6192801339285714,single,bald,pclarc,3,0.6026785714285714,-0.008928571428571397,,
attractive,0.512766814337495,0.6444623439387838,single,bald,pclarc,3,0.512766814337495,0.0,,
bags_under_eyes,0.511005291005291,0.5036331569664902,single,bald,pclarc,3,0.5171781305114639,-0.006172839506172867,,
bald,0.73828125,0.85540771484375,single,bald,pclarc,3,0.73828125,0.0,,
bangs,0.7491136406045904,0.8079865646575853,single,bald,pclarc,3,0.7534054860981526,-0.0042918454935622075,,
big_lips,0.4087511890202473,0.4484304932735426,single,bald,pclarc,3,0.4087511890202473,0.0,,
big_nose,0.5955004591368228,0.6619528619528618,single,bald,pclarc,3,0.5955004591368228,0.0,,
black_hair,0.6791979949874687,0.8616854636591479,single,bald,pclarc,3,0.6770050125313283,0.002192982456140413,,
blond_hair,0.9279835390946503,0.9575815131370686,single,bald,pclarc,3,0.9279835390946503,0.0,,
blurry,0.7213114754098361,0.7322404371584699,single,bald,pclarc,3,0.7192622950819672,0.002049180327868938,,
brown_hair,0.6773504273504274,0.865967365967366,single,bald,pclarc,3,0.6794871794871795,-0.002136752136752129,,
bushy_eyebrows,0.5391960914945592,0.5073284477015323,single,bald,pclarc,3,0.5391960914945592,0.0,,
chubby,0.5514592933947773,0.7089861751152075,single,bald,pclarc,3,0.554147465437788,-0.0026881720430107503,,
double_chin,0.5651041666666666,0.6719563802083334,single,bald,pclarc,3,0.5651041666666666,0.0,,
eyeglasses,0.9345693382108413,0.9747256401729298,single,bald,pclarc,3,0.9294146990355836,0.005154639175257714,,
goatee,0.766163222045575,0.8604928457869635,single,bald,pclarc,3,0.766163222045575,0.0,,
gray_hair,0.7772136696145868,0.8765149033737308,single,bald,pclarc,3,0.7772136696145868,0.0,,
heavy_makeup,0.5277591973244147,0.5647157190635452,single,bald,pclarc,3,0.5255852842809364,0.0021739130434782483,,
high_cheekbones,0.48660714285714285,0.41412450396825395,single,bald,pclarc,3,0.48660714285714285,0.0,,
male,0.9878640776699029,0.9892233009708739,single,bald,pclarc,3,0.9878640776699029,0.0,,
mouth_slightly_open,0.527039627039627,0.5453546453546454,single,bald,pclarc,3,0.527039627039627,0.0,,
mustache,0.6675562024907002,0.7344331230794113,single,bald,pclarc,3,0.6675562024907002,0.0,,
narrow_eyes,0.5430932703659976,0.5377804014167651,single,bald,pclarc,3,0.545159386068477,-0.0020661157024793875,,
no_beard,0.6408531252102536,0.696561932315145,single,bald,pclarc,3,0.6408531252102536,0.0,,
oval_face,0.5212585034013605,0.5770408163265306,single,bald,pclarc,3,0.5212585034013605,0.0,,
pale_skin,0.5032520325203252,0.6040650406504064,single,bald,pclarc,3,0.5032520325203252,0.0,,
pointy_nose,0.5197037640983829,0.5416496806631337,single,bald,pclarc,3,0.5174616116320152,0.0022421524663677195,,
receding_hairline,0.52049436795995,0.551470588235294,single,bald,pclarc,3,0.52049436795995,0.0,,
rosy_cheeks,0.6947818263607737,0.7764282501124606,single,bald,pclarc,3,0.6947818263607737,0.0,,
sideburns,0.694683908045977,0.7970545977011495,single,bald,pclarc,3,0.694683908045977,0.0,,
smiling,0.7955285851165761,0.9462791440434366,single,bald,pclarc,3,0.7955285851165761,0.0,,
straight_hair,0.47593360995850625,0.44813278008298757,single,bald,pclarc,3,0.4405255878284924,0.03540802213001387,,
wavy_hair,0.5791547764641934,0.5840467454817231,single,bald,pclarc,3,0.5791547764641934,0.0,,
wearing_earrings,0.7105932203389831,0.8557203389830508,single,bald,pclarc,3,0.735593220338983,-0.02499999999999991,,
wearing_hat,0.9219660837307896,0.9810545839957605,single,bald,pclarc,3,0.9219660837307896,0.0,,
wearing_lipstick,0.457508450024143,0.48913568324480927,single,bald,pclarc,3,0.45062771607918883,0.006880733944954143,,
wearing_necklace,0.5975879891705637,0.6571498892444007,single,bald,pclarc,3,0.6017720895889737,-0.004184100418409997,,
wearing_necktie,0.6159730979403111,0.6627994955863807,single,bald,pclarc,3,0.6159730979403111,0.0,,
young,0.8726900031535794,0.9484074424471776,single,bald,pclarc,3,0.8726900031535794,0.0,,
5_o_clock_shadow,0.5610663831080055,0.5795230138234847,single,bald,pclarc,4,0.5632690262798117,-0.0022026431718061845,,
arched_eyebrows,0.609375,0.6203962053571428,single,bald,pclarc,4,0.6026785714285714,0.006696428571428603,,
attractive,0.512766814337495,0.6455900120821586,single,bald,pclarc,4,0.512766814337495,0.0,,
bags_under_eyes,0.511005291005291,0.502010582010582,single,bald,pclarc,4,0.5171781305114639,-0.006172839506172867,,
bald,0.734375,0.85467529296875,single,bald,pclarc,4,0.73828125,-0.00390625,,
bangs,0.7534054860981526,0.8085463705915283,single,bald,pclarc,4,0.7534054860981526,0.0,,
big_lips,0.41099334148661504,0.44931376545726326,single,bald,pclarc,4,0.4087511890202473,0.0022421524663677195,,
big_nose,0.5955004591368228,0.6620140801958984,single,bald,pclarc,4,0.5955004591368228,0.0,,
black_hair,0.6835839598997494,0.8612155388471178,single,bald,pclarc,4,0.6770050125313283,0.006578947368421129,,
blond_hair,0.9279835390946503,0.9569484013928458,single,bald,pclarc,4,0.9279835390946503,0.0,,
blurry,0.7192622950819672,0.7342896174863387,single,bald,pclarc,4,0.7192622950819672,0.0,,
brown_hair,0.6773504273504274,0.8661616161616161,single,bald,pclarc,4,0.6794871794871795,-0.002136752136752129,,
bushy_eyebrows,0.5391960914945592,0.5069953364423717,single,bald,pclarc,4,0.5391960914945592,0.0,,
chubby,0.554147465437788,0.7105990783410138,single,bald,pclarc,4,0.554147465437788,0.0,,
double_chin,0.5677083333333334,0.6717122395833334,single,bald,pclarc,4,0.5651041666666666,0.0026041666666667407,,
eyeglasses,0.9345693382108413,0.9748919188560026,single,bald,pclarc,4,0.9294146990355836,0.005154639175257714,,
goatee,0.778616852146264,0.8614202437731849,single,bald,pclarc,4,0.766163222045575,0.012453630100689006,,
gray_hair,0.7795610874549623,0.8767332678239982,single,bald,pclarc,4,0.7772136696145868,0.0023474178403755097,,
heavy_makeup,0.529933110367893,0.5633779264214047,single,bald,pclarc,4,0.5255852842809364,0.004347826086956608,,
high_cheekbones,0.49007936507936506,0.4148685515873016,single,bald,pclarc,4,0.48660714285714285,0.00347222222222221,,
male,0.9878640776699029,0.9892233009708739,single,bald,pclarc,4,0.9878640776699029,0.0,,
mouth_slightly_open,0.5215451215451216,0.5455877455877456,single,bald,pclarc,4,0.527039627039627,-0.005494505494505475,,
mustache,0.6675562024907002,0.7360504609412907,single,bald,pclarc,4,0.6675562024907002,0.0,,
narrow_eyes,0.5430932703659976,0.5380755608028335,single,bald,pclarc,4,0.545159386068477,-0.0020661157024793875,,
no_beard,0.6408531252102536,0.6974365874991589,single,bald,pclarc,4,0.6408531252102536,0.0,,
oval_face,0.5212585034013605,0.5756802721088435,single,bald,pclarc,4,0.5212585034013605,0.0,,
pale_skin,0.5032520325203252,0.6069105691056911,single,bald,pclarc,4,0.5032520325203252,0.0,,
pointy_nose,0.5348552792498981,0.5435521130588395,single,bald,pclarc,4,0.5174616116320152,0.017393667617882858,,
receding_hairline,0.5131414267834793,0.5518617021276595,single,bald,pclarc,4,0.52049436795995,-0.007352941176470673,,
rosy_cheeks,0.6947818263607737,0.7764282501124606,single,bald,pclarc,4,0.6947818263607737,0.0,,
sideburns,0.6968390804597702,0.7963362068965518,single,bald,pclarc,4,0.694683908045977,0.0021551724137931494,,
smiling,0.7955285851165761,0.9462791440434366,single,bald,pclarc,4,0.7955285851165761,0.0,,
straight_hair,0.47385892116182576,0.4461964038727524,single,bald,pclarc,4,0.4405255878284924,0.03333333333333338,,
wavy_hair,0.5617611088463107,0.5830955292838702,single,bald,pclarc,4,0.5791547764641934,-0.017393667617882747,,
wearing_earrings,0.7105932203389831,0.8552966101694917,single,bald,pclarc,4,0.735593220338983,-0.02499999999999991,,
wearing_hat,0.9219660837307896,0.9811870694223636,single,bald,pclarc,4,0.9219660837307896,0.0,,
wearing_lipstick,0.457508450024143,0.4891356832448092,single,bald,pclarc,4,0.45062771607918883,0.006880733944954143,,
wearing_necklace,0.6038641397981788,0.6569037656903766,single,bald,pclarc,4,0.6017720895889737,0.0020920502092051096,,
wearing_necktie,0.6185372005044136,0.6620428751576293,single,bald,pclarc,4,0.6159730979403111,0.002564102564102555,,
young,0.8726900031535794,0.9485966572059288,single,bald,pclarc,4,0.8726900031535794,0.0,,
5_o_clock_shadow,0.5654716694516178,0.5790672945465593,single,bald,pclarc,5,0.5632690262798117,0.0022026431718060735,,
arched_eyebrows,0.6049107142857143,0.6190011160714285,single,bald,pclarc,5,0.6026785714285714,0.0022321428571429047,,
attractive,0.512766814337495,0.6424486508256141,single,bald,pclarc,5,0.512766814337495,0.0,,
bags_under_eyes,0.5171781305114639,0.5027160493827161,single,bald,pclarc,5,0.5171781305114639,0.0,,
bald,0.734375,0.8551025390625,single,bald,pclarc,5,0.73828125,-0.00390625,,
bangs,0.7534054860981526,0.8076133607016234,single,bald,pclarc,5,0.7534054860981526,0.0,,
big_lips,0.4087511890202473,0.45060470172577805,single,bald,pclarc,5,0.4087511890202473,0.0,,
big_nose,0.5955004591368228,0.6612794612794611,single,bald,pclarc,5,0.5955004591368228,0.0,,
black_hair,0.6791979949874687,0.8610588972431078,single,bald,pclarc,5,0.6770050125313283,0.002192982456140413,,
blond_hair,0.9279835390946503,0.9563152896486229,single,bald,pclarc,5,0.9279835390946503,0.0,,
blurry,0.7213114754098361,0.7366803278688525,single,bald,pclarc,5,0.7192622950819672,0.002049180327868938,,
brown_hair,0.6837606837606838,0.8659673659673659,single,bald,pclarc,5,0.6794871794871795,0.004273504273504258,,
bushy_eyebrows,0.5391960914945592,0.5085498556517877,single,bald,pclarc,5,0.5391960914945592,0.0,,
chubby,0.554147465437788,0.7093701996927804,single,bald,pclarc,5,0.554147465437788,0.0,,
double_chin,0.5598958333333334,0.670654296875,single,bald,pclarc,5,0.5651041666666666,-0.005208333333333259,,
eyeglasses,0.9294146990355836,0.9745593614898569,single,bald,pclarc,5,0.9294146990355836,0.0,,
goatee,0.7684154742978273,0.8620826709062003,single,bald,pclarc,5,0.766163222045575,0.0022522522522523403,,
gray_hair,0.7748662517742111,0.8760781744731957,single,bald,pclarc,5,0.7772136696145868,-0.0023474178403757318,,
heavy_makeup,0.529933110367893,0.5608695652173914,single,bald,pclarc,5,0.5255852842809364,0.004347826086956608,,
high_cheekbones,0.48660714285714285,0.4135044642857143,single,bald,pclarc,5,0.48660714285714285,0.0,,
male,0.9878640776699029,0.9893203883495146,single,bald,pclarc,5,0.9878640776699029,0.0,,
mouth_slightly_open,0.527039627039627,0.5463869463869464,single,bald,pclarc,5,0.527039627039627,0.0,,
mustache,0.6675562024907002,0.735080058224163,single,bald,pclarc,5,0.6675562024907002,0.0,,
narrow_eyes,0.5410271546635184,0.5368949232585596,single,bald,pclarc,5,0.545159386068477,-0.004132231404958664,,
no_beard,0.6408531252102536,0.6971674628271547,single,bald,pclarc,5,0.6408531252102536,0.0,,
oval_face,0.5212585034013605,0.5784863945578231,single,bald,pclarc,5,0.5212585034013605,0.0,,
pale_skin,0.5032520325203252,0.6073170731707318,single,bald,pclarc,5,0.5032520325203252,0.0,,
pointy_nose,0.5348552792498981,0.5416496806631337,single,bald,pclarc,5,0.5174616116320152,0.017393667617882858,,
receding_hairline,0.5158010012515645,0.5520963704630788,single,bald,pclarc,5,0.52049436795995,-0.0046933667083854935,,
rosy_cheeks,0.6947818263607737,0.7773279352226721,single,bald,pclarc,5,0.6947818263607737,0.0,,
sideburns,0.6968390804597702,0.7965158045977011,single,bald,pclarc,5,0.694683908045977,0.0021551724137931494,,
smiling,0.7955285851165761,0.9464068987543915,single,bald,pclarc,5,0.7955285851165761,0.0,,
straight_hair,0.4405255878284924,0.4473029045643153,single,bald,pclarc,5,0.4405255878284924,0.0,,
wavy_hair,0.5617611088463107,0.5810572088598995,single,bald,pclarc,5,0.5791547764641934,-0.017393667617882747,,
wearing_earrings,0.7148305084745763,0.8557203389830509,single,bald,pclarc,5,0.735593220338983,-0.020762711864406702,,
wearing_hat,0.9219660837307896,0.9807896131425543,single,bald,pclarc,5,0.9219660837307896,0.0,,
wearing_lipstick,0.4529212940608402,0.4881699661999034,single,bald,pclarc,5,0.45062771607918883,0.0022935779816513624,,
wearing_necklace,0.6017720895889737,0.6571498892444007,single,bald,pclarc,5,0.6017720895889737,0.0,,
wearing_necktie,0.6159730979403111,0.6622110130306851,single,bald,pclarc,5,0.6159730979403111,0.0,,
young,0.8726900031535794,0.9485335856196784,single,bald,pclarc,5,0.8726900031535794,0.0,,
5_o_clock_shadow,0.5610663831080055,0.5807382652286192,single,bald,pclarc,6,0.5632690262798117,-0.0022026431718061845,,
arched_eyebrows,0.6049107142857143,0.6171874999999999,single,bald,pclarc,6,0.6026785714285714,0.0022321428571429047,,
attractive,0.512766814337495,0.6443012484897301,single,bald,pclarc,6,0.512766814337495,0.0,,
bags_under_eyes,0.511005291005291,0.5041975308641975,single,bald,pclarc,6,0.5171781305114639,-0.006172839506172867,,
bald,0.73828125,0.854736328125,single,bald,pclarc,6,0.73828125,0.0,,
bangs,0.7555514088449338,0.8081731666355665,single,bald,pclarc,6,0.7534054860981526,0.0021459227467811592,,
big_lips,0.4087511890202473,0.4499252615844544,single,bald,pclarc,6,0.4087511890202473,0.0,,
big_nose,0.5955004591368228,0.6607897153351698,single,bald,pclarc,6,0.5955004591368228,0.0,,
black_hair,0.6791979949874687,0.8615288220551379,single,bald,pclarc,6,0.6770050125313283,0.002192982456140413,,
blond_hair,0.9279835390946503,0.9572649572649572,single,bald,pclarc,6,0.9279835390946503,0.0,,
blurry,0.7172131147540983,0.7305327868852459,single,bald,pclarc,6,0.7192622950819672,-0.002049180327868827,,
brown_hair,0.6837606837606838,0.8663558663558664,single,bald,pclarc,6,0.6794871794871795,0.004273504273504258,,
bushy_eyebrows,0.537086386853209,0.5069953364423717,single,bald,pclarc,6,0.5391960914945592,-0.002109704641350185,,
chubby,0.5586021505376344,0.7102150537634409,single,bald,pclarc,6,0.554147465437788,0.004454685099846367,,
double_chin,0.5598958333333334,0.6713053385416666,single,bald,pclarc,6,0.5651041666666666,-0.005208333333333259,,
eyeglasses,0.9294146990355836,0.9750581975390754,single,bald,pclarc,6,0.9294146990355836,0.0,,
goatee,0.766163222045575,0.8614202437731849,single,bald,pclarc,6,0.766163222045575,0.0,,
gray_hair,0.7795610874549623,0.8757506277977944,single,bald,pclarc,6,0.7772136696145868,0.0023474178403755097,,
heavy_makeup,0.5255852842809364,0.5622073578595318,single,bald,pclarc,6,0.5255852842809364,0.0,,
high_cheekbones,0.48660714285714285,0.41325644841269843,single,bald,pclarc,6,0.48660714285714285,0.0,,
male,0.9878640776699029,0.9893203883495146,single,bald,pclarc,6,0.9878640776699029,0.0,,
mouth_slightly_open,0.527039627039627,0.5460539460539461,single,bald,pclarc,6,0.527039627039627,0.0,,
mustache,0.6675562024907002,0.7355652595827269,single,bald,pclarc,6,0.6675562024907002,0.0,,
narrow_eyes,0.5430932703659976,0.5407319952774499,single,bald,pclarc,6,0.545159386068477,-0.0020661157024793875,,
no_beard,0.6408531252102536,0.6968310569871494,single,bald,pclarc,6,0.6408531252102536,0.0,,
oval_face,0.5212585034013605,0.5767857142857143,single,bald,pclarc,6,0.5212585034013605,0.0,,
pale_skin,0.5032520325203252,0.608130081300813,single,bald,pclarc,6,0.5032520325203252,0.0,,
pointy_nose,0.5477646419350455,0.5419214567196631,single,bald,pclarc,6,0.5174616116320152,0.030303030303030276,,
receding_hairline,0.5278473091364205,0.5514705882352942,single,bald,pclarc,6,0.52049436795995,0.007352941176470562,,
rosy_cheeks,0.6947818263607737,0.7768780926675664,single,bald,pclarc,6,0.6947818263607737,0.0,,
sideburns,0.694683908045977,0.7959770114942529,single,bald,pclarc,6,0.694683908045977,0.0,,
smiling,0.800479080166081,0.946343021398914,single,bald,pclarc,6,0.7955285851165761,0.004950495049504955,,
straight_hair,0.47593360995850625,0.44674965421853385,single,bald,pclarc,6,0.4405255878284924,0.03540802213001387,,
wavy_hair,0.5640032613126783,0.5810572088598994,single,bald,pclarc,6,0.5791547764641934,-0.015151515151515138,,
wearing_earrings,0.7105932203389831,0.854449152542373,single,bald,pclarc,6,0.735593220338983,-0.02499999999999991,,
wearing_hat,0.9219660837307896,0.9814520402755696,single,bald,pclarc,6,0.9219660837307896,0.0,,
wearing_lipstick,0.45521487204249156,0.4884113954611298,single,bald,pclarc,6,0.45062771607918883,0.004587155963302725,,
wearing_necklace,0.6017720895889737,0.6569037656903766,single,bald,pclarc,6,0.6017720895889737,0.0,,
wearing_necktie,0.626733921815889,0.6641445985708281,single,bald,pclarc,6,0.6159730979403111,0.010760823875577974,,
young,0.8726900031535794,0.948470514033428,single,bald,pclarc,6,0.8726900031535794,0.0,,
5_o_clock_shadow,0.5632690262798117,0.5811939845055446,single,bald,pclarc,7,0.5632690262798117,0.0,,
arched_eyebrows,0.6049107142857143,0.6171875,single,bald,pclarc,7,0.6026785714285714,0.0022321428571429047,,
attractive,0.512766814337495,0.6450261780104712,single,bald,pclarc,7,0.512766814337495,0.0,,
bags_under_eyes,0.5171781305114639,0.5040564373897707,single,bald,pclarc,7,0.5171781305114639,0.0,,
bald,0.734375,0.8543701171875,single,bald,pclarc,7,0.73828125,-0.00390625,,
bangs,0.7534054860981526,0.8076133607016234,single,bald,pclarc,7,0.7534054860981526,0.0,,
big_lips,0.4087511890202473,0.45006114961271915,single,bald,pclarc,7,0.4087511890202473,0.0,,
big_nose,0.5955004591368228,0.6615549433731253,single,bald,pclarc,7,0.5955004591368228,0.0,,
black_hair,0.6791979949874687,0.8607456140350878,single,bald,pclarc,7,0.6770050125313283,0.002192982456140413,,
blond_hair,0.9279835390946503,0.9563152896486229,single,bald,pclarc,7,0.9279835390946503,0.0,,
blurry,0.7213114754098361,0.7318989071038251,single,bald,pclarc,7,0.7192622950819672,0.002049180327868938,,
brown_hair,0.6837606837606838,0.8665501165501166,single,bald,pclarc,7,0.6794871794871795,0.004273504273504258,,
bushy_eyebrows,0.537086386853209,0.5065511880968243,single,bald,pclarc,7,0.5391960914945592,-0.002109704641350185,,
chubby,0.554147465437788,0.7099846390168971,single,bald,pclarc,7,0.554147465437788,0.0,,
double_chin,0.5572916666666666,0.67138671875,single,bald,pclarc,7,0.5651041666666666,-0.0078125,,
eyeglasses,0.9294146990355836,0.9746425008313934,single,bald,pclarc,7,0.9294146990355836,0.0,,
goatee,0.7684154742978273,0.8622151563328033,single,bald,pclarc,7,0.766163222045575,0.0022522522522523403,,
gray_hair,0.7772136696145868,0.875968992248062,single,bald,pclarc,7,0.7772136696145868,0.0,,
heavy_makeup,0.529933110367893,0.5605351170568562,single,bald,pclarc,7,0.5255852842809364,0.004347826086956608,,
high_cheekbones,0.49007936507936506,0.41381448412698413,single,bald,pclarc,7,0.48660714285714285,0.00347222222222221,,
male,0.9878640776699029,0.9893203883495146,single,bald,pclarc,7,0.9878640776699029,0.0,,
mouth_slightly_open,0.527039627039627,0.5452547452547453,single,bald,pclarc,7,0.527039627039627,0.0,,
mustache,0.6675562024907002,0.7341096555070354,single,bald,pclarc,7,0.6675562024907002,0.0,,
narrow_eyes,0.545159386068477,0.5392561983471074,single,bald,pclarc,7,0.545159386068477,0.0,,
no_beard,0.6408531252102536,0.6962255264751396,single,bald,pclarc,7,0.6408531252102536,0.0,,
oval_face,0.5212585034013605,0.5774659863945578,single,bald,pclarc,7,0.5212585034013605,0.0,,
pale_skin,0.5032520325203252,0.6089430894308943,single,bald,pclarc,7,0.5032520325203252,0.0,,
pointy_nose,0.5500067944014132,0.5431444489740453,single,bald,pclarc,7,0.5174616116320152,0.032545182769397996,,
receding_hairline,0.52049436795995,0.5521745932415519,single,bald,pclarc,7,0.52049436795995,0.0,,
rosy_cheeks,0.6947818263607737,0.7768780926675664,single,bald,pclarc,7,0.6947818263607737,0.0,,
sideburns,0.694683908045977,0.794719827586207,single,bald,pclarc,7,0.694683908045977,0.0,,
smiling,0.7955285851165761,0.9466624081763014,single,bald,pclarc,7,0.7955285851165761,0.0,,
straight_hair,0.47385892116182576,0.4478561549100968,single,bald,pclarc,7,0.4405255878284924,0.03333333333333338,,
wavy_hair,0.5640032613126783,0.5809213208316348,single,bald,pclarc,7,0.5791547764641934,-0.015151515151515138,,
wearing_earrings,0.7063559322033899,0.854449152542373,single,bald,pclarc,7,0.735593220338983,-0.02923728813559312,,
wearing_hat,0.9219660837307896,0.9809220985691574,single,bald,pclarc,7,0.9219660837307896,0.0,,
wearing_lipstick,0.45521487204249156,0.489014968614196,single,bald,pclarc,7,0.45062771607918883,0.004587155963302725,,
wearing_necklace,0.5996800393797687,0.6559192714742801,single,bald,pclarc,7,0.6017720895889737,-0.0020920502092049986,,
wearing_necktie,0.6241698192517864,0.6641445985708281,single,bald,pclarc,7,0.6159730979403111,0.008196721311475308,,
young,0.8726900031535794,0.9482182276884263,single,bald,pclarc,7,0.8726900031535794,0.0,,
5_o_clock_shadow,0.5610663831080055,0.5804344523773356,single,bald,pclarc,8,0.5632690262798117,-0.0022026431718061845,,
arched_eyebrows,0.6049107142857143,0.6169084821428571,single,bald,pclarc,8,0.6026785714285714,0.0022321428571429047,,
attractive,0.512766814337495,0.6457511075312122,single,bald,pclarc,8,0.512766814337495,0.0,,
bags_under_eyes,0.5171781305114639,0.5029276895943562,single,bald,pclarc,8,0.5171781305114639,0.0,,
bald,0.734375,0.854736328125,single,bald,pclarc,8,0.73828125,-0.00390625,,
bangs,0.7555514088449338,0.8076133607016235,single,bald,pclarc,8,0.7534054860981526,0.0021459227467811592,,
big_lips,0.4087511890202473,0.4506047017257779,single,bald,pclarc,8,0.4087511890202473,0.0,,
big_nose,0.5955004591368228,0.6624426078971534,single,bald,pclarc,8,0.5955004591368228,0.0,,
black_hair,0.6791979949874687,0.8604323308270677,single,bald,pclarc,8,0.6770050125313283,0.002192982456140413,,
blond_hair,0.9279835390946503,0.9569484013928458,single,bald,pclarc,8,0.9279835390946503,0.0,,
blurry,0.7192622950819672,0.7322404371584699,single,bald,pclarc,8,0.7192622950819672,0.0,,
brown_hair,0.6837606837606838,0.8663558663558664,single,bald,pclarc,8,0.6794871794871795,0.004273504273504258,,
bushy_eyebrows,0.537086386853209,0.5085498556517877,single,bald,pclarc,8,0.5391960914945592,-0.002109704641350185,,
chubby,0.5612903225806452,0.7105990783410138,single,bald,pclarc,8,0.554147465437788,0.0071428571428571175,,
double_chin,0.5572916666666666,0.6705729166666666,single,bald,pclarc,8,0.5651041666666666,-0.0078125,,
eyeglasses,0.9319920186232125,0.9753907549052212,single,bald,pclarc,8,0.9294146990355836,0.002577319587628857,,
goatee,0.766163222045575,0.8618177000529942,single,bald,pclarc,8,0.766163222045575,0.0,,
gray_hair,0.7795610874549623,0.8776067256250683,single,bald,pclarc,8,0.7772136696145868,0.0023474178403755097,,
heavy_makeup,0.5277591973244147,0.557190635451505,single,bald,pclarc,8,0.5255852842809364,0.0021739130434782483,,
high_cheekbones,0.49007936507936506,0.4135044642857143,single,bald,pclarc,8,0.48660714285714285,0.00347222222222221,,
male,0.9878640776699029,0.9893203883495146,single,bald,pclarc,8,0.9878640776699029,0.0,,
mouth_slightly_open,0.527039627039627,0.5458541458541458,single,bald,pclarc,8,0.527039627039627,0.0,,
mustache,0.6860747210092188,0.7345948568655992,single,bald,pclarc,8,0.6675562024907002,0.0185185185185186,,
narrow_eyes,0.545159386068477,0.5360094451003541,single,bald,pclarc,8,0.545159386068477,0.0,,
no_beard,0.6408531252102536,0.6972347439951557,single,bald,pclarc,8,0.6408531252102536,0.0,,
oval_face,0.5212585034013605,0.5783163265306123,single,bald,pclarc,8,0.5212585034013605,0.0,,
pale_skin,0.5032520325203252,0.6060975609756099,single,bald,pclarc,8,0.5032520325203252,0.0,,
pointy_nose,0.5348552792498981,0.5408343524935454,single,bald,pclarc,8,0.5174616116320152,0.017393667617882858,,
receding_hairline,0.52049436795995,0.5520181476846058,single,bald,pclarc,8,0.52049436795995,0.0,,
rosy_cheeks,0.6947818263607737,0.7764282501124606,single,bald,pclarc,8,0.6947818263607737,0.0,,
sideburns,0.6738505747126436,0.7957974137931035,single,bald,pclarc,8,0.694683908045977,-0.02083333333333337,,
smiling,0.7955285851165761,0.9464707761098691,single,bald,pclarc,8,0.7955285851165761,0.0,,
straight_hair,0.4426002766251729,0.4470262793914246,single,bald,pclarc,8,0.4405255878284924,0.0020746887966804906,,
wavy_hair,0.5791547764641934,0.583639081396929,single,bald,pclarc,8,0.5791547764641934,0.0,,
wearing_earrings,0.7084745762711864,0.8546610169491525,single,bald,pclarc,8,0.735593220338983,-0.027118644067796627,,
wearing_hat,0.9219660837307896,0.9810545839957605,single,bald,pclarc,8,0.9219660837307896,0.0,,
wearing_lipstick,0.4483341380975374,0.48575567358763877,single,bald,pclarc,8,0.45062771607918883,-0.002293577981651418,,
wearing_necklace,0.5975879891705637,0.6544425301501354,single,bald,pclarc,8,0.6017720895889737,-0.004184100418409997,,
wearing_necktie,0.626733921815889,0.6653215636822194,single,bald,pclarc,8,0.6159730979403111,0.010760823875577974,,
young,0.8726900031535794,0.9479028697571743,single,bald,pclarc,8,0.8726900031535794,0.0,,
5_o_clock_shadow,0.5610663831080055,0.5807382652286192,single,bald,pclarc,9,0.5632690262798117,-0.0022026431718061845,,
arched_eyebrows,0.6049107142857143,0.6162109374999999,single,bald,pclarc,9,0.6026785714285714,0.0022321428571429047,,
attractive,0.512766814337495,0.6435763189689891,single,bald,pclarc,9,0.512766814337495,0.0,,
bags_under_eyes,0.5171781305114639,0.5017283950617284,single,bald,pclarc,9,0.5171781305114639,0.0,,
bald,0.73828125,0.85565185546875,single,bald,pclarc,9,0.73828125,0.0,,
bangs,0.7512595633513715,0.8077999626796044,single,bald,pclarc,9,0.7534054860981526,-0.0021459227467811592,,
big_lips,0.4087511890202473,0.44992526158445445,single,bald,pclarc,9,0.4087511890202473,0.0,,
big_nose,0.591796755433119,0.6621977349250077,single,bald,pclarc,9,0.5955004591368228,-0.0037037037037037646,,
black_hair,0.6791979949874687,0.8596491228070176,single,bald,pclarc,9,0.6770050125313283,0.002192982456140413,,
blond_hair,0.9279835390946503,0.9569484013928458,single,bald,pclarc,9,0.9279835390946503,0.0,,
blurry,0.7192622950819672,0.7315573770491803,single,bald,pclarc,9,0.7192622950819672,0.0,,
brown_hair,0.6837606837606838,0.8651903651903652,single,bald,pclarc,9,0.6794871794871795,0.004273504273504258,,
bushy_eyebrows,0.537086386853209,0.5074394847879191,single,bald,pclarc,9,0.5391960914945592,-0.002109704641350185,,
chubby,0.5496927803379417,0.7099078341013825,single,bald,pclarc,9,0.554147465437788,-0.004454685099846367,,
double_chin,0.5598958333333334,0.671630859375,single,bald,pclarc,9,0.5651041666666666,-0.005208333333333259,,
eyeglasses,0.9319920186232125,0.9758064516129031,single,bald,pclarc,9,0.9294146990355836,0.002577319587628857,,
goatee,0.7684154742978273,0.8624801271860095,single,bald,pclarc,9,0.766163222045575,0.0022522522522523403,,
gray_hair,0.7748662517742111,0.878589365651272,single,bald,pclarc,9,0.7772136696145868,-0.0023474178403757318,,
heavy_makeup,0.5255852842809364,0.5548494983277592,single,bald,pclarc,9,0.5255852842809364,0.0,,
high_cheekbones,0.49007936507936506,0.41480654761904767,single,bald,pclarc,9,0.48660714285714285,0.00347222222222221,,
male,0.9878640776699029,0.9893203883495146,single,bald,pclarc,9,0.9878640776699029,0.0,,
mouth_slightly_open,0.527039627039627,0.5468531468531468,single,bald,pclarc,9,0.527039627039627,0.0,,
mustache,0.6838913148956818,0.7342713892932233,single,bald,pclarc,9,0.6675562024907002,0.016335112404981533,,
narrow_eyes,0.545159386068477,0.5386658795749705,single,bald,pclarc,9,0.545159386068477,0.0,,
no_beard,0.6408531252102536,0.6960909641391375,single,bald,pclarc,9,0.6408531252102536,0.0,,
oval_face,0.5212585034013605,0.5766156462585034,single,bald,pclarc,9,0.5212585034013605,0.0,,
pale_skin,0.5032520325203252,0.6048780487804879,single,bald,pclarc,9,0.5032520325203252,0.0,,
pointy_nose,0.5326131267835303,0.5419214567196631,single,bald,pclarc,9,0.5174616116320152,0.015151515151515138,,
receding_hairline,0.5131414267834793,0.5516270337922404,single,bald,pclarc,9,0.52049436795995,-0.007352941176470673,,
rosy_cheeks,0.6947818263607737,0.7786774628879891,single,bald,pclarc,9,0.6947818263607737,0.0,,
sideburns,0.6968390804597702,0.794719827586207,single,bald,pclarc,9,0.694683908045977,0.0021551724137931494,,
smiling,0.7955285851165761,0.946598530820824,single,bald,pclarc,9,0.7955285851165761,0.0,,
straight_hair,0.4426002766251729,0.44840940525587825,single,bald,pclarc,9,0.4405255878284924,0.0020746887966804906,,
wavy_hair,0.5791547764641934,0.5822802011142818,single,bald,pclarc,9,0.5791547764641934,0.0,,
wearing_earrings,0.7063559322033899,0.8540254237288136,single,bald,pclarc,9,0.735593220338983,-0.02923728813559312,,
wearing_hat,0.9219660837307896,0.9806571277159513,single,bald,pclarc,9,0.9219660837307896,0.0,,
wearing_lipstick,0.4529212940608402,0.48285852245292127,single,bald,pclarc,9,0.45062771607918883,0.0022935779816513624,,
wearing_necklace,0.5934038887521536,0.6549347772581836,single,bald,pclarc,9,0.6017720895889737,-0.008368200836820106,,
wearing_necktie,0.626733921815889,0.6654897015552752,single,bald,pclarc,9,0.6159730979403111,0.010760823875577974,,
young,0.8726900031535794,0.9484705140334279,single,bald,pclarc,9,0.8726900031535794,0.0,,
5_o_clock_shadow,0.5632690262798117,0.5810420780799028,single,bald,pclarc,10,0.5632690262798117,0.0,,
arched_eyebrows,0.5892857142857143,0.6164899553571428,single,bald,pclarc,10,0.6026785714285714,-0.013392857142857095,,
attractive,0.512766814337495,0.6445026178010471,single,bald,pclarc,10,0.512766814337495,0.0,,
bags_under_eyes,0.511005291005291,0.5029276895943562,single,bald,pclarc,10,0.5171781305114639,-0.006172839506172867,,
bald,0.73828125,0.85552978515625,single,bald,pclarc,10,0.73828125,0.0,,
bangs,0.7534054860981526,0.8081731666355663,single,bald,pclarc,10,0.7534054860981526,0.0,,
big_lips,0.4087511890202473,0.4526430221497486,single,bald,pclarc,10,0.4087511890202473,0.0,,
big_nose,0.591796755433119,0.6617079889807164,single,bald,pclarc,10,0.5955004591368228,-0.0037037037037037646,,
black_hair,0.6791979949874687,0.8599624060150376,single,bald,pclarc,10,0.6770050125313283,0.002192982456140413,,
blond_hair,0.9279835390946503,0.9572649572649572,single,bald,pclarc,10,0.9279835390946503,0.0,,
blurry,0.7192622950819672,0.7308743169398908,single,bald,pclarc,10,0.7192622950819672,0.0,,
brown_hair,0.6837606837606838,0.8646076146076146,single,bald,pclarc,10,0.6794871794871795,0.004273504273504258,,
bushy_eyebrows,0.537086386853209,0.5083277814790139,single,bald,pclarc,10,0.5391960914945592,-0.002109704641350185,,
chubby,0.5514592933947773,0.7092933947772657,single,bald,pclarc,10,0.554147465437788,-0.0026881720430107503,,
double_chin,0.5677083333333334,0.6714680989583334,single,bald,pclarc,10,0.5651041666666666,0.0026041666666667407,,
eyeglasses,0.9319920186232125,0.975557033588294,single,bald,pclarc,10,0.9294146990355836,0.002577319587628857,,
goatee,0.7684154742978273,0.8627450980392156,single,bald,pclarc,10,0.766163222045575,0.0022522522522523403,,
gray_hair,0.7748662517742111,0.8779342723004695,single,bald,pclarc,10,0.7772136696145868,-0.0023474178403757318,,
heavy_makeup,0.5277591973244147,0.5576923076923077,single,bald,pclarc,10,0.5255852842809364,0.0021739130434782483,,
high_cheekbones,0.49007936507936506,0.4131944444444445,single,bald,pclarc,10,0.48660714285714285,0.00347222222222221,,
male,0.9878640776699029,0.989126213592233,single,bald,pclarc,10,0.9878640776699029,0.0,,
mouth_slightly_open,0.527039627039627,0.5451881451881452,single,bald,pclarc,10,0.527039627039627,0.0,,
mustache,0.6838913148956818,0.7360504609412906,single,bald,pclarc,10,0.6675562024907002,0.016335112404981533,,
narrow_eyes,0.5410271546635184,0.5422077922077921,single,bald,pclarc,10,0.545159386068477,-0.004132231404958664,,
no_beard,0.6408531252102536,0.6967637758191483,single,bald,pclarc,10,0.6408531252102536,0.0,,
oval_face,0.5212585034013605,0.5784863945578231,single,bald,pclarc,10,0.5212585034013605,0.0,,
pale_skin,0.5032520325203252,0.6056910569105691,single,bald,pclarc,10,0.5032520325203252,0.0,,
pointy_nose,0.5326131267835303,0.5382524799565159,single,bald,pclarc,10,0.5174616116320152,0.015151515151515138,,
receding_hairline,0.52049436795995,0.5515488110137672,single,bald,pclarc,10,0.52049436795995,0.0,,
rosy_cheeks,0.6947818263607737,0.7773279352226721,single,bald,pclarc,10,0.6947818263607737,0.0,,
sideburns,0.694683908045977,0.793462643678161,single,bald,pclarc,10,0.694683908045977,0.0,,
smiling,0.7955285851165761,0.9462791440434366,single,bald,pclarc,10,0.7955285851165761,0.0,,
straight_hair,0.47385892116182576,0.44813278008298757,single,bald,pclarc,10,0.4405255878284924,0.03333333333333338,,
wavy_hair,0.5791547764641934,0.5832314173121349,single,bald,pclarc,10,0.5791547764641934,0.0,,
wearing_earrings,0.7084745762711864,0.8531779661016949,single,bald,pclarc,10,0.735593220338983,-0.027118644067796627,,
wearing_hat,0.9219660837307896,0.9810545839957605,single,bald,pclarc,10,0.9219660837307896,0.0,,
wearing_lipstick,0.45062771607918883,0.4840656687590536,single,bald,pclarc,10,0.45062771607918883,0.0,,
wearing_necklace,0.5660841742554763,0.6527196652719666,single,bald,pclarc,10,0.6017720895889737,-0.035687915333497355,,
wearing_necktie,0.6241698192517864,0.6646490121899957,single,bald,pclarc,10,0.6159730979403111,0.008196721311475308,,
young,0.8726900031535794,0.9482812992746767,single,bald,pclarc,10,0.8726900031535794,0.0,,
5_o_clock_shadow,0.5632690262798117,0.5810420780799027,single,bald,pclarc,11,0.5632690262798117,0.0,,
arched_eyebrows,0.6071428571428572,0.6212332589285714,single,bald,pclarc,11,0.6026785714285714,0.0044642857142858094,,
attractive,0.512766814337495,0.6450261780104712,single,bald,pclarc,11,0.512766814337495,0.0,,
bags_under_eyes,0.514320987654321,0.5044091710758377,single,bald,pclarc,11,0.5171781305114639,-0.0028571428571428914,,
bald,0.73046875,0.8558349609375,single,bald,pclarc,11,0.73828125,-0.0078125,,
bangs,0.7555514088449338,0.810225788393357,single,bald,pclarc,11,0.7534054860981526,0.0021459227467811592,,
big_lips,0.4087511890202473,0.44652806087783664,single,bald,pclarc,11,0.4087511890202473,0.0,,
big_nose,0.5996326905417815,0.6630547903275176,single,bald,pclarc,11,0.5955004591368228,0.004132231404958664,,
black_hair,0.6770050125313283,0.8599624060150376,single,bald,pclarc,11,0.6770050125313283,0.0,,
blond_hair,0.9259259259259259,0.9575815131370686,single,bald,pclarc,11,0.9279835390946503,-0.002057613168724326,,
blurry,0.7172131147540983,0.7359972677595629,single,bald,pclarc,11,0.7192622950819672,-0.002049180327868827,,
brown_hair,0.6794871794871795,0.864024864024864,single,bald,pclarc,11,0.6794871794871795,0.0,,
bushy_eyebrows,0.537086386853209,0.5054408172329559,single,bald,pclarc,11,0.5391960914945592,-0.002109704641350185,,
chubby,0.5443164362519202,0.7089861751152073,single,bald,pclarc,11,0.554147465437788,-0.009831029185867868,,
double_chin,0.5572916666666666,0.6736653645833333,single,bald,pclarc,11,0.5651041666666666,-0.0078125,,
eyeglasses,0.9268373794479547,0.9748919188560027,single,bald,pclarc,11,0.9294146990355836,-0.002577319587628857,,
goatee,0.7808691043985162,0.8619501854795972,single,bald,pclarc,11,0.766163222045575,0.014705882352941235,,
gray_hair,0.7772136696145868,0.8774975433999345,single,bald,pclarc,11,0.7772136696145868,0.0,,
heavy_makeup,0.5234113712374582,0.5607023411371237,single,bald,pclarc,11,0.5255852842809364,-0.0021739130434782483,,
high_cheekbones,0.48313492063492064,0.4153025793650794,single,bald,pclarc,11,0.48660714285714285,-0.00347222222222221,,
male,0.9878640776699029,0.9892233009708739,single,bald,pclarc,11,0.9878640776699029,0.0,,
mouth_slightly_open,0.527039627039627,0.5445887445887445,single,bald,pclarc,11,0.527039627039627,0.0,,
mustache,0.6838913148956818,0.7334627203622837,single,bald,pclarc,11,0.6675562024907002,0.016335112404981533,,
narrow_eyes,0.545159386068477,0.5410271546635184,single,bald,pclarc,11,0.545159386068477,0.0,,
no_beard,0.6408531252102536,0.6960236829711363,single,bald,pclarc,11,0.6408531252102536,0.0,,
oval_face,0.5212585034013605,0.576360544217687,single,bald,pclarc,11,0.5212585034013605,0.0,,
pale_skin,0.5032520325203252,0.6109756097560977,single,bald,pclarc,11,0.5032520325203252,0.0,,
pointy_nose,0.5455224894686778,0.5389319200978395,single,bald,pclarc,11,0.5174616116320152,0.028060877836662557,,
receding_hairline,0.5251877346683353,0.5519399249061328,single,bald,pclarc,11,0.52049436795995,0.0046933667083853825,,
rosy_cheeks,0.6947818263607737,0.7764282501124606,single,bald,pclarc,11,0.6947818263607737,0.0,,
sideburns,0.6760057471264368,0.7927442528735633,single,bald,pclarc,11,0.694683908045977,-0.01867816091954022,,
smiling,0.800479080166081,0.9465346534653466,single,bald,pclarc,11,0.7955285851165761,0.004950495049504955,,
straight_hair,0.4405255878284924,0.4484094052558783,single,bald,pclarc,11,0.4405255878284924,0.0,,
wavy_hair,0.5791547764641934,0.5839108574534584,single,bald,pclarc,11,0.5791547764641934,0.0,,
wearing_earrings,0.7313559322033898,0.8508474576271187,single,bald,pclarc,11,0.735593220338983,-0.004237288135593209,,
wearing_hat,0.9219660837307896,0.9811870694223634,single,bald,pclarc,11,0.9219660837307896,0.0,,
wearing_lipstick,0.4529212940608402,0.481651376146789,single,bald,pclarc,11,0.45062771607918883,0.0022935779816513624,,
wearing_necklace,0.5934038887521536,0.6549347772581835,single,bald,pclarc,11,0.6017720895889737,-0.008368200836820106,,
wearing_necktie,0.6216057166876838,0.6717948717948719,single,bald,pclarc,11,0.6159730979403111,0.005632618747372753,,
young,0.8726900031535794,0.9485335856196784,single,bald,pclarc,11,0.8726900031535794,0.0,,
5_o_clock_shadow,0.5632690262798117,0.5813458909311864,single,bald,pclarc,12,0.5632690262798117,0.0,,
arched_eyebrows,0.6071428571428572,0.6222098214285713,single,bald,pclarc,12,0.6026785714285714,0.0044642857142858094,,
attractive,0.512766814337495,0.6445428916633106,single,bald,pclarc,12,0.512766814337495,0.0,,
bags_under_eyes,0.5171781305114639,0.504973544973545,single,bald,pclarc,12,0.5171781305114639,0.0,,
bald,0.73828125,0.85650634765625,single,bald,pclarc,12,0.73828125,0.0,,
bangs,0.7534054860981526,0.810225788393357,single,bald,pclarc,12,0.7534054860981526,0.0,,
big_lips,0.4087511890202473,0.4459845087647778,single,bald,pclarc,12,0.4087511890202473,0.0,,
big_nose,0.5955004591368228,0.6631772268135904,single,bald,pclarc,12,0.5955004591368228,0.0,,
black_hair,0.681390977443609,0.8619987468671679,single,bald,pclarc,12,0.6770050125313283,0.004385964912280715,,
blond_hair,0.9279835390946503,0.9578980690091801,single,bald,pclarc,12,0.9279835390946503,0.0,,
blurry,0.7192622950819672,0.7332650273224044,single,bald,pclarc,12,0.7192622950819672,0.0,,
brown_hair,0.6752136752136753,0.864996114996115,single,bald,pclarc,12,0.6794871794871795,-0.004273504273504258,,
bushy_eyebrows,0.537086386853209,0.506107039751277,single,bald,pclarc,12,0.5391960914945592,-0.002109704641350185,,
chubby,0.5514592933947773,0.7105222734254992,single,bald,pclarc,12,0.554147465437788,-0.0026881720430107503,,
double_chin,0.5677083333333334,0.6730143229166666,single,bald,pclarc,12,0.5651041666666666,0.0026041666666667407,,
eyeglasses,0.9294146990355836,0.9753076155636847,single,bald,pclarc,12,0.9294146990355836,0.0,,
goatee,0.7808691043985162,0.8628775834658188,single,bald,pclarc,12,0.766163222045575,0.014705882352941235,,
gray_hair,0.7772136696145868,0.8783710012010045,single,bald,pclarc,12,0.7772136696145868,0.0,,
heavy_makeup,0.5234113712374582,0.5637123745819398,single,bald,pclarc,12,0.5255852842809364,-0.0021739130434782483,,
high_cheekbones,0.48313492063492064,0.4129464285714286,single,bald,pclarc,12,0.48660714285714285,-0.00347222222222221,,
male,0.9878640776699029,0.9893203883495146,single,bald,pclarc,12,0.9878640776699029,0.0,,
mouth_slightly_open,0.527039627039627,0.5466533466533466,single,bald,pclarc,12,0.527039627039627,0.0,,
mustache,0.6860747210092188,0.7357269933689148,single,bald,pclarc,12,0.6675562024907002,0.0185185185185186,,
narrow_eyes,0.5430932703659976,0.5407319952774499,single,bald,pclarc,12,0.545159386068477,-0.0020661157024793875,,
no_beard,0.6408531252102536,0.6961582453071384,single,bald,pclarc,12,0.6408531252102536,0.0,,
oval_face,0.5212585034013605,0.5780612244897959,single,bald,pclarc,12,0.5212585034013605,0.0,,
pale_skin,0.5032520325203252,0.6065040650406504,single,bald,pclarc,12,0.5032520325203252,0.0,,
pointy_nose,0.5303709743171626,0.5351270553064275,single,bald,pclarc,12,0.5174616116320152,0.012909362685147419,,
receding_hairline,0.5278473091364205,0.5521745932415519,single,bald,pclarc,12,0.52049436795995,0.007352941176470562,,
rosy_cheeks,0.692757534862798,0.7791273054430949,single,bald,pclarc,12,0.6947818263607737,-0.002024291497975672,,
sideburns,0.694683908045977,0.7950790229885057,single,bald,pclarc,12,0.694683908045977,0.0,,
smiling,0.800479080166081,0.9465985308208241,single,bald,pclarc,12,0.7955285851165761,0.004950495049504955,,
straight_hair,0.4426002766251729,0.4500691562932227,single,bald,pclarc,12,0.4405255878284924,0.0020746887966804906,,
wavy_hair,0.5791547764641934,0.5866286180187527,single,bald,pclarc,12,0.5791547764641934,0.0,,
wearing_earrings,0.7292372881355932,0.8529661016949153,single,bald,pclarc,12,0.735593220338983,-0.006355932203389814,,
wearing_hat,0.9219660837307896,0.9811870694223636,single,bald,pclarc,12,0.9219660837307896,0.0,,
wearing_lipstick,0.4460405601158861,0.4808063737324964,single,bald,pclarc,12,0.45062771607918883,-0.004587155963302725,,
wearing_necklace,0.5871277381245386,0.655673147920256,single,bald,pclarc,12,0.6017720895889737,-0.014644351464435101,,
wearing_necktie,0.610844892812106,0.6706179066834804,single,bald,pclarc,12,0.6159730979403111,-0.00512820512820511,,
young,0.8726900031535794,0.9482182276884263,single,bald,pclarc,12,0.8726900031535794,0.0,,
5_o_clock_shadow,0.5654716694516178,0.5799787331004101,single,bald,pclarc,13,0.5632690262798117,0.0022026431718060735,,
arched_eyebrows,0.5892857142857143,0.6203962053571428,single,bald,pclarc,13,0.6026785714285714,-0.013392857142857095,,
attractive,0.512766814337495,0.6422070076520338,single,bald,pclarc,13,0.512766814337495,0.0,,
bags_under_eyes,0.5171781305114639,0.5051146384479718,single,bald,pclarc,13,0.5171781305114639,0.0,,
bald,0.73828125,0.85601806640625,single,bald,pclarc,13,0.73828125,0.0,,
bangs,0.7512595633513715,0.8092927785034522,single,bald,pclarc,13,0.7534054860981526,-0.0021459227467811592,,
big_lips,0.3935996738687322,0.44340263622774834,single,bald,pclarc,13,0.4087511890202473,-0.015151515151515138,,
big_nose,0.5955004591368228,0.6628711355984083,single,bald,pclarc,13,0.5955004591368228,0.0,,
black_hair,0.6835839598997494,0.8616854636591478,single,bald,pclarc,13,0.6770050125313283,0.006578947368421129,,
blond_hair,0.9300411522633745,0.9578980690091801,single,bald,pclarc,13,0.9279835390946503,0.002057613168724215,,
blurry,0.7192622950819672,0.7363387978142076,single,bald,pclarc,13,0.7192622950819672,0.0,,
brown_hair,0.6773504273504274,0.864024864024864,single,bald,pclarc,13,0.6794871794871795,-0.002136752136752129,,
bushy_eyebrows,0.537086386853209,0.5032200755052187,single,bald,pclarc,13,0.5391960914945592,-0.002109704641350185,,
chubby,0.5514592933947773,0.7125192012288787,single,bald,pclarc,13,0.554147465437788,-0.0026881720430107503,,
double_chin,0.5651041666666666,0.672119140625,single,bald,pclarc,13,0.5651041666666666,0.0,,
eyeglasses,0.9268373794479547,0.9754738942467576,single,bald,pclarc,13,0.9294146990355836,-0.002577319587628857,,
goatee,0.7808691043985162,0.8624801271860096,single,bald,pclarc,13,0.766163222045575,0.014705882352941235,,
gray_hair,0.7795610874549623,0.8767332678239983,single,bald,pclarc,13,0.7772136696145868,0.0023474178403755097,,
heavy_makeup,0.5277591973244147,0.567391304347826,single,bald,pclarc,13,0.5255852842809364,0.0021739130434782483,,
high_cheekbones,0.48313492063492064,0.41480654761904767,single,bald,pclarc,13,0.48660714285714285,-0.00347222222222221,,
male,0.9878640776699029,0.9892233009708739,single,bald,pclarc,13,0.9878640776699029,0.0,,
mouth_slightly_open,0.5295038295038295,0.5469197469197469,single,bald,pclarc,13,0.527039627039627,0.002464202464202425,,
mustache,0.6860747210092188,0.7344331230794113,single,bald,pclarc,13,0.6675562024907002,0.0185185185185186,,
narrow_eyes,0.5430932703659976,0.5419126328217236,single,bald,pclarc,13,0.545159386068477,-0.0020661157024793875,,
no_beard,0.6408531252102536,0.6962928076431407,single,bald,pclarc,13,0.6408531252102536,0.0,,
oval_face,0.5212585034013605,0.5784863945578231,single,bald,pclarc,13,0.5212585034013605,0.0,,
pale_skin,0.5032520325203252,0.6101626016260162,single,bald,pclarc,13,0.5032520325203252,0.0,,
pointy_nose,0.5303709743171626,0.5347193912216334,single,bald,pclarc,13,0.5174616116320152,0.012909362685147419,,
receding_hairline,0.5178347934918648,0.5519399249061328,single,bald,pclarc,13,0.52049436795995,-0.0026595744680851796,,
rosy_cheeks,0.692757534862798,0.7782276203328835,single,bald,pclarc,13,0.6947818263607737,-0.002024291497975672,,
sideburns,0.6968390804597702,0.7972341954022988,single,bald,pclarc,13,0.694683908045977,0.0021551724137931494,,
smiling,0.7955285851165761,0.9463430213989141,single,bald,pclarc,13,0.7955285851165761,0.0,,
straight_hair,0.47385892116182576,0.44951590594744123,single,bald,pclarc,13,0.4405255878284924,0.03333333333333338,,
wavy_hair,0.5791547764641934,0.5852697377361055,single,bald,pclarc,13,0.5791547764641934,0.0,,
wearing_earrings,0.7292372881355932,0.8536016949152543,single,bald,pclarc,13,0.735593220338983,-0.006355932203389814,,
wearing_hat,0.9219660837307896,0.9807896131425543,single,bald,pclarc,13,0.9219660837307896,0.0,,
wearing_lipstick,0.4460405601158861,0.481651376146789,single,bald,pclarc,13,0.45062771607918883,-0.004587155963302725,,
wearing_necklace,0.5954959389613586,0.6541964065961112,single,bald,pclarc,13,0.6017720895889737,-0.006276150627615107,,
wearing_necktie,0.6216057166876838,0.6670870113493064,single,bald,pclarc,13,0.6159730979403111,0.005632618747372753,,
young,0.8726900031535794,0.948155156102176,single,bald,pclarc,13,0.8726900031535794,0.0,,
5_o_clock_shadow,0.548230290141273,0.5799787331004101,single,bald,pclarc,14,0.5632690262798117,-0.015038736138538678,,
arched_eyebrows,0.6049107142857143,0.6212332589285714,single,bald,pclarc,14,0.6026785714285714,0.0022321428571429047,,
attractive,0.512766814337495,0.6479258960934353,single,bald,pclarc,14,0.512766814337495,0.0,,
bags_under_eyes,0.514320987654321,0.5080070546737213,single,bald,pclarc,14,0.5171781305114639,-0.0028571428571428914,,
bald,0.73828125,0.8560791015625,single,bald,pclarc,14,0.73828125,0.0,,
bangs,0.7534054860981526,0.810598992349319,single,bald,pclarc,14,0.7534054860981526,0.0,,
big_lips,0.3958418263350999,0.44476151651039547,single,bald,pclarc,14,0.4087511890202473,-0.012909362685147419,,
big_nose,0.5955004591368228,0.6631772268135906,single,bald,pclarc,14,0.5955004591368228,0.0,,
black_hair,0.681390977443609,0.8599624060150376,single,bald,pclarc,14,0.6770050125313283,0.004385964912280715,,
blond_hair,0.9279835390946503,0.9572649572649572,single,bald,pclarc,14,0.9279835390946503,0.0,,
blurry,0.7172131147540983,0.7322404371584699,single,bald,pclarc,14,0.7192622950819672,-0.002049180327868827,,
brown_hair,0.6752136752136753,0.8628593628593628,single,bald,pclarc,14,0.6794871794871795,-0.004273504273504258,,
bushy_eyebrows,0.537086386853209,0.5023317788141239,single,bald,pclarc,14,0.5391960914945592,-0.002109704641350185,,
chubby,0.5514592933947773,0.711136712749616,single,bald,pclarc,14,0.554147465437788,-0.0026881720430107503,,
double_chin,0.5625,0.6737467447916666,single,bald,pclarc,14,0.5651041666666666,-0.0026041666666666297,,
eyeglasses,0.9294146990355836,0.9748087795144662,single,bald,pclarc,14,0.9294146990355836,0.0,,
goatee,0.766163222045575,0.8627450980392157,single,bald,pclarc,14,0.766163222045575,0.0,,
gray_hair,0.7772136696145868,0.877715907850202,single,bald,pclarc,14,0.7772136696145868,0.0,,
heavy_makeup,0.5321070234113713,0.5653846153846154,single,bald,pclarc,14,0.5255852842809364,0.006521739130434856,,
high_cheekbones,0.49007936507936506,0.416108630952381,single,bald,pclarc,14,0.48660714285714285,0.00347222222222221,,
male,0.9878640776699029,0.989126213592233,single,bald,pclarc,14,0.9878640776699029,0.0,,
mouth_slightly_open,0.5325341325341325,0.5457875457875458,single,bald,pclarc,14,0.527039627039627,0.005494505494505475,,
mustache,0.6860747210092188,0.7368591298722302,single,bald,pclarc,14,0.6675562024907002,0.0185185185185186,,
narrow_eyes,0.545159386068477,0.5433884297520661,single,bald,pclarc,14,0.545159386068477,0.0,,
no_beard,0.6408531252102536,0.6960236829711364,single,bald,pclarc,14,0.6408531252102536,0.0,,
oval_face,0.5212585034013605,0.5795068027210885,single,bald,pclarc,14,0.5212585034013605,0.0,,
pale_skin,0.5032520325203252,0.6101626016260162,single,bald,pclarc,14,0.5032520325203252,0.0,,
pointy_nose,0.5303709743171626,0.5348552792498981,single,bald,pclarc,14,0.5174616116320152,0.012909362685147419,,
receding_hairline,0.5278473091364205,0.5529568210262829,single,bald,pclarc,14,0.52049436795995,0.007352941176470562,,
rosy_cheeks,0.692757534862798,0.7786774628879891,single,bald,pclarc,14,0.6947818263607737,-0.002024291497975672,,
sideburns,0.6925287356321839,0.7966954022988506,single,bald,pclarc,14,0.694683908045977,-0.0021551724137931494,,
smiling,0.7955285851165761,0.9458958799105718,single,bald,pclarc,14,0.7955285851165761,0.0,,
straight_hair,0.4384508990318119,0.4522821576763485,single,bald,pclarc,14,0.4405255878284924,-0.0020746887966804906,,
wavy_hair,0.5791547764641934,0.5860850659056938,single,bald,pclarc,14,0.5791547764641934,0.0,,
wearing_earrings,0.7334745762711864,0.8546610169491525,single,bald,pclarc,14,0.735593220338983,-0.0021186440677966045,,
wearing_hat,0.9219660837307896,0.9807896131425544,single,bald,pclarc,14,0.9219660837307896,0.0,,
wearing_lipstick,0.45062771607918883,0.48056494447126996,single,bald,pclarc,14,0.45062771607918883,0.0,,
wearing_necklace,0.5934038887521536,0.6554270243662318,single,bald,pclarc,14,0.6017720895889737,-0.008368200836820106,,
wearing_necktie,0.6164775115594787,0.6715426649852879,single,bald,pclarc,14,0.6159730979403111,0.0005044136191676429,,
young,0.8726900031535794,0.9487228003784294,single,bald,pclarc,14,0.8726900031535794,0.0,,
5_o_clock_shadow,0.5654716694516178,0.5810420780799028,single,bald,pclarc,15,0.5632690262798117,0.0022026431718060735,,
arched_eyebrows,0.5892857142857143,0.6198381696428572,single,bald,pclarc,15,0.6026785714285714,-0.013392857142857095,,
attractive,0.512766814337495,0.6374546919049536,single,bald,pclarc,15,0.512766814337495,0.0,,
bags_under_eyes,0.5138624338624338,0.5074426807760141,single,bald,pclarc,15,0.5171781305114639,-0.0033156966490300865,,
bald,0.73828125,0.85772705078125,single,bald,pclarc,15,0.73828125,0.0,,
bangs,0.7555514088449338,0.8077999626796045,single,bald,pclarc,15,0.7534054860981526,0.0021459227467811592,,
big_lips,0.41099334148661504,0.44489740453866017,single,bald,pclarc,15,0.4087511890202473,0.0022421524663677195,,
big_nose,0.5955004591368228,0.663973063973064,single,bald,pclarc,15,0.5955004591368228,0.0,,
black_hair,0.6835839598997494,0.8610588972431078,single,bald,pclarc,15,0.6770050125313283,0.006578947368421129,,
blond_hair,0.9279835390946503,0.9572649572649572,single,bald,pclarc,15,0.9279835390946503,0.0,,
blurry,0.7172131147540983,0.7363387978142076,single,bald,pclarc,15,0.7192622950819672,-0.002049180327868827,,
brown_hair,0.6773504273504274,0.8614996114996115,single,bald,pclarc,15,0.6794871794871795,-0.002136752136752129,,
bushy_eyebrows,0.5391960914945592,0.49789029535864976,single,bald,pclarc,15,0.5391960914945592,0.0,,
chubby,0.5514592933947773,0.7108294930875576,single,bald,pclarc,15,0.554147465437788,-0.0026881720430107503,,
double_chin,0.5651041666666666,0.6734212239583334,single,bald,pclarc,15,0.5651041666666666,0.0,,
eyeglasses,0.9268373794479547,0.9747256401729298,single,bald,pclarc,15,0.9294146990355836,-0.002577319587628857,,
goatee,0.7639109697933227,0.8614202437731849,single,bald,pclarc,15,0.766163222045575,-0.0022522522522522292,,
gray_hair,0.7772136696145868,0.8767332678239983,single,bald,pclarc,15,0.7772136696145868,0.0,,
heavy_makeup,0.5255852842809364,0.5588628762541806,single,bald,pclarc,15,0.5255852842809364,0.0,,
high_cheekbones,0.48660714285714285,0.4146825396825397,single,bald,pclarc,15,0.48660714285714285,0.0,,
male,0.9878640776699029,0.9889320388349514,single,bald,pclarc,15,0.9878640776699029,0.0,,
mouth_slightly_open,0.5264735264735265,0.5453879453879454,single,bald,pclarc,15,0.527039627039627,-0.0005661005661005136,,
mustache,0.6860747210092188,0.7387999353064855,single,bald,pclarc,15,0.6675562024907002,0.0185185185185186,,
narrow_eyes,0.5430932703659976,0.5463400236127509,single,bald,pclarc,15,0.545159386068477,-0.0020661157024793875,,
no_beard,0.6408531252102536,0.6966292134831461,single,bald,pclarc,15,0.6408531252102536,0.0,,
oval_face,0.5212585034013605,0.5772108843537415,single,bald,pclarc,15,0.5212585034013605,0.0,,
pale_skin,0.5032520325203252,0.6089430894308943,single,bald,pclarc,15,0.5032520325203252,0.0,,
pointy_nose,0.5303709743171626,0.5306427503736921,single,bald,pclarc,15,0.5174616116320152,0.012909362685147419,,
receding_hairline,0.52049436795995,0.5516270337922403,single,bald,pclarc,15,0.52049436795995,0.0,,
rosy_cheeks,0.692757534862798,0.7732793522267206,single,bald,pclarc,15,0.6947818263607737,-0.002024291497975672,,
sideburns,0.6925287356321839,0.7957974137931034,single,bald,pclarc,15,0.694683908045977,-0.0021551724137931494,,
smiling,0.7955285851165761,0.9458958799105717,single,bald,pclarc,15,0.7955285851165761,0.0,,
straight_hair,0.4405255878284924,0.4525587828492393,single,bald,pclarc,15,0.4405255878284924,0.0,,
wavy_hair,0.5791547764641934,0.5841826335099878,single,bald,pclarc,15,0.5791547764641934,0.0,,
wearing_earrings,0.7334745762711864,0.8546610169491525,single,bald,pclarc,15,0.735593220338983,-0.0021186440677966045,,
wearing_hat,0.9219660837307896,0.9807896131425542,single,bald,pclarc,15,0.9219660837307896,0.0,,
wearing_lipstick,0.45062771607918883,0.48285852245292127,single,bald,pclarc,15,0.45062771607918883,0.0,,
wearing_necklace,0.5913118385429486,0.6588727541225695,single,bald,pclarc,15,0.6017720895889737,-0.010460251046025104,,
wearing_necktie,0.6190416141235813,0.6710382513661203,single,bald,pclarc,15,0.6159730979403111,0.003068516183270198,,
young,0.8693787448754337,0.9476505834121729,single,bald,pclarc,15,0.8726900031535794,-0.0033112582781457123,,
5_o_clock_shadow,0.5676743126234239,0.5833206744645298,single,bald,pclarc,16,0.5632690262798117,0.004405286343612258,,
arched_eyebrows,0.5870535714285714,0.6180245535714286,single,bald,pclarc,16,0.6026785714285714,-0.015625,,
attractive,0.512766814337495,0.6306081353201772,single,bald,pclarc,16,0.512766814337495,0.0,,
bags_under_eyes,0.5138624338624338,0.502716049382716,single,bald,pclarc,16,0.5171781305114639,-0.0033156966490300865,,
bald,0.74609375,0.857421875,single,bald,pclarc,16,0.73828125,0.0078125,,
bangs,0.7491136406045904,0.8061205448777757,single,bald,pclarc,16,0.7534054860981526,-0.0042918454935622075,,
big_lips,0.41099334148661504,0.44815871721701317,single,bald,pclarc,16,0.4087511890202473,0.0022421524663677195,,
big_nose,0.5955004591368228,0.661830425466789,single,bald,pclarc,16,0.5955004591368228,0.0,,
black_hair,0.6791979949874687,0.8612155388471178,single,bald,pclarc,16,0.6770050125313283,0.002192982456140413,,
blond_hair,0.9300411522633745,0.9566318455207343,single,bald,pclarc,16,0.9279835390946503,0.002057613168724215,,
blurry,0.7151639344262295,0.7390710382513661,single,bald,pclarc,16,0.7192622950819672,-0.004098360655737654,,
brown_hair,0.6794871794871795,0.8661616161616161,single,bald,pclarc,16,0.6794871794871795,0.0,,
bushy_eyebrows,0.5391960914945592,0.5009993337774816,single,bald,pclarc,16,0.5391960914945592,0.0,,
chubby,0.5514592933947773,0.7113671274961598,single,bald,pclarc,16,0.554147465437788,-0.0026881720430107503,,
double_chin,0.5755208333333334,0.6658528645833334,single,bald,pclarc,16,0.5651041666666666,0.01041666666666674,,
eyeglasses,0.9294146990355836,0.9739773860991021,single,bald,pclarc,16,0.9294146990355836,0.0,,
goatee,0.766163222045575,0.8631425543190249,single,bald,pclarc,16,0.766163222045575,0.0,,
gray_hair,0.7772136696145868,0.8754230811223933,single,bald,pclarc,16,0.7772136696145868,0.0,,
heavy_makeup,0.5255852842809364,0.5468227424749164,single,bald,pclarc,16,0.5255852842809364,0.0,,
high_cheekbones,0.48660714285714285,0.4128844246031746,single,bald,pclarc,16,0.48660714285714285,0.0,,
male,0.9878640776699029,0.989126213592233,single,bald,pclarc,16,0.9878640776699029,0.0,,
mouth_slightly_open,0.528937728937729,0.5446553446553447,single,bald,pclarc,16,0.527039627039627,0.0018981018981019115,,
mustache,0.6860747210092188,0.7396086042374252,single,bald,pclarc,16,0.6675562024907002,0.0185185185185186,,
narrow_eyes,0.538961038961039,0.5475206611570247,single,bald,pclarc,16,0.545159386068477,-0.006198347107438051,,
no_beard,0.6408531252102536,0.6973020251631568,single,bald,pclarc,16,0.6408531252102536,0.0,,
oval_face,0.5212585034013605,0.5787414965986395,single,bald,pclarc,16,0.5212585034013605,0.0,,
pale_skin,0.5032520325203252,0.603658536585366,single,bald,pclarc,16,0.5032520325203252,0.0,,
pointy_nose,0.5477646419350455,0.5275173257236039,single,bald,pclarc,16,0.5174616116320152,0.030303030303030276,,
receding_hairline,0.52049436795995,0.5513141426783479,single,bald,pclarc,16,0.52049436795995,0.0,,
rosy_cheeks,0.692757534862798,0.767881241565452,single,bald,pclarc,16,0.6947818263607737,-0.002024291497975672,,
sideburns,0.694683908045977,0.7954382183908046,single,bald,pclarc,16,0.694683908045977,0.0,,
smiling,0.7955285851165761,0.9464707761098691,single,bald,pclarc,16,0.7955285851165761,0.0,,
straight_hair,0.4426002766251729,0.4531120331950208,single,bald,pclarc,16,0.4405255878284924,0.0020746887966804906,,
wavy_hair,0.5791547764641934,0.5779317842098111,single,bald,pclarc,16,0.5791547764641934,0.0,,
wearing_earrings,0.7292372881355932,0.8563559322033898,single,bald,pclarc,16,0.735593220338983,-0.006355932203389814,,
wearing_hat,0.9219660837307896,0.980127186009539,single,bald,pclarc,16,0.9219660837307896,0.0,,
wearing_lipstick,0.4529212940608402,0.48527281506518594,single,bald,pclarc,16,0.45062771607918883,0.0022935779816513624,,
wearing_necklace,0.5996800393797687,0.659857248338666,single,bald,pclarc,16,0.6017720895889737,-0.0020920502092049986,,
wearing_necktie,0.6185372005044136,0.6576712904581757,single,bald,pclarc,16,0.6159730979403111,0.002564102564102555,,
young,0.8774519079154841,0.9466414380321665,single,bald,pclarc,16,0.8726900031535794,0.004761904761904745,,
5_o_clock_shadow,0.5654716694516178,0.5813458909311864,single,bald,pclarc,17,0.5632690262798117,0.0022026431718060735,,
arched_eyebrows,0.5870535714285714,0.61328125,single,bald,pclarc,17,0.6026785714285714,-0.015625,,
attractive,0.512766814337495,0.6176399516713653,single,bald,pclarc,17,0.512766814337495,0.0,,
bags_under_eyes,0.5081481481481481,0.5044091710758377,single,bald,pclarc,17,0.5171781305114639,-0.009029982363315758,,
bald,0.7421875,0.8558349609375,single,bald,pclarc,17,0.73828125,0.00390625,,
bangs,0.7534054860981526,0.8029483112520993,single,bald,pclarc,17,0.7534054860981526,0.0,,
big_lips,0.4087511890202473,0.4495175974996603,single,bald,pclarc,17,0.4087511890202473,0.0,,
big_nose,0.5913682277318641,0.66164677073768,single,bald,pclarc,17,0.5955004591368228,-0.004132231404958664,,
black_hair,0.681390977443609,0.8605889724310777,single,bald,pclarc,17,0.6770050125313283,0.004385964912280715,,
blond_hair,0.9300411522633745,0.9566318455207343,single,bald,pclarc,17,0.9279835390946503,0.002057613168724215,,
blurry,0.7172131147540983,0.7349726775956285,single,bald,pclarc,17,0.7192622950819672,-0.002049180327868827,,
brown_hair,0.6773504273504274,0.8648018648018648,single,bald,pclarc,17,0.6794871794871795,-0.002136752136752129,,
bushy_eyebrows,0.5391960914945592,0.49766822118587606,single,bald,pclarc,17,0.5391960914945592,0.0,,
chubby,0.5514592933947773,0.7091397849462365,single,bald,pclarc,17,0.554147465437788,-0.0026881720430107503,,
double_chin,0.5598958333333334,0.6617024739583334,single,bald,pclarc,17,0.5651041666666666,-0.005208333333333259,,
eyeglasses,0.9294146990355836,0.9742268041237113,single,bald,pclarc,17,0.9294146990355836,0.0,,
goatee,0.7808691043985162,0.8627450980392156,single,bald,pclarc,17,0.766163222045575,0.014705882352941235,,
gray_hair,0.781908505295338,0.8769516322742658,single,bald,pclarc,17,0.7772136696145868,0.0046948356807511304,,
heavy_makeup,0.5190635451505017,0.531438127090301,single,bald,pclarc,17,0.5255852842809364,-0.006521739130434745,,
high_cheekbones,0.47966269841269843,0.4148685515873016,single,bald,pclarc,17,0.48660714285714285,-0.00694444444444442,,
male,0.9878640776699029,0.9888349514563106,single,bald,pclarc,17,0.9878640776699029,0.0,,
mouth_slightly_open,0.5314019314019314,0.5455877455877456,single,bald,pclarc,17,0.527039627039627,0.004362304362304337,,
mustache,0.6882581271227559,0.7358887271551026,single,bald,pclarc,17,0.6675562024907002,0.020701924632055668,,
narrow_eyes,0.5410271546635184,0.5494391971664698,single,bald,pclarc,17,0.545159386068477,-0.004132231404958664,,
no_beard,0.6408531252102536,0.6985130861871761,single,bald,pclarc,17,0.6408531252102536,0.0,,
oval_face,0.5187074829931972,0.578656462585034,single,bald,pclarc,17,0.5212585034013605,-0.0025510204081632404,,
pale_skin,0.5052845528455284,0.6073170731707317,single,bald,pclarc,17,0.5032520325203252,0.00203252032520318,,
pointy_nose,0.5455224894686778,0.5231689088191332,single,bald,pclarc,17,0.5174616116320152,0.028060877836662557,,
receding_hairline,0.52049436795995,0.548732790988736,single,bald,pclarc,17,0.52049436795995,0.0,,
rosy_cheeks,0.6947818263607737,0.7732793522267206,single,bald,pclarc,17,0.6947818263607737,0.0,,
sideburns,0.6925287356321839,0.7984913793103449,single,bald,pclarc,17,0.694683908045977,-0.0021551724137931494,,
smiling,0.7955285851165761,0.9455126157777068,single,bald,pclarc,17,0.7955285851165761,0.0,,
straight_hair,0.4426002766251729,0.4550484094052559,single,bald,pclarc,17,0.4405255878284924,0.0020746887966804906,,
wavy_hair,0.5791547764641934,0.5824160891425465,single,bald,pclarc,17,0.5791547764641934,0.0,,
wearing_earrings,0.7271186440677966,0.8572033898305085,single,bald,pclarc,17,0.735593220338983,-0.008474576271186418,,
wearing_hat,0.9219660837307896,0.9791997880233174,single,bald,pclarc,17,0.9219660837307896,0.0,,
wearing_lipstick,0.4243119266055046,0.4705456301303719,single,bald,pclarc,17,0.45062771607918883,-0.026315789473684237,,
wearing_necklace,0.5975879891705637,0.6591188776765936,single,bald,pclarc,17,0.6017720895889737,-0.004184100418409997,,
wearing_necktie,0.6185372005044136,0.6579234972677596,single,bald,pclarc,17,0.6159730979403111,0.002564102564102555,,
young,0.8774519079154841,0.9451907915484075,single,bald,pclarc,17,0.8726900031535794,0.004761904761904745,,
5_o_clock_shadow,0.5632690262798117,0.5811939845055446,single,bald,pclarc,18,0.5632690262798117,0.0,,
arched_eyebrows,0.5915178571428572,0.6103515625,single,bald,pclarc,18,0.6026785714285714,-0.01116071428571419,,
attractive,0.512766814337495,0.6065243656866695,single,bald,pclarc,18,0.512766814337495,0.0,,
bags_under_eyes,0.49865961199294534,0.5021516754850088,single,bald,pclarc,18,0.5171781305114639,-0.018518518518518545,,
bald,0.73828125,0.853515625,single,bald,pclarc,18,0.73828125,0.0,,
bangs,0.7512595633513715,0.8014554954282516,single,bald,pclarc,18,0.7534054860981526,-0.0021459227467811592,,
big_lips,0.41099334148661504,0.4530506862345427,single,bald,pclarc,18,0.4087511890202473,0.0022421524663677195,,
big_nose,0.5909397000306091,0.655463728191001,single,bald,pclarc,18,0.5955004591368228,-0.004560759106213674,,
black_hair,0.6791979949874687,0.8601190476190477,single,bald,pclarc,18,0.6770050125313283,0.002192982456140413,,
blond_hair,0.9279835390946503,0.9563152896486229,single,bald,pclarc,18,0.9279835390946503,0.0,,
blurry,0.7172131147540983,0.7359972677595628,single,bald,pclarc,18,0.7192622950819672,-0.002049180327868827,,
brown_hair,0.6773504273504274,0.8648018648018648,single,bald,pclarc,18,0.6794871794871795,-0.002136752136752129,,
bushy_eyebrows,0.537086386853209,0.497001998667555,single,bald,pclarc,18,0.5391960914945592,-0.002109704641350185,,
chubby,0.5398617511520738,0.7062211981566819,single,bald,pclarc,18,0.554147465437788,-0.014285714285714235,,
double_chin,0.5416666666666666,0.6638997395833334,single,bald,pclarc,18,0.5651041666666666,-0.0234375,,
eyeglasses,0.9294146990355836,0.9738111074160293,single,bald,pclarc,18,0.9294146990355836,0.0,,
goatee,0.7616587175410705,0.8638049814520403,single,bald,pclarc,18,0.766163222045575,-0.0045045045045044585,,
gray_hair,0.781908505295338,0.8773883611748008,single,bald,pclarc,18,0.7772136696145868,0.0046948356807511304,,
heavy_makeup,0.5190635451505017,0.5192307692307693,single,bald,pclarc,18,0.5255852842809364,-0.006521739130434745,,
high_cheekbones,0.48660714285714285,0.41145833333333337,single,bald,pclarc,18,0.48660714285714285,0.0,,
male,0.9878640776699029,0.9892233009708739,single,bald,pclarc,18,0.9878640776699029,0.0,,
mouth_slightly_open,0.5192807192807193,0.5429237429237429,single,bald,pclarc,18,0.527039627039627,-0.0077589077589077515,,
mustache,0.6882581271227559,0.7373443312307942,single,bald,pclarc,18,0.6675562024907002,0.020701924632055668,,
narrow_eyes,0.5410271546635184,0.5501770956316411,single,bald,pclarc,18,0.545159386068477,-0.004132231404958664,,
no_beard,0.6438471371863015,0.6989840543631838,single,bald,pclarc,18,0.6408531252102536,0.0029940119760478723,,
oval_face,0.516156462585034,0.5835034013605441,single,bald,pclarc,18,0.5212585034013605,-0.005102040816326481,,
pale_skin,0.5032520325203252,0.601219512195122,single,bald,pclarc,18,0.5032520325203252,0.0,,
pointy_nose,0.5477646419350455,0.5171898355754858,single,bald,pclarc,18,0.5174616116320152,0.030303030303030276,,
receding_hairline,0.523153942428035,0.5484198998748435,single,bald,pclarc,18,0.52049436795995,0.0026595744680850686,,
rosy_cheeks,0.6907332433648223,0.7642825011246064,single,bald,pclarc,18,0.6947818263607737,-0.004048582995951344,,
sideburns,0.6925287356321839,0.7983117816091955,single,bald,pclarc,18,0.694683908045977,-0.0021551724137931494,,
smiling,0.800479080166081,0.9448738422229319,single,bald,pclarc,18,0.7955285851165761,0.004950495049504955,,
straight_hair,0.4426002766251729,0.4556016597510374,single,bald,pclarc,18,0.4405255878284924,0.0020746887966804906,,
wavy_hair,0.5769126239978258,0.5750781356162522,single,bald,pclarc,18,0.5791547764641934,-0.0022421524663676085,,
wearing_earrings,0.7292372881355932,0.8572033898305085,single,bald,pclarc,18,0.735593220338983,-0.006355932203389814,,
wearing_hat,0.9366719660837308,0.9793322734499206,single,bald,pclarc,18,0.9219660837307896,0.014705882352941235,,
wearing_lipstick,0.43976339932399805,0.47452921294060835,single,bald,pclarc,18,0.45062771607918883,-0.010864316755190784,,
wearing_necklace,0.5996800393797687,0.6598572483386661,single,bald,pclarc,18,0.6017720895889737,-0.0020920502092049986,,
wearing_necktie,0.6129045817570408,0.6548129466162254,single,bald,pclarc,18,0.6159730979403111,-0.003068516183270309,,
young,0.8708293913591927,0.9441816461684012,single,bald,pclarc,18,0.8726900031535794,-0.0018606117943866796,,
5_o_clock_shadow,0.5588637399361993,0.5813458909311864,single,bald,pclarc,19,0.5632690262798117,-0.004405286343612369,,
arched_eyebrows,0.5959821428571428,0.6042131696428572,single,bald,pclarc,19,0.6026785714285714,-0.006696428571428603,,
attractive,0.512766814337495,0.6028191703584374,single,bald,pclarc,19,0.512766814337495,0.0,,
bags_under_eyes,0.5024338624338625,0.497989417989418,single,bald,pclarc,19,0.5171781305114639,-0.01474426807760143,,
bald,0.71484375,0.8458251953125,single,bald,pclarc,19,0.73828125,-0.0234375,,
bangs,0.7491136406045904,0.804814331031909,single,bald,pclarc,19,0.7534054860981526,-0.0042918454935622075,,
big_lips,0.3958418263350999,0.4578067672238076,single,bald,pclarc,19,0.4087511890202473,-0.012909362685147419,,
big_nose,0.5831037649219467,0.6554025099479645,single,bald,pclarc,19,0.5955004591368228,-0.012396694214876103,,
black_hair,0.681390977443609,0.8591791979949874,single,bald,pclarc,19,0.6770050125313283,0.004385964912280715,,
blond_hair,0.9238683127572016,0.9569484013928458,single,bald,pclarc,19,0.9279835390946503,-0.004115226337448652,,
blurry,0.7192622950819672,0.7472677595628415,single,bald,pclarc,19,0.7192622950819672,0.0,,
brown_hair,0.6773504273504274,0.864024864024864,single,bald,pclarc,19,0.6794871794871795,-0.002136752136752129,,
bushy_eyebrows,0.5455252054186098,0.4950033311125916,single,bald,pclarc,19,0.5391960914945592,0.006329113924050667,,
chubby,0.5425499231950845,0.706221198156682,single,bald,pclarc,19,0.554147465437788,-0.011597542242703485,,
double_chin,0.5442708333333334,0.6619466145833334,single,bald,pclarc,19,0.5651041666666666,-0.02083333333333326,,
eyeglasses,0.9268373794479547,0.9746425008313935,single,bald,pclarc,19,0.9294146990355836,-0.002577319587628857,,
goatee,0.7616587175410705,0.8612877583465819,single,bald,pclarc,19,0.766163222045575,-0.0045045045045044585,,
gray_hair,0.7842559231357136,0.8796811879026094,single,bald,pclarc,19,0.7772136696145868,0.007042253521126751,,
heavy_makeup,0.5212374581939799,0.517391304347826,single,bald,pclarc,19,0.5255852842809364,-0.004347826086956497,,
high_cheekbones,0.49007936507936506,0.4162946428571429,single,bald,pclarc,19,0.48660714285714285,0.00347222222222221,,
male,0.9878640776699029,0.9894174757281553,single,bald,pclarc,19,0.9878640776699029,0.0,,
mouth_slightly_open,0.5247752247752248,0.5468531468531468,single,bald,pclarc,19,0.527039627039627,-0.0022644022644022765,,
mustache,0.6697396086042374,0.7357269933689147,single,bald,pclarc,19,0.6675562024907002,0.0021834061135371785,,
narrow_eyes,0.5472255017709563,0.5472255017709563,single,bald,pclarc,19,0.545159386068477,0.0020661157024792765,,
no_beard,0.6438471371863015,0.6985803673551773,single,bald,pclarc,19,0.6408531252102536,0.0029940119760478723,,
oval_face,0.5187074829931972,0.584608843537415,single,bald,pclarc,19,0.5212585034013605,-0.0025510204081632404,,
pale_skin,0.5032520325203252,0.6,single,bald,pclarc,19,0.5032520325203252,0.0,,
pointy_nose,0.5348552792498981,0.5102595461339856,single,bald,pclarc,19,0.5174616116320152,0.017393667617882858,,
receding_hairline,0.5104818523153942,0.5462296620775969,single,bald,pclarc,19,0.52049436795995,-0.010012515644555742,,
rosy_cheeks,0.6907332433648223,0.7723796671165093,single,bald,pclarc,19,0.6947818263607737,-0.004048582995951344,,
sideburns,0.6903735632183908,0.7972341954022989,single,bald,pclarc,19,0.694683908045977,-0.004310344827586188,,
smiling,0.7955285851165761,0.9441073139572022,single,bald,pclarc,19,0.7955285851165761,0.0,,
straight_hair,0.44674965421853385,0.46307053941908716,single,bald,pclarc,19,0.4405255878284924,0.006224066390041472,,
wavy_hair,0.5791547764641934,0.5642070933550754,single,bald,pclarc,19,0.5791547764641934,0.0,,
wearing_earrings,0.7186440677966102,0.8567796610169491,single,bald,pclarc,19,0.735593220338983,-0.016949152542372836,,
wearing_hat,0.9219660837307896,0.976682564917859,single,bald,pclarc,19,0.9219660837307896,0.0,,
wearing_lipstick,0.45062771607918883,0.47090777402221146,single,bald,pclarc,19,0.45062771607918883,0.0,,
wearing_necklace,0.5871277381245386,0.6539502830420871,single,bald,pclarc,19,0.6017720895889737,-0.014644351464435101,,
wearing_necktie,0.6159730979403111,0.6610340479192938,single,bald,pclarc,19,0.6159730979403111,0.0,,
young,0.8608956165247557,0.9391359192683696,single,bald,pclarc,19,0.8726900031535794,-0.011794386628823705,,
5_o_clock_shadow,0.5783077624183504,0.5801306395260519,single,bald,pclarc,20,0.5632690262798117,0.015038736138538678,,
arched_eyebrows,0.5959821428571428,0.603515625,single,bald,pclarc,20,0.6026785714285714,-0.006696428571428603,,
attractive,0.512766814337495,0.5843737414418043,single,bald,pclarc,20,0.512766814337495,0.0,,
bags_under_eyes,0.4929453262786596,0.48980599647266315,single,bald,pclarc,20,0.5171781305114639,-0.024232804232804273,,
bald,0.7109375,0.84161376953125,single,bald,pclarc,20,0.73828125,-0.02734375,,
bangs,0.7576973315917148,0.8087329725695093,single,bald,pclarc,20,0.7534054860981526,0.0042918454935622075,,
big_lips,0.3958418263350999,0.45875798342166063,single,bald,pclarc,20,0.4087511890202473,-0.012909362685147419,,
big_nose,0.5868074686256505,0.6542393633302724,single,bald,pclarc,20,0.5955004591368228,-0.008692990511172338,,
black_hair,0.681390977443609,0.8587092731829574,single,bald,pclarc,20,0.6770050125313283,0.004385964912280715,,
blond_hair,0.9300411522633745,0.9575815131370686,single,bald,pclarc,20,0.9279835390946503,0.002057613168724215,,
blurry,0.7172131147540983,0.7510245901639345,single,bald,pclarc,20,0.7192622950819672,-0.002049180327868827,,
brown_hair,0.6794871794871795,0.8684926184926185,single,bald,pclarc,20,0.6794871794871795,0.0,,
bushy_eyebrows,0.5455252054186098,0.49344881190317563,single,bald,pclarc,20,0.5391960914945592,0.006329113924050667,,
chubby,0.5639784946236559,0.7092933947772658,single,bald,pclarc,20,0.554147465437788,0.009831029185867868,,
double_chin,0.5390625,0.6618652343749999,single,bald,pclarc,20,0.5651041666666666,-0.02604166666666663,,
eyeglasses,0.9213501829065514,0.9718989025606919,single,bald,pclarc,20,0.9294146990355836,-0.008064516129032251,,
goatee,0.7808691043985162,0.863142554319025,single,bald,pclarc,20,0.766163222045575,0.014705882352941235,,
gray_hair,0.781908505295338,0.8758598100229282,single,bald,pclarc,20,0.7772136696145868,0.0046948356807511304,,
heavy_makeup,0.5190635451505017,0.5045150501672241,single,bald,pclarc,20,0.5255852842809364,-0.006521739130434745,,
high_cheekbones,0.48660714285714285,0.41896081349206354,single,bald,pclarc,20,0.48660714285714285,0.0,,
male,0.9878640776699029,0.9896116504854369,single,bald,pclarc,20,0.9878640776699029,0.0,,
mouth_slightly_open,0.5181485181485181,0.5442557442557443,single,bald,pclarc,20,0.527039627039627,-0.00889110889110889,,
mustache,0.6904415332362931,0.7396086042374251,single,bald,pclarc,20,0.6675562024907002,0.022885330745592847,,
narrow_eyes,0.545159386068477,0.5427981109799291,single,bald,pclarc,20,0.545159386068477,0.0,,
no_beard,0.6468411491623495,0.6982439615151719,single,bald,pclarc,20,0.6408531252102536,0.005988023952095856,,
oval_face,0.5187074829931972,0.5833333333333334,single,bald,pclarc,20,0.5212585034013605,-0.0025510204081632404,,
pale_skin,0.5032520325203252,0.6028455284552845,single,bald,pclarc,20,0.5032520325203252,0.0,,
pointy_nose,0.5326131267835303,0.5186846038863977,single,bald,pclarc,20,0.5174616116320152,0.015151515151515138,,
receding_hairline,0.5104818523153942,0.5457603254067583,single,bald,pclarc,20,0.52049436795995,-0.010012515644555742,,
rosy_cheeks,0.6947818263607737,0.7791273054430949,single,bald,pclarc,20,0.6947818263607737,0.0,,
sideburns,0.6903735632183908,0.7975933908045977,single,bald,pclarc,20,0.694683908045977,-0.004310344827586188,,
smiling,0.800479080166081,0.9455764931331843,single,bald,pclarc,20,0.7955285851165761,0.004950495049504955,,
straight_hair,0.4612724757952974,0.4741355463347165,single,bald,pclarc,20,0.4405255878284924,0.020746887966805017,,
wavy_hair,0.559518956379943,0.5529283870091045,single,bald,pclarc,20,0.5791547764641934,-0.019635820084250466,,
wearing_earrings,0.7228813559322034,0.8548728813559322,single,bald,pclarc,20,0.735593220338983,-0.012711864406779627,,
wearing_hat,0.9219660837307896,0.9756226815050344,single,bald,pclarc,20,0.9219660837307896,0.0,,
wearing_lipstick,0.4660791887976823,0.46861419604056015,single,bald,pclarc,20,0.45062771607918883,0.015451472718493453,,
wearing_necklace,0.5808515874969234,0.6529657888259907,single,bald,pclarc,20,0.6017720895889737,-0.02092050209205021,,
wearing_necktie,0.6103404791929382,0.659016393442623,single,bald,pclarc,20,0.6159730979403111,-0.005632618747372864,,
young,0.8623462630085146,0.9386944181646169,single,bald,pclarc,20,0.8726900031535794,-0.010343740145064784,,
5_o_clock_shadow,0.5460276469694668,0.5921312471517545,single,bald,pclarc,21,0.5632690262798117,-0.017241379310344862,,
arched_eyebrows,0.5959821428571428,0.607421875,single,bald,pclarc,21,0.6026785714285714,-0.006696428571428603,,
attractive,0.512766814337495,0.5984695932339911,single,bald,pclarc,21,0.512766814337495,0.0,,
bags_under_eyes,0.48962962962962964,0.4864902998236332,single,bald,pclarc,21,0.5171781305114639,-0.027548500881834248,,
bald,0.703125,0.82647705078125,single,bald,pclarc,21,0.73828125,-0.03515625,,
bangs,0.7491136406045904,0.8094793804814331,single,bald,pclarc,21,0.7534054860981526,-0.0042918454935622075,,
big_lips,0.4087511890202473,0.4606604158173665,single,bald,pclarc,21,0.4087511890202473,0.0,,
big_nose,0.5748393021120294,0.6391184573002755,single,bald,pclarc,21,0.5955004591368228,-0.02066115702479343,,
black_hair,0.681390977443609,0.856516290726817,single,bald,pclarc,21,0.6770050125313283,0.004385964912280715,,
blond_hair,0.9279835390946503,0.9575815131370686,single,bald,pclarc,21,0.9279835390946503,0.0,,
blurry,0.7192622950819672,0.7568306010928962,single,bald,pclarc,21,0.7192622950819672,0.0,,
brown_hair,0.6794871794871795,0.8665501165501166,single,bald,pclarc,21,0.6794871794871795,0.0,,
bushy_eyebrows,0.5213191205862758,0.499222740395292,single,bald,pclarc,21,0.5391960914945592,-0.01787697090828333,,
chubby,0.5443164362519202,0.7030721966205837,single,bald,pclarc,21,0.554147465437788,-0.009831029185867868,,
double_chin,0.5442708333333334,0.64990234375,single,bald,pclarc,21,0.5651041666666666,-0.02083333333333326,,
eyeglasses,0.9187728633189225,0.9730628533422016,single,bald,pclarc,21,0.9294146990355836,-0.010641835716661108,,
goatee,0.7763645998940116,0.8603603603603603,single,bald,pclarc,21,0.766163222045575,0.010201377848436666,,
gray_hair,0.7867125232012229,0.8658150453106235,single,bald,pclarc,21,0.7772136696145868,0.009498853586636047,,
heavy_makeup,0.5255852842809364,0.528428093645485,single,bald,pclarc,21,0.5255852842809364,0.0,,
high_cheekbones,0.48660714285714285,0.4207589285714286,single,bald,pclarc,21,0.48660714285714285,0.0,,
male,0.9878640776699029,0.9896116504854369,single,bald,pclarc,21,0.9878640776699029,0.0,,
mouth_slightly_open,0.5376623376623376,0.5432567432567432,single,bald,pclarc,21,0.527039627039627,0.010622710622710585,,
mustache,0.6838913148956818,0.7417111434578683,single,bald,pclarc,21,0.6675562024907002,0.016335112404981533,,
narrow_eyes,0.5430932703659976,0.5312868949232585,single,bald,pclarc,21,0.545159386068477,-0.0020661157024793875,,
no_beard,0.6438471371863015,0.6977729933391642,single,bald,pclarc,21,0.6408531252102536,0.0029940119760478723,,
oval_face,0.5212585034013605,0.5827380952380953,single,bald,pclarc,21,0.5212585034013605,0.0,,
pale_skin,0.5052845528455284,0.6085365853658535,single,bald,pclarc,21,0.5032520325203252,0.00203252032520318,,
pointy_nose,0.5348552792498981,0.5175974996602799,single,bald,pclarc,21,0.5174616116320152,0.017393667617882858,,
receding_hairline,0.4831038798498123,0.530897997496871,single,bald,pclarc,21,0.52049436795995,-0.037390488110137676,,
rosy_cheeks,0.692757534862798,0.7750787224471435,single,bald,pclarc,21,0.6947818263607737,-0.002024291497975672,,
sideburns,0.6882183908045977,0.8002873563218391,single,bald,pclarc,21,0.694683908045977,-0.006465517241379337,,
smiling,0.7905780900670711,0.9448099648674545,single,bald,pclarc,21,0.7955285851165761,-0.004950495049504955,,
straight_hair,0.4633471645919779,0.4821576763485478,single,bald,pclarc,21,0.4405255878284924,0.022821576763485507,,
wavy_hair,0.5572768039135753,0.5432803370023102,single,bald,pclarc,21,0.5791547764641934,-0.021877972550618185,,
wearing_earrings,0.7186440677966102,0.8614406779661017,single,bald,pclarc,21,0.735593220338983,-0.016949152542372836,,
wearing_hat,0.9242183359830418,0.9695283518812929,single,bald,pclarc,21,0.9219660837307896,0.0022522522522522292,,
wearing_lipstick,0.4723563495895703,0.4741670690487687,single,bald,pclarc,21,0.45062771607918883,0.021728633510381457,,
wearing_necklace,0.5556239232094511,0.6524735417179424,single,bald,pclarc,21,0.6017720895889737,-0.04614816637952257,,
wearing_necktie,0.600084068936528,0.676754939050021,single,bald,pclarc,21,0.6159730979403111,-0.015889029003783084,,
young,0.8410280668558814,0.9248186691895302,single,bald,pclarc,21,0.8726900031535794,-0.03166193629769798,,
5_o_clock_shadow,0.56144614917211,0.6056509190338751,single,bald,pclarc,22,0.5632690262798117,-0.0018228771077016814,,
arched_eyebrows,0.5915178571428572,0.5968191964285715,single,bald,pclarc,22,0.6026785714285714,-0.01116071428571419,,
attractive,0.512766814337495,0.5859041482078131,single,bald,pclarc,22,0.512766814337495,0.0,,
bags_under_eyes,0.5048324514991182,0.5008818342151676,single,bald,pclarc,22,0.5171781305114639,-0.012345679012345734,,
bald,0.64453125,0.78485107421875,single,bald,pclarc,22,0.73828125,-0.09375,,
bangs,0.7469677178578094,0.8008956894943087,single,bald,pclarc,22,0.7534054860981526,-0.006437768240343256,,
big_lips,0.41099334148661504,0.45658377496942515,single,bald,pclarc,22,0.4087511890202473,0.0022421524663677195,,
big_nose,0.578543005815733,0.6405876951331497,single,bald,pclarc,22,0.5955004591368228,-0.016957453321089777,,
black_hair,0.6926691729323309,0.843671679197995,single,bald,pclarc,22,0.6770050125313283,0.015664160401002603,,
blond_hair,0.9300411522633745,0.9616967394745173,single,bald,pclarc,22,0.9279835390946503,0.002057613168724215,,
blurry,0.7172131147540983,0.7414617486338797,single,bald,pclarc,22,0.7192622950819672,-0.002049180327868827,,
brown_hair,0.6773504273504274,0.8572261072261073,single,bald,pclarc,22,0.6794871794871795,-0.002136752136752129,,
bushy_eyebrows,0.5329780146568954,0.5134354874528093,single,bald,pclarc,22,0.5391960914945592,-0.006218076837663733,,
chubby,0.5443164362519202,0.7112135176651305,single,bald,pclarc,22,0.554147465437788,-0.009831029185867868,,
double_chin,0.5390625,0.6517740885416667,single,bald,pclarc,22,0.5651041666666666,-0.02604166666666663,,
eyeglasses,0.9136182241436648,0.9763884270036581,single,bald,pclarc,22,0.9294146990355836,-0.01579647489191882,,
goatee,0.778616852146264,0.8657922628510863,single,bald,pclarc,22,0.766163222045575,0.012453630100689006,,
gray_hair,0.7869308876514903,0.8666885031116933,single,bald,pclarc,22,0.7772136696145868,0.009717218036903508,,
heavy_makeup,0.5494983277591974,0.5795986622073578,single,bald,pclarc,22,0.5255852842809364,0.023913043478260954,,
high_cheekbones,0.49007936507936506,0.4230530753968254,single,bald,pclarc,22,0.48660714285714285,0.00347222222222221,,
male,0.9878640776699029,0.9889320388349514,single,bald,pclarc,22,0.9878640776699029,0.0,,
mouth_slightly_open,0.5463869463869464,0.5206127206127207,single,bald,pclarc,22,0.527039627039627,0.01934731934731937,,
mustache,0.6838913148956818,0.7386382015202976,single,bald,pclarc,22,0.6675562024907002,0.016335112404981533,,
narrow_eyes,0.5678866587957497,0.5407319952774499,single,bald,pclarc,22,0.545159386068477,0.022727272727272707,,
no_beard,0.6408531252102536,0.6993877413711902,single,bald,pclarc,22,0.6408531252102536,0.0,,
oval_face,0.5187074829931972,0.5931972789115646,single,bald,pclarc,22,0.5212585034013605,-0.0025510204081632404,,
pale_skin,0.525609756097561,0.608130081300813,single,bald,pclarc,22,0.5032520325203252,0.022357723577235755,,
pointy_nose,0.5084930017665443,0.48457670879195547,single,bald,pclarc,22,0.5174616116320152,-0.008968609865470878,,
receding_hairline,0.46370463078848556,0.5127503128911138,single,bald,pclarc,22,0.52049436795995,-0.056789737171464405,,
rosy_cheeks,0.6866846603688709,0.7566351776878093,single,bald,pclarc,22,0.6947818263607737,-0.0080971659919028,,
sideburns,0.6860632183908046,0.8013649425287357,single,bald,pclarc,22,0.694683908045977,-0.008620689655172376,,
smiling,0.810380070265091,0.9480038326413286,single,bald,pclarc,22,0.7955285851165761,0.014851485148514865,,
straight_hair,0.47164591977869985,0.4962655601659751,single,bald,pclarc,22,0.4405255878284924,0.03112033195020747,,
wavy_hair,0.5550346514472075,0.5299633102323685,single,bald,pclarc,22,0.5791547764641934,-0.024120125016985905,,
wearing_earrings,0.728813559322034,0.8506355932203389,single,bald,pclarc,22,0.735593220338983,-0.006779661016949046,,
wearing_hat,0.9219660837307896,0.9450185479597244,single,bald,pclarc,22,0.9219660837307896,0.0,,
wearing_lipstick,0.457508450024143,0.503138580395944,single,bald,pclarc,22,0.45062771607918883,0.006880733944954143,,
wearing_necklace,0.5430716219542211,0.641397981786857,single,bald,pclarc,22,0.6017720895889737,-0.05870046763475256,,
wearing_necktie,0.5888188314417823,0.6630517023959647,single,bald,pclarc,22,0.6159730979403111,-0.027154266498528812,,
young,0.8281929990539263,0.888174077578051,single,bald,pclarc,22,0.8726900031535794,-0.04449700409965307,,
5_o_clock_shadow,0.5966884399210086,0.6083852346954277,single,bald,pclarc,23,0.5632690262798117,0.03341941364119694,,
arched_eyebrows,0.5848214285714286,0.5637555803571429,single,bald,pclarc,23,0.6026785714285714,-0.017857142857142794,,
attractive,0.512766814337495,0.565606121627064,single,bald,pclarc,23,0.512766814337495,0.0,,
bags_under_eyes,0.5527336860670193,0.5250088183421517,single,bald,pclarc,23,0.5171781305114639,0.03555555555555545,,
bald,0.5078125,0.55267333984375,single,bald,pclarc,23,0.73828125,-0.23046875,,
bangs,0.6930397462213099,0.7842881134540026,single,bald,pclarc,23,0.7534054860981526,-0.06036573987684268,,
big_lips,0.4087511890202473,0.45155591792363087,single,bald,pclarc,23,0.4087511890202473,0.0,,
big_nose,0.5652892561983471,0.6271808999081727,single,bald,pclarc,23,0.5955004591368228,-0.03021120293847568,,
black_hair,0.7221177944862156,0.8032581453634086,single,bald,pclarc,23,0.6770050125313283,0.04511278195488733,,
blond_hair,0.9279835390946503,0.9594808483697372,single,bald,pclarc,23,0.9279835390946503,0.0,,
blurry,0.7151639344262295,0.737363387978142,single,bald,pclarc,23,0.7192622950819672,-0.004098360655737654,,
brown_hair,0.641025641025641,0.8265345765345765,single,bald,pclarc,23,0.6794871794871795,-0.03846153846153855,,
bushy_eyebrows,0.4793471019320453,0.5101043748612036,single,bald,pclarc,23,0.5391960914945592,-0.05984898956251383,,
chubby,0.6059139784946237,0.7216589861751153,single,bald,pclarc,23,0.554147465437788,0.05176651305683566,,
double_chin,0.5364583333333334,0.646240234375,single,bald,pclarc,23,0.5651041666666666,-0.02864583333333326,,
eyeglasses,0.9062188227469239,0.9770535417359495,single,bald,pclarc,23,0.9294146990355836,-0.02319587628865971,,
goatee,0.7910704822469529,0.8761261261261262,single,bald,pclarc,23,0.766163222045575,0.0249072602013779,,
gray_hair,0.7177093569166939,0.7881864832405284,single,bald,pclarc,23,0.7772136696145868,-0.059504312697892914,,
heavy_makeup,0.5429765886287625,0.5852842809364549,single,bald,pclarc,23,0.5255852842809364,0.017391304347826098,,
high_cheekbones,0.48660714285714285,0.4182787698412699,single,bald,pclarc,23,0.48660714285714285,0.0,,
male,0.8349514563106797,0.9820388349514563,single,bald,pclarc,23,0.9878640776699029,-0.15291262135922323,,
mouth_slightly_open,0.5361638361638361,0.47652347652347654,single,bald,pclarc,23,0.527039627039627,0.009124209124209082,,
mustache,0.6860747210092188,0.7336244541484715,single,bald,pclarc,23,0.6675562024907002,0.0185185185185186,,
narrow_eyes,0.5398465171192444,0.5330578512396694,single,bald,pclarc,23,0.545159386068477,-0.005312868949232663,,
no_beard,0.666689093722667,0.7052412029872839,single,bald,pclarc,23,0.6408531252102536,0.025835968512413432,,
oval_face,0.5154761904761905,0.5744897959183672,single,bald,pclarc,23,0.5212585034013605,-0.005782312925169952,,
pale_skin,0.5317073170731708,0.6313008130081301,single,bald,pclarc,23,0.5032520325203252,0.028455284552845517,,
pointy_nose,0.4972822394347058,0.4275037369207773,single,bald,pclarc,23,0.5174616116320152,-0.02017937219730942,,
receding_hairline,0.4447747183979975,0.43687421777221525,single,bald,pclarc,23,0.52049436795995,-0.07571964956195248,,
rosy_cheeks,0.6421502474134053,0.6828609986504723,single,bald,pclarc,23,0.6947818263607737,-0.05263157894736836,,
sideburns,0.6738505747126436,0.7868175287356322,single,bald,pclarc,23,0.694683908045977,-0.02083333333333337,,
smiling,0.7955285851165761,0.9452571063557969,single,bald,pclarc,23,0.7955285851165761,0.0,,
straight_hair,0.47980636237897645,0.5396957123098203,single,bald,pclarc,23,0.4405255878284924,0.039280774550484066,,
wavy_hair,0.5460660415817367,0.4671830411740726,single,bald,pclarc,23,0.5791547764641934,-0.03308873488245678,,
wearing_earrings,0.7300847457627119,0.7875,single,bald,pclarc,23,0.735593220338983,-0.005508474576271127,,
wearing_hat,0.8589030206677266,0.910174880763116,single,bald,pclarc,23,0.9219660837307896,-0.06306306306306297,,
wearing_lipstick,0.45521487204249156,0.4884113954611299,single,bald,pclarc,23,0.45062771607918883,0.004587155963302725,,
wearing_necklace,0.5285503322667979,0.5953728771843465,single,bald,pclarc,23,0.6017720895889737,-0.07322175732217573,,
wearing_necktie,0.6164775115594787,0.6795292139554434,single,bald,pclarc,23,0.6159730979403111,0.0005044136191676429,,
young,0.703185115105645,0.7814569536423841,single,bald,pclarc,23,0.8726900031535794,-0.1695048880479344,,
5_o_clock_shadow,0.5794470606106639,0.5947136563876653,sequential,bald,diff_means,-1,0.5632690262798117,0.016178034330852187,,
arched_eyebrows,0.515625,0.5577566964285715,sequential,bald,diff_means,-1,0.6026785714285714,-0.0870535714285714,,
attractive,0.512766814337495,0.5300845751107531,sequential,bald,diff_means,-1,0.512766814337495,0.0,,
bags_under_eyes,0.5298765432098765,0.5172486772486772,sequential,bald,diff_means,-1,0.5171781305114639,0.012698412698412653,,
bald,0.515625,0.56201171875,sequential,bald,diff_means,-1,0.73828125,-0.22265625,,
bangs,0.7059152827019967,0.781489083784288,sequential,bald,diff_means,-1,0.7534054860981526,-0.04749020339615595,,
big_lips,0.4104497893735562,0.4526430221497486,sequential,bald,diff_means,-1,0.4087511890202473,0.0016986003533088767,,
big_nose,0.566574839302112,0.6157943067033976,sequential,bald,diff_means,-1,0.5955004591368228,-0.02892561983471076,,
black_hair,0.7265037593984962,0.8092105263157895,sequential,bald,diff_means,-1,0.6770050125313283,0.04949874686716793,,
blond_hair,0.9259259259259259,0.9616967394745173,sequential,bald,diff_means,-1,0.9279835390946503,-0.002057613168724326,,
blurry,0.6775956284153005,0.7721994535519126,sequential,bald,diff_means,-1,0.7192622950819672,-0.04166666666666663,,
brown_hair,0.6581196581196581,0.8350815850815851,sequential,bald,diff_means,-1,0.6794871794871795,-0.021367521367521403,,
bushy_eyebrows,0.47301798800799466,0.4865645125471908,sequential,bald,diff_means,-1,0.5391960914945592,-0.0661781034865645,,
chubby,0.5987711213517665,0.7146697388632872,sequential,bald,diff_means,-1,0.554147465437788,0.04462365591397843,,
double_chin,0.5338541666666666,0.6443684895833333,sequential,bald,diff_means,-1,0.5651041666666666,-0.03125,,
eyeglasses,0.921682740272697,0.9734785500498836,sequential,bald,diff_means,-1,0.9294146990355836,-0.0077319587628865705,,
goatee,0.7865659777424483,0.879570747217806,sequential,bald,diff_means,-1,0.766163222045575,0.02040275569687333,,
gray_hair,0.7433125887105578,0.8392837646031226,sequential,bald,diff_means,-1,0.7772136696145868,-0.03390108090402899,,
heavy_makeup,0.5222408026755853,0.5429765886287625,sequential,bald,diff_means,-1,0.5255852842809364,-0.0033444816053511683,,
high_cheekbones,0.5029761904761905,0.4324776785714286,sequential,bald,diff_means,-1,0.48660714285714285,0.016369047619047616,,
male,0.8446601941747574,0.9853398058252427,sequential,bald,diff_means,-1,0.9878640776699029,-0.14320388349514557,,
mouth_slightly_open,0.5355977355977356,0.4915084915084915,sequential,bald,diff_means,-1,0.527039627039627,0.008558108558108568,,
mustache,0.7143781335921073,0.7412259420993045,sequential,bald,diff_means,-1,0.6675562024907002,0.04682193110140709,,
narrow_eyes,0.5900236127508856,0.552538370720189,sequential,bald,diff_means,-1,0.545159386068477,0.044864226682408526,,
no_beard,0.6696831056987149,0.7126421314674023,sequential,bald,diff_means,-1,0.6408531252102536,0.028829980488461304,,
oval_face,0.5180272108843538,0.5921768707482993,sequential,bald,diff_means,-1,0.5212585034013605,-0.003231292517006712,,
pale_skin,0.5398373983739837,0.648780487804878,sequential,bald,diff_means,-1,0.5032520325203252,0.03658536585365846,,
pointy_nose,0.47988857181682293,0.4307650495991303,sequential,bald,diff_means,-1,0.5174616116320152,-0.03757303981519228,,
receding_hairline,0.4741864831038798,0.46785043804755944,sequential,bald,diff_means,-1,0.52049436795995,-0.04630788485607018,,
rosy_cheeks,0.6632928475033738,0.6630679262258209,sequential,bald,diff_means,-1,0.6947818263607737,-0.031488978857399874,,
sideburns,0.7011494252873564,0.7794540229885059,sequential,bald,diff_means,-1,0.694683908045977,0.006465517241379337,,
smiling,0.810380070265091,0.9495368891727882,sequential,bald,diff_means,-1,0.7955285851165761,0.014851485148514865,,
straight_hair,0.5091286307053942,0.5463347164591978,sequential,bald,diff_means,-1,0.4405255878284924,0.06860304287690178,,
wavy_hair,0.5247316211441773,0.45305068623454275,sequential,bald,diff_means,-1,0.5791547764641934,-0.05442315532001618,,
wearing_earrings,0.7385593220338983,0.7989406779661017,sequential,bald,diff_means,-1,0.735593220338983,0.0029661016949152907,,
wearing_hat,0.8803656597774245,0.9154742978272389,sequential,bald,diff_means,-1,0.9219660837307896,-0.04160042395336505,,
wearing_lipstick,0.47754707870593915,0.4939642684693385,sequential,bald,diff_means,-1,0.45062771607918883,0.02691936262675032,,
wearing_necklace,0.5494708343588481,0.6320452867339403,sequential,bald,diff_means,-1,0.6017720895889737,-0.05230125523012552,,
wearing_necktie,0.6221101303068516,0.6680958385876419,sequential,bald,diff_means,-1,0.6159730979403111,0.006137032366540507,,
young,0.7234626300851467,0.7742667928098392,sequential,bald,diff_means,-1,0.8726900031535794,-0.1492273730684327,,
5_o_clock_shadow,0.5526355764848854,0.5717757861157527,sequential,bald,lr,-1,0.5632690262798117,-0.010633449794926308,,
arched_eyebrows,0.59375,0.5994698660714286,sequential,bald,lr,-1,0.6026785714285714,-0.008928571428571397,,
attractive,0.512766814337495,0.5977446637132502,sequential,bald,lr,-1,0.512766814337495,0.0,,
bags_under_eyes,0.5223280423280423,0.5099118165784833,sequential,bald,lr,-1,0.5171781305114639,0.005149911816578423,,
bald,0.54296875,0.6591796875,sequential,bald,lr,-1,0.73828125,-0.1953125,,
bangs,0.7080612054487778,0.7676805374136966,sequential,bald,lr,-1,0.7534054860981526,-0.04534428064937479,,
big_lips,0.42390270417176246,0.4631064003261313,sequential,bald,lr,-1,0.4087511890202473,0.015151515151515138,,
big_nose,0.5963575145393327,0.6476277930823386,sequential,bald,lr,-1,0.5955004591368228,0.0008570554025099097,,
black_hair,0.6569548872180451,0.8167293233082706,sequential,bald,lr,-1,0.6770050125313283,-0.020050125313283207,,
blond_hair,0.9197530864197531,0.9556821779044001,sequential,bald,lr,-1,0.9279835390946503,-0.008230452674897193,,
blurry,0.6775956284153005,0.7383879781420765,sequential,bald,lr,-1,0.7192622950819672,-0.04166666666666663,,
brown_hair,0.6581196581196581,0.8356643356643356,sequential,bald,lr,-1,0.6794871794871795,-0.021367521367521403,,
bushy_eyebrows,0.5297579391516767,0.5081057073062403,sequential,bald,lr,-1,0.5391960914945592,-0.009438152342882478,,
chubby,0.6076804915514593,0.7242703533026115,sequential,bald,lr,-1,0.554147465437788,0.05353302611367128,,
double_chin,0.5416666666666666,0.6592610677083333,sequential,bald,lr,-1,0.5651041666666666,-0.0234375,,
eyeglasses,0.9191054206850682,0.9729797140006651,sequential,bald,lr,-1,0.9294146990355836,-0.010309278350515427,,
goatee,0.7741123476417594,0.8753312135665077,sequential,bald,lr,-1,0.766163222045575,0.007949125596184436,,
gray_hair,0.7772136696145868,0.8731302543945846,sequential,bald,lr,-1,0.7772136696145868,0.0,,
heavy_makeup,0.5150501672240803,0.5347826086956522,sequential,bald,lr,-1,0.5255852842809364,-0.01053511705685617,,
high_cheekbones,0.48660714285714285,0.44097222222222227,sequential,bald,lr,-1,0.48660714285714285,0.0,,
male,0.9878640776699029,0.9894174757281553,sequential,bald,lr,-1,0.9878640776699029,0.0,,
mouth_slightly_open,0.524975024975025,0.5246753246753247,sequential,bald,lr,-1,0.527039627039627,-0.002064602064602017,,
mustache,0.6795245026686074,0.7321688500727802,sequential,bald,lr,-1,0.6675562024907002,0.011968300177907176,,
narrow_eyes,0.5534238488783944,0.538961038961039,sequential,bald,lr,-1,0.545159386068477,0.008264462809917328,,
no_beard,0.6468411491623495,0.6989167731951826,sequential,bald,lr,-1,0.6408531252102536,0.005988023952095856,,
oval_face,0.5180272108843538,0.5633503401360545,sequential,bald,lr,-1,0.5212585034013605,-0.003231292517006712,,
pale_skin,0.5317073170731708,0.651219512195122,sequential,bald,lr,-1,0.5032520325203252,0.028455284552845517,,
pointy_nose,0.5214023644516919,0.4868868052724555,sequential,bald,lr,-1,0.5174616116320152,0.003940752819676652,,
receding_hairline,0.4463391739674593,0.4996871088861076,sequential,bald,lr,-1,0.52049436795995,-0.07415519399249065,,
rosy_cheeks,0.6250562303193883,0.7237966711650923,sequential,bald,lr,-1,0.6947818263607737,-0.0697255960413854,,
sideburns,0.6839080459770115,0.8058548850574713,sequential,bald,lr,-1,0.694683908045977,-0.010775862068965525,,
smiling,0.7972532737144682,0.9439795592462472,sequential,bald,lr,-1,0.7955285851165761,0.001724688597892099,,
straight_hair,0.5424619640387276,0.5573997233748271,sequential,bald,lr,-1,0.4405255878284924,0.10193637621023521,,
wavy_hair,0.5292159260769127,0.4711237939937492,sequential,bald,lr,-1,0.5791547764641934,-0.04993885038728074,,
wearing_earrings,0.708050847457627,0.8338983050847457,sequential,bald,lr,-1,0.735593220338983,-0.02754237288135597,,
wearing_hat,0.8734764175940646,0.9148118706942235,sequential,bald,lr,-1,0.9219660837307896,-0.04848966613672501,,
wearing_lipstick,0.49179140511830033,0.47790922259777885,sequential,bald,lr,-1,0.45062771607918883,0.041163689039111495,,
wearing_necklace,0.5578390351956682,0.6470588235294117,sequential,bald,lr,-1,0.6017720895889737,-0.043933054393305415,,
wearing_necktie,0.6246742328709541,0.6494325346784363,sequential,bald,lr,-1,0.6159730979403111,0.008701134930643062,,
young,0.816177861873226,0.8920214443393252,sequential,bald,lr,-1,0.8726900031535794,-0.05651214128035331,,
5_o_clock_shadow,0.5922831535773964,0.6023089776697554,sequential,bald,pclarc,-1,0.5632690262798117,0.02901412729758468,,
arched_eyebrows,0.578125,0.5584542410714286,sequential,bald,pclarc,-1,0.6026785714285714,-0.024553571428571397,,
attractive,0.512766814337495,0.53491743858236,sequential,bald,pclarc,-1,0.512766814337495,0.0,,
bags_under_eyes,0.5441622574955909,0.511957671957672,sequential,bald,pclarc,-1,0.5171781305114639,0.026984126984127,,
bald,0.51171875,0.56640625,sequential,bald,pclarc,-1,0.73828125,-0.2265625,,
bangs,0.7255084903899982,0.7826086956521741,sequential,bald,pclarc,-1,0.7534054860981526,-0.027896995708154404,,
big_lips,0.40256828373420306,0.46487294469357243,sequential,bald,pclarc,-1,0.4087511890202473,-0.00618290528604426,,
big_nose,0.5565962656871748,0.6222834404652587,sequential,bald,pclarc,-1,0.5955004591368228,-0.03890419344964802,,
black_hair,0.7265037593984962,0.8118734335839599,sequential,bald,pclarc,-1,0.6770050125313283,0.04949874686716793,,
blond_hair,0.9320987654320987,0.9601139601139601,sequential,bald,pclarc,-1,0.9279835390946503,0.00411522633744843,,
blurry,0.7172131147540983,0.7575136612021858,sequential,bald,pclarc,-1,0.7192622950819672,-0.002049180327868827,,
brown_hair,0.6581196581196581,0.8428515928515928,sequential,bald,pclarc,-1,0.6794871794871795,-0.021367521367521403,,
bushy_eyebrows,0.5014434821230291,0.48745280923828554,sequential,bald,pclarc,-1,0.5391960914945592,-0.03775260937153002,,
chubby,0.5987711213517665,0.7167434715821812,sequential,bald,pclarc,-1,0.554147465437788,0.04462365591397843,,
double_chin,0.5494791666666666,0.6446126302083333,sequential,bald,pclarc,-1,0.5651041666666666,-0.015625,,
eyeglasses,0.9165281010974393,0.9758064516129032,sequential,bald,pclarc,-1,0.9294146990355836,-0.012886597938144284,,
goatee,0.7696078431372549,0.8779809220985693,sequential,bald,pclarc,-1,0.766163222045575,0.003444621091679978,,
gray_hair,0.7409651708701823,0.8270553553881428,sequential,bald,pclarc,-1,0.7772136696145868,-0.0362484987444045,,
heavy_makeup,0.538628762541806,0.5474916387959866,sequential,bald,pclarc,-1,0.5255852842809364,0.013043478260869601,,
high_cheekbones,0.48660714285714285,0.4319196428571429,sequential,bald,pclarc,-1,0.48660714285714285,0.0,,
male,0.837378640776699,0.9863106796116504,sequential,bald,pclarc,-1,0.9878640776699029,-0.15048543689320393,,
mouth_slightly_open,0.5391941391941392,0.48937728937728936,sequential,bald,pclarc,-1,0.527039627039627,0.012154512154512132,,
mustache,0.7045932395277373,0.7439754164644994,sequential,bald,pclarc,-1,0.6675562024907002,0.03703703703703709,,
narrow_eyes,0.5377804014167651,0.5354191263282173,sequential,bald,pclarc,-1,0.545159386068477,-0.0073789846517119395,,
no_beard,0.6636950817466192,0.7139204736594227,sequential,bald,pclarc,-1,0.6408531252102536,0.02284195653636556,,
oval_face,0.5180272108843538,0.5923469387755103,sequential,bald,pclarc,-1,0.5212585034013605,-0.003231292517006712,,
pale_skin,0.5357723577235772,0.6231707317073172,sequential,bald,pclarc,-1,0.5032520325203252,0.03252032520325199,,
pointy_nose,0.5079494496534855,0.4257371925533361,sequential,bald,pclarc,-1,0.5174616116320152,-0.009512161978529665,,
receding_hairline,0.47215269086357947,0.45635168961201505,sequential,bald,pclarc,-1,0.52049436795995,-0.048341677096370494,,
rosy_cheeks,0.6401259559154295,0.6752136752136753,sequential,bald,pclarc,-1,0.6947818263607737,-0.054655870445344146,,
sideburns,0.7054597701149425,0.7823275862068965,sequential,bald,pclarc,-1,0.694683908045977,0.010775862068965525,,
smiling,0.7955285851165761,0.9483232194187161,sequential,bald,pclarc,-1,0.7955285851165761,0.0,,
straight_hair,0.5048409405255878,0.5540802213001383,sequential,bald,pclarc,-1,0.4405255878284924,0.06431535269709543,,
wavy_hair,0.5634597091996195,0.4625628482130725,sequential,bald,pclarc,-1,0.5791547764641934,-0.015695067264573925,,
wearing_earrings,0.7343220338983051,0.7997881355932204,sequential,bald,pclarc,-1,0.735593220338983,-0.0012711864406779183,,
wearing_hat,0.8781134075251722,0.9175940646528882,sequential,bald,pclarc,-1,0.9219660837307896,-0.04385267620561739,,
wearing_lipstick,0.4792370835345244,0.49492998551424433,sequential,bald,pclarc,-1,0.45062771607918883,0.028609367455335544,,
wearing_necklace,0.5684223480187054,0.6266305685454098,sequential,bald,pclarc,-1,0.6017720895889737,-0.033349741570268265,,
wearing_necktie,0.6164775115594787,0.6734762505254308,sequential,bald,pclarc,-1,0.6159730979403111,0.0005044136191676429,,
young,0.7216020182907601,0.7789340901923683,sequential,bald,pclarc,-1,0.8726900031535794,-0.15108798486281927,,
5_o_clock_shadow,0.5654716694516178,0.5745101017773051,iterative,bald,lr,12,0.5632690262798117,0.0022026431718060735,5.0,
arched_eyebrows,0.5513392857142857,0.6314174107142857,iterative,bald,lr,12,0.6026785714285714,-0.0513392857142857,5.0,
attractive,0.4973821989528796,0.7148610551751913,iterative,bald,lr,12,0.512766814337495,-0.015384615384615441,5.0,
bags_under_eyes,0.5342151675485008,0.5136507936507937,iterative,bald,lr,12,0.5171781305114639,0.01703703703703696,5.0,
bald,0.7265625,0.85345458984375,iterative,bald,lr,12,0.73828125,-0.01171875,5.0,
bangs,0.7662810225788393,0.8356036573987684,iterative,bald,lr,12,0.7534054860981526,0.012875536480686733,5.0,
big_lips,0.4368120668569099,0.4553607827150428,iterative,bald,lr,12,0.4087511890202473,0.028060877836662557,5.0,
big_nose,0.5839608203244566,0.6557698194061832,iterative,bald,lr,12,0.5955004591368228,-0.011539638812366193,5.0,
black_hair,0.6770050125313283,0.8576127819548873,iterative,bald,lr,12,0.6770050125313283,0.0,5.0,
blond_hair,0.9197530864197531,0.9544159544159544,iterative,bald,lr,12,0.9279835390946503,-0.008230452674897193,5.0,
blurry,0.6338797814207651,0.7448770491803279,iterative,bald,lr,12,0.7192622950819672,-0.08538251366120209,5.0,
brown_hair,0.6752136752136753,0.7822455322455323,iterative,bald,lr,12,0.6794871794871795,-0.004273504273504258,5.0,
bushy_eyebrows,0.5676215856095936,0.4998889629136132,iterative,bald,lr,12,0.5391960914945592,0.028425494115034478,5.0,
chubby,0.5550691244239632,0.7086789554531491,iterative,bald,lr,12,0.554147465437788,0.0009216589861751334,5.0,
double_chin,0.5859375,0.6980794270833334,iterative,bald,lr,12,0.5651041666666666,0.02083333333333337,5.0,
eyeglasses,0.934901895576987,0.981376787495843,iterative,bald,lr,12,0.9294146990355836,0.005487196541403394,5.0,
goatee,0.7537095919448861,0.8565182829888712,iterative,bald,lr,12,0.766163222045575,-0.012453630100688895,5.0,
gray_hair,0.7725188339338356,0.8623212141063435,iterative,bald,lr,12,0.7772136696145868,-0.0046948356807512415,5.0,
heavy_makeup,0.5622073578595318,0.6175585284280936,iterative,bald,lr,12,0.5255852842809364,0.03662207357859537,5.0,
high_cheekbones,0.5049603174603174,0.41455853174603174,iterative,bald,lr,12,0.48660714285714285,0.018353174603174593,5.0,
male,0.9878640776699029,0.9916504854368932,iterative,bald,lr,12,0.9878640776699029,0.0,5.0,
mouth_slightly_open,0.5418248418248418,0.558041958041958,iterative,bald,lr,12,0.527039627039627,0.014785214785214773,5.0,
mustache,0.7187449458191817,0.7551350477114669,iterative,bald,lr,12,0.6675562024907002,0.051188743328481445,5.0,
narrow_eyes,0.5684769775678866,0.5029515938606848,iterative,bald,lr,12,0.545159386068477,0.023317591499409596,5.0,
no_beard,0.6438471371863015,0.6974365874991589,iterative,bald,lr,12,0.6408531252102536,0.0029940119760478723,5.0,
oval_face,0.516156462585034,0.5897108843537415,iterative,bald,lr,12,0.5212585034013605,-0.005102040816326481,5.0,
pale_skin,0.5654471544715447,0.6776422764227643,iterative,bald,lr,12,0.5032520325203252,0.062195121951219456,5.0,
pointy_nose,0.5214023644516919,0.5125696426144857,iterative,bald,lr,12,0.5174616116320152,0.003940752819676652,5.0,
receding_hairline,0.5165832290362954,0.5554599499374218,iterative,bald,lr,12,0.52049436795995,-0.003911138923654578,5.0,
rosy_cheeks,0.7199730094466936,0.8227620332883491,iterative,bald,lr,12,0.6947818263607737,0.025191183085919944,5.0,
sideburns,0.6501436781609196,0.7801724137931034,iterative,bald,lr,12,0.694683908045977,-0.04454022988505746,5.0,
smiling,0.8153305653145959,0.9455764931331843,iterative,bald,lr,12,0.7955285851165761,0.01980198019801982,5.0,
straight_hair,0.4094052558782849,0.4152143845089903,iterative,bald,lr,12,0.4405255878284924,-0.03112033195020747,5.0,
wavy_hair,0.5617611088463107,0.5875798342166055,iterative,bald,lr,12,0.5791547764641934,-0.017393667617882747,5.0,
wearing_earrings,0.7478813559322034,0.8423728813559322,iterative,bald,lr,12,0.735593220338983,0.012288135593220395,5.0,
wearing_hat,0.9219660837307896,0.971383147853736,iterative,bald,lr,12,0.9219660837307896,0.0,5.0,
wearing_lipstick,0.458594881699662,0.4461612747464993,iterative,bald,lr,12,0.45062771607918883,0.007967165620473171,5.0,
wearing_necklace,0.5829436377061286,0.6362293871523506,iterative,bald,lr,12,0.6017720895889737,-0.0188284518828451,5.0,
wearing_necktie,0.6630937368642287,0.7462799495586381,iterative,bald,lr,12,0.6159730979403111,0.0471206389239176,5.0,
young,0.8774519079154841,0.9483443708609272,iterative,bald,lr,12,0.8726900031535794,0.004761904761904745,5.0,
5_o_clock_shadow,0.5526355764848854,0.572991037520887,iterative,bald,pclarc,12,0.5632690262798117,-0.010633449794926308,5.0,
arched_eyebrows,0.5491071428571428,0.6388113839285715,iterative,bald,pclarc,12,0.6026785714285714,-0.0535714285714286,5.0,
attractive,0.4973821989528796,0.6975432944019331,iterative,bald,pclarc,12,0.512766814337495,-0.015384615384615441,5.0,
bags_under_eyes,0.5233509700176366,0.5103350970017637,iterative,bald,pclarc,12,0.5171781305114639,0.006172839506172756,5.0,
bald,0.734375,0.85247802734375,iterative,bald,pclarc,12,0.73828125,-0.00390625,5.0,
bangs,0.7662810225788393,0.8286993842134727,iterative,bald,pclarc,12,0.7534054860981526,0.012875536480686733,5.0,
big_lips,0.43287131403723333,0.45495311863024873,iterative,bald,pclarc,12,0.4087511890202473,0.024120125016986016,5.0,
big_nose,0.5876645240281604,0.655463728191001,iterative,bald,pclarc,12,0.5955004591368228,-0.007835935108662428,5.0,
black_hair,0.6791979949874687,0.8587092731829574,iterative,bald,pclarc,12,0.6770050125313283,0.002192982456140413,5.0,
blond_hair,0.9218106995884774,0.9537828426717315,iterative,bald,pclarc,12,0.9279835390946503,-0.006172839506172867,5.0,
blurry,0.5901639344262295,0.7370218579234974,iterative,bald,pclarc,12,0.7192622950819672,-0.12909836065573765,5.0,
brown_hair,0.688034188034188,0.79001554001554,iterative,bald,pclarc,12,0.6794871794871795,0.008547008547008517,5.0,
bushy_eyebrows,0.5391960914945592,0.5034421496779924,iterative,bald,pclarc,12,0.5391960914945592,0.0,5.0,
chubby,0.5675883256528418,0.712288786482335,iterative,bald,pclarc,12,0.554147465437788,0.013440860215053752,5.0,
double_chin,0.5755208333333334,0.6897786458333334,iterative,bald,pclarc,12,0.5651041666666666,0.01041666666666674,5.0,
eyeglasses,0.9400565347522447,0.98237445959428,iterative,bald,pclarc,12,0.9294146990355836,0.010641835716661108,5.0,
goatee,0.7457604663487016,0.8583730789613142,iterative,bald,pclarc,12,0.766163222045575,-0.02040275569687333,5.0,
gray_hair,0.7748662517742111,0.865159951959821,iterative,bald,pclarc,12,0.7772136696145868,-0.0023474178403757318,5.0,
heavy_makeup,0.5494983277591974,0.6051839464882943,iterative,bald,pclarc,12,0.5255852842809364,0.023913043478260954,5.0,
high_cheekbones,0.49007936507936506,0.40860615079365076,iterative,bald,pclarc,12,0.48660714285714285,0.00347222222222221,5.0,
male,0.9878640776699029,0.9915533980582525,iterative,bald,pclarc,12,0.9878640776699029,0.0,5.0,
mouth_slightly_open,0.5412587412587413,0.5617715617715618,iterative,bald,pclarc,12,0.527039627039627,0.01421911421911426,5.0,
mustache,0.725295164159793,0.7556202490700308,iterative,bald,pclarc,12,0.6675562024907002,0.05773896166909276,5.0,
narrow_eyes,0.5788075560802833,0.5059031877213696,iterative,bald,pclarc,12,0.545159386068477,0.03364817001180631,5.0,
no_beard,0.6468411491623495,0.7026845186032429,iterative,bald,pclarc,12,0.6408531252102536,0.005988023952095856,5.0,
oval_face,0.5238095238095238,0.5840136054421768,iterative,bald,pclarc,12,0.5212585034013605,0.0025510204081633514,5.0,
pale_skin,0.5593495934959349,0.6711382113821138,iterative,bald,pclarc,12,0.5032520325203252,0.056097560975609695,5.0,
pointy_nose,0.5152194591656475,0.5209947003668977,iterative,bald,pclarc,12,0.5174616116320152,-0.0022421524663677195,5.0,
receding_hairline,0.5278473091364205,0.5569461827284106,iterative,bald,pclarc,12,0.52049436795995,0.007352941176470562,5.0,
rosy_cheeks,0.7341430499325237,0.7849752586594692,iterative,bald,pclarc,12,0.6947818263607737,0.03936122357174998,5.0,
sideburns,0.6695402298850575,0.7886135057471264,iterative,bald,pclarc,12,0.694683908045977,-0.025143678160919558,5.0,
smiling,0.810380070265091,0.9477483232194186,iterative,bald,pclarc,12,0.7955285851165761,0.014851485148514865,5.0,
straight_hair,0.42600276625172895,0.41742738589211614,iterative,bald,pclarc,12,0.4405255878284924,-0.014522821576763434,5.0,
wavy_hair,0.5640032613126783,0.5923359152058704,iterative,bald,pclarc,12,0.5791547764641934,-0.015151515151515138,5.0,
wearing_earrings,0.7627118644067796,0.8476694915254237,iterative,bald,pclarc,12,0.735593220338983,0.027118644067796627,5.0,
wearing_hat,0.9219660837307896,0.9724430312665606,iterative,bald,pclarc,12,0.9219660837307896,0.0,5.0,
wearing_lipstick,0.4677691936262675,0.45756880733944955,iterative,bald,pclarc,12,0.45062771607918883,0.017141477547078676,5.0,
wearing_necklace,0.6038641397981788,0.6529657888259907,iterative,bald,pclarc,12,0.6017720895889737,0.0020920502092051096,5.0,
wearing_necktie,0.6754098360655738,0.7361916771752838,iterative,bald,pclarc,12,0.6159730979403111,0.059436738125262734,5.0,
young,0.8664774519079155,0.9467675812046673,iterative,bald,pclarc,12,0.8726900031535794,-0.006212551245663889,5.0,
5_o_clock_shadow,0.5372170742822422,0.5784596688439921,fixed_multi,bald,diff_means,6,0.5632690262798117,-0.02605195199756949,,6.0
arched_eyebrows,0.6071428571428572,0.6231863839285714,fixed_multi,bald,diff_means,6,0.6026785714285714,0.0044642857142858094,,6.0
attractive,0.512766814337495,0.646959323399114,fixed_multi,bald,diff_means,6,0.512766814337495,0.0,,6.0
bags_under_eyes,0.5233509700176366,0.5063139329805997,fixed_multi,bald,diff_means,6,0.5171781305114639,0.006172839506172756,,6.0
bald,0.734375,0.8531494140625,fixed_multi,bald,diff_means,6,0.73828125,-0.00390625,,6.0
bangs,0.7555514088449338,0.8074267587236426,fixed_multi,bald,diff_means,6,0.7534054860981526,0.0021459227467811592,,6.0
big_lips,0.41099334148661504,0.449653485527925,fixed_multi,bald,diff_means,6,0.4087511890202473,0.0022421524663677195,,6.0
big_nose,0.5955004591368228,0.6613406795224976,fixed_multi,bald,diff_means,6,0.5955004591368228,0.0,,6.0
black_hair,0.6770050125313283,0.8609022556390977,fixed_multi,bald,diff_means,6,0.6770050125313283,0.0,,6.0
blond_hair,0.9279835390946503,0.9582146248812915,fixed_multi,bald,diff_means,6,0.9279835390946503,0.0,,6.0
blurry,0.7192622950819672,0.7315573770491803,fixed_multi,bald,diff_means,6,0.7192622950819672,0.0,,6.0
brown_hair,0.6837606837606838,0.8659673659673659,fixed_multi,bald,diff_means,6,0.6794871794871795,0.004273504273504258,,6.0
bushy_eyebrows,0.5349766822118587,0.5076615589606929,fixed_multi,bald,diff_means,6,0.5391960914945592,-0.0042194092827004814,,6.0
chubby,0.5639784946236559,0.7108294930875576,fixed_multi,bald,diff_means,6,0.554147465437788,0.009831029185867868,,6.0
double_chin,0.5625,0.6722819010416667,fixed_multi,bald,diff_means,6,0.5651041666666666,-0.0026041666666666297,,6.0
eyeglasses,0.9319920186232125,0.9754738942467576,fixed_multi,bald,diff_means,6,0.9294146990355836,0.002577319587628857,,6.0
goatee,0.7616587175410705,0.8627450980392156,fixed_multi,bald,diff_means,6,0.766163222045575,-0.0045045045045044585,,6.0
gray_hair,0.7795610874549623,0.8753138988972595,fixed_multi,bald,diff_means,6,0.7772136696145868,0.0023474178403755097,,6.0
heavy_makeup,0.5255852842809364,0.5685618729096991,fixed_multi,bald,diff_means,6,0.5255852842809364,0.0,,6.0
high_cheekbones,0.48660714285714285,0.41307043650793657,fixed_multi,bald,diff_means,6,0.48660714285714285,0.0,,6.0
male,0.9878640776699029,0.9893203883495146,fixed_multi,bald,diff_means,6,0.9878640776699029,0.0,,6.0
mouth_slightly_open,0.5154845154845155,0.5457875457875457,fixed_multi,bald,diff_means,6,0.527039627039627,-0.011555111555111575,,6.0
mustache,0.6838913148956818,0.7355652595827269,fixed_multi,bald,diff_means,6,0.6675562024907002,0.016335112404981533,,6.0
narrow_eyes,0.5368949232585596,0.5348288075560803,fixed_multi,bald,diff_means,6,0.545159386068477,-0.008264462809917439,,6.0
no_beard,0.6408531252102536,0.6961582453071384,fixed_multi,bald,diff_means,6,0.6408531252102536,0.0,,6.0
oval_face,0.5212585034013605,0.5784013605442178,fixed_multi,bald,diff_means,6,0.5212585034013605,0.0,,6.0
pale_skin,0.5032520325203252,0.6020325203252033,fixed_multi,bald,diff_means,6,0.5032520325203252,0.0,,6.0
pointy_nose,0.5522489468677809,0.5382524799565159,fixed_multi,bald,diff_means,6,0.5174616116320152,0.034787335235765715,,6.0
receding_hairline,0.523153942428035,0.5521745932415519,fixed_multi,bald,diff_means,6,0.52049436795995,0.0026595744680850686,,6.0
rosy_cheeks,0.6968061178587495,0.7723796671165093,fixed_multi,bald,diff_means,6,0.6947818263607737,0.002024291497975783,,6.0
sideburns,0.6695402298850575,0.794719827586207,fixed_multi,bald,diff_means,6,0.694683908045977,-0.025143678160919558,,6.0
smiling,0.7955285851165761,0.9471095496646439,fixed_multi,bald,diff_means,6,0.7955285851165761,0.0,,6.0
straight_hair,0.44467496542185336,0.448686030428769,fixed_multi,bald,diff_means,6,0.4405255878284924,0.004149377593360981,,6.0
wavy_hair,0.5617611088463107,0.5809213208316348,fixed_multi,bald,diff_means,6,0.5791547764641934,-0.017393667617882747,,6.0
wearing_earrings,0.7127118644067797,0.8552966101694915,fixed_multi,bald,diff_means,6,0.735593220338983,-0.022881355932203307,,6.0
wearing_hat,0.9219660837307896,0.9799947005829359,fixed_multi,bald,diff_means,6,0.9219660837307896,0.0,,6.0
wearing_lipstick,0.45521487204249156,0.4909464027040077,fixed_multi,bald,diff_means,6,0.45062771607918883,0.004587155963302725,,6.0
wearing_necklace,0.5975879891705637,0.6625646074329313,fixed_multi,bald,diff_means,6,0.6017720895889737,-0.004184100418409997,,6.0
wearing_necktie,0.626733921815889,0.667843631778058,fixed_multi,bald,diff_means,6,0.6159730979403111,0.010760823875577974,,6.0
young,0.8726900031535794,0.9491012298959318,fixed_multi,bald,diff_means,6,0.8726900031535794,0.0,,6.0
5_o_clock_shadow,0.5610663831080055,0.5793711073978429,fixed_multi,bald,lr,6,0.5632690262798117,-0.0022026431718061845,,6.0
arched_eyebrows,0.6049107142857143,0.6199776785714286,fixed_multi,bald,lr,6,0.6026785714285714,0.0022321428571429047,,6.0
attractive,0.512766814337495,0.6467176802255337,fixed_multi,bald,lr,6,0.512766814337495,0.0,,6.0
bags_under_eyes,0.48631393298059966,0.5039153439153439,fixed_multi,bald,lr,6,0.5171781305114639,-0.030864197530864224,,6.0
bald,0.73046875,0.85296630859375,fixed_multi,bald,lr,6,0.73828125,-0.0078125,,6.0
bangs,0.7534054860981526,0.8074267587236424,fixed_multi,bald,lr,6,0.7534054860981526,0.0,,6.0
big_lips,0.41099334148661504,0.45182769398016037,fixed_multi,bald,lr,6,0.4087511890202473,0.0022421524663677195,,6.0
big_nose,0.5955004591368228,0.6629935720844812,fixed_multi,bald,lr,6,0.5955004591368228,0.0,,6.0
black_hair,0.6770050125313283,0.8609022556390977,fixed_multi,bald,lr,6,0.6770050125313283,0.0,,6.0
blond_hair,0.9279835390946503,0.956315289648623,fixed_multi,bald,lr,6,0.9279835390946503,0.0,,6.0
blurry,0.7192622950819672,0.7349726775956285,fixed_multi,bald,lr,6,0.7192622950819672,0.0,,6.0
brown_hair,0.6837606837606838,0.8659673659673659,fixed_multi,bald,lr,6,0.6794871794871795,0.004273504273504258,,6.0
bushy_eyebrows,0.5349766822118587,0.5101043748612036,fixed_multi,bald,lr,6,0.5391960914945592,-0.0042194092827004814,,6.0
chubby,0.5639784946236559,0.7108294930875576,fixed_multi,bald,lr,6,0.554147465437788,0.009831029185867868,,6.0
double_chin,0.5572916666666666,0.6734212239583334,fixed_multi,bald,lr,6,0.5651041666666666,-0.0078125,,6.0
eyeglasses,0.9319920186232125,0.9753076155636847,fixed_multi,bald,lr,6,0.9294146990355836,0.002577319587628857,,6.0
goatee,0.766163222045575,0.8634075251722311,fixed_multi,bald,lr,6,0.766163222045575,0.0,,6.0
gray_hair,0.7795610874549623,0.8769516322742658,fixed_multi,bald,lr,6,0.7772136696145868,0.0023474178403755097,,6.0
heavy_makeup,0.5277591973244147,0.5662207357859532,fixed_multi,bald,lr,6,0.5255852842809364,0.0021739130434782483,,6.0
high_cheekbones,0.48660714285714285,0.4150545634920635,fixed_multi,bald,lr,6,0.48660714285714285,0.0,,6.0
male,0.9878640776699029,0.9895145631067961,fixed_multi,bald,lr,6,0.9878640776699029,0.0,,6.0
mouth_slightly_open,0.5185148185148185,0.5444555444555444,fixed_multi,bald,lr,6,0.527039627039627,-0.008524808524808525,,6.0
mustache,0.6675562024907002,0.7378295325893578,fixed_multi,bald,lr,6,0.6675562024907002,0.0,,6.0
narrow_eyes,0.538961038961039,0.5345336481700118,fixed_multi,bald,lr,6,0.545159386068477,-0.006198347107438051,,6.0
no_beard,0.6408531252102536,0.6958891206351343,fixed_multi,bald,lr,6,0.6408531252102536,0.0,,6.0
oval_face,0.5187074829931972,0.5778061224489797,fixed_multi,bald,lr,6,0.5212585034013605,-0.0025510204081632404,,6.0
pale_skin,0.49918699186991866,0.5991869918699186,fixed_multi,bald,lr,6,0.5032520325203252,-0.004065040650406582,,6.0
pointy_nose,0.5477646419350455,0.5382524799565159,fixed_multi,bald,lr,6,0.5174616116320152,0.030303030303030276,,6.0
receding_hairline,0.5131414267834793,0.5514705882352942,fixed_multi,bald,lr,6,0.52049436795995,-0.007352941176470673,,6.0
rosy_cheeks,0.6907332433648223,0.7728295096716149,fixed_multi,bald,lr,6,0.6947818263607737,-0.004048582995951344,,6.0
sideburns,0.6716954022988506,0.7959770114942528,fixed_multi,bald,lr,6,0.694683908045977,-0.02298850574712641,,6.0
smiling,0.800479080166081,0.9469179175982114,fixed_multi,bald,lr,6,0.7955285851165761,0.004950495049504955,,6.0
straight_hair,0.44467496542185336,0.4511756569847856,fixed_multi,bald,lr,6,0.4405255878284924,0.004149377593360981,,6.0
wavy_hair,0.5769126239978258,0.5839108574534584,fixed_multi,bald,lr,6,0.5791547764641934,-0.0022421524663676085,,6.0
wearing_earrings,0.7084745762711864,0.8555084745762713,fixed_multi,bald,lr,6,0.735593220338983,-0.027118644067796627,,6.0
wearing_hat,0.9366719660837308,0.9806571277159513,fixed_multi,bald,lr,6,0.9219660837307896,0.014705882352941235,,6.0
wearing_lipstick,0.4529212940608402,0.4887735393529696,fixed_multi,bald,lr,6,0.45062771607918883,0.0022935779816513624,,6.0
wearing_necklace,0.5954959389613586,0.6601033718926901,fixed_multi,bald,lr,6,0.6017720895889737,-0.006276150627615107,,6.0
wearing_necktie,0.6185372005044136,0.6648171500630518,fixed_multi,bald,lr,6,0.6159730979403111,0.002564102564102555,,6.0
young,0.8726900031535794,0.9487858719646799,fixed_multi,bald,lr,6,0.8726900031535794,0.0,,6.0
5_o_clock_shadow,0.5654716694516178,0.58164970378247,fixed_multi,bald,pclarc,6,0.5632690262798117,0.0022026431718060735,,6.0
arched_eyebrows,0.6071428571428572,0.6170479910714286,fixed_multi,bald,pclarc,6,0.6026785714285714,0.0044642857142858094,,6.0
attractive,0.512766814337495,0.639951671365284,fixed_multi,bald,pclarc,6,0.512766814337495,0.0,,6.0
bags_under_eyes,0.5171781305114639,0.5005291005291005,fixed_multi,bald,pclarc,6,0.5171781305114639,0.0,,6.0
bald,0.734375,0.85595703125,fixed_multi,bald,pclarc,6,0.73828125,-0.00390625,,6.0
bangs,0.7512595633513715,0.809665982459414,fixed_multi,bald,pclarc,6,0.7534054860981526,-0.0021459227467811592,,6.0
big_lips,0.41099334148661504,0.44652806087783664,fixed_multi,bald,pclarc,6,0.4087511890202473,0.0022421524663677195,,6.0
big_nose,0.5955004591368228,0.662381389654117,fixed_multi,bald,pclarc,6,0.5955004591368228,0.0,,6.0
black_hair,0.6835839598997494,0.8605889724310776,fixed_multi,bald,pclarc,6,0.6770050125313283,0.006578947368421129,,6.0
blond_hair,0.9320987654320987,0.9556821779044,fixed_multi,bald,pclarc,6,0.9279835390946503,0.00411522633744843,,6.0
blurry,0.7233606557377049,0.7359972677595628,fixed_multi,bald,pclarc,6,0.7192622950819672,0.004098360655737765,,6.0
brown_hair,0.6816239316239316,0.8628593628593628,fixed_multi,bald,pclarc,6,0.6794871794871795,0.002136752136752129,,6.0
bushy_eyebrows,0.5391960914945592,0.5058849655785032,fixed_multi,bald,pclarc,6,0.5391960914945592,0.0,,6.0
chubby,0.5568356374807988,0.7108294930875576,fixed_multi,bald,pclarc,6,0.554147465437788,0.0026881720430107503,,6.0
double_chin,0.5651041666666666,0.671630859375,fixed_multi,bald,pclarc,6,0.5651041666666666,0.0,,6.0
eyeglasses,0.9265048220818091,0.974143664782175,fixed_multi,bald,pclarc,6,0.9294146990355836,-0.0029098769537745373,,6.0
goatee,0.7684154742978273,0.8612877583465819,fixed_multi,bald,pclarc,6,0.766163222045575,0.0022522522522523403,,6.0
gray_hair,0.7795610874549623,0.8769516322742658,fixed_multi,bald,pclarc,6,0.7772136696145868,0.0023474178403755097,,6.0
heavy_makeup,0.529933110367893,0.5536789297658863,fixed_multi,bald,pclarc,6,0.5255852842809364,0.004347826086956608,,6.0
high_cheekbones,0.49007936507936506,0.4128224206349207,fixed_multi,bald,pclarc,6,0.48660714285714285,0.00347222222222221,,6.0
male,0.9878640776699029,0.9896116504854369,fixed_multi,bald,pclarc,6,0.9878640776699029,0.0,,6.0
mouth_slightly_open,0.527039627039627,0.5477189477189477,fixed_multi,bald,pclarc,6,0.527039627039627,0.0,,6.0
mustache,0.6697396086042374,0.7355652595827268,fixed_multi,bald,pclarc,6,0.6675562024907002,0.0021834061135371785,,6.0
narrow_eyes,0.538961038961039,0.5407319952774498,fixed_multi,bald,pclarc,6,0.545159386068477,-0.006198347107438051,,6.0
no_beard,0.6438471371863015,0.6969656193231514,fixed_multi,bald,pclarc,6,0.6408531252102536,0.0029940119760478723,,6.0
oval_face,0.5212585034013605,0.575765306122449,fixed_multi,bald,pclarc,6,0.5212585034013605,0.0,,6.0
pale_skin,0.5032520325203252,0.6117886178861789,fixed_multi,bald,pclarc,6,0.5032520325203252,0.0,,6.0
pointy_nose,0.5219459165647506,0.5382524799565158,fixed_multi,bald,pclarc,6,0.5174616116320152,0.004484304932735439,,6.0
receding_hairline,0.5151752190237797,0.5506883604505632,fixed_multi,bald,pclarc,6,0.52049436795995,-0.005319148936170248,,6.0
rosy_cheeks,0.692757534862798,0.7777777777777778,fixed_multi,bald,pclarc,6,0.6947818263607737,-0.002024291497975672,,6.0
sideburns,0.6925287356321839,0.8002873563218391,fixed_multi,bald,pclarc,6,0.694683908045977,-0.0021551724137931494,,6.0
smiling,0.7955285851165761,0.9465346534653465,fixed_multi,bald,pclarc,6,0.7955285851165761,0.0,,6.0
straight_hair,0.47593360995850625,0.44757952973720605,fixed_multi,bald,pclarc,6,0.4405255878284924,0.03540802213001387,,6.0
wavy_hair,0.566245413779046,0.5782035602663406,fixed_multi,bald,pclarc,6,0.5791547764641934,-0.012909362685147419,,6.0
wearing_earrings,0.735593220338983,0.8555084745762711,fixed_multi,bald,pclarc,6,0.735593220338983,0.0,,6.0
wearing_hat,0.9219660837307896,0.9803921568627451,fixed_multi,bald,pclarc,6,0.9219660837307896,0.0,,6.0
wearing_lipstick,0.457508450024143,0.4837035248672139,fixed_multi,bald,pclarc,6,0.45062771607918883,0.006880733944954143,,6.0
wearing_necklace,0.5744523750922963,0.6566576421363524,fixed_multi,bald,pclarc,6,0.6017720895889737,-0.02731971449667736,,6.0
wearing_necktie,0.6077763766288357,0.6633879781420764,fixed_multi,bald,pclarc,6,0.6159730979403111,-0.008196721311475419,,6.0
young,0.8726900031535794,0.9485966572059288,fixed_multi,bald,pclarc,6,0.8726900031535794,0.0,,6.0
5_o_clock_shadow,0.5390399513899438,0.5454959744797205,iterative_all_layers,bald,lr,0,0.5632690262798117,-0.02422907488986792,2.0,
arched_eyebrows,0.6026785714285714,0.6068638392857143,iterative_all_layers,bald,lr,0,0.6026785714285714,0.0,2.0,
attractive,0.5279903342730567,0.6977043898509867,iterative_all_layers,bald,lr,0,0.512766814337495,0.015223519935561702,2.0,
bags_under_eyes,0.5000352733686066,0.5023633156966489,iterative_all_layers,bald,lr,0,0.5171781305114639,-0.017142857142857237,2.0,
bald,0.6875,0.84173583984375,iterative_all_layers,bald,lr,0,0.73828125,-0.05078125,2.0,
bangs,0.7534054860981526,0.8079865646575854,iterative_all_layers,bald,lr,0,0.7534054860981526,0.0,2.0,
big_lips,0.4378991710830276,0.4493817094713956,iterative_all_layers,bald,lr,0,0.4087511890202473,0.029147982062780298,2.0,
big_nose,0.6153045607591062,0.6628099173553719,iterative_all_layers,bald,lr,0,0.5955004591368228,0.01980410162228341,2.0,
black_hair,0.7080200501253133,0.8724937343358397,iterative_all_layers,bald,lr,0,0.6770050125313283,0.03101503759398505,2.0,
blond_hair,0.9218106995884774,0.9544159544159544,iterative_all_layers,bald,lr,0,0.9279835390946503,-0.006172839506172867,2.0,
blurry,0.6297814207650273,0.7537568306010929,iterative_all_layers,bald,lr,0,0.7192622950819672,-0.08948087431693985,2.0,
brown_hair,0.6546231546231547,0.7931235431235432,iterative_all_layers,bald,lr,0,0.6794871794871795,-0.024864024864024836,2.0,
bushy_eyebrows,0.48656451254719074,0.47279591383522096,iterative_all_layers,bald,lr,0,0.5391960914945592,-0.05263157894736842,2.0,
chubby,0.57642089093702,0.6900153609831029,iterative_all_layers,bald,lr,0,0.554147465437788,0.022273425499231947,2.0,
double_chin,0.5885416666666666,0.6769205729166669,iterative_all_layers,bald,lr,0,0.5651041666666666,0.0234375,2.0,
eyeglasses,0.9335716661124044,0.9732291320252744,iterative_all_layers,bald,lr,0,0.9294146990355836,0.004156967076820783,2.0,
goatee,0.7492050874403815,0.8443296237413884,iterative_all_layers,bald,lr,0,0.766163222045575,-0.016958134605193464,2.0,
gray_hair,0.742002402008953,0.862102849656076,iterative_all_layers,bald,lr,0,0.7772136696145868,-0.03521126760563387,2.0,
heavy_makeup,0.5342809364548495,0.581772575250836,iterative_all_layers,bald,lr,0,0.5255852842809364,0.008695652173913104,2.0,
high_cheekbones,0.494047619047619,0.43439980158730157,iterative_all_layers,bald,lr,0,0.48660714285714285,0.007440476190476164,2.0,
male,0.9878640776699029,0.9907766990291262,iterative_all_layers,bald,lr,0,0.9878640776699029,0.0,2.0,
mouth_slightly_open,0.527039627039627,0.5433899433899434,iterative_all_layers,bald,lr,0,0.527039627039627,0.0,2.0,
mustache,0.6555879023127932,0.7252142972666991,iterative_all_layers,bald,lr,0,0.6675562024907002,-0.011968300177907065,2.0,
narrow_eyes,0.5032467532467533,0.5159386068476978,iterative_all_layers,bald,lr,0,0.545159386068477,-0.04191263282172375,2.0,
no_beard,0.6232590997779721,0.6696494651147145,iterative_all_layers,bald,lr,0,0.6408531252102536,-0.0175940254322815,2.0,
oval_face,0.5360544217687075,0.5750850340136054,iterative_all_layers,bald,lr,0,0.5212585034013605,0.01479591836734706,2.0,
pale_skin,0.5552845528455285,0.6841463414634146,iterative_all_layers,bald,lr,0,0.5032520325203252,0.052032520325203224,2.0,
pointy_nose,0.5174616116320152,0.5324092947411334,iterative_all_layers,bald,lr,0,0.5174616116320152,0.0,2.0,
receding_hairline,0.4826345431789737,0.5441176470588236,iterative_all_layers,bald,lr,0,0.52049436795995,-0.03785982478097627,2.0,
rosy_cheeks,0.829059829059829,0.8497525865946918,iterative_all_layers,bald,lr,0,0.6947818263607737,0.13427800269905532,2.0,
sideburns,0.6738505747126436,0.7916666666666667,iterative_all_layers,bald,lr,0,0.694683908045977,-0.02083333333333337,2.0,
smiling,0.8009262216544235,0.9527307569466624,iterative_all_layers,bald,lr,0,0.7955285851165761,0.005397636537847417,2.0,
straight_hair,0.4697095435684647,0.4486860304287691,iterative_all_layers,bald,lr,0,0.4405255878284924,0.029183955739972345,2.0,
wavy_hair,0.5415817366490012,0.5981791004212529,iterative_all_layers,bald,lr,0,0.5791547764641934,-0.03757303981519222,2.0,
wearing_earrings,0.652542372881356,0.8112288135593221,iterative_all_layers,bald,lr,0,0.735593220338983,-0.08305084745762703,2.0,
wearing_hat,0.9468733439321675,0.9754901960784313,iterative_all_layers,bald,lr,0,0.9219660837307896,0.0249072602013779,2.0,
wearing_lipstick,0.4786335103814582,0.4569048768710767,iterative_all_layers,bald,lr,0,0.45062771607918883,0.02800579430226935,2.0,
wearing_necklace,0.5785134137336942,0.6539502830420871,iterative_all_layers,bald,lr,0,0.6017720895889737,-0.02325867585527941,2.0,
wearing_necktie,0.6431273644388399,0.7212274064733081,iterative_all_layers,bald,lr,0,0.6159730979403111,0.027154266498528812,2.0,
young,0.8778618732261116,0.9421633554083886,iterative_all_layers,bald,lr,0,0.8726900031535794,0.005171870072532281,2.0,
5_o_clock_shadow,0.5566610967643931,0.5825611423363208,iterative_all_layers,bald,lr,1,0.5632690262798117,-0.0066079295154185536,2.0,
arched_eyebrows,0.5892857142857143,0.6180245535714286,iterative_all_layers,bald,lr,1,0.6026785714285714,-0.013392857142857095,2.0,
attractive,0.512766814337495,0.6437374144180428,iterative_all_layers,bald,lr,1,0.512766814337495,0.0,2.0,
bags_under_eyes,0.5048324514991182,0.498694885361552,iterative_all_layers,bald,lr,1,0.5171781305114639,-0.012345679012345734,2.0,
bald,0.734375,0.85540771484375,iterative_all_layers,bald,lr,1,0.73828125,-0.00390625,2.0,
bangs,0.7555514088449338,0.8079865646575853,iterative_all_layers,bald,lr,1,0.7534054860981526,0.0021459227467811592,2.0,
big_lips,0.4042668840875119,0.444489740453866,iterative_all_layers,bald,lr,1,0.4087511890202473,-0.004484304932735439,2.0,
big_nose,0.5992041628405265,0.6575451484542393,iterative_all_layers,bald,lr,1,0.5955004591368228,0.0037037037037036535,2.0,
black_hair,0.6770050125313283,0.8598057644110275,iterative_all_layers,bald,lr,1,0.6770050125313283,0.0,2.0,
blond_hair,0.9259259259259259,0.9591642924976258,iterative_all_layers,bald,lr,1,0.9279835390946503,-0.002057613168724326,2.0,
blurry,0.7213114754098361,0.7424863387978142,iterative_all_layers,bald,lr,1,0.7192622950819672,0.002049180327868938,2.0,
brown_hair,0.6730769230769231,0.8597513597513597,iterative_all_layers,bald,lr,1,0.6794871794871795,-0.0064102564102563875,2.0,
bushy_eyebrows,0.5391960914945592,0.5096602265156562,iterative_all_layers,bald,lr,1,0.5391960914945592,0.0,2.0,
chubby,0.5612903225806452,0.7086021505376344,iterative_all_layers,bald,lr,1,0.554147465437788,0.0071428571428571175,2.0,
double_chin,0.5598958333333334,0.6703287760416667,iterative_all_layers,bald,lr,1,0.5651041666666666,-0.005208333333333259,2.0,
eyeglasses,0.9242600598603259,0.9754738942467576,iterative_all_layers,bald,lr,1,0.9294146990355836,-0.005154639175257714,2.0,
goatee,0.7831213566507684,0.861685214626391,iterative_all_layers,bald,lr,1,0.766163222045575,0.016958134605193464,2.0,
gray_hair,0.7772136696145868,0.8792444590020745,iterative_all_layers,bald,lr,1,0.7772136696145868,0.0,2.0,
heavy_makeup,0.5255852842809364,0.5692307692307692,iterative_all_layers,bald,lr,1,0.5255852842809364,0.0,2.0,
high_cheekbones,0.49007936507936506,0.41257440476190477,iterative_all_layers,bald,lr,1,0.48660714285714285,0.00347222222222221,2.0,
male,0.9878640776699029,0.9895145631067962,iterative_all_layers,bald,lr,1,0.9878640776699029,0.0,2.0,
mouth_slightly_open,0.527039627039627,0.5467865467865468,iterative_all_layers,bald,lr,1,0.527039627039627,0.0,2.0,
mustache,0.6860747210092188,0.7357269933689147,iterative_all_layers,bald,lr,1,0.6675562024907002,0.0185185185185186,2.0,
narrow_eyes,0.545159386068477,0.5351239669421487,iterative_all_layers,bald,lr,1,0.545159386068477,0.0,2.0,
no_beard,0.6468411491623495,0.6981093991791697,iterative_all_layers,bald,lr,1,0.6408531252102536,0.005988023952095856,2.0,
oval_face,0.5238095238095238,0.5747448979591837,iterative_all_layers,bald,lr,1,0.5212585034013605,0.0025510204081633514,2.0,
pale_skin,0.5052845528455284,0.6036585365853658,iterative_all_layers,bald,lr,1,0.5032520325203252,0.00203252032520318,2.0,
pointy_nose,0.5197037640983829,0.5362141595325453,iterative_all_layers,bald,lr,1,0.5174616116320152,0.0022421524663677195,2.0,
receding_hairline,0.5131414267834793,0.5502190237797246,iterative_all_layers,bald,lr,1,0.52049436795995,-0.007352941176470673,2.0,
rosy_cheeks,0.6947818263607737,0.7755285650022492,iterative_all_layers,bald,lr,1,0.6947818263607737,0.0,2.0,
sideburns,0.6968390804597702,0.795617816091954,iterative_all_layers,bald,lr,1,0.694683908045977,0.0021551724137931494,2.0,
smiling,0.800479080166081,0.9460875119770041,iterative_all_layers,bald,lr,1,0.7955285851165761,0.004950495049504955,2.0,
straight_hair,0.4697095435684647,0.4506224066390042,iterative_all_layers,bald,lr,1,0.4405255878284924,0.029183955739972345,2.0,
wavy_hair,0.5769126239978258,0.5835031933686642,iterative_all_layers,bald,lr,1,0.5791547764641934,-0.0022421524663676085,2.0,
wearing_earrings,0.7063559322033899,0.8540254237288136,iterative_all_layers,bald,lr,1,0.735593220338983,-0.02923728813559312,2.0,
wearing_hat,0.9219660837307896,0.9813195548489666,iterative_all_layers,bald,lr,1,0.9219660837307896,0.0,2.0,
wearing_lipstick,0.457508450024143,0.49118783196523413,iterative_all_layers,bald,lr,1,0.45062771607918883,0.006880733944954143,2.0,
wearing_necklace,0.6017720895889737,0.6628107309869554,iterative_all_layers,bald,lr,1,0.6017720895889737,0.0,2.0,
wearing_necktie,0.626733921815889,0.6668348045397225,iterative_all_layers,bald,lr,1,0.6159730979403111,0.010760823875577974,2.0,
young,0.8822138126773889,0.9487858719646799,iterative_all_layers,bald,lr,1,0.8726900031535794,0.00952380952380949,2.0,
5_o_clock_shadow,0.5372170742822422,0.5786115752696339,iterative_all_layers,bald,lr,2,0.5632690262798117,-0.02605195199756949,2.0,
arched_eyebrows,0.5915178571428572,0.6213727678571429,iterative_all_layers,bald,lr,2,0.6026785714285714,-0.01116071428571419,2.0,
attractive,0.512766814337495,0.6425291985501409,iterative_all_layers,bald,lr,2,0.512766814337495,0.0,2.0,
bags_under_eyes,0.511005291005291,0.49686067019400354,iterative_all_layers,bald,lr,2,0.5171781305114639,-0.006172839506172867,2.0,
bald,0.734375,0.85345458984375,iterative_all_layers,bald,lr,2,0.73828125,-0.00390625,2.0,
bangs,0.7576973315917148,0.8105989923493189,iterative_all_layers,bald,lr,2,0.7534054860981526,0.0042918454935622075,2.0,
big_lips,0.41099334148661504,0.4489740453866014,iterative_all_layers,bald,lr,2,0.4087511890202473,0.0022421524663677195,2.0,
big_nose,0.5996326905417815,0.6567493112947659,iterative_all_layers,bald,lr,2,0.5955004591368228,0.004132231404958664,2.0,
black_hair,0.6770050125313283,0.8574561403508772,iterative_all_layers,bald,lr,2,0.6770050125313283,0.0,2.0,
blond_hair,0.9238683127572016,0.9585311807534029,iterative_all_layers,bald,lr,2,0.9279835390946503,-0.004115226337448652,2.0,
blurry,0.7192622950819672,0.746584699453552,iterative_all_layers,bald,lr,2,0.7192622950819672,0.0,2.0,
brown_hair,0.6666666666666666,0.8587801087801088,iterative_all_layers,bald,lr,2,0.6794871794871795,-0.012820512820512886,2.0,
bushy_eyebrows,0.537086386853209,0.5112147457250722,iterative_all_layers,bald,lr,2,0.5391960914945592,-0.002109704641350185,2.0,
chubby,0.5639784946236559,0.7097542242703534,iterative_all_layers,bald,lr,2,0.554147465437788,0.009831029185867868,2.0,
double_chin,0.5651041666666666,0.6691080729166667,iterative_all_layers,bald,lr,2,0.5651041666666666,0.0,2.0,
eyeglasses,0.9319920186232125,0.9760558696375123,iterative_all_layers,bald,lr,2,0.9294146990355836,0.002577319587628857,2.0,
goatee,0.7684154742978273,0.8581081081081081,iterative_all_layers,bald,lr,2,0.766163222045575,0.0022522522522523403,2.0,
gray_hair,0.7772136696145868,0.877279178949667,iterative_all_layers,bald,lr,2,0.7772136696145868,0.0,2.0,
heavy_makeup,0.5277591973244147,0.5714046822742475,iterative_all_layers,bald,lr,2,0.5255852842809364,0.0021739130434782483,2.0,
high_cheekbones,0.48759920634920634,0.40866815476190477,iterative_all_layers,bald,lr,2,0.48660714285714285,0.0009920634920634885,2.0,
male,0.9878640776699029,0.9900970873786408,iterative_all_layers,bald,lr,2,0.9878640776699029,0.0,2.0,
mouth_slightly_open,0.524009324009324,0.5469197469197469,iterative_all_layers,bald,lr,2,0.527039627039627,-0.00303030303030305,2.0,
mustache,0.6860747210092188,0.7320071162865923,iterative_all_layers,bald,lr,2,0.6675562024907002,0.0185185185185186,2.0,
narrow_eyes,0.545159386068477,0.532762691853601,iterative_all_layers,bald,lr,2,0.545159386068477,0.0,2.0,
no_beard,0.6438471371863015,0.6969656193231514,iterative_all_layers,bald,lr,2,0.6408531252102536,0.0029940119760478723,2.0,
oval_face,0.5212585034013605,0.575595238095238,iterative_all_layers,bald,lr,2,0.5212585034013605,0.0,2.0,
pale_skin,0.5073170731707317,0.6089430894308943,iterative_all_layers,bald,lr,2,0.5032520325203252,0.004065040650406471,2.0,
pointy_nose,0.5197037640983829,0.5415137926348689,iterative_all_layers,bald,lr,2,0.5174616116320152,0.0022421524663677195,2.0,
receding_hairline,0.5151752190237797,0.5515488110137672,iterative_all_layers,bald,lr,2,0.52049436795995,-0.005319148936170248,2.0,
rosy_cheeks,0.692757534862798,0.7863247863247863,iterative_all_layers,bald,lr,2,0.6947818263607737,-0.002024291497975672,2.0,
sideburns,0.6925287356321839,0.7983117816091955,iterative_all_layers,bald,lr,2,0.694683908045977,-0.0021551724137931494,2.0,
smiling,0.7923027786649632,0.9455764931331843,iterative_all_layers,bald,lr,2,0.7955285851165761,-0.003225806451612856,2.0,
straight_hair,0.47385892116182576,0.45615491009681886,iterative_all_layers,bald,lr,2,0.4405255878284924,0.03333333333333338,2.0,
wavy_hair,0.5746704715314581,0.5835031933686643,iterative_all_layers,bald,lr,2,0.5791547764641934,-0.004484304932735328,2.0,
wearing_earrings,0.7313559322033898,0.8567796610169491,iterative_all_layers,bald,lr,2,0.735593220338983,-0.004237288135593209,2.0,
wearing_hat,0.9366719660837308,0.9814520402755698,iterative_all_layers,bald,lr,2,0.9219660837307896,0.014705882352941235,2.0,
wearing_lipstick,0.45521487204249156,0.48961854176726216,iterative_all_layers,bald,lr,2,0.45062771607918883,0.004587155963302725,2.0,
wearing_necklace,0.6038641397981788,0.6652719665271967,iterative_all_layers,bald,lr,2,0.6017720895889737,0.0020920502092051096,2.0,
wearing_necktie,0.6323665405632619,0.6745691467002942,iterative_all_layers,bald,lr,2,0.6159730979403111,0.016393442622950838,2.0,
young,0.8822138126773889,0.9481551561021759,iterative_all_layers,bald,lr,2,0.8726900031535794,0.00952380952380949,2.0,
5_o_clock_shadow,0.5438250037976606,0.571623879690111,iterative_all_layers,bald,lr,3,0.5632690262798117,-0.019444022482151047,2.0,
arched_eyebrows,0.5915178571428572,0.6234654017857143,iterative_all_layers,bald,lr,3,0.6026785714285714,-0.01116071428571419,2.0,
attractive,0.512766814337495,0.6431735803463552,iterative_all_layers,bald,lr,3,0.512766814337495,0.0,2.0,
bags_under_eyes,0.514320987654321,0.49989417989417984,iterative_all_layers,bald,lr,3,0.5171781305114639,-0.0028571428571428914,2.0,
bald,0.734375,0.85418701171875,iterative_all_layers,bald,lr,3,0.73828125,-0.00390625,2.0,
bangs,0.7555514088449338,0.810225788393357,iterative_all_layers,bald,lr,3,0.7534054860981526,0.0021459227467811592,2.0,
big_lips,0.41099334148661504,0.450604701725778,iterative_all_layers,bald,lr,3,0.4087511890202473,0.0022421524663677195,2.0,
big_nose,0.5955004591368228,0.6568105295378022,iterative_all_layers,bald,lr,3,0.5955004591368228,0.0,2.0,
black_hair,0.6770050125313283,0.8588659147869674,iterative_all_layers,bald,lr,3,0.6770050125313283,0.0,2.0,
blond_hair,0.9238683127572016,0.9582146248812915,iterative_all_layers,bald,lr,3,0.9279835390946503,-0.004115226337448652,2.0,
blurry,0.7151639344262295,0.7438524590163934,iterative_all_layers,bald,lr,3,0.7192622950819672,-0.004098360655737654,2.0,
brown_hair,0.670940170940171,0.8572261072261073,iterative_all_layers,bald,lr,3,0.6794871794871795,-0.008547008547008517,2.0,
bushy_eyebrows,0.5391960914945592,0.5101043748612036,iterative_all_layers,bald,lr,3,0.5391960914945592,0.0,2.0,
chubby,0.5568356374807988,0.7105990783410138,iterative_all_layers,bald,lr,3,0.554147465437788,0.0026881720430107503,2.0,
double_chin,0.5677083333333334,0.6689453125,iterative_all_layers,bald,lr,3,0.5651041666666666,0.0026041666666667407,2.0,
eyeglasses,0.9345693382108413,0.975972730295976,iterative_all_layers,bald,lr,3,0.9294146990355836,0.005154639175257714,2.0,
goatee,0.7684154742978273,0.8573131955484896,iterative_all_layers,bald,lr,3,0.766163222045575,0.0022522522522523403,2.0,
gray_hair,0.7772136696145868,0.8778250900753357,iterative_all_layers,bald,lr,3,0.7772136696145868,0.0,2.0,
heavy_makeup,0.5277591973244147,0.5702341137123746,iterative_all_layers,bald,lr,3,0.5255852842809364,0.0021739130434782483,2.0,
high_cheekbones,0.49454365079365076,0.40885416666666663,iterative_all_layers,bald,lr,3,0.48660714285714285,0.007936507936507908,2.0,
male,0.9878640776699029,0.99,iterative_all_layers,bald,lr,3,0.9878640776699029,0.0,2.0,
mouth_slightly_open,0.524009324009324,0.5468531468531469,iterative_all_layers,bald,lr,3,0.527039627039627,-0.00303030303030305,2.0,
mustache,0.6675562024907002,0.7331392527899078,iterative_all_layers,bald,lr,3,0.6675562024907002,0.0,2.0,
narrow_eyes,0.545159386068477,0.5365997638724911,iterative_all_layers,bald,lr,3,0.545159386068477,0.0,2.0,
no_beard,0.6438471371863015,0.6968983381551503,iterative_all_layers,bald,lr,3,0.6408531252102536,0.0029940119760478723,2.0,
oval_face,0.5187074829931972,0.5776360544217687,iterative_all_layers,bald,lr,3,0.5212585034013605,-0.0025510204081632404,2.0,
pale_skin,0.5052845528455284,0.6085365853658536,iterative_all_layers,bald,lr,3,0.5032520325203252,0.00203252032520318,2.0,
pointy_nose,0.5174616116320152,0.5374371517869277,iterative_all_layers,bald,lr,3,0.5174616116320152,0.0,2.0,
receding_hairline,0.5125156445556946,0.5516270337922403,iterative_all_layers,bald,lr,3,0.52049436795995,-0.007978723404255317,2.0,
rosy_cheeks,0.692757534862798,0.7872244714349977,iterative_all_layers,bald,lr,3,0.6947818263607737,-0.002024291497975672,2.0,
sideburns,0.6738505747126436,0.7966954022988506,iterative_all_layers,bald,lr,3,0.694683908045977,-0.02083333333333337,2.0,
smiling,0.7923027786649632,0.9445544554455446,iterative_all_layers,bald,lr,3,0.7955285851165761,-0.003225806451612856,2.0,
straight_hair,0.47385892116182576,0.45421853388658373,iterative_all_layers,bald,lr,3,0.4405255878284924,0.03333333333333338,2.0,
wavy_hair,0.5746704715314581,0.5841826335099878,iterative_all_layers,bald,lr,3,0.5791547764641934,-0.004484304932735328,2.0,
wearing_earrings,0.7292372881355932,0.8597457627118643,iterative_all_layers,bald,lr,3,0.735593220338983,-0.006355932203389814,2.0,
wearing_hat,0.9366719660837308,0.9813195548489666,iterative_all_layers,bald,lr,3,0.9219660837307896,0.014705882352941235,2.0,
wearing_lipstick,0.45521487204249156,0.49106711733462094,iterative_all_layers,bald,lr,3,0.45062771607918883,0.004587155963302725,2.0,
wearing_necklace,0.6038641397981788,0.6674870785134137,iterative_all_layers,bald,lr,3,0.6017720895889737,0.0020920502092051096,2.0,
wearing_necktie,0.6298024379991594,0.6772593526691888,iterative_all_layers,bald,lr,3,0.6159730979403111,0.013829340058848283,2.0,
young,0.8822138126773889,0.9485335856196784,iterative_all_layers,bald,lr,3,0.8726900031535794,0.00952380952380949,2.0,
5_o_clock_shadow,0.5394197174540483,0.569345283305484,iterative_all_layers,bald,lr,4,0.5632690262798117,-0.023849308825763416,2.0,
arched_eyebrows,0.5915178571428572,0.6236049107142857,iterative_all_layers,bald,lr,4,0.6026785714285714,-0.01116071428571419,2.0,
attractive,0.512766814337495,0.6440596053161498,iterative_all_layers,bald,lr,4,0.512766814337495,0.0,2.0,
bags_under_eyes,0.5081481481481481,0.5022927689594356,iterative_all_layers,bald,lr,4,0.5171781305114639,-0.009029982363315758,2.0,
bald,0.73828125,0.85260009765625,iterative_all_layers,bald,lr,4,0.73828125,0.0,2.0,
bangs,0.7555514088449338,0.8107855943272999,iterative_all_layers,bald,lr,4,0.7534054860981526,0.0021459227467811592,2.0,
big_lips,0.40256828373420306,0.4485663813018073,iterative_all_layers,bald,lr,4,0.4087511890202473,-0.00618290528604426,2.0,
big_nose,0.5950719314355678,0.6583409856137129,iterative_all_layers,bald,lr,4,0.5955004591368228,-0.0004285277012550104,2.0,
black_hair,0.6770050125313283,0.8572994987468672,iterative_all_layers,bald,lr,4,0.6770050125313283,0.0,2.0,
blond_hair,0.9259259259259259,0.9578980690091801,iterative_all_layers,bald,lr,4,0.9279835390946503,-0.002057613168724326,2.0,
blurry,0.6796448087431695,0.7336065573770492,iterative_all_layers,bald,lr,4,0.7192622950819672,-0.03961748633879769,2.0,
brown_hair,0.6773504273504274,0.8554778554778555,iterative_all_layers,bald,lr,4,0.6794871794871795,-0.002136752136752129,2.0,
bushy_eyebrows,0.5328669775705085,0.5134354874528092,iterative_all_layers,bald,lr,4,0.5391960914945592,-0.006329113924050667,2.0,
chubby,0.5666666666666667,0.7122119815668203,iterative_all_layers,bald,lr,4,0.554147465437788,0.012519201228878618,2.0,
double_chin,0.5572916666666666,0.670166015625,iterative_all_layers,bald,lr,4,0.5651041666666666,-0.0078125,2.0,
eyeglasses,0.9345693382108413,0.9766378450282676,iterative_all_layers,bald,lr,4,0.9294146990355836,0.005154639175257714,2.0,
goatee,0.7684154742978273,0.8594329623741388,iterative_all_layers,bald,lr,4,0.766163222045575,0.0022522522522523403,2.0,
gray_hair,0.7772136696145868,0.877279178949667,iterative_all_layers,bald,lr,4,0.7772136696145868,0.0,2.0,
heavy_makeup,0.5212374581939799,0.580267558528428,iterative_all_layers,bald,lr,4,0.5255852842809364,-0.004347826086956497,2.0,
high_cheekbones,0.48759920634920634,0.4079861111111111,iterative_all_layers,bald,lr,4,0.48660714285714285,0.0009920634920634885,2.0,
male,0.9878640776699029,0.9902912621359223,iterative_all_layers,bald,lr,4,0.9878640776699029,0.0,2.0,
mouth_slightly_open,0.527039627039627,0.547985347985348,iterative_all_layers,bald,lr,4,0.527039627039627,0.0,2.0,
mustache,0.6719230147177746,0.735241792010351,iterative_all_layers,bald,lr,4,0.6675562024907002,0.004366812227074357,2.0,
narrow_eyes,0.5430932703659976,0.5357142857142857,iterative_all_layers,bald,lr,4,0.545159386068477,-0.0020661157024793875,2.0,
no_beard,0.6438471371863015,0.69750386866716,iterative_all_layers,bald,lr,4,0.6408531252102536,0.0029940119760478723,2.0,
oval_face,0.5103741496598639,0.5762755102040816,iterative_all_layers,bald,lr,4,0.5212585034013605,-0.010884353741496544,2.0,
pale_skin,0.5052845528455284,0.6073170731707318,iterative_all_layers,bald,lr,4,0.5032520325203252,0.00203252032520318,2.0,
pointy_nose,0.5174616116320152,0.5412420165783394,iterative_all_layers,bald,lr,4,0.5174616116320152,0.0,2.0,
receding_hairline,0.5178347934918648,0.5529568210262829,iterative_all_layers,bald,lr,4,0.52049436795995,-0.0026595744680851796,2.0,
rosy_cheeks,0.6907332433648223,0.7899235267656319,iterative_all_layers,bald,lr,4,0.6947818263607737,-0.004048582995951344,2.0,
sideburns,0.6695402298850575,0.7913074712643678,iterative_all_layers,bald,lr,4,0.694683908045977,-0.025143678160919558,2.0,
smiling,0.7972532737144682,0.9455126157777068,iterative_all_layers,bald,lr,4,0.7955285851165761,0.001724688597892099,2.0,
straight_hair,0.48008298755186724,0.45975103734439837,iterative_all_layers,bald,lr,4,0.4405255878284924,0.03955739972337485,2.0,
wavy_hair,0.5746704715314581,0.583639081396929,iterative_all_layers,bald,lr,4,0.5791547764641934,-0.004484304932735328,2.0,
wearing_earrings,0.7313559322033898,0.8578389830508475,iterative_all_layers,bald,lr,4,0.735593220338983,-0.004237288135593209,2.0,
wearing_hat,0.9366719660837308,0.980259671436142,iterative_all_layers,bald,lr,4,0.9219660837307896,0.014705882352941235,2.0,
wearing_lipstick,0.457508450024143,0.4892563978754225,iterative_all_layers,bald,lr,4,0.45062771607918883,0.006880733944954143,2.0,
wearing_necklace,0.6038641397981788,0.6694560669456067,iterative_all_layers,bald,lr,4,0.6017720895889737,0.0020920502092051096,2.0,
wearing_necktie,0.637494745691467,0.6804539722572509,iterative_all_layers,bald,lr,4,0.6159730979403111,0.021521647751155948,2.0,
young,0.8884263639230527,0.9487228003784296,iterative_all_layers,bald,lr,4,0.8726900031535794,0.01573636076947338,2.0,
5_o_clock_shadow,0.5306091447668236,0.5588637399361993,iterative_all_layers,bald,lr,5,0.5632690262798117,-0.03265988151298804,2.0,
arched_eyebrows,0.6071428571428572,0.6354631696428572,iterative_all_layers,bald,lr,5,0.6026785714285714,0.0044642857142858094,2.0,
attractive,0.5050745066451873,0.6587192911800241,iterative_all_layers,bald,lr,5,0.512766814337495,-0.007692307692307776,2.0,
bags_under_eyes,0.4891710758377425,0.508994708994709,iterative_all_layers,bald,lr,5,0.5171781305114639,-0.028007054673721388,2.0,
bald,0.734375,0.8504638671875,iterative_all_layers,bald,lr,5,0.73828125,-0.00390625,2.0,
bangs,0.7512595633513715,0.8143310319089382,iterative_all_layers,bald,lr,5,0.7534054860981526,-0.0021459227467811592,2.0,
big_lips,0.3919010735154233,0.45019703764098384,iterative_all_layers,bald,lr,5,0.4087511890202473,-0.016850115504824015,2.0,
big_nose,0.5822467095194368,0.6585858585858586,iterative_all_layers,bald,lr,5,0.5955004591368228,-0.013253749617386013,2.0,
black_hair,0.6770050125313283,0.8552631578947368,iterative_all_layers,bald,lr,5,0.6770050125313283,0.0,2.0,
blond_hair,0.9238683127572016,0.9547325102880658,iterative_all_layers,bald,lr,5,0.9279835390946503,-0.004115226337448652,2.0,
blurry,0.6796448087431695,0.7141393442622951,iterative_all_layers,bald,lr,5,0.7192622950819672,-0.03961748633879769,2.0,
brown_hair,0.6816239316239316,0.8490675990675991,iterative_all_layers,bald,lr,5,0.6794871794871795,0.002136752136752129,2.0,
bushy_eyebrows,0.5307572729291583,0.5149900066622253,iterative_all_layers,bald,lr,5,0.5391960914945592,-0.008438818565400852,2.0,
chubby,0.5666666666666667,0.7153609831029185,iterative_all_layers,bald,lr,5,0.554147465437788,0.012519201228878618,2.0,
double_chin,0.5651041666666666,0.6736653645833334,iterative_all_layers,bald,lr,5,0.5651041666666666,0.0,2.0,
eyeglasses,0.9371466577984703,0.9791320252743598,iterative_all_layers,bald,lr,5,0.9294146990355836,0.0077319587628866815,2.0,
goatee,0.7390037095919448,0.8566507684154743,iterative_all_layers,bald,lr,5,0.766163222045575,-0.02715951245363013,2.0,
gray_hair,0.7748662517742111,0.8767332678239982,iterative_all_layers,bald,lr,5,0.7772136696145868,-0.0023474178403757318,2.0,
heavy_makeup,0.5339464882943143,0.5948160535117057,iterative_all_layers,bald,lr,5,0.5255852842809364,0.00836120401337792,2.0,
high_cheekbones,0.49801587301587297,0.4087301587301587,iterative_all_layers,bald,lr,5,0.48660714285714285,0.011408730158730118,2.0,
male,0.9878640776699029,0.9903883495145631,iterative_all_layers,bald,lr,5,0.9878640776699029,0.0,2.0,
mouth_slightly_open,0.5349983349983349,0.5525141525141526,iterative_all_layers,bald,lr,5,0.527039627039627,0.0079587079587079,2.0,
mustache,0.6860747210092188,0.7425198123888079,iterative_all_layers,bald,lr,5,0.6675562024907002,0.0185185185185186,2.0,
narrow_eyes,0.5327626918536009,0.5377804014167651,iterative_all_layers,bald,lr,5,0.545159386068477,-0.012396694214876103,2.0,
no_beard,0.6438471371863015,0.6974365874991589,iterative_all_layers,bald,lr,5,0.6408531252102536,0.0029940119760478723,2.0,
oval_face,0.5052721088435375,0.5819727891156462,iterative_all_layers,bald,lr,5,0.5212585034013605,-0.015986394557823025,2.0,
pale_skin,0.501219512195122,0.5987804878048781,iterative_all_layers,bald,lr,5,0.5032520325203252,-0.002032520325203291,2.0,
pointy_nose,0.5067944014132355,0.5348552792498981,iterative_all_layers,bald,lr,5,0.5174616116320152,-0.010667210218779699,2.0,
receding_hairline,0.5004693366708386,0.5524092615769712,iterative_all_layers,bald,lr,5,0.52049436795995,-0.020025031289111372,2.0,
rosy_cheeks,0.6846603688708952,0.8002699055330634,iterative_all_layers,bald,lr,5,0.6947818263607737,-0.010121457489878471,2.0,
sideburns,0.6716954022988506,0.7909482758620691,iterative_all_layers,bald,lr,5,0.694683908045977,-0.02298850574712641,2.0,
smiling,0.8071542638134781,0.945257106355797,iterative_all_layers,bald,lr,5,0.7955285851165761,0.011625678696902009,2.0,
straight_hair,0.41341632088520053,0.4503457814661135,iterative_all_layers,bald,lr,5,0.4405255878284924,-0.027109266943291854,2.0,
wavy_hair,0.5746704715314581,0.5923359152058703,iterative_all_layers,bald,lr,5,0.5791547764641934,-0.004484304932735328,2.0,
wearing_earrings,0.7127118644067797,0.8544491525423729,iterative_all_layers,bald,lr,5,0.735593220338983,-0.022881355932203307,2.0,
wearing_hat,0.9344197138314785,0.9795972443031267,iterative_all_layers,bald,lr,5,0.9219660837307896,0.012453630100688895,2.0,
wearing_lipstick,0.470666344760985,0.4914292612264607,iterative_all_layers,bald,lr,5,0.45062771607918883,0.020038628681796178,2.0,
wearing_necklace,0.6017720895889737,0.6746246615801132,iterative_all_layers,bald,lr,5,0.6017720895889737,0.0,2.0,
wearing_necktie,0.6390500210172341,0.6843211433375368,iterative_all_layers,bald,lr,5,0.6159730979403111,0.023076923076922995,2.0,
young,0.8869757174392936,0.9473982970671713,iterative_all_layers,bald,lr,5,0.8726900031535794,0.014285714285714235,2.0,
5_o_clock_shadow,0.535014431110436,0.5661552483670058,iterative_all_layers,bald,lr,6,0.5632690262798117,-0.028254595169375674,2.0,
arched_eyebrows,0.59375,0.6378348214285714,iterative_all_layers,bald,lr,6,0.6026785714285714,-0.008928571428571397,2.0,
attractive,0.5050745066451873,0.6593636729762384,iterative_all_layers,bald,lr,6,0.512766814337495,-0.007692307692307776,2.0,
bags_under_eyes,0.48391534391534385,0.5080776014109347,iterative_all_layers,bald,lr,6,0.5171781305114639,-0.03326278659612003,2.0,
bald,0.73046875,0.8509521484375,iterative_all_layers,bald,lr,6,0.73828125,-0.0078125,2.0,
bangs,0.7619891770852771,0.815450643776824,iterative_all_layers,bald,lr,6,0.7534054860981526,0.008583690987124526,2.0,
big_lips,0.40256828373420306,0.45277891017801336,iterative_all_layers,bald,lr,6,0.4087511890202473,-0.00618290528604426,2.0,
big_nose,0.5752678298132844,0.6563207835935109,iterative_all_layers,bald,lr,6,0.5955004591368228,-0.02023262932353842,2.0,
black_hair,0.6770050125313283,0.8572994987468672,iterative_all_layers,bald,lr,6,0.6770050125313283,0.0,2.0,
blond_hair,0.9238683127572016,0.9534662867996201,iterative_all_layers,bald,lr,6,0.9279835390946503,-0.004115226337448652,2.0,
blurry,0.6775956284153005,0.7103825136612021,iterative_all_layers,bald,lr,6,0.7192622950819672,-0.04166666666666663,2.0,
brown_hair,0.670940170940171,0.8442113442113443,iterative_all_layers,bald,lr,6,0.6794871794871795,-0.008547008547008517,2.0,
bushy_eyebrows,0.5265378636464579,0.512103042416167,iterative_all_layers,bald,lr,6,0.5391960914945592,-0.012658227848101222,2.0,
chubby,0.5666666666666667,0.7157450076804915,iterative_all_layers,bald,lr,6,0.554147465437788,0.012519201228878618,2.0,
double_chin,0.5572916666666666,0.6734212239583333,iterative_all_layers,bald,lr,6,0.5651041666666666,-0.0078125,2.0,
eyeglasses,0.9426338543398736,0.9792983039574327,iterative_all_layers,bald,lr,6,0.9294146990355836,0.013219155304289965,2.0,
goatee,0.7537095919448861,0.8565182829888713,iterative_all_layers,bald,lr,6,0.766163222045575,-0.012453630100688895,2.0,
gray_hair,0.7701714160934601,0.8791352767769407,iterative_all_layers,bald,lr,6,0.7772136696145868,-0.007042253521126751,2.0,
heavy_makeup,0.5404682274247492,0.5964882943143812,iterative_all_layers,bald,lr,6,0.5255852842809364,0.014882943143812777,2.0,
high_cheekbones,0.49355158730158727,0.41121031746031755,iterative_all_layers,bald,lr,6,0.48660714285714285,0.00694444444444442,2.0,
male,0.9878640776699029,0.9908737864077669,iterative_all_layers,bald,lr,6,0.9878640776699029,0.0,2.0,
mouth_slightly_open,0.531968031968032,0.549050949050949,iterative_all_layers,bald,lr,6,0.527039627039627,0.004928404928404961,2.0,
mustache,0.6631893902636261,0.7417111434578683,iterative_all_layers,bald,lr,6,0.6675562024907002,-0.004366812227074135,2.0,
narrow_eyes,0.538961038961039,0.5386658795749705,iterative_all_layers,bald,lr,6,0.545159386068477,-0.006198347107438051,2.0,
no_beard,0.6326111821301218,0.6975038686671601,iterative_all_layers,bald,lr,6,0.6408531252102536,-0.00824194308013182,2.0,
oval_face,0.5078231292517007,0.5696428571428571,iterative_all_layers,bald,lr,6,0.5212585034013605,-0.013435374149659784,2.0,
pale_skin,0.5032520325203252,0.6077235772357723,iterative_all_layers,bald,lr,6,0.5032520325203252,0.0,2.0,
pointy_nose,0.5090365538796032,0.5324092947411334,iterative_all_layers,bald,lr,6,0.5174616116320152,-0.00842505775241198,2.0,
receding_hairline,0.5078222778473092,0.5511576971214016,iterative_all_layers,bald,lr,6,0.52049436795995,-0.01267209011264081,2.0,
rosy_cheeks,0.6785874943769681,0.7989203778677463,iterative_all_layers,bald,lr,6,0.6947818263607737,-0.0161943319838056,2.0,
sideburns,0.6652298850574713,0.7916666666666666,iterative_all_layers,bald,lr,6,0.694683908045977,-0.029454022988505746,2.0,
smiling,0.8071542638134781,0.945001596933887,iterative_all_layers,bald,lr,6,0.7955285851165761,0.011625678696902009,2.0,
straight_hair,0.40719225449515906,0.44370677731673586,iterative_all_layers,bald,lr,6,0.4405255878284924,-0.033333333333333326,2.0,
wavy_hair,0.5769126239978258,0.5984508764777824,iterative_all_layers,bald,lr,6,0.5791547764641934,-0.0022421524663676085,2.0,
wearing_earrings,0.7292372881355932,0.8580508474576272,iterative_all_layers,bald,lr,6,0.735593220338983,-0.006355932203389814,2.0,
wearing_hat,0.9344197138314785,0.978404875463699,iterative_all_layers,bald,lr,6,0.9219660837307896,0.012453630100688895,2.0,
wearing_lipstick,0.4660791887976823,0.48503138580395944,iterative_all_layers,bald,lr,6,0.45062771607918883,0.015451472718493453,2.0,
wearing_necklace,0.5996800393797687,0.6711789318237755,iterative_all_layers,bald,lr,6,0.6017720895889737,-0.0020920502092049986,2.0,
wearing_necktie,0.6369903320722993,0.6884405212274065,iterative_all_layers,bald,lr,6,0.6159730979403111,0.021017234131988194,2.0,
young,0.8741406496373384,0.9472721538946705,iterative_all_layers,bald,lr,6,0.8726900031535794,0.0014506464837590327,2.0,
5_o_clock_shadow,0.5372170742822422,0.573902476074738,iterative_all_layers,bald,lr,7,0.5632690262798117,-0.02605195199756949,2.0,
arched_eyebrows,0.5982142857142857,0.6311383928571429,iterative_all_layers,bald,lr,7,0.6026785714285714,-0.004464285714285698,2.0,
attractive,0.5050745066451873,0.6669351590817559,iterative_all_layers,bald,lr,7,0.512766814337495,-0.007692307692307776,2.0,
bags_under_eyes,0.48962962962962964,0.5010229276895943,iterative_all_layers,bald,lr,7,0.5171781305114639,-0.027548500881834248,2.0,
bald,0.7265625,0.8505859375,iterative_all_layers,bald,lr,7,0.73828125,-0.01171875,2.0,
bangs,0.7641350998320582,0.8139578279529763,iterative_all_layers,bald,lr,7,0.7534054860981526,0.010729613733905574,2.0,
big_lips,0.4048104362005708,0.4514200298953662,iterative_all_layers,bald,lr,7,0.4087511890202473,-0.003940752819676541,2.0,
big_nose,0.5756963575145393,0.6549127640036732,iterative_all_layers,bald,lr,7,0.5955004591368228,-0.01980410162228352,2.0,
black_hair,0.6948621553884712,0.8580827067669172,iterative_all_layers,bald,lr,7,0.6770050125313283,0.017857142857142905,2.0,
blond_hair,0.9259259259259259,0.9512503956948402,iterative_all_layers,bald,lr,7,0.9279835390946503,-0.002057613168724326,2.0,
blurry,0.6338797814207651,0.665983606557377,iterative_all_layers,bald,lr,7,0.7192622950819672,-0.08538251366120209,2.0,
brown_hair,0.6503496503496504,0.8356643356643356,iterative_all_layers,bald,lr,7,0.6794871794871795,-0.029137529137529095,2.0,
bushy_eyebrows,0.5286475682878081,0.5063291139240507,iterative_all_layers,bald,lr,7,0.5391960914945592,-0.010548523206751037,2.0,
chubby,0.5720430107526882,0.7150537634408601,iterative_all_layers,bald,lr,7,0.554147465437788,0.01789554531490012,2.0,
double_chin,0.5625,0.6700846354166667,iterative_all_layers,bald,lr,7,0.5651041666666666,-0.0026041666666666297,2.0,
eyeglasses,0.9397239773860991,0.9787994679082141,iterative_all_layers,bald,lr,7,0.9294146990355836,0.010309278350515538,2.0,
goatee,0.766163222045575,0.857975622681505,iterative_all_layers,bald,lr,7,0.766163222045575,0.0,2.0,
gray_hair,0.7748662517742111,0.8782618189758706,iterative_all_layers,bald,lr,7,0.7772136696145868,-0.0023474178403757318,2.0,
heavy_makeup,0.5535117056856187,0.6015050167224081,iterative_all_layers,bald,lr,7,0.5255852842809364,0.027926421404682267,2.0,
high_cheekbones,0.49454365079365076,0.41443452380952384,iterative_all_layers,bald,lr,7,0.48660714285714285,0.007936507936507908,2.0,
male,0.9878640776699029,0.9904854368932039,iterative_all_layers,bald,lr,7,0.9878640776699029,0.0,2.0,
mouth_slightly_open,0.5234432234432235,0.548051948051948,iterative_all_layers,bald,lr,7,0.527039627039627,-0.0035964035964035634,2.0,
mustache,0.6860747210092188,0.7373443312307941,iterative_all_layers,bald,lr,7,0.6675562024907002,0.0185185185185186,2.0,
narrow_eyes,0.5410271546635184,0.5430932703659976,iterative_all_layers,bald,lr,7,0.545159386068477,-0.004132231404958664,2.0,
no_beard,0.6299872165780798,0.7024153939312386,iterative_all_layers,bald,lr,7,0.6408531252102536,-0.010865908632173849,2.0,
oval_face,0.5078231292517007,0.5639455782312925,iterative_all_layers,bald,lr,7,0.5212585034013605,-0.013435374149659784,2.0,
pale_skin,0.5032520325203252,0.6247967479674796,iterative_all_layers,bald,lr,7,0.5032520325203252,0.0,2.0,
pointy_nose,0.5045522489468678,0.5249354531865743,iterative_all_layers,bald,lr,7,0.5174616116320152,-0.012909362685147419,2.0,
receding_hairline,0.5178347934918648,0.5529568210262827,iterative_all_layers,bald,lr,7,0.52049436795995,-0.0026595744680851796,2.0,
rosy_cheeks,0.6826360773729194,0.802519118308592,iterative_all_layers,bald,lr,7,0.6947818263607737,-0.012145748987854255,2.0,
sideburns,0.6609195402298851,0.7916666666666667,iterative_all_layers,bald,lr,7,0.694683908045977,-0.033764367816091934,2.0,
smiling,0.8022037687639731,0.9462791440434366,iterative_all_layers,bald,lr,7,0.7955285851165761,0.006675183647397054,2.0,
straight_hair,0.4030428769017981,0.43679114799446744,iterative_all_layers,bald,lr,7,0.4405255878284924,-0.03748271092669431,2.0,
wavy_hair,0.5813969289305612,0.6014404130996059,iterative_all_layers,bald,lr,7,0.5791547764641934,0.0022421524663677195,2.0,
wearing_earrings,0.7063559322033899,0.8555084745762711,iterative_all_layers,bald,lr,7,0.735593220338983,-0.02923728813559312,2.0,
wearing_hat,0.9366719660837308,0.9776099629040804,iterative_all_layers,bald,lr,7,0.9219660837307896,0.014705882352941235,2.0,
wearing_lipstick,0.470666344760985,0.4829792370835345,iterative_all_layers,bald,lr,7,0.45062771607918883,0.020038628681796178,2.0,
wearing_necklace,0.6101402904257938,0.6753630322421856,iterative_all_layers,bald,lr,7,0.6017720895889737,0.008368200836820106,2.0,
wearing_necktie,0.6528793610760824,0.6925598991172761,iterative_all_layers,bald,lr,7,0.6159730979403111,0.03690626313577128,2.0,
young,0.8789025543992431,0.9482182276884263,iterative_all_layers,bald,lr,7,0.8726900031535794,0.006212551245663778,2.0,
5_o_clock_shadow,0.5416223606258544,0.5669147804952149,iterative_all_layers,bald,lr,8,0.5632690262798117,-0.02164666565395723,2.0,
arched_eyebrows,0.5982142857142857,0.6248604910714285,iterative_all_layers,bald,lr,8,0.6026785714285714,-0.004464285714285698,2.0,
attractive,0.4973821989528796,0.6677406363270239,iterative_all_layers,bald,lr,8,0.512766814337495,-0.015384615384615441,2.0,
bags_under_eyes,0.4772839506172839,0.5035273368606702,iterative_all_layers,bald,lr,8,0.5171781305114639,-0.03989417989417998,2.0,
bald,0.7421875,0.85028076171875,iterative_all_layers,bald,lr,8,0.73828125,0.00390625,2.0,
bangs,0.7662810225788393,0.8158238477327859,iterative_all_layers,bald,lr,8,0.7534054860981526,0.012875536480686733,2.0,
big_lips,0.40032613126783534,0.4525071341214839,iterative_all_layers,bald,lr,8,0.4087511890202473,-0.00842505775241198,2.0,
big_nose,0.5752678298132844,0.6574227119681666,iterative_all_layers,bald,lr,8,0.5955004591368228,-0.02023262932353842,2.0,
black_hair,0.6948621553884712,0.8596491228070176,iterative_all_layers,bald,lr,8,0.6770050125313283,0.017857142857142905,2.0,
blond_hair,0.9300411522633745,0.9493510604621715,iterative_all_layers,bald,lr,8,0.9279835390946503,0.002057613168724215,2.0,
blurry,0.5860655737704918,0.6642759562841529,iterative_all_layers,bald,lr,8,0.7192622950819672,-0.1331967213114753,2.0,
brown_hair,0.6837606837606838,0.8366355866355866,iterative_all_layers,bald,lr,8,0.6794871794871795,0.004273504273504258,2.0,
bushy_eyebrows,0.5286475682878081,0.5018876304685765,iterative_all_layers,bald,lr,8,0.5391960914945592,-0.010548523206751037,2.0,
chubby,0.581874039938556,0.7210445468509985,iterative_all_layers,bald,lr,8,0.554147465437788,0.027726574500767986,2.0,
double_chin,0.5651041666666666,0.6771647135416667,iterative_all_layers,bald,lr,8,0.5651041666666666,0.0,2.0,
eyeglasses,0.9448786165613569,0.978965746591287,iterative_all_layers,bald,lr,8,0.9294146990355836,0.015463917525773252,2.0,
goatee,0.7492050874403815,0.8525437201907791,iterative_all_layers,bald,lr,8,0.766163222045575,-0.016958134605193464,2.0,
gray_hair,0.7748662517742111,0.879462823452342,iterative_all_layers,bald,lr,8,0.7772136696145868,-0.0023474178403757318,2.0,
heavy_makeup,0.5491638795986622,0.6025083612040134,iterative_all_layers,bald,lr,8,0.5255852842809364,0.02357859531772577,2.0,
high_cheekbones,0.49801587301587297,0.4131944444444444,iterative_all_layers,bald,lr,8,0.48660714285714285,0.011408730158730118,2.0,
male,0.9878640776699029,0.9899029126213592,iterative_all_layers,bald,lr,8,0.9878640776699029,0.0,2.0,
mouth_slightly_open,0.531968031968032,0.5493173493173493,iterative_all_layers,bald,lr,8,0.527039627039627,0.004928404928404961,2.0,
mustache,0.6675562024907002,0.7362121947274786,iterative_all_layers,bald,lr,8,0.6675562024907002,0.0,2.0,
narrow_eyes,0.5306965761511216,0.5386658795749705,iterative_all_layers,bald,lr,8,0.545159386068477,-0.01446280991735538,2.0,
no_beard,0.6299872165780798,0.6975711498351611,iterative_all_layers,bald,lr,8,0.6408531252102536,-0.010865908632173849,2.0,
oval_face,0.5078231292517007,0.5642857142857143,iterative_all_layers,bald,lr,8,0.5212585034013605,-0.013435374149659784,2.0,
pale_skin,0.5052845528455284,0.6056910569105691,iterative_all_layers,bald,lr,8,0.5032520325203252,0.00203252032520318,2.0,
pointy_nose,0.5241880690311184,0.5277891017801333,iterative_all_layers,bald,lr,8,0.5174616116320152,0.006726457399103158,2.0,
receding_hairline,0.5251877346683353,0.5550688360450563,iterative_all_layers,bald,lr,8,0.52049436795995,0.0046933667083853825,2.0,
rosy_cheeks,0.6826360773729194,0.8047683310841206,iterative_all_layers,bald,lr,8,0.6947818263607737,-0.012145748987854255,2.0,
sideburns,0.6673850574712643,0.7767600574712643,iterative_all_layers,bald,lr,8,0.694683908045977,-0.027298850574712707,2.0,
smiling,0.8301820504631108,0.9480038326413286,iterative_all_layers,bald,lr,8,0.7955285851165761,0.034653465346534684,2.0,
straight_hair,0.40719225449515906,0.44343015214384507,iterative_all_layers,bald,lr,8,0.4405255878284924,-0.033333333333333326,2.0,
wavy_hair,0.5836390813969289,0.600489196901753,iterative_all_layers,bald,lr,8,0.5791547764641934,0.004484304932735439,2.0,
wearing_earrings,0.7377118644067797,0.8576271186440678,iterative_all_layers,bald,lr,8,0.735593220338983,0.0021186440677967155,2.0,
wearing_hat,0.9219660837307896,0.9758876523582405,iterative_all_layers,bald,lr,8,0.9219660837307896,0.0,2.0,
wearing_lipstick,0.4723563495895703,0.48056494447126996,iterative_all_layers,bald,lr,8,0.45062771607918883,0.021728633510381457,2.0,
wearing_necklace,0.6122323406349988,0.6733940438099926,iterative_all_layers,bald,lr,8,0.6017720895889737,0.010460251046025104,2.0,
wearing_necktie,0.6318621269440942,0.6877679697351828,iterative_all_layers,bald,lr,8,0.6159730979403111,0.015889029003783084,2.0,
young,0.8774519079154841,0.9504888047934406,iterative_all_layers,bald,lr,8,0.8726900031535794,0.004761904761904745,2.0,
5_o_clock_shadow,0.5372170742822422,0.5676743126234239,iterative_all_layers,bald,lr,9,0.5632690262798117,-0.02605195199756949,2.0,
arched_eyebrows,0.5870535714285714,0.6298828125,iterative_all_layers,bald,lr,9,0.6026785714285714,-0.015625,2.0,
attractive,0.4973821989528796,0.6778896496173983,iterative_all_layers,bald,lr,9,0.512766814337495,-0.015384615384615441,2.0,
bags_under_eyes,0.49957671957671956,0.5070194003527337,iterative_all_layers,bald,lr,9,0.5171781305114639,-0.01760141093474432,2.0,
bald,0.7421875,0.85296630859375,iterative_all_layers,bald,lr,9,0.73828125,0.00390625,2.0,
bangs,0.7705728680724016,0.8132114200410524,iterative_all_layers,bald,lr,9,0.7534054860981526,0.01716738197424894,2.0,
big_lips,0.3958418263350999,0.4514200298953662,iterative_all_layers,bald,lr,9,0.4087511890202473,-0.012909362685147419,2.0,
big_nose,0.5876645240281604,0.656198347107438,iterative_all_layers,bald,lr,9,0.5955004591368228,-0.007835935108662428,2.0,
black_hair,0.681390977443609,0.8613721804511278,iterative_all_layers,bald,lr,9,0.6770050125313283,0.004385964912280715,2.0,
blond_hair,0.9341563786008231,0.9509338398227287,iterative_all_layers,bald,lr,9,0.9279835390946503,0.006172839506172867,2.0,
blurry,0.5942622950819672,0.6700819672131147,iterative_all_layers,bald,lr,9,0.7192622950819672,-0.125,2.0,
brown_hair,0.6901709401709402,0.8304195804195804,iterative_all_layers,bald,lr,9,0.6794871794871795,0.010683760683760646,2.0,
bushy_eyebrows,0.5570730624028426,0.4943371085942705,iterative_all_layers,bald,lr,9,0.5391960914945592,0.01787697090828344,2.0,
chubby,0.581874039938556,0.7196620583717358,iterative_all_layers,bald,lr,9,0.554147465437788,0.027726574500767986,2.0,
double_chin,0.5572916666666666,0.6769205729166667,iterative_all_layers,bald,lr,9,0.5651041666666666,-0.0078125,2.0,
eyeglasses,0.9503658131027602,0.981958762886598,iterative_all_layers,bald,lr,9,0.9294146990355836,0.020951114067176646,2.0,
goatee,0.7514573396926338,0.854398516163222,iterative_all_layers,bald,lr,9,0.766163222045575,-0.014705882352941124,2.0,
gray_hair,0.7701714160934601,0.8790260945518069,iterative_all_layers,bald,lr,9,0.7772136696145868,-0.007042253521126751,2.0,
heavy_makeup,0.5277591973244147,0.6020066889632107,iterative_all_layers,bald,lr,9,0.5255852842809364,0.0021739130434782483,2.0,
high_cheekbones,0.4920634920634921,0.4110243055555556,iterative_all_layers,bald,lr,9,0.48660714285714285,0.0054563492063492425,2.0,
male,0.9878640776699029,0.9904854368932039,iterative_all_layers,bald,lr,9,0.9878640776699029,0.0,2.0,
mouth_slightly_open,0.5349983349983349,0.5524475524475525,iterative_all_layers,bald,lr,9,0.527039627039627,0.0079587079587079,2.0,
mustache,0.6719230147177746,0.7363739285136666,iterative_all_layers,bald,lr,9,0.6675562024907002,0.004366812227074357,2.0,
narrow_eyes,0.5327626918536009,0.5357142857142858,iterative_all_layers,bald,lr,9,0.545159386068477,-0.012396694214876103,2.0,
no_beard,0.6412231716342596,0.6961582453071385,iterative_all_layers,bald,lr,9,0.6408531252102536,0.0003700464240059542,2.0,
oval_face,0.5129251700680272,0.58171768707483,iterative_all_layers,bald,lr,9,0.5212585034013605,-0.008333333333333304,2.0,
pale_skin,0.5573170731707318,0.6296747967479674,iterative_all_layers,bald,lr,9,0.5032520325203252,0.054065040650406515,2.0,
pointy_nose,0.5241880690311184,0.5127055306427504,iterative_all_layers,bald,lr,9,0.5174616116320152,0.006726457399103158,2.0,
receding_hairline,0.529881101376721,0.5547559449311639,iterative_all_layers,bald,lr,9,0.52049436795995,0.009386733416770987,2.0,
rosy_cheeks,0.6785874943769681,0.8101664417453891,iterative_all_layers,bald,lr,9,0.6947818263607737,-0.0161943319838056,2.0,
sideburns,0.6716954022988506,0.7887931034482759,iterative_all_layers,bald,lr,9,0.694683908045977,-0.02298850574712641,2.0,
smiling,0.8153305653145959,0.9481315873522836,iterative_all_layers,bald,lr,9,0.7955285851165761,0.01980198019801982,2.0,
straight_hair,0.42807745504840944,0.4633471645919779,iterative_all_layers,bald,lr,9,0.4405255878284924,-0.012448132780082943,2.0,
wavy_hair,0.5836390813969289,0.5960048919690175,iterative_all_layers,bald,lr,9,0.5791547764641934,0.004484304932735439,2.0,
wearing_earrings,0.7207627118644068,0.8603813559322033,iterative_all_layers,bald,lr,9,0.735593220338983,-0.014830508474576232,2.0,
wearing_hat,0.9219660837307896,0.9756226815050344,iterative_all_layers,bald,lr,9,0.9219660837307896,0.0,2.0,
wearing_lipstick,0.4746499275712216,0.46764847899565426,iterative_all_layers,bald,lr,9,0.45062771607918883,0.024022211492032763,2.0,
wearing_necklace,0.5913118385429486,0.682500615308885,iterative_all_layers,bald,lr,9,0.6017720895889737,-0.010460251046025104,2.0,
wearing_necktie,0.6456914670029424,0.7063472047078605,iterative_all_layers,bald,lr,9,0.6159730979403111,0.029718369062631367,2.0,
young,0.8807631661936297,0.9500473036896877,iterative_all_layers,bald,lr,9,0.8726900031535794,0.008073163040050346,2.0,
5_o_clock_shadow,0.5416223606258544,0.5617499620233937,iterative_all_layers,bald,lr,10,0.5632690262798117,-0.02164666565395723,2.0,
arched_eyebrows,0.578125,0.6256975446428571,iterative_all_layers,bald,lr,10,0.6026785714285714,-0.024553571428571397,2.0,
attractive,0.4973821989528796,0.6788562223117196,iterative_all_layers,bald,lr,10,0.512766814337495,-0.015384615384615441,2.0,
bags_under_eyes,0.49580246913580245,0.5068783068783068,iterative_all_layers,bald,lr,10,0.5171781305114639,-0.021375661375661437,2.0,
bald,0.73828125,0.8509521484375,iterative_all_layers,bald,lr,10,0.73828125,0.0,2.0,
bangs,0.7770106363127449,0.8167568576226909,iterative_all_layers,bald,lr,10,0.7534054860981526,0.023605150214592308,2.0,
big_lips,0.4306291615708656,0.4500611496127191,iterative_all_layers,bald,lr,10,0.4087511890202473,0.021877972550618296,2.0,
big_nose,0.580257116620753,0.6543617998163451,iterative_all_layers,bald,lr,10,0.5955004591368228,-0.015243342516069847,2.0,
black_hair,0.6970551378446115,0.8634085213032581,iterative_all_layers,bald,lr,10,0.6770050125313283,0.020050125313283207,2.0,
blond_hair,0.9300411522633745,0.9515669515669516,iterative_all_layers,bald,lr,10,0.9279835390946503,0.002057613168724215,2.0,
blurry,0.6004098360655737,0.692964480874317,iterative_all_layers,bald,lr,10,0.7192622950819672,-0.11885245901639341,2.0,
brown_hair,0.6773504273504274,0.817016317016317,iterative_all_layers,bald,lr,10,0.6794871794871795,-0.002136752136752129,2.0,
bushy_eyebrows,0.5591827670441928,0.49766822118587606,iterative_all_layers,bald,lr,10,0.5391960914945592,0.019986675549633626,2.0,
chubby,0.5720430107526882,0.715284178187404,iterative_all_layers,bald,lr,10,0.554147465437788,0.01789554531490012,2.0,
double_chin,0.5807291666666666,0.6829427083333334,iterative_all_layers,bald,lr,10,0.5651041666666666,0.015625,2.0,
eyeglasses,0.9452111739275025,0.9835384103757898,iterative_all_layers,bald,lr,10,0.9294146990355836,0.015796474891918932,2.0,
goatee,0.7514573396926338,0.8578431372549019,iterative_all_layers,bald,lr,10,0.766163222045575,-0.014705882352941124,2.0,
gray_hair,0.7678239982530843,0.8782618189758707,iterative_all_layers,bald,lr,10,0.7772136696145868,-0.009389671361502483,2.0,
heavy_makeup,0.529933110367893,0.604180602006689,iterative_all_layers,bald,lr,10,0.5255852842809364,0.004347826086956608,2.0,
high_cheekbones,0.4990079365079365,0.41313244047619047,iterative_all_layers,bald,lr,10,0.48660714285714285,0.012400793650793662,2.0,
male,0.9878640776699029,0.9914563106796117,iterative_all_layers,bald,lr,10,0.9878640776699029,0.0,2.0,
mouth_slightly_open,0.542957042957043,0.5495837495837496,iterative_all_layers,bald,lr,10,0.527039627039627,0.01591741591741591,2.0,
mustache,0.6697396086042374,0.739770338023613,iterative_all_layers,bald,lr,10,0.6675562024907002,0.0021834061135371785,2.0,
narrow_eyes,0.49498229043683595,0.5177095631641087,iterative_all_layers,bald,lr,10,0.545159386068477,-0.05017709563164108,2.0,
no_beard,0.6494651147143915,0.6975038686671601,iterative_all_layers,bald,lr,10,0.6408531252102536,0.008611989504137885,2.0,
oval_face,0.5238095238095238,0.5872448979591837,iterative_all_layers,bald,lr,10,0.5212585034013605,0.0025510204081633514,2.0,
pale_skin,0.5573170731707318,0.6174796747967479,iterative_all_layers,bald,lr,10,0.5032520325203252,0.054065040650406515,2.0,
pointy_nose,0.5348552792498981,0.5064546813425738,iterative_all_layers,bald,lr,10,0.5174616116320152,0.017393667617882858,2.0,
receding_hairline,0.5251877346683353,0.5536608260325406,iterative_all_layers,bald,lr,10,0.52049436795995,0.0046933667083853825,2.0,
rosy_cheeks,0.6806117858749439,0.7984705353126405,iterative_all_layers,bald,lr,10,0.6947818263607737,-0.014170040485829816,2.0,
sideburns,0.6695402298850575,0.783764367816092,iterative_all_layers,bald,lr,10,0.694683908045977,-0.025143678160919558,2.0,
smiling,0.8202810603641009,0.9481954647077611,iterative_all_layers,bald,lr,10,0.7955285851165761,0.024752475247524774,2.0,
straight_hair,0.3926694329183956,0.4470262793914246,iterative_all_layers,bald,lr,10,0.4405255878284924,-0.04785615491009676,2.0,
wavy_hair,0.5466095936947956,0.5851338497078408,iterative_all_layers,bald,lr,10,0.5791547764641934,-0.032545182769397885,2.0,
wearing_earrings,0.7834745762711864,0.8771186440677967,iterative_all_layers,bald,lr,10,0.735593220338983,0.04788135593220344,2.0,
wearing_hat,0.9219660837307896,0.9764175940646529,iterative_all_layers,bald,lr,10,0.9219660837307896,0.0,2.0,
wearing_lipstick,0.4855142443264123,0.4619748913568324,iterative_all_layers,bald,lr,10,0.45062771607918883,0.03488652824722349,2.0,
wearing_necklace,0.5975879891705637,0.6812699975387645,iterative_all_layers,bald,lr,10,0.6017720895889737,-0.004184100418409997,2.0,
wearing_necktie,0.648255569567045,0.7103825136612021,iterative_all_layers,bald,lr,10,0.6159730979403111,0.03228247162673392,2.0,
young,0.8726900031535794,0.949290444654683,iterative_all_layers,bald,lr,10,0.8726900031535794,0.0,2.0,
5_o_clock_shadow,0.5353941971745404,0.5506607929515418,iterative_all_layers,bald,lr,11,0.5632690262798117,-0.02787482910527128,2.0,
arched_eyebrows,0.5625,0.6395089285714285,iterative_all_layers,bald,lr,11,0.6026785714285714,-0.0401785714285714,2.0,
attractive,0.4973821989528796,0.6987515102698348,iterative_all_layers,bald,lr,11,0.512766814337495,-0.015384615384615441,2.0,
bags_under_eyes,0.5086067019400352,0.5162610229276896,iterative_all_layers,bald,lr,11,0.5171781305114639,-0.008571428571428674,2.0,
bald,0.7265625,0.8526611328125,iterative_all_layers,bald,lr,11,0.73828125,-0.01171875,2.0,
bangs,0.7727187908191826,0.8225415189401007,iterative_all_layers,bald,lr,11,0.7534054860981526,0.01931330472102999,2.0,
big_lips,0.4154776464193505,0.4417719798885718,iterative_all_layers,bald,lr,11,0.4087511890202473,0.006726457399103158,2.0,
big_nose,0.5756963575145393,0.6557086011631468,iterative_all_layers,bald,lr,11,0.5955004591368228,-0.01980410162228352,2.0,
black_hair,0.6970551378446115,0.8665413533834586,iterative_all_layers,bald,lr,11,0.6770050125313283,0.020050125313283207,2.0,
blond_hair,0.891579613801836,0.9503007280785059,iterative_all_layers,bald,lr,11,0.9279835390946503,-0.03640392529281422,2.0,
blurry,0.5881147540983607,0.735655737704918,iterative_all_layers,bald,lr,11,0.7192622950819672,-0.13114754098360648,2.0,
brown_hair,0.6794871794871795,0.7892385392385393,iterative_all_layers,bald,lr,11,0.6794871794871795,0.0,2.0,
bushy_eyebrows,0.5591827670441928,0.5047745947146347,iterative_all_layers,bald,lr,11,0.5391960914945592,0.019986675549633626,2.0,
chubby,0.5675883256528418,0.7098310291858679,iterative_all_layers,bald,lr,11,0.554147465437788,0.013440860215053752,2.0,
double_chin,0.5859375,0.6949055989583333,iterative_all_layers,bald,lr,11,0.5651041666666666,0.02083333333333337,2.0,
eyeglasses,0.9374792151646159,0.9807948121050881,iterative_all_layers,bald,lr,11,0.9294146990355836,0.008064516129032251,2.0,
goatee,0.7435082140964494,0.859565447800742,iterative_all_layers,bald,lr,11,0.766163222045575,-0.02265500794912556,2.0,
gray_hair,0.7654765804127088,0.8708374276667759,iterative_all_layers,bald,lr,11,0.7772136696145868,-0.011737089201877993,2.0,
heavy_makeup,0.5451505016722408,0.6061872909698997,iterative_all_layers,bald,lr,11,0.5255852842809364,0.019565217391304346,2.0,
high_cheekbones,0.5049603174603174,0.41121031746031744,iterative_all_layers,bald,lr,11,0.48660714285714285,0.018353174603174593,2.0,
male,0.9878640776699029,0.9914563106796117,iterative_all_layers,bald,lr,11,0.9878640776699029,0.0,2.0,
mouth_slightly_open,0.5437229437229437,0.5539127539127539,iterative_all_layers,bald,lr,11,0.527039627039627,0.016683316683316685,2.0,
mustache,0.6838913148956818,0.7515769044153323,iterative_all_layers,bald,lr,11,0.6675562024907002,0.016335112404981533,2.0,
narrow_eyes,0.5684769775678866,0.5177095631641087,iterative_all_layers,bald,lr,11,0.545159386068477,0.023317591499409596,2.0,
no_beard,0.6434770907622956,0.6961582453071385,iterative_all_layers,bald,lr,11,0.6408531252102536,0.002623965552042029,2.0,
oval_face,0.5212585034013605,0.5801020408163265,iterative_all_layers,bald,lr,11,0.5212585034013605,0.0,2.0,
pale_skin,0.5654471544715447,0.6800813008130081,iterative_all_layers,bald,lr,11,0.5032520325203252,0.062195121951219456,2.0,
pointy_nose,0.5348552792498981,0.5090365538796032,iterative_all_layers,bald,lr,11,0.5174616116320152,0.017393667617882858,2.0,
receding_hairline,0.5378598247809763,0.5500625782227785,iterative_all_layers,bald,lr,11,0.52049436795995,0.017365456821026304,2.0,
rosy_cheeks,0.7280701754385965,0.7858749437696806,iterative_all_layers,bald,lr,11,0.6947818263607737,0.033288349077822854,2.0,
sideburns,0.6695402298850575,0.7794540229885057,iterative_all_layers,bald,lr,11,0.694683908045977,-0.025143678160919558,2.0,
smiling,0.8202810603641009,0.9494730118173108,iterative_all_layers,bald,lr,11,0.7955285851165761,0.024752475247524774,2.0,
straight_hair,0.45726141078838173,0.4309820193637621,iterative_all_layers,bald,lr,11,0.4405255878284924,0.016735822959889346,2.0,
wavy_hair,0.5466095936947956,0.6060606060606061,iterative_all_layers,bald,lr,11,0.5791547764641934,-0.032545182769397885,2.0,
wearing_earrings,0.7584745762711864,0.8436440677966102,iterative_all_layers,bald,lr,11,0.735593220338983,0.022881355932203418,2.0,
wearing_hat,0.9219660837307896,0.9728404875463699,iterative_all_layers,bald,lr,11,0.9219660837307896,0.0,2.0,
wearing_lipstick,0.46088845968131337,0.4500241429261227,iterative_all_layers,bald,lr,11,0.45062771607918883,0.010260743602124534,2.0,
wearing_necklace,0.5913118385429486,0.6507506768397735,iterative_all_layers,bald,lr,11,0.6017720895889737,-0.010460251046025104,2.0,
wearing_necktie,0.6625893232450609,0.7509878100042034,iterative_all_layers,bald,lr,11,0.6159730979403111,0.04661622530474985,2.0,
young,0.8664774519079155,0.9501103752759382,iterative_all_layers,bald,lr,11,0.8726900031535794,-0.006212551245663889,2.0,
5_o_clock_shadow,0.5548382196566914,0.5699529090080511,iterative_all_layers,bald,lr,12,0.5632690262798117,-0.008430806623120235,2.0,
arched_eyebrows,0.5446428571428572,0.6441127232142858,iterative_all_layers,bald,lr,12,0.6026785714285714,-0.05803571428571419,2.0,
attractive,0.4973821989528796,0.7018123238018527,iterative_all_layers,bald,lr,12,0.512766814337495,-0.015384615384615441,2.0,
bags_under_eyes,0.5347795414462081,0.5113932980599647,iterative_all_layers,bald,lr,12,0.5171781305114639,0.01760141093474421,2.0,
bald,0.73046875,0.8507080078125,iterative_all_layers,bald,lr,12,0.73828125,-0.0078125,2.0,
bangs,0.7662810225788393,0.8292591901474156,iterative_all_layers,bald,lr,12,0.7534054860981526,0.012875536480686733,2.0,
big_lips,0.4154776464193505,0.45427367848892514,iterative_all_layers,bald,lr,12,0.4087511890202473,0.006726457399103158,2.0,
big_nose,0.5839608203244566,0.6560759106213652,iterative_all_layers,bald,lr,12,0.5955004591368228,-0.011539638812366193,2.0,
black_hair,0.6791979949874687,0.8576127819548872,iterative_all_layers,bald,lr,12,0.6770050125313283,0.002192982456140413,2.0,
blond_hair,0.9218106995884774,0.9550490661601773,iterative_all_layers,bald,lr,12,0.9279835390946503,-0.006172839506172867,2.0,
blurry,0.584016393442623,0.7315573770491804,iterative_all_layers,bald,lr,12,0.7192622950819672,-0.13524590163934413,2.0,
brown_hair,0.6923076923076923,0.7853535353535354,iterative_all_layers,bald,lr,12,0.6794871794871795,0.012820512820512775,2.0,
bushy_eyebrows,0.5391960914945592,0.5049966688874084,iterative_all_layers,bald,lr,12,0.5391960914945592,0.0,2.0,
chubby,0.5533026113671276,0.711136712749616,iterative_all_layers,bald,lr,12,0.554147465437788,-0.0008448540706604835,2.0,
double_chin,0.5833333333333334,0.6925455729166666,iterative_all_layers,bald,lr,12,0.5651041666666666,0.01822916666666674,2.0,
eyeglasses,0.9426338543398736,0.9824575989358164,iterative_all_layers,bald,lr,12,0.9294146990355836,0.013219155304289965,2.0,
goatee,0.7582140964493906,0.8590355060943297,iterative_all_layers,bald,lr,12,0.766163222045575,-0.007949125596184325,2.0,
gray_hair,0.7772136696145868,0.8658150453106235,iterative_all_layers,bald,lr,12,0.7772136696145868,0.0,2.0,
heavy_makeup,0.5342809364548495,0.6026755852842809,iterative_all_layers,bald,lr,12,0.5255852842809364,0.008695652173913104,2.0,
high_cheekbones,0.49702380952380953,0.40990823412698413,iterative_all_layers,bald,lr,12,0.48660714285714285,0.010416666666666685,2.0,
male,0.9878640776699029,0.9915533980582525,iterative_all_layers,bald,lr,12,0.9878640776699029,0.0,2.0,
mouth_slightly_open,0.5387945387945388,0.5611721611721612,iterative_all_layers,bald,lr,12,0.527039627039627,0.011754911754911723,2.0,
mustache,0.725295164159793,0.7567523855733462,iterative_all_layers,bald,lr,12,0.6675562024907002,0.05773896166909276,2.0,
narrow_eyes,0.5788075560802833,0.512987012987013,iterative_all_layers,bald,lr,12,0.545159386068477,0.03364817001180631,2.0,
no_beard,0.6524591266904394,0.7001951153872032,iterative_all_layers,bald,lr,12,0.6408531252102536,0.011606001480185757,2.0,
oval_face,0.5212585034013605,0.5843537414965986,iterative_all_layers,bald,lr,12,0.5212585034013605,0.0,2.0,
pale_skin,0.5613821138211382,0.6646341463414633,iterative_all_layers,bald,lr,12,0.5032520325203252,0.058130081300812986,2.0,
pointy_nose,0.5152194591656475,0.5177333876885446,iterative_all_layers,bald,lr,12,0.5174616116320152,-0.0022421524663677195,2.0,
receding_hairline,0.5305068836045056,0.5552252816020026,iterative_all_layers,bald,lr,12,0.52049436795995,0.01001251564455563,2.0,
rosy_cheeks,0.7361673414304993,0.7840755735492577,iterative_all_layers,bald,lr,12,0.6947818263607737,0.041385515069725654,2.0,
sideburns,0.6760057471264368,0.788433908045977,iterative_all_layers,bald,lr,12,0.694683908045977,-0.01867816091954022,2.0,
smiling,0.805429575215586,0.9472373043755988,iterative_all_layers,bald,lr,12,0.7955285851165761,0.00990099009900991,2.0,
straight_hair,0.42807745504840944,0.415491009681881,iterative_all_layers,bald,lr,12,0.4405255878284924,-0.012448132780082943,2.0,
wavy_hair,0.5617611088463107,0.5980432123929882,iterative_all_layers,bald,lr,12,0.5791547764641934,-0.017393667617882747,2.0,
wearing_earrings,0.7563559322033898,0.847457627118644,iterative_all_layers,bald,lr,12,0.735593220338983,0.020762711864406813,2.0,
wearing_hat,0.9219660837307896,0.9725755166931637,iterative_all_layers,bald,lr,12,0.9219660837307896,0.0,2.0,
wearing_lipstick,0.458594881699662,0.4537662964751328,iterative_all_layers,bald,lr,12,0.45062771607918883,0.007967165620473171,2.0,
wearing_necklace,0.5996800393797687,0.6524735417179425,iterative_all_layers,bald,lr,12,0.6017720895889737,-0.0020920502092049986,2.0,
wearing_necktie,0.6728457335014711,0.7396385035729298,iterative_all_layers,bald,lr,12,0.6159730979403111,0.05687263556116007,2.0,
young,0.8664774519079155,0.9468306527909177,iterative_all_layers,bald,lr,12,0.8726900031535794,-0.006212551245663889,2.0,
5_o_clock_shadow,0.5764848853106486,0.5652438098131551,iterative_all_layers,bald,lr,13,0.5632690262798117,0.013215859030836885,2.0,
arched_eyebrows,0.5446428571428572,0.6505301339285715,iterative_all_layers,bald,lr,13,0.6026785714285714,-0.05803571428571419,2.0,
attractive,0.4973821989528796,0.6988320579943618,iterative_all_layers,bald,lr,13,0.512766814337495,-0.015384615384615441,2.0,
bags_under_eyes,0.5319223985890653,0.5150617283950617,iterative_all_layers,bald,lr,13,0.5171781305114639,0.01474426807760143,2.0,
bald,0.734375,0.849609375,iterative_all_layers,bald,lr,13,0.73828125,-0.00390625,2.0,
bangs,0.7705728680724016,0.8255271505877962,iterative_all_layers,bald,lr,13,0.7534054860981526,0.01716738197424894,2.0,
big_lips,0.4177197988857182,0.44476151651039547,iterative_all_layers,bald,lr,13,0.4087511890202473,0.008968609865470878,2.0,
big_nose,0.5715641261095806,0.6502601775329048,iterative_all_layers,bald,lr,13,0.5955004591368228,-0.023936333027242185,2.0,
black_hair,0.6992481203007519,0.8541666666666667,iterative_all_layers,bald,lr,13,0.6770050125313283,0.02224310776942362,2.0,
blond_hair,0.9259259259259259,0.9566318455207343,iterative_all_layers,bald,lr,13,0.9279835390946503,-0.002057613168724326,2.0,
blurry,0.6277322404371585,0.7182377049180327,iterative_all_layers,bald,lr,13,0.7192622950819672,-0.09153005464480868,2.0,
brown_hair,0.688034188034188,0.7935120435120435,iterative_all_layers,bald,lr,13,0.6794871794871795,0.008547008547008517,2.0,
bushy_eyebrows,0.5413057961359093,0.5063291139240507,iterative_all_layers,bald,lr,13,0.5391960914945592,0.002109704641350185,2.0,
chubby,0.5720430107526882,0.7100614439324117,iterative_all_layers,bald,lr,13,0.554147465437788,0.01789554531490012,2.0,
double_chin,0.578125,0.6898600260416666,iterative_all_layers,bald,lr,13,0.5651041666666666,0.01302083333333337,2.0,
eyeglasses,0.9426338543398736,0.9821250415696707,iterative_all_layers,bald,lr,13,0.9294146990355836,0.013219155304289965,2.0,
goatee,0.7457604663487016,0.8573131955484896,iterative_all_layers,bald,lr,13,0.766163222045575,-0.02040275569687333,2.0,
gray_hair,0.7748662517742111,0.8687629653892346,iterative_all_layers,bald,lr,13,0.7772136696145868,-0.0023474178403757318,2.0,
heavy_makeup,0.512876254180602,0.6051839464882942,iterative_all_layers,bald,lr,13,0.5255852842809364,-0.012709030100334417,2.0,
high_cheekbones,0.49702380952380953,0.408296130952381,iterative_all_layers,bald,lr,13,0.48660714285714285,0.010416666666666685,2.0,
male,0.9878640776699029,0.9916504854368932,iterative_all_layers,bald,lr,13,0.9878640776699029,0.0,2.0,
mouth_slightly_open,0.5363303363303363,0.5632367632367632,iterative_all_layers,bald,lr,13,0.527039627039627,0.009290709290709298,2.0,
mustache,0.7045932395277373,0.7604722626556688,iterative_all_layers,bald,lr,13,0.6675562024907002,0.03703703703703709,2.0,
narrow_eyes,0.5746753246753247,0.4973435655253837,iterative_all_layers,bald,lr,13,0.545159386068477,0.029515938606847647,2.0,
no_beard,0.6408531252102536,0.6995895848751934,iterative_all_layers,bald,lr,13,0.6408531252102536,0.0,2.0,
oval_face,0.5238095238095238,0.5840986394557823,iterative_all_layers,bald,lr,13,0.5212585034013605,0.0025510204081633514,2.0,
pale_skin,0.5654471544715447,0.6573170731707316,iterative_all_layers,bald,lr,13,0.5032520325203252,0.062195121951219456,2.0,
pointy_nose,0.5281288218507949,0.51990759614078,iterative_all_layers,bald,lr,13,0.5174616116320152,0.010667210218779699,2.0,
receding_hairline,0.5278473091364205,0.5515488110137672,iterative_all_layers,bald,lr,13,0.52049436795995,0.007352941176470562,2.0,
rosy_cheeks,0.7321187584345479,0.7813765182186234,iterative_all_layers,bald,lr,13,0.6947818263607737,0.0373369320737742,2.0,
sideburns,0.6760057471264368,0.7875359195402298,iterative_all_layers,bald,lr,13,0.694683908045977,-0.01867816091954022,2.0,
smiling,0.800479080166081,0.9464707761098691,iterative_all_layers,bald,lr,13,0.7955285851165761,0.004950495049504955,2.0,
straight_hair,0.42807745504840944,0.4141078838174274,iterative_all_layers,bald,lr,13,0.4405255878284924,-0.012448132780082943,2.0,
wavy_hair,0.566245413779046,0.5946460116863703,iterative_all_layers,bald,lr,13,0.5791547764641934,-0.012909362685147419,2.0,
wearing_earrings,0.7605932203389831,0.8434322033898306,iterative_all_layers,bald,lr,13,0.735593220338983,0.025000000000000133,2.0,
wearing_hat,0.9219660837307896,0.9717806041335453,iterative_all_layers,bald,lr,13,0.9219660837307896,0.0,2.0,
wearing_lipstick,0.4700627716079189,0.4525591501690005,iterative_all_layers,bald,lr,13,0.45062771607918883,0.01943505552873004,2.0,
wearing_necklace,0.5996800393797687,0.6529657888259907,iterative_all_layers,bald,lr,13,0.6017720895889737,-0.0020920502092049986,2.0,
wearing_necktie,0.6779739386296764,0.72854140395124,iterative_all_layers,bald,lr,13,0.6159730979403111,0.06200084068936529,2.0,
young,0.8664774519079155,0.9475244402396721,iterative_all_layers,bald,lr,13,0.8726900031535794,-0.006212551245663889,2.0,
5_o_clock_shadow,0.5764848853106486,0.5699529090080511,iterative_all_layers,bald,lr,14,0.5632690262798117,0.013215859030836885,2.0,
arched_eyebrows,0.5513392857142857,0.6417410714285715,iterative_all_layers,bald,lr,14,0.6026785714285714,-0.0513392857142857,2.0,
attractive,0.4973821989528796,0.7056786145791382,iterative_all_layers,bald,lr,14,0.512766814337495,-0.015384615384615441,2.0,
bags_under_eyes,0.5295238095238095,0.5154850088183421,iterative_all_layers,bald,lr,14,0.5171781305114639,0.012345679012345623,2.0,
bald,0.73046875,0.85150146484375,iterative_all_layers,bald,lr,14,0.73828125,-0.0078125,2.0,
bangs,0.7619891770852771,0.8283261802575107,iterative_all_layers,bald,lr,14,0.7534054860981526,0.008583690987124526,2.0,
big_lips,0.40032613126783534,0.448702269330072,iterative_all_layers,bald,lr,14,0.4087511890202473,-0.00842505775241198,2.0,
big_nose,0.5715641261095806,0.6507499234771962,iterative_all_layers,bald,lr,14,0.5955004591368228,-0.023936333027242185,2.0,
black_hair,0.6992481203007519,0.8554197994987468,iterative_all_layers,bald,lr,14,0.6770050125313283,0.02224310776942362,2.0,
blond_hair,0.9238683127572016,0.9547325102880659,iterative_all_layers,bald,lr,14,0.9279835390946503,-0.004115226337448652,2.0,
blurry,0.6277322404371585,0.72301912568306,iterative_all_layers,bald,lr,14,0.7192622950819672,-0.09153005464480868,2.0,
brown_hair,0.6965811965811965,0.7946775446775447,iterative_all_layers,bald,lr,14,0.6794871794871795,0.017094017094017033,2.0,
bushy_eyebrows,0.5391960914945592,0.504552520541861,iterative_all_layers,bald,lr,14,0.5391960914945592,0.0,2.0,
chubby,0.5675883256528418,0.7096774193548386,iterative_all_layers,bald,lr,14,0.554147465437788,0.013440860215053752,2.0,
double_chin,0.5807291666666666,0.6894531250000001,iterative_all_layers,bald,lr,14,0.5651041666666666,0.015625,2.0,
eyeglasses,0.9345693382108413,0.9822081809112072,iterative_all_layers,bald,lr,14,0.9294146990355836,0.005154639175257714,2.0,
goatee,0.748012718600954,0.8593004769475358,iterative_all_layers,bald,lr,14,0.766163222045575,-0.01815050344462099,2.0,
gray_hair,0.7701714160934601,0.8696364231903047,iterative_all_layers,bald,lr,14,0.7772136696145868,-0.007042253521126751,2.0,
heavy_makeup,0.5494983277591974,0.6197324414715718,iterative_all_layers,bald,lr,14,0.5255852842809364,0.023913043478260954,2.0,
high_cheekbones,0.49355158730158727,0.41090029761904756,iterative_all_layers,bald,lr,14,0.48660714285714285,0.00694444444444442,2.0,
male,0.9878640776699029,0.9919417475728156,iterative_all_layers,bald,lr,14,0.9878640776699029,0.0,2.0,
mouth_slightly_open,0.5333000333000333,0.5607059607059607,iterative_all_layers,bald,lr,14,0.527039627039627,0.006260406260406248,2.0,
mustache,0.6904415332362931,0.7669416141031861,iterative_all_layers,bald,lr,14,0.6675562024907002,0.022885330745592847,2.0,
narrow_eyes,0.576741440377804,0.5079693034238488,iterative_all_layers,bald,lr,14,0.545159386068477,0.031582054309326923,2.0,
no_beard,0.6468411491623495,0.7005988023952096,iterative_all_layers,bald,lr,14,0.6408531252102536,0.005988023952095856,2.0,
oval_face,0.5238095238095238,0.5877551020408164,iterative_all_layers,bald,lr,14,0.5212585034013605,0.0025510204081633514,2.0,
pale_skin,0.5654471544715447,0.6504065040650406,iterative_all_layers,bald,lr,14,0.5032520325203252,0.062195121951219456,2.0,
pointy_nose,0.49782579154776463,0.5296915341758391,iterative_all_layers,bald,lr,14,0.5174616116320152,-0.019635820084250577,2.0,
receding_hairline,0.5278473091364205,0.5554599499374219,iterative_all_layers,bald,lr,14,0.52049436795995,0.007352941176470562,2.0,
rosy_cheeks,0.7341430499325237,0.7818263607737291,iterative_all_layers,bald,lr,14,0.6947818263607737,0.03936122357174998,2.0,
sideburns,0.6738505747126436,0.7887931034482759,iterative_all_layers,bald,lr,14,0.694683908045977,-0.02083333333333337,2.0,
smiling,0.800479080166081,0.9453848610667519,iterative_all_layers,bald,lr,14,0.7955285851165761,0.004950495049504955,2.0,
straight_hair,0.42600276625172895,0.40885200553250345,iterative_all_layers,bald,lr,14,0.4405255878284924,-0.014522821576763434,2.0,
wavy_hair,0.566245413779046,0.5878516102731349,iterative_all_layers,bald,lr,14,0.5791547764641934,-0.012909362685147419,2.0,
wearing_earrings,0.7627118644067796,0.8457627118644067,iterative_all_layers,bald,lr,14,0.735593220338983,0.027118644067796627,2.0,
wearing_hat,0.9219660837307896,0.9731054583995761,iterative_all_layers,bald,lr,14,0.9219660837307896,0.0,2.0,
wearing_lipstick,0.4792370835345244,0.4616127474649928,iterative_all_layers,bald,lr,14,0.45062771607918883,0.028609367455335544,2.0,
wearing_necklace,0.6080482402165888,0.6559192714742801,iterative_all_layers,bald,lr,14,0.6017720895889737,0.006276150627615107,2.0,
wearing_necktie,0.6754098360655738,0.7360235393022279,iterative_all_layers,bald,lr,14,0.6159730979403111,0.059436738125262734,2.0,
young,0.858404288867865,0.9477767265846736,iterative_all_layers,bald,lr,14,0.8726900031535794,-0.014285714285714346,2.0,
5_o_clock_shadow,0.5764848853106486,0.5663071547926477,iterative_all_layers,bald,lr,15,0.5632690262798117,0.013215859030836885,2.0,
arched_eyebrows,0.5334821428571428,0.6435546875,iterative_all_layers,bald,lr,15,0.6026785714285714,-0.0691964285714286,2.0,
attractive,0.4973821989528796,0.6945630285944423,iterative_all_layers,bald,lr,15,0.512766814337495,-0.015384615384615441,2.0,
bags_under_eyes,0.5423280423280423,0.5137213403880071,iterative_all_layers,bald,lr,15,0.5171781305114639,0.02514991181657844,2.0,
bald,0.734375,0.85455322265625,iterative_all_layers,bald,lr,15,0.73828125,-0.00390625,2.0,
bangs,0.7576973315917148,0.8277663743235678,iterative_all_layers,bald,lr,15,0.7534054860981526,0.0042918454935622075,2.0,
big_lips,0.44183992390270416,0.46215518412827833,iterative_all_layers,bald,lr,15,0.4087511890202473,0.03308873488245684,2.0,
big_nose,0.5835322926232017,0.6536883991429447,iterative_all_layers,bald,lr,15,0.5955004591368228,-0.011968166513621092,2.0,
black_hair,0.7371553884711779,0.8594924812030076,iterative_all_layers,bald,lr,15,0.6770050125313283,0.06015037593984962,2.0,
blond_hair,0.9238683127572016,0.9569484013928459,iterative_all_layers,bald,lr,15,0.9279835390946503,-0.004115226337448652,2.0,
blurry,0.5799180327868853,0.6775956284153005,iterative_all_layers,bald,lr,15,0.7192622950819672,-0.1393442622950819,2.0,
brown_hair,0.6816239316239316,0.7911810411810412,iterative_all_layers,bald,lr,15,0.6794871794871795,0.002136752136752129,2.0,
bushy_eyebrows,0.5107705973795248,0.4987785920497446,iterative_all_layers,bald,lr,15,0.5391960914945592,-0.028425494115034367,2.0,
chubby,0.547926267281106,0.7086789554531491,iterative_all_layers,bald,lr,15,0.554147465437788,-0.006221198156681984,2.0,
double_chin,0.5859375,0.68115234375,iterative_all_layers,bald,lr,15,0.5651041666666666,0.02083333333333337,2.0,
eyeglasses,0.9294146990355836,0.9798802793481876,iterative_all_layers,bald,lr,15,0.9294146990355836,0.0,2.0,
goatee,0.7627186009538951,0.8664546899841018,iterative_all_layers,bald,lr,15,0.766163222045575,-0.003444621091679867,2.0,
gray_hair,0.7678239982530843,0.863849765258216,iterative_all_layers,bald,lr,15,0.7772136696145868,-0.009389671361502483,2.0,
heavy_makeup,0.5451505016722408,0.6006688963210701,iterative_all_layers,bald,lr,15,0.5255852842809364,0.019565217391304346,2.0,
high_cheekbones,0.49355158730158727,0.4075520833333333,iterative_all_layers,bald,lr,15,0.48660714285714285,0.00694444444444442,2.0,
male,0.9878640776699029,0.9922330097087377,iterative_all_layers,bald,lr,15,0.9878640776699029,0.0,2.0,
mouth_slightly_open,0.5528138528138528,0.5509823509823509,iterative_all_layers,bald,lr,15,0.527039627039627,0.025774225774225723,2.0,
mustache,0.6860747210092188,0.7669416141031862,iterative_all_layers,bald,lr,15,0.6675562024907002,0.0185185185185186,2.0,
narrow_eyes,0.564344746162928,0.5118063754427391,iterative_all_layers,bald,lr,15,0.545159386068477,0.01918536009445093,2.0,
no_beard,0.6524591266904394,0.6995223037071924,iterative_all_layers,bald,lr,15,0.6408531252102536,0.011606001480185757,2.0,
oval_face,0.5270408163265307,0.5693877551020409,iterative_all_layers,bald,lr,15,0.5212585034013605,0.005782312925170174,2.0,
pale_skin,0.5613821138211382,0.667479674796748,iterative_all_layers,bald,lr,15,0.5032520325203252,0.058130081300812986,2.0,
pointy_nose,0.4933414866150292,0.526973773610545,iterative_all_layers,bald,lr,15,0.5174616116320152,-0.024120125016986016,2.0,
receding_hairline,0.5278473091364205,0.5469336670838548,iterative_all_layers,bald,lr,15,0.52049436795995,0.007352941176470562,2.0,
rosy_cheeks,0.6826360773729194,0.774179037336932,iterative_all_layers,bald,lr,15,0.6947818263607737,-0.012145748987854255,2.0,
sideburns,0.6695402298850575,0.7778376436781609,iterative_all_layers,bald,lr,15,0.694683908045977,-0.025143678160919558,2.0,
smiling,0.800479080166081,0.9435962951133823,iterative_all_layers,bald,lr,15,0.7955285851165761,0.004950495049504955,2.0,
straight_hair,0.42392807745504835,0.4099585062240664,iterative_all_layers,bald,lr,15,0.4405255878284924,-0.016597510373444035,2.0,
wavy_hair,0.5640032613126783,0.5809213208316347,iterative_all_layers,bald,lr,15,0.5791547764641934,-0.015151515151515138,2.0,
wearing_earrings,0.7733050847457628,0.8444915254237289,iterative_all_layers,bald,lr,15,0.735593220338983,0.03771186440677976,2.0,
wearing_hat,0.9242183359830418,0.9708532061473238,iterative_all_layers,bald,lr,15,0.9219660837307896,0.0022522522522522292,2.0,
wearing_lipstick,0.4723563495895703,0.46813133751810715,iterative_all_layers,bald,lr,15,0.45062771607918883,0.021728633510381457,2.0,
wearing_necklace,0.6038641397981788,0.6485355648535565,iterative_all_layers,bald,lr,15,0.6017720895889737,0.0020920502092051096,2.0,
wearing_necktie,0.6728457335014711,0.7451870533837748,iterative_all_layers,bald,lr,15,0.6159730979403111,0.05687263556116007,2.0,
young,0.8679280983916746,0.9494796594134343,iterative_all_layers,bald,lr,15,0.8726900031535794,-0.004761904761904745,2.0,
5_o_clock_shadow,0.548230290141273,0.5702567218593346,iterative_all_layers,bald,lr,16,0.5632690262798117,-0.015038736138538678,2.0,
arched_eyebrows,0.5401785714285714,0.6409040178571429,iterative_all_layers,bald,lr,16,0.6026785714285714,-0.0625,2.0,
attractive,0.4973821989528796,0.7077728554168345,iterative_all_layers,bald,lr,16,0.512766814337495,-0.015384615384615441,2.0,
bags_under_eyes,0.5004938271604938,0.507231040564374,iterative_all_layers,bald,lr,16,0.5171781305114639,-0.016684303350970042,2.0,
bald,0.73046875,0.853515625,iterative_all_layers,bald,lr,16,0.73828125,-0.0078125,2.0,
bangs,0.759843254338496,0.8180630714685576,iterative_all_layers,bald,lr,16,0.7534054860981526,0.006437768240343367,2.0,
big_lips,0.4502649816551162,0.468406033428455,iterative_all_layers,bald,lr,16,0.4087511890202473,0.041513792634868873,2.0,
big_nose,0.5752678298132844,0.6418120599938782,iterative_all_layers,bald,lr,16,0.5955004591368228,-0.02023262932353842,2.0,
black_hair,0.7127192982456141,0.8607456140350878,iterative_all_layers,bald,lr,16,0.6770050125313283,0.03571428571428581,2.0,
blond_hair,0.9197530864197531,0.9575815131370686,iterative_all_layers,bald,lr,16,0.9279835390946503,-0.008230452674897193,2.0,
blurry,0.6277322404371585,0.6622267759562842,iterative_all_layers,bald,lr,16,0.7192622950819672,-0.09153005464480868,2.0,
brown_hair,0.6858974358974359,0.8061383061383061,iterative_all_layers,bald,lr,16,0.6794871794871795,0.0064102564102563875,2.0,
bushy_eyebrows,0.5107705973795248,0.5132134132800356,iterative_all_layers,bald,lr,16,0.5391960914945592,-0.028425494115034367,2.0,
chubby,0.547926267281106,0.7022273425499231,iterative_all_layers,bald,lr,16,0.554147465437788,-0.006221198156681984,2.0,
double_chin,0.5677083333333334,0.6727701822916666,iterative_all_layers,bald,lr,16,0.5651041666666666,0.0026041666666667407,2.0,
eyeglasses,0.9213501829065514,0.9777186564682407,iterative_all_layers,bald,lr,16,0.9294146990355836,-0.008064516129032251,2.0,
goatee,0.7627186009538951,0.8681770005299416,iterative_all_layers,bald,lr,16,0.766163222045575,-0.003444621091679867,2.0,
gray_hair,0.7748662517742111,0.860355934053936,iterative_all_layers,bald,lr,16,0.7772136696145868,-0.0023474178403757318,2.0,
heavy_makeup,0.5408026755852843,0.5757525083612041,iterative_all_layers,bald,lr,16,0.5255852842809364,0.01521739130434785,2.0,
high_cheekbones,0.49355158730158727,0.4111483134920635,iterative_all_layers,bald,lr,16,0.48660714285714285,0.00694444444444442,2.0,
male,0.9878640776699029,0.9927184466019416,iterative_all_layers,bald,lr,16,0.9878640776699029,0.0,2.0,
mouth_slightly_open,0.5497835497835497,0.5623709623709624,iterative_all_layers,bald,lr,16,0.527039627039627,0.022743922743922673,2.0,
mustache,0.6838913148956818,0.7706614911855086,iterative_all_layers,bald,lr,16,0.6675562024907002,0.016335112404981533,2.0,
narrow_eyes,0.5726092089728454,0.5197756788665879,iterative_all_layers,bald,lr,16,0.545159386068477,0.02744982290436837,2.0,
no_beard,0.6580771042185293,0.6979075556751665,iterative_all_layers,bald,lr,16,0.6408531252102536,0.01722397900827566,2.0,
oval_face,0.5295918367346939,0.5741496598639456,iterative_all_layers,bald,lr,16,0.5212585034013605,0.008333333333333415,2.0,
pale_skin,0.567479674796748,0.6353658536585366,iterative_all_layers,bald,lr,16,0.5032520325203252,0.06422764227642275,2.0,
pointy_nose,0.510735154232912,0.5239842369887213,iterative_all_layers,bald,lr,16,0.5174616116320152,-0.006726457399103158,2.0,
receding_hairline,0.5272215269086358,0.5563986232790988,iterative_all_layers,bald,lr,16,0.52049436795995,0.0067271589486858074,2.0,
rosy_cheeks,0.6846603688708952,0.7696806117858749,iterative_all_layers,bald,lr,16,0.6947818263607737,-0.010121457489878471,2.0,
sideburns,0.6716954022988506,0.7895114942528736,iterative_all_layers,bald,lr,16,0.694683908045977,-0.02298850574712641,2.0,
smiling,0.805429575215586,0.9457042478441392,iterative_all_layers,bald,lr,16,0.7955285851165761,0.00990099009900991,2.0,
straight_hair,0.4177040110650069,0.39170124481327806,iterative_all_layers,bald,lr,16,0.4405255878284924,-0.022821576763485507,2.0,
wavy_hair,0.5640032613126783,0.5714091588531052,iterative_all_layers,bald,lr,16,0.5791547764641934,-0.015151515151515138,2.0,
wearing_earrings,0.7605932203389831,0.8510593220338983,iterative_all_layers,bald,lr,16,0.735593220338983,0.025000000000000133,2.0,
wearing_hat,0.9219660837307896,0.9716481187069422,iterative_all_layers,bald,lr,16,0.9219660837307896,0.0,2.0,
wearing_lipstick,0.49408498309995175,0.47730564944471265,iterative_all_layers,bald,lr,16,0.45062771607918883,0.04345726702076291,2.0,
wearing_necklace,0.6059561900073838,0.6586266305685454,iterative_all_layers,bald,lr,16,0.6017720895889737,0.004184100418410108,2.0,
wearing_necktie,0.6866750735603194,0.7150063051702396,iterative_all_layers,bald,lr,16,0.6159730979403111,0.07070197562000835,2.0,
young,0.8693787448754337,0.952948596657206,iterative_all_layers,bald,lr,16,0.8726900031535794,-0.0033112582781457123,2.0,
5_o_clock_shadow,0.5331915540027343,0.5524836700592436,iterative_all_layers,bald,lr,17,0.5632690262798117,-0.030077472277077355,2.0,
arched_eyebrows,0.5401785714285714,0.6495535714285715,iterative_all_layers,bald,lr,17,0.6026785714285714,-0.0625,2.0,
attractive,0.5,0.6753121224325412,iterative_all_layers,bald,lr,17,0.512766814337495,-0.012766814337495047,2.0,
bags_under_eyes,0.49717813051146387,0.4943915343915343,iterative_all_layers,bald,lr,17,0.5171781305114639,-0.020000000000000018,2.0,
bald,0.7265625,0.8551025390625,iterative_all_layers,bald,lr,17,0.73828125,-0.01171875,2.0,
bangs,0.7512595633513715,0.8135846239970145,iterative_all_layers,bald,lr,17,0.7534054860981526,-0.0021459227467811592,2.0,
big_lips,0.43287131403723333,0.46555238483489614,iterative_all_layers,bald,lr,17,0.4087511890202473,0.024120125016986016,2.0,
big_nose,0.5752678298132844,0.6337924701561066,iterative_all_layers,bald,lr,17,0.5955004591368228,-0.02023262932353842,2.0,
black_hair,0.6791979949874687,0.8540100250626566,iterative_all_layers,bald,lr,17,0.6770050125313283,0.002192982456140413,2.0,
blond_hair,0.9279835390946503,0.9544159544159544,iterative_all_layers,bald,lr,17,0.9279835390946503,0.0,2.0,
blurry,0.5881147540983607,0.6509562841530055,iterative_all_layers,bald,lr,17,0.7192622950819672,-0.13114754098360648,2.0,
brown_hair,0.6944444444444444,0.7878787878787878,iterative_all_layers,bald,lr,17,0.6794871794871795,0.014957264957264904,2.0,
bushy_eyebrows,0.5570730624028426,0.5169886742171885,iterative_all_layers,bald,lr,17,0.5391960914945592,0.01787697090828344,2.0,
chubby,0.5390168970814132,0.6997695852534563,iterative_all_layers,bald,lr,17,0.554147465437788,-0.01513056835637483,2.0,
double_chin,0.5364583333333334,0.6703287760416666,iterative_all_layers,bald,lr,17,0.5651041666666666,-0.02864583333333326,2.0,
eyeglasses,0.9187728633189225,0.9797140006651147,iterative_all_layers,bald,lr,17,0.9294146990355836,-0.010641835716661108,2.0,
goatee,0.7672231054583996,0.8729464758876524,iterative_all_layers,bald,lr,17,0.766163222045575,0.0010598834128245915,2.0,
gray_hair,0.7421115842340866,0.8538050005459111,iterative_all_layers,bald,lr,17,0.7772136696145868,-0.03510208538050019,2.0,
heavy_makeup,0.5408026755852843,0.515551839464883,iterative_all_layers,bald,lr,17,0.5255852842809364,0.01521739130434785,2.0,
high_cheekbones,0.48660714285714285,0.4174727182539683,iterative_all_layers,bald,lr,17,0.48660714285714285,0.0,2.0,
male,0.9878640776699029,0.9920388349514564,iterative_all_layers,bald,lr,17,0.9878640776699029,0.0,2.0,
mouth_slightly_open,0.5564102564102564,0.5553779553779554,iterative_all_layers,bald,lr,17,0.527039627039627,0.029370629370629397,2.0,
mustache,0.6882581271227559,0.7768073750606502,iterative_all_layers,bald,lr,17,0.6675562024907002,0.020701924632055668,2.0,
narrow_eyes,0.5684769775678866,0.5348288075560803,iterative_all_layers,bald,lr,17,0.545159386068477,0.023317591499409596,2.0,
no_beard,0.6438471371863015,0.7032900491152527,iterative_all_layers,bald,lr,17,0.6408531252102536,0.0029940119760478723,2.0,
oval_face,0.5212585034013605,0.5795068027210883,iterative_all_layers,bald,lr,17,0.5212585034013605,0.0,2.0,
pale_skin,0.5654471544715447,0.6024390243902439,iterative_all_layers,bald,lr,17,0.5032520325203252,0.062195121951219456,2.0,
pointy_nose,0.48043212392988177,0.5165103954341622,iterative_all_layers,bald,lr,17,0.5174616116320152,-0.037029487702133435,2.0,
receding_hairline,0.5172090112640801,0.5370775969962452,iterative_all_layers,bald,lr,17,0.52049436795995,-0.0032853566958698233,2.0,
rosy_cheeks,0.672514619883041,0.7498875393612235,iterative_all_layers,bald,lr,17,0.6947818263607737,-0.022267206477732726,2.0,
sideburns,0.6839080459770115,0.7940014367816092,iterative_all_layers,bald,lr,17,0.694683908045977,-0.010775862068965525,2.0,
smiling,0.7824017885659533,0.9386138613861386,iterative_all_layers,bald,lr,17,0.7955285851165761,-0.013126796550622766,2.0,
straight_hair,0.4156293222683264,0.3883817427385893,iterative_all_layers,bald,lr,17,0.4405255878284924,-0.024896265560165998,2.0,
wavy_hair,0.5640032613126783,0.5663813018073108,iterative_all_layers,bald,lr,17,0.5791547764641934,-0.015151515151515138,2.0,
wearing_earrings,0.7648305084745763,0.8661016949152542,iterative_all_layers,bald,lr,17,0.735593220338983,0.029237288135593342,2.0,
wearing_hat,0.9072602013778484,0.9727080021197668,iterative_all_layers,bald,lr,17,0.9219660837307896,-0.014705882352941235,2.0,
wearing_lipstick,0.4677691936262675,0.45267986479961364,iterative_all_layers,bald,lr,17,0.45062771607918883,0.017141477547078676,2.0,
wearing_necklace,0.6080482402165888,0.6716711789318237,iterative_all_layers,bald,lr,17,0.6017720895889737,0.006276150627615107,2.0,
wearing_necktie,0.6620849096258933,0.6991172761664565,iterative_all_layers,bald,lr,17,0.6159730979403111,0.046111811685582205,2.0,
young,0.858404288867865,0.9512456638284452,iterative_all_layers,bald,lr,17,0.8726900031535794,-0.014285714285714346,2.0,
5_o_clock_shadow,0.5199756949718972,0.5538508278900197,iterative_all_layers,bald,lr,18,0.5632690262798117,-0.04329333130791446,2.0,
arched_eyebrows,0.5491071428571428,0.6595982142857143,iterative_all_layers,bald,lr,18,0.6026785714285714,-0.0535714285714286,2.0,
attractive,0.5,0.6276278695126863,iterative_all_layers,bald,lr,18,0.512766814337495,-0.012766814337495047,2.0,
bags_under_eyes,0.4729453262786596,0.481058201058201,iterative_all_layers,bald,lr,18,0.5171781305114639,-0.04423280423280429,2.0,
bald,0.734375,0.8612060546875,iterative_all_layers,bald,lr,18,0.73828125,-0.00390625,2.0,
bangs,0.759843254338496,0.8117186042172048,iterative_all_layers,bald,lr,18,0.7534054860981526,0.006437768240343367,2.0,
big_lips,0.46147574398695473,0.484304932735426,iterative_all_layers,bald,lr,18,0.4087511890202473,0.052724554966707415,2.0,
big_nose,0.5600244872972145,0.6375267829813285,iterative_all_layers,bald,lr,18,0.5955004591368228,-0.03547597183960827,2.0,
black_hair,0.681390977443609,0.8516604010025063,iterative_all_layers,bald,lr,18,0.6770050125313283,0.004385964912280715,2.0,
blond_hair,0.9341563786008231,0.9525166191832858,iterative_all_layers,bald,lr,18,0.9279835390946503,0.006172839506172867,2.0,
blurry,0.6004098360655737,0.6359289617486338,iterative_all_layers,bald,lr,18,0.7192622950819672,-0.11885245901639341,2.0,
brown_hair,0.6631701631701632,0.7752525252525253,iterative_all_layers,bald,lr,18,0.6794871794871795,-0.01631701631701632,2.0,
bushy_eyebrows,0.5549633577614923,0.5167666000444149,iterative_all_layers,bald,lr,18,0.5391960914945592,0.015767266266933144,2.0,
chubby,0.5461597542242703,0.7026881720430107,iterative_all_layers,bald,lr,18,0.554147465437788,-0.007987711213517712,2.0,
double_chin,0.5442708333333334,0.674560546875,iterative_all_layers,bald,lr,18,0.5651041666666666,-0.02083333333333326,2.0,
eyeglasses,0.9213501829065514,0.974559361489857,iterative_all_layers,bald,lr,18,0.9294146990355836,-0.008064516129032251,2.0,
goatee,0.7796767355590886,0.8767885532591415,iterative_all_layers,bald,lr,18,0.766163222045575,0.013513513513513598,2.0,
gray_hair,0.7397641663937111,0.8343705644721039,iterative_all_layers,bald,lr,18,0.7772136696145868,-0.0374495032208757,2.0,
heavy_makeup,0.487123745819398,0.5026755852842809,iterative_all_layers,bald,lr,18,0.5255852842809364,-0.038461538461538436,2.0,
high_cheekbones,0.49007936507936506,0.42398313492063494,iterative_all_layers,bald,lr,18,0.48660714285714285,0.00347222222222221,2.0,
male,0.9878640776699029,0.9919417475728156,iterative_all_layers,bald,lr,18,0.9878640776699029,0.0,2.0,
mouth_slightly_open,0.5569763569763571,0.5485847485847486,iterative_all_layers,bald,lr,18,0.527039627039627,0.029936729936730022,2.0,
mustache,0.7155102700954229,0.7894226103833091,iterative_all_layers,bald,lr,18,0.6675562024907002,0.04795406760472265,2.0,
narrow_eyes,0.5726092089728454,0.5543093270365997,iterative_all_layers,bald,lr,18,0.545159386068477,0.02744982290436837,2.0,
no_beard,0.6468411491623495,0.7029536432752472,iterative_all_layers,bald,lr,18,0.6408531252102536,0.005988023952095856,2.0,
oval_face,0.5129251700680272,0.5826530612244898,iterative_all_layers,bald,lr,18,0.5212585034013605,-0.008333333333333304,2.0,
pale_skin,0.567479674796748,0.5792682926829268,iterative_all_layers,bald,lr,18,0.5032520325203252,0.06422764227642275,2.0,
pointy_nose,0.5174616116320152,0.506318793314309,iterative_all_layers,bald,lr,18,0.5174616116320152,0.0,2.0,
receding_hairline,0.49780976220275347,0.5264392991239049,iterative_all_layers,bald,lr,18,0.52049436795995,-0.022684605757196497,2.0,
rosy_cheeks,0.5634278002699056,0.7215474583895636,iterative_all_layers,bald,lr,18,0.6947818263607737,-0.1313540260908681,2.0,
sideburns,0.6989942528735632,0.7990301724137931,iterative_all_layers,bald,lr,18,0.694683908045977,0.004310344827586188,2.0,
smiling,0.7742254870648355,0.9388693708080486,iterative_all_layers,bald,lr,18,0.7955285851165761,-0.021303098051740577,2.0,
straight_hair,0.4114799446749654,0.41134163208852004,iterative_all_layers,bald,lr,18,0.4405255878284924,-0.02904564315352698,2.0,
wavy_hair,0.566245413779046,0.570050278570458,iterative_all_layers,bald,lr,18,0.5791547764641934,-0.012909362685147419,2.0,
wearing_earrings,0.7605932203389831,0.8658898305084746,iterative_all_layers,bald,lr,18,0.735593220338983,0.025000000000000133,2.0,
wearing_hat,0.9072602013778484,0.972972972972973,iterative_all_layers,bald,lr,18,0.9219660837307896,-0.014705882352941235,2.0,
wearing_lipstick,0.48322066634476096,0.47320135200386276,iterative_all_layers,bald,lr,18,0.45062771607918883,0.03259295026557213,2.0,
wearing_necklace,0.6437361555500862,0.6933300516859463,iterative_all_layers,bald,lr,18,0.6017720895889737,0.04196406596111257,2.0,
wearing_necktie,0.6323665405632619,0.6580916351408155,iterative_all_layers,bald,lr,18,0.6159730979403111,0.016393442622950838,2.0,
young,0.8540523494165878,0.9521917376222012,iterative_all_layers,bald,lr,18,0.8726900031535794,-0.018637653736991555,2.0,
5_o_clock_shadow,0.5504329333130792,0.5646361841105878,iterative_all_layers,bald,lr,19,0.5632690262798117,-0.012836092966732493,2.0,
arched_eyebrows,0.5669642857142857,0.6586216517857144,iterative_all_layers,bald,lr,19,0.6026785714285714,-0.0357142857142857,2.0,
attractive,0.5,0.5718888441401531,iterative_all_layers,bald,lr,19,0.512766814337495,-0.012766814337495047,2.0,
bags_under_eyes,0.5385537918871253,0.4791534391534391,iterative_all_layers,bald,lr,19,0.5171781305114639,0.02137566137566138,2.0,
bald,0.7265625,0.8543701171875,iterative_all_layers,bald,lr,19,0.73828125,-0.01171875,2.0,
bangs,0.7837283075200596,0.8077999626796044,iterative_all_layers,bald,lr,19,0.7534054860981526,0.03032282142190701,2.0,
big_lips,0.49571952710966166,0.49843728767495576,iterative_all_layers,bald,lr,19,0.4087511890202473,0.08696833808941434,2.0,
big_nose,0.5798285889194981,0.6323232323232323,iterative_all_layers,bald,lr,19,0.5955004591368228,-0.015671870217324746,2.0,
black_hair,0.6322055137844612,0.837562656641604,iterative_all_layers,bald,lr,19,0.6770050125313283,-0.04479949874686706,2.0,
blond_hair,0.8874643874643875,0.945235834124723,iterative_all_layers,bald,lr,19,0.9279835390946503,-0.04051915163026276,2.0,
blurry,0.5505464480874317,0.637636612021858,iterative_all_layers,bald,lr,19,0.7192622950819672,-0.16871584699453546,2.0,
brown_hair,0.6588966588966589,0.7573815073815073,iterative_all_layers,bald,lr,19,0.6794871794871795,-0.020590520590520578,2.0,
bushy_eyebrows,0.5307572729291583,0.5518543193426604,iterative_all_layers,bald,lr,19,0.5391960914945592,-0.008438818565400852,2.0,
chubby,0.558678955453149,0.7008448540706606,iterative_all_layers,bald,lr,19,0.554147465437788,0.004531490015361017,2.0,
double_chin,0.5364583333333334,0.6586100260416667,iterative_all_layers,bald,lr,19,0.5651041666666666,-0.02864583333333326,2.0,
eyeglasses,0.9265048220818091,0.9738111074160293,iterative_all_layers,bald,lr,19,0.9294146990355836,-0.0029098769537745373,2.0,
goatee,0.7898781134075252,0.8779809220985693,iterative_all_layers,bald,lr,19,0.766163222045575,0.023714891361950263,2.0,
gray_hair,0.7515012555955891,0.8153728572988317,iterative_all_layers,bald,lr,19,0.7772136696145868,-0.02571241401899771,2.0,
heavy_makeup,0.47876254180602007,0.4881270903010033,iterative_all_layers,bald,lr,19,0.5255852842809364,-0.04682274247491636,2.0,
high_cheekbones,0.48065476190476186,0.4407242063492063,iterative_all_layers,bald,lr,19,0.48660714285714285,-0.005952380952380987,2.0,
male,0.9878640776699029,0.9897087378640776,iterative_all_layers,bald,lr,19,0.9878640776699029,0.0,2.0,
mouth_slightly_open,0.5393606393606394,0.5464535464535465,iterative_all_layers,bald,lr,19,0.527039627039627,0.012321012321012348,2.0,
mustache,0.7111434578683486,0.8068898592916061,iterative_all_layers,bald,lr,19,0.6675562024907002,0.043587255377648404,2.0,
narrow_eyes,0.5684769775678866,0.5014757969303424,iterative_all_layers,bald,lr,19,0.545159386068477,0.023317591499409596,2.0,
no_beard,0.6442171836103074,0.7086052613873376,iterative_all_layers,bald,lr,19,0.6408531252102536,0.0033640584000538265,2.0,
oval_face,0.5187074829931972,0.5831632653061225,iterative_all_layers,bald,lr,19,0.5212585034013605,-0.0025510204081632404,2.0,
pale_skin,0.5735772357723578,0.575609756097561,iterative_all_layers,bald,lr,19,0.5032520325203252,0.07032520325203251,2.0,
pointy_nose,0.5090365538796032,0.4625628482130724,iterative_all_layers,bald,lr,19,0.5174616116320152,-0.00842505775241198,2.0,
receding_hairline,0.5012515644555695,0.51720901126408,iterative_all_layers,bald,lr,19,0.52049436795995,-0.019242803504380457,2.0,
rosy_cheeks,0.6169590643274854,0.7143499775078722,iterative_all_layers,bald,lr,19,0.6947818263607737,-0.0778227620332883,2.0,
sideburns,0.7011494252873564,0.8108836206896552,iterative_all_layers,bald,lr,19,0.694683908045977,0.006465517241379337,2.0,
smiling,0.7494730118173107,0.9197061641648037,iterative_all_layers,bald,lr,19,0.7955285851165761,-0.04605557329926535,2.0,
straight_hair,0.44273858921161824,0.41991701244813284,iterative_all_layers,bald,lr,19,0.4405255878284924,0.0022130013831258566,2.0,
wavy_hair,0.5533360510938986,0.5389319200978394,iterative_all_layers,bald,lr,19,0.5791547764641934,-0.025818725370294837,2.0,
wearing_earrings,0.785593220338983,0.8603813559322034,iterative_all_layers,bald,lr,19,0.735593220338983,0.050000000000000044,2.0,
wearing_hat,0.9095124536301007,0.980259671436142,iterative_all_layers,bald,lr,19,0.9219660837307896,-0.012453630100688895,2.0,
wearing_lipstick,0.45919845485272814,0.4661999034282955,iterative_all_layers,bald,lr,19,0.45062771607918883,0.00857073877353931,2.0,
wearing_necklace,0.6731479202559685,0.682254491754861,iterative_all_layers,bald,lr,19,0.6017720895889737,0.07137583066699482,2.0,
wearing_necktie,0.6200504413619168,0.6307692307692307,iterative_all_layers,bald,lr,19,0.6159730979403111,0.004077343421605706,2.0,
young,0.8426679280983917,0.9444970040996532,iterative_all_layers,bald,lr,19,0.8726900031535794,-0.030022075055187614,2.0,
5_o_clock_shadow,0.5566610967643931,0.5701048154336928,iterative_all_layers,bald,lr,20,0.5632690262798117,-0.0066079295154185536,2.0,
arched_eyebrows,0.5825892857142857,0.6375558035714285,iterative_all_layers,bald,lr,20,0.6026785714285714,-0.0200892857142857,2.0,
attractive,0.5,0.5374546919049537,iterative_all_layers,bald,lr,20,0.512766814337495,-0.012766814337495047,2.0,
bags_under_eyes,0.5015167548500882,0.45777777777777773,iterative_all_layers,bald,lr,20,0.5171781305114639,-0.01566137566137571,2.0,
bald,0.73046875,0.857666015625,iterative_all_layers,bald,lr,20,0.73828125,-0.0078125,2.0,
bangs,0.7815823847732786,0.8098525844373949,iterative_all_layers,bald,lr,20,0.7534054860981526,0.02817689867512596,2.0,
big_lips,0.5158988993069711,0.5283326538931921,iterative_all_layers,bald,lr,20,0.4087511890202473,0.10714771028672376,2.0,
big_nose,0.5591674318947046,0.6291398836853381,iterative_all_layers,bald,lr,20,0.5955004591368228,-0.03633302724211818,2.0,
black_hair,0.6478696741854637,0.8394423558897244,iterative_all_layers,bald,lr,20,0.6770050125313283,-0.02913533834586457,2.0,
blond_hair,0.9259259259259259,0.949667616334283,iterative_all_layers,bald,lr,20,0.9279835390946503,-0.002057613168724326,2.0,
blurry,0.5525956284153005,0.594603825136612,iterative_all_layers,bald,lr,20,0.7192622950819672,-0.16666666666666663,2.0,
brown_hair,0.6383061383061384,0.7649572649572649,iterative_all_layers,bald,lr,20,0.6794871794871795,-0.041181041181041156,2.0,
bushy_eyebrows,0.5328669775705085,0.5376415722851432,iterative_all_layers,bald,lr,20,0.5391960914945592,-0.006329113924050667,2.0,
chubby,0.5515360983102918,0.7102150537634409,iterative_all_layers,bald,lr,20,0.554147465437788,-0.0026113671274962114,2.0,
double_chin,0.5260416666666666,0.6461588541666667,iterative_all_layers,bald,lr,20,0.5651041666666666,-0.0390625,2.0,
eyeglasses,0.9316594612570668,0.972148320585301,iterative_all_layers,bald,lr,20,0.9294146990355836,0.0022447622214831764,2.0,
goatee,0.7729199788023318,0.8755961844197138,iterative_all_layers,bald,lr,20,0.766163222045575,0.006756756756756799,2.0,
gray_hair,0.7655857626378426,0.8159187684245004,iterative_all_layers,bald,lr,20,0.7772136696145868,-0.011627906976744207,2.0,
heavy_makeup,0.47224080267558527,0.4453177257525084,iterative_all_layers,bald,lr,20,0.5255852842809364,-0.05334448160535116,2.0,
high_cheekbones,0.46924603174603174,0.43520585317460314,iterative_all_layers,bald,lr,20,0.48660714285714285,-0.017361111111111105,2.0,
male,0.9878640776699029,0.9897087378640776,iterative_all_layers,bald,lr,20,0.9878640776699029,0.0,2.0,
mouth_slightly_open,0.5278055278055278,0.5491175491175491,iterative_all_layers,bald,lr,20,0.527039627039627,0.0007659007659007733,2.0,
mustache,0.7340287886139414,0.811903606663432,iterative_all_layers,bald,lr,20,0.6675562024907002,0.06647258612324114,2.0,
narrow_eyes,0.49085005903187723,0.4690082644628099,iterative_all_layers,bald,lr,20,0.545159386068477,-0.0543093270365998,2.0,
no_beard,0.6385992060822175,0.7160061898674561,iterative_all_layers,bald,lr,20,0.6408531252102536,-0.002253919128036075,2.0,
oval_face,0.5187074829931972,0.5956632653061225,iterative_all_layers,bald,lr,20,0.5212585034013605,-0.0025510204081632404,2.0,
pale_skin,0.5715447154471545,0.5670731707317074,iterative_all_layers,bald,lr,20,0.5032520325203252,0.06829268292682922,2.0,
pointy_nose,0.5045522489468678,0.45196358200842507,iterative_all_layers,bald,lr,20,0.5174616116320152,-0.012909362685147419,2.0,
receding_hairline,0.4892052565707134,0.5162703379224031,iterative_all_layers,bald,lr,20,0.52049436795995,-0.03128911138923657,2.0,
rosy_cheeks,0.7300944669365722,0.7606837606837606,iterative_all_layers,bald,lr,20,0.6947818263607737,0.035312640575798526,2.0,
sideburns,0.7054597701149425,0.8063936781609196,iterative_all_layers,bald,lr,20,0.694683908045977,0.010775862068965525,2.0,
smiling,0.7346215266687959,0.9108910891089109,iterative_all_layers,bald,lr,20,0.7955285851165761,-0.060907058447780216,2.0,
straight_hair,0.45103734439834026,0.4171507607192254,iterative_all_layers,bald,lr,20,0.4405255878284924,0.010511756569847874,2.0,
wavy_hair,0.5555782035602663,0.5322734067128686,iterative_all_layers,bald,lr,20,0.5791547764641934,-0.023576572903927118,2.0,
wearing_earrings,0.8004237288135594,0.8802966101694916,iterative_all_layers,bald,lr,20,0.735593220338983,0.06483050847457639,2.0,
wearing_hat,0.9219660837307896,0.9847641759406466,iterative_all_layers,bald,lr,20,0.9219660837307896,0.0,2.0,
wearing_lipstick,0.452317720907774,0.43227909222597777,iterative_all_layers,bald,lr,20,0.45062771607918883,0.0016900048285851677,2.0,
wearing_necklace,0.6500123061777012,0.6807777504307162,iterative_all_layers,bald,lr,20,0.6017720895889737,0.04824021658872757,2.0,
wearing_necktie,0.5790668348045398,0.5738545607398067,iterative_all_layers,bald,lr,20,0.6159730979403111,-0.03690626313577128,2.0,
young,0.8507410911384421,0.9381898454746138,iterative_all_layers,bald,lr,20,0.8726900031535794,-0.021948912015137267,2.0,
5_o_clock_shadow,0.5716998329029318,0.6006380069876956,iterative_all_layers,bald,lr,21,0.5632690262798117,0.008430806623120124,2.0,
arched_eyebrows,0.5647321428571428,0.6286272321428572,iterative_all_layers,bald,lr,21,0.6026785714285714,-0.0379464285714286,2.0,
attractive,0.5,0.4668546113572291,iterative_all_layers,bald,lr,21,0.512766814337495,-0.012766814337495047,2.0,
bags_under_eyes,0.491005291005291,0.4659611992945326,iterative_all_layers,bald,lr,21,0.5171781305114639,-0.026172839506172885,2.0,
bald,0.7265625,0.85980224609375,iterative_all_layers,bald,lr,21,0.73828125,-0.01171875,2.0,
bangs,0.7794364620264975,0.8173166635566338,iterative_all_layers,bald,lr,21,0.7534054860981526,0.026030975928344913,2.0,
big_lips,0.5220818045930153,0.5731757032205462,iterative_all_layers,bald,lr,21,0.4087511890202473,0.11333061557276802,2.0,
big_nose,0.529537802265075,0.580104071013162,iterative_all_layers,bald,lr,21,0.5955004591368228,-0.06596265687174785,2.0,
black_hair,0.6322055137844612,0.855889724310777,iterative_all_layers,bald,lr,21,0.6770050125313283,-0.04479949874686706,2.0,
blond_hair,0.9156378600823045,0.9484013928458372,iterative_all_layers,bald,lr,21,0.9279835390946503,-0.012345679012345734,2.0,
blurry,0.5525956284153005,0.5488387978142076,iterative_all_layers,bald,lr,21,0.7192622950819672,-0.16666666666666663,2.0,
brown_hair,0.6404428904428905,0.7181429681429681,iterative_all_layers,bald,lr,21,0.6794871794871795,-0.03904428904428903,2.0,
bushy_eyebrows,0.5876082611592272,0.6049300466355763,iterative_all_layers,bald,lr,21,0.5391960914945592,0.04841216966466799,2.0,
chubby,0.558678955453149,0.7053763440860216,iterative_all_layers,bald,lr,21,0.554147465437788,0.004531490015361017,2.0,
double_chin,0.5208333333333334,0.6053873697916666,iterative_all_layers,bald,lr,21,0.5651041666666666,-0.04427083333333326,2.0,
eyeglasses,0.9007316262055205,0.9645826405054873,iterative_all_layers,bald,lr,21,0.9294146990355836,-0.028683072830063105,2.0,
goatee,0.7694753577106519,0.8626126126126126,iterative_all_layers,bald,lr,21,0.766163222045575,0.003312135665076932,2.0,
gray_hair,0.7329402773228518,0.76580412708811,iterative_all_layers,bald,lr,21,0.7772136696145868,-0.04427339229173499,2.0,
heavy_makeup,0.4533444816053512,0.4496655518394649,iterative_all_layers,bald,lr,21,0.5255852842809364,-0.07224080267558525,2.0,
high_cheekbones,0.49702380952380953,0.44407242063492064,iterative_all_layers,bald,lr,21,0.48660714285714285,0.010416666666666685,2.0,
male,0.9878640776699029,0.9873786407766991,iterative_all_layers,bald,lr,21,0.9878640776699029,0.0,2.0,
mouth_slightly_open,0.5153180153180154,0.507958707958708,iterative_all_layers,bald,lr,21,0.527039627039627,-0.01172161172161168,2.0,
mustache,0.653404496199256,0.8186964256833251,iterative_all_layers,bald,lr,21,0.6675562024907002,-0.014151706291444244,2.0,
narrow_eyes,0.5637544273907911,0.48051948051948046,iterative_all_layers,bald,lr,21,0.545159386068477,0.018595041322314043,2.0,
no_beard,0.6187512615219001,0.7131130996434099,iterative_all_layers,bald,lr,21,0.6408531252102536,-0.02210186368835354,2.0,
oval_face,0.5039115646258504,0.5672619047619047,iterative_all_layers,bald,lr,21,0.5212585034013605,-0.01734693877551008,2.0,
pale_skin,0.5776422764227642,0.5865853658536586,iterative_all_layers,bald,lr,21,0.5032520325203252,0.07439024390243898,2.0,
pointy_nose,0.47030846582416086,0.38497078407392316,iterative_all_layers,bald,lr,21,0.5174616116320152,-0.047153145807854346,2.0,
receding_hairline,0.46448685857321653,0.4820869837296621,iterative_all_layers,bald,lr,21,0.52049436795995,-0.056007509386733434,2.0,
rosy_cheeks,0.5796221322537112,0.7399910031488979,iterative_all_layers,bald,lr,21,0.6947818263607737,-0.1151596941070625,2.0,
sideburns,0.6688218390804598,0.8180675287356323,iterative_all_layers,bald,lr,21,0.694683908045977,-0.025862068965517238,2.0,
smiling,0.6296071542638135,0.7646758224209518,iterative_all_layers,bald,lr,21,0.7955285851165761,-0.16592143085276256,2.0,
straight_hair,0.41977869986168737,0.4190871369294606,iterative_all_layers,bald,lr,21,0.4405255878284924,-0.020746887966805017,2.0,
wavy_hair,0.50115504824025,0.5169180595189564,iterative_all_layers,bald,lr,21,0.5791547764641934,-0.07799972822394341,2.0,
wearing_earrings,0.8105932203389831,0.863771186440678,iterative_all_layers,bald,lr,21,0.735593220338983,0.07500000000000007,2.0,
wearing_hat,0.9219660837307896,0.976682564917859,iterative_all_layers,bald,lr,21,0.9219660837307896,0.0,2.0,
wearing_lipstick,0.4637856108160309,0.43457267020762913,iterative_all_layers,bald,lr,21,0.45062771607918883,0.01315789473684209,2.0,
wearing_necklace,0.5808515874969234,0.666256460743293,iterative_all_layers,bald,lr,21,0.6017720895889737,-0.02092050209205021,2.0,
wearing_necktie,0.5508617065994115,0.5831862126944094,iterative_all_layers,bald,lr,21,0.6159730979403111,-0.0651113913408996,2.0,
young,0.7708293913591927,0.8797224850204982,iterative_all_layers,bald,lr,21,0.8726900031535794,-0.10186061179438666,2.0,
5_o_clock_shadow,0.5757253531824396,0.5939541242594562,iterative_all_layers,bald,lr,22,0.5632690262798117,0.012456326902627879,2.0,
arched_eyebrows,0.5357142857142857,0.5578962053571429,iterative_all_layers,bald,lr,22,0.6026785714285714,-0.0669642857142857,2.0,
attractive,0.4973821989528796,0.4186870720902135,iterative_all_layers,bald,lr,22,0.512766814337495,-0.015384615384615441,2.0,
bags_under_eyes,0.48003527336860674,0.45791887125220454,iterative_all_layers,bald,lr,22,0.5171781305114639,-0.037142857142857144,2.0,
bald,0.69140625,0.869384765625,iterative_all_layers,bald,lr,22,0.73828125,-0.046875,2.0,
bangs,0.7469677178578094,0.8270199664116439,iterative_all_layers,bald,lr,22,0.7534054860981526,-0.006437768240343256,2.0,
big_lips,0.5955972278842234,0.6337817638266069,iterative_all_layers,bald,lr,22,0.4087511890202473,0.1868460388639761,2.0,
big_nose,0.5282522191613102,0.5455157636975819,iterative_all_layers,bald,lr,22,0.5955004591368228,-0.06724823997551266,2.0,
black_hair,0.7553258145363408,0.8709273182957394,iterative_all_layers,bald,lr,22,0.6770050125313283,0.07832080200501257,2.0,
blond_hair,0.8847736625514404,0.9458689458689459,iterative_all_layers,bald,lr,22,0.9279835390946503,-0.043209876543209846,2.0,
blurry,0.5881147540983607,0.44159836065573765,iterative_all_layers,bald,lr,22,0.7192622950819672,-0.13114754098360648,2.0,
brown_hair,0.5942113442113443,0.7144522144522145,iterative_all_layers,bald,lr,22,0.6794871794871795,-0.08527583527583527,2.0,
bushy_eyebrows,0.6023761936486787,0.6413502109704641,iterative_all_layers,bald,lr,22,0.5391960914945592,0.06318010215411951,2.0,
chubby,0.5764976958525345,0.6729646697388633,iterative_all_layers,bald,lr,22,0.554147465437788,0.022350230414746486,2.0,
double_chin,0.5338541666666666,0.5725911458333334,iterative_all_layers,bald,lr,22,0.5651041666666666,-0.03125,2.0,
eyeglasses,0.8639840372464249,0.9363984037246424,iterative_all_layers,bald,lr,22,0.9294146990355836,-0.06543066178915868,2.0,
goatee,0.7672231054583996,0.8118706942236353,iterative_all_layers,bald,lr,22,0.766163222045575,0.0010598834128245915,2.0,
gray_hair,0.5653455617425484,0.6324926301998034,iterative_all_layers,bald,lr,22,0.7772136696145868,-0.21186810787203847,2.0,
heavy_makeup,0.48595317725752507,0.4953177257525084,iterative_all_layers,bald,lr,22,0.5255852842809364,-0.039632107023411356,2.0,
high_cheekbones,0.5074404761904762,0.4321676587301587,iterative_all_layers,bald,lr,22,0.48660714285714285,0.020833333333333315,2.0,
male,0.970873786407767,0.9829126213592233,iterative_all_layers,bald,lr,22,0.9878640776699029,-0.016990291262135915,2.0,
mouth_slightly_open,0.47952047952047955,0.5038961038961038,iterative_all_layers,bald,lr,22,0.527039627039627,-0.04751914751914749,2.0,
mustache,0.7219796215429404,0.7832767265081675,iterative_all_layers,bald,lr,22,0.6675562024907002,0.05442341905224013,2.0,
narrow_eyes,0.46015348288075564,0.4315230224321134,iterative_all_layers,bald,lr,22,0.545159386068477,-0.08500590318772139,2.0,
no_beard,0.6221153199219538,0.7118347574513895,iterative_all_layers,bald,lr,22,0.6408531252102536,-0.018737805288299825,2.0,
oval_face,0.5032312925170068,0.5493197278911565,iterative_all_layers,bald,lr,22,0.5212585034013605,-0.01802721088435366,2.0,
pale_skin,0.5878048780487805,0.7020325203252032,iterative_all_layers,bald,lr,22,0.5032520325203252,0.08455284552845521,2.0,
pointy_nose,0.4439461883408072,0.34420437559451017,iterative_all_layers,bald,lr,22,0.5174616116320152,-0.07351542329120803,2.0,
receding_hairline,0.49295994993742176,0.5183823529411764,iterative_all_layers,bald,lr,22,0.52049436795995,-0.027534418022528206,2.0,
rosy_cheeks,0.6956815114709851,0.7219973009446694,iterative_all_layers,bald,lr,22,0.6947818263607737,0.0008996851102114345,2.0,
sideburns,0.6408045977011494,0.7916666666666666,iterative_all_layers,bald,lr,22,0.694683908045977,-0.053879310344827624,2.0,
smiling,0.6328329607154264,0.7662727563078888,iterative_all_layers,bald,lr,22,0.7955285851165761,-0.1626956244011497,2.0,
straight_hair,0.42600276625172895,0.4149377593360996,iterative_all_layers,bald,lr,22,0.4405255878284924,-0.014522821576763434,2.0,
wavy_hair,0.5376409838293247,0.5430085609457806,iterative_all_layers,bald,lr,22,0.5791547764641934,-0.04151379263486876,2.0,
wearing_earrings,0.7436440677966102,0.7959745762711865,iterative_all_layers,bald,lr,22,0.735593220338983,0.008050847457627186,2.0,
wearing_hat,0.8994435612082671,0.9630365659777425,iterative_all_layers,bald,lr,22,0.9219660837307896,-0.022522522522522515,2.0,
wearing_lipstick,0.4558184451955577,0.4453162723322066,iterative_all_layers,bald,lr,22,0.45062771607918883,0.005190729116368864,2.0,
wearing_necklace,0.6502584297317253,0.7024366231848388,iterative_all_layers,bald,lr,22,0.6017720895889737,0.04848634014275166,2.0,
wearing_necktie,0.5436738125262716,0.5546868432114334,iterative_all_layers,bald,lr,22,0.6159730979403111,-0.07229928541403952,2.0,
young,0.6816146326080101,0.7536423841059603,iterative_all_layers,bald,lr,22,0.8726900031535794,-0.19107537054556922,2.0,
5_o_clock_shadow,0.5243809813155096,0.5180009114385539,iterative_all_layers,bald,lr,23,0.5632690262798117,-0.03888804496430209,2.0,
arched_eyebrows,0.47098214285714285,0.4352678571428571,iterative_all_layers,bald,lr,23,0.6026785714285714,-0.13169642857142855,2.0,
attractive,0.49214659685863876,0.4120016109544906,iterative_all_layers,bald,lr,23,0.512766814337495,-0.020620217478856284,2.0,
bags_under_eyes,0.517636684303351,0.45185185185185184,iterative_all_layers,bald,lr,23,0.5171781305114639,0.0004585537918870841,2.0,
bald,0.4765625,0.40924072265625,iterative_all_layers,bald,lr,23,0.73828125,-0.26171875,2.0,
bangs,0.508117186042172,0.5439447658145177,iterative_all_layers,bald,lr,23,0.7534054860981526,-0.24528830005598057,2.0,
big_lips,0.4850523168908819,0.5014268242967794,iterative_all_layers,bald,lr,23,0.4087511890202473,0.07630112787063459,2.0,
big_nose,0.48536883991429447,0.4853382307927762,iterative_all_layers,bald,lr,23,0.5955004591368228,-0.11013161922252834,2.0,
black_hair,0.47431077694235585,0.5473057644110275,iterative_all_layers,bald,lr,23,0.6770050125313283,-0.20269423558897243,2.0,
blond_hair,0.40329218106995884,0.49730927508705286,iterative_all_layers,bald,lr,23,0.9279835390946503,-0.5246913580246915,2.0,
blurry,0.5443989071038251,0.46482240437158473,iterative_all_layers,bald,lr,23,0.7192622950819672,-0.17486338797814205,2.0,
brown_hair,0.5153457653457654,0.5165112665112666,iterative_all_layers,bald,lr,23,0.6794871794871795,-0.16414141414141414,2.0,
bushy_eyebrows,0.596047079724628,0.5816122584943371,iterative_all_layers,bald,lr,23,0.5391960914945592,0.056850988230068844,2.0,
chubby,0.5389400921658986,0.5513824884792626,iterative_all_layers,bald,lr,23,0.554147465437788,-0.01520737327188948,2.0,
double_chin,0.5052083333333334,0.477783203125,iterative_all_layers,bald,lr,23,0.5651041666666666,-0.05989583333333326,2.0,
eyeglasses,0.49018955769870304,0.48594945128034583,iterative_all_layers,bald,lr,23,0.9294146990355836,-0.43922514133688056,2.0,
goatee,0.47217806041335453,0.4858240593534711,iterative_all_layers,bald,lr,23,0.766163222045575,-0.29398516163222044,2.0,
gray_hair,0.330003275466754,0.30778469265203623,iterative_all_layers,bald,lr,23,0.7772136696145868,-0.4472103941478328,2.0,
heavy_makeup,0.5709030100334448,0.531438127090301,iterative_all_layers,bald,lr,23,0.5255852842809364,0.045317725752508364,2.0,
high_cheekbones,0.4513888888888889,0.47216021825396826,iterative_all_layers,bald,lr,23,0.48660714285714285,-0.035218253968253954,2.0,
male,0.4162135922330097,0.5683495145631068,iterative_all_layers,bald,lr,23,0.9878640776699029,-0.5716504854368932,2.0,
mouth_slightly_open,0.5022311022311022,0.4728604728604729,iterative_all_layers,bald,lr,23,0.527039627039627,-0.0248085248085248,2.0,
mustache,0.4147662946789584,0.45398673782953264,iterative_all_layers,bald,lr,23,0.6675562024907002,-0.2527899078117418,2.0,
narrow_eyes,0.3857733175914994,0.35212514757969304,iterative_all_layers,bald,lr,23,0.545159386068477,-0.15938606847697762,2.0,
no_beard,0.49818340846397097,0.4957276458319317,iterative_all_layers,bald,lr,23,0.6408531252102536,-0.14266971674628265,2.0,
oval_face,0.5020408163265306,0.5012755102040816,iterative_all_layers,bald,lr,23,0.5212585034013605,-0.019217687074829848,2.0,
pale_skin,0.47764227642276424,0.5817073170731708,iterative_all_layers,bald,lr,23,0.5032520325203252,-0.025609756097561,2.0,
pointy_nose,0.4478869411604837,0.45807854328033704,iterative_all_layers,bald,lr,23,0.5174616116320152,-0.06957467047153149,2.0,
receding_hairline,0.38501251564455563,0.3280663329161452,iterative_all_layers,bald,lr,23,0.52049436795995,-0.13548185231539434,2.0,
rosy_cheeks,0.38461538461538464,0.4062078272604588,iterative_all_layers,bald,lr,23,0.6947818263607737,-0.31016644174538904,2.0,
sideburns,0.4353448275862069,0.4692887931034483,iterative_all_layers,bald,lr,23,0.694683908045977,-0.2593390804597701,2.0,
smiling,0.5093580325774513,0.4389013094857873,iterative_all_layers,bald,lr,23,0.7955285851165761,-0.2861705525391248,2.0,
straight_hair,0.4842323651452282,0.4937759336099585,iterative_all_layers,bald,lr,23,0.4405255878284924,0.043706777316735834,2.0,
wavy_hair,0.47927707568963174,0.4333469221361598,iterative_all_layers,bald,lr,23,0.5791547764641934,-0.0998777007745617,2.0,
wearing_earrings,0.5144067796610169,0.5213983050847457,iterative_all_layers,bald,lr,23,0.735593220338983,-0.2211864406779661,2.0,
wearing_hat,0.5523317435082141,0.6925013248542661,iterative_all_layers,bald,lr,23,0.9219660837307896,-0.36963434022257546,2.0,
wearing_lipstick,0.5193143408981169,0.48563495895702563,iterative_all_layers,bald,lr,23,0.45062771607918883,0.06868662481892807,2.0,
wearing_necklace,0.45692837804577896,0.4841250307654443,iterative_all_layers,bald,lr,23,0.6017720895889737,-0.1448437115431947,2.0,
wearing_necktie,0.4919714165615805,0.469693148381673,iterative_all_layers,bald,lr,23,0.6159730979403111,-0.12400168137873058,2.0,
young,0.35745821507410913,0.312961210974456,iterative_all_layers,bald,lr,23,0.8726900031535794,-0.5152317880794702,2.0,
5_o_clock_shadow,0.5588637399361993,0.5805863588029774,iterative_all_layers,bald,pclarc,0,0.5632690262798117,-0.004405286343612369,2.0,
arched_eyebrows,0.59375,0.6178850446428571,iterative_all_layers,bald,pclarc,0,0.6026785714285714,-0.008928571428571397,2.0,
attractive,0.512766814337495,0.6450261780104712,iterative_all_layers,bald,pclarc,0,0.512766814337495,0.0,2.0,
bags_under_eyes,0.5171781305114639,0.4993298059964727,iterative_all_layers,bald,pclarc,0,0.5171781305114639,0.0,2.0,
bald,0.7421875,0.85491943359375,iterative_all_layers,bald,pclarc,0,0.73828125,0.00390625,2.0,
bangs,0.7576973315917148,0.8083597686135474,iterative_all_layers,bald,pclarc,0,0.7534054860981526,0.0042918454935622075,2.0,
big_lips,0.4065090365538796,0.44516918059518956,iterative_all_layers,bald,pclarc,0,0.4087511890202473,-0.0022421524663677195,2.0,
big_nose,0.5955004591368228,0.657790021426385,iterative_all_layers,bald,pclarc,0,0.5955004591368228,0.0,2.0,
black_hair,0.6770050125313283,0.8607456140350878,iterative_all_layers,bald,pclarc,0,0.6770050125313283,0.0,2.0,
blond_hair,0.9279835390946503,0.9582146248812915,iterative_all_layers,bald,pclarc,0,0.9279835390946503,0.0,2.0,
blurry,0.7172131147540983,0.7397540983606556,iterative_all_layers,bald,pclarc,0,0.7192622950819672,-0.002049180327868827,2.0,
brown_hair,0.6752136752136753,0.8593628593628594,iterative_all_layers,bald,pclarc,0,0.6794871794871795,-0.004273504273504258,2.0,
bushy_eyebrows,0.537086386853209,0.5069953364423717,iterative_all_layers,bald,pclarc,0,0.5391960914945592,-0.002109704641350185,2.0,
chubby,0.5639784946236559,0.7102150537634409,iterative_all_layers,bald,pclarc,0,0.554147465437788,0.009831029185867868,2.0,
double_chin,0.5494791666666666,0.6697591145833334,iterative_all_layers,bald,pclarc,0,0.5651041666666666,-0.015625,2.0,
eyeglasses,0.9294146990355836,0.9752244762221484,iterative_all_layers,bald,pclarc,0,0.9294146990355836,0.0,2.0,
goatee,0.7831213566507684,0.8594329623741388,iterative_all_layers,bald,pclarc,0,0.766163222045575,0.016958134605193464,2.0,
gray_hair,0.7772136696145868,0.8797903701277432,iterative_all_layers,bald,pclarc,0,0.7772136696145868,0.0,2.0,
heavy_makeup,0.529933110367893,0.5662207357859532,iterative_all_layers,bald,pclarc,0,0.5255852842809364,0.004347826086956608,2.0,
high_cheekbones,0.48660714285714285,0.41269841269841273,iterative_all_layers,bald,pclarc,0,0.48660714285714285,0.0,2.0,
male,0.9878640776699029,0.9893203883495146,iterative_all_layers,bald,pclarc,0,0.9878640776699029,0.0,2.0,
mouth_slightly_open,0.5245754245754246,0.5479187479187478,iterative_all_layers,bald,pclarc,0,0.527039627039627,-0.002464202464202425,2.0,
mustache,0.6882581271227559,0.7334627203622837,iterative_all_layers,bald,pclarc,0,0.6675562024907002,0.020701924632055668,2.0,
narrow_eyes,0.5430932703659976,0.5351239669421488,iterative_all_layers,bald,pclarc,0,0.545159386068477,-0.0020661157024793875,2.0,
no_beard,0.6438471371863015,0.6966292134831461,iterative_all_layers,bald,pclarc,0,0.6408531252102536,0.0029940119760478723,2.0,
oval_face,0.5212585034013605,0.5777210884353742,iterative_all_layers,bald,pclarc,0,0.5212585034013605,0.0,2.0,
pale_skin,0.5032520325203252,0.6056910569105691,iterative_all_layers,bald,pclarc,0,0.5032520325203252,0.0,2.0,
pointy_nose,0.5197037640983829,0.5390678081261041,iterative_all_layers,bald,pclarc,0,0.5174616116320152,0.0022421524663677195,2.0,
receding_hairline,0.5131414267834793,0.5501408010012515,iterative_all_layers,bald,pclarc,0,0.52049436795995,-0.007352941176470673,2.0,
rosy_cheeks,0.6947818263607737,0.7777777777777777,iterative_all_layers,bald,pclarc,0,0.6947818263607737,0.0,2.0,
sideburns,0.6968390804597702,0.7966954022988506,iterative_all_layers,bald,pclarc,0,0.694683908045977,0.0021551724137931494,2.0,
smiling,0.800479080166081,0.9461513893324817,iterative_all_layers,bald,pclarc,0,0.7955285851165761,0.004950495049504955,2.0,
straight_hair,0.47385892116182576,0.44785615491009684,iterative_all_layers,bald,pclarc,0,0.4405255878284924,0.03333333333333338,2.0,
wavy_hair,0.5791547764641934,0.5841826335099878,iterative_all_layers,bald,pclarc,0,0.5791547764641934,0.0,2.0,
wearing_earrings,0.7063559322033899,0.8516949152542374,iterative_all_layers,bald,pclarc,0,0.735593220338983,-0.02923728813559312,2.0,
wearing_hat,0.9219660837307896,0.9806571277159513,iterative_all_layers,bald,pclarc,0,0.9219660837307896,0.0,2.0,
wearing_lipstick,0.45521487204249156,0.49167069048768713,iterative_all_layers,bald,pclarc,0,0.45062771607918883,0.004587155963302725,2.0,
wearing_necklace,0.5975879891705637,0.6610878661087867,iterative_all_layers,bald,pclarc,0,0.6017720895889737,-0.004184100418409997,2.0,
wearing_necktie,0.626733921815889,0.6636401849516603,iterative_all_layers,bald,pclarc,0,0.6159730979403111,0.010760823875577974,2.0,
young,0.8726900031535794,0.9489120151371807,iterative_all_layers,bald,pclarc,0,0.8726900031535794,0.0,2.0,
5_o_clock_shadow,0.5588637399361993,0.5840802065927388,iterative_all_layers,bald,pclarc,1,0.5632690262798117,-0.004405286343612369,2.0,
arched_eyebrows,0.5915178571428572,0.6181640625,iterative_all_layers,bald,pclarc,1,0.6026785714285714,-0.01116071428571419,2.0,
attractive,0.512766814337495,0.6443817962142571,iterative_all_layers,bald,pclarc,1,0.512766814337495,0.0,2.0,
bags_under_eyes,0.514320987654321,0.49841269841269836,iterative_all_layers,bald,pclarc,1,0.5171781305114639,-0.0028571428571428914,2.0,
bald,0.734375,0.8553466796875,iterative_all_layers,bald,pclarc,1,0.73828125,-0.00390625,2.0,
bangs,0.759843254338496,0.8076133607016235,iterative_all_layers,bald,pclarc,1,0.7534054860981526,0.006437768240343367,2.0,
big_lips,0.4065090365538796,0.44503329256692487,iterative_all_layers,bald,pclarc,1,0.4087511890202473,-0.0022421524663677195,2.0,
big_nose,0.5955004591368228,0.6565656565656567,iterative_all_layers,bald,pclarc,1,0.5955004591368228,0.0,2.0,
black_hair,0.6770050125313283,0.8587092731829574,iterative_all_layers,bald,pclarc,1,0.6770050125313283,0.0,2.0,
blond_hair,0.9259259259259259,0.9585311807534029,iterative_all_layers,bald,pclarc,1,0.9279835390946503,-0.002057613168724326,2.0,
blurry,0.7192622950819672,0.7397540983606558,iterative_all_layers,bald,pclarc,1,0.7192622950819672,0.0,2.0,
brown_hair,0.6752136752136753,0.8585858585858586,iterative_all_layers,bald,pclarc,1,0.6794871794871795,-0.004273504273504258,2.0,
bushy_eyebrows,0.537086386853209,0.5074394847879191,iterative_all_layers,bald,pclarc,1,0.5391960914945592,-0.002109704641350185,2.0,
chubby,0.5639784946236559,0.7094470046082949,iterative_all_layers,bald,pclarc,1,0.554147465437788,0.009831029185867868,2.0,
double_chin,0.5546875,0.6709798177083333,iterative_all_layers,bald,pclarc,1,0.5651041666666666,-0.01041666666666663,2.0,
eyeglasses,0.9319920186232125,0.9749750581975392,iterative_all_layers,bald,pclarc,1,0.9294146990355836,0.002577319587628857,2.0,
goatee,0.7706677265500795,0.8608903020667726,iterative_all_layers,bald,pclarc,1,0.766163222045575,0.0045045045045045695,2.0,
gray_hair,0.7772136696145868,0.878152636750737,iterative_all_layers,bald,pclarc,1,0.7772136696145868,0.0,2.0,
heavy_makeup,0.529933110367893,0.5667224080267559,iterative_all_layers,bald,pclarc,1,0.5255852842809364,0.004347826086956608,2.0,
high_cheekbones,0.48660714285714285,0.41245039682539686,iterative_all_layers,bald,pclarc,1,0.48660714285714285,0.0,2.0,
male,0.9878640776699029,0.9893203883495146,iterative_all_layers,bald,pclarc,1,0.9878640776699029,0.0,2.0,
mouth_slightly_open,0.5215451215451216,0.5473193473193473,iterative_all_layers,bald,pclarc,1,0.527039627039627,-0.005494505494505475,2.0,
mustache,0.6675562024907002,0.7363739285136666,iterative_all_layers,bald,pclarc,1,0.6675562024907002,0.0,2.0,
narrow_eyes,0.5410271546635184,0.5377804014167651,iterative_all_layers,bald,pclarc,1,0.545159386068477,-0.004132231404958664,2.0,
no_beard,0.6438471371863015,0.6970329004911525,iterative_all_layers,bald,pclarc,1,0.6408531252102536,0.0029940119760478723,2.0,
oval_face,0.5238095238095238,0.574234693877551,iterative_all_layers,bald,pclarc,1,0.5212585034013605,0.0025510204081633514,2.0,
pale_skin,0.5052845528455284,0.5991869918699186,iterative_all_layers,bald,pclarc,1,0.5032520325203252,0.00203252032520318,2.0,
pointy_nose,0.5348552792498981,0.5393395841826336,iterative_all_layers,bald,pclarc,1,0.5174616116320152,0.017393667617882858,2.0,
receding_hairline,0.5158010012515645,0.5493585732165206,iterative_all_layers,bald,pclarc,1,0.52049436795995,-0.0046933667083854935,2.0,
rosy_cheeks,0.6907332433648223,0.7746288798920378,iterative_all_layers,bald,pclarc,1,0.6947818263607737,-0.004048582995951344,2.0,
sideburns,0.6925287356321839,0.7986709770114943,iterative_all_layers,bald,pclarc,1,0.694683908045977,-0.0021551724137931494,2.0,
smiling,0.7955285851165761,0.9457042478441393,iterative_all_layers,bald,pclarc,1,0.7955285851165761,0.0,2.0,
straight_hair,0.4384508990318119,0.4503457814661134,iterative_all_layers,bald,pclarc,1,0.4405255878284924,-0.0020746887966804906,2.0,
wavy_hair,0.5769126239978258,0.5832314173121349,iterative_all_layers,bald,pclarc,1,0.5791547764641934,-0.0022421524663676085,2.0,
wearing_earrings,0.7313559322033898,0.8552966101694915,iterative_all_layers,bald,pclarc,1,0.735593220338983,-0.004237288135593209,2.0,
wearing_hat,0.9219660837307896,0.9810545839957605,iterative_all_layers,bald,pclarc,1,0.9219660837307896,0.0,2.0,
wearing_lipstick,0.45521487204249156,0.48949782713664897,iterative_all_layers,bald,pclarc,1,0.45062771607918883,0.004587155963302725,2.0,
wearing_necklace,0.5702682746738863,0.6628107309869554,iterative_all_layers,bald,pclarc,1,0.6017720895889737,-0.03150381491508736,2.0,
wearing_necktie,0.626733921815889,0.6662463219840269,iterative_all_layers,bald,pclarc,1,0.6159730979403111,0.010760823875577974,2.0,
young,0.8774519079154841,0.9489750867234311,iterative_all_layers,bald,pclarc,1,0.8726900031535794,0.004761904761904745,2.0,
5_o_clock_shadow,0.5394197174540483,0.578459668843992,iterative_all_layers,bald,pclarc,2,0.5632690262798117,-0.023849308825763416,2.0,
arched_eyebrows,0.5915178571428572,0.6203962053571428,iterative_all_layers,bald,pclarc,2,0.6026785714285714,-0.01116071428571419,2.0,
attractive,0.512766814337495,0.6440596053161498,iterative_all_layers,bald,pclarc,2,0.512766814337495,0.0,2.0,
bags_under_eyes,0.511005291005291,0.4980599647266314,iterative_all_layers,bald,pclarc,2,0.5171781305114639,-0.006172839506172867,2.0,
bald,0.734375,0.853271484375,iterative_all_layers,bald,pclarc,2,0.73828125,-0.00390625,2.0,
bangs,0.7576973315917148,0.8109721963052808,iterative_all_layers,bald,pclarc,2,0.7534054860981526,0.0042918454935622075,2.0,
big_lips,0.4087511890202473,0.4477510531322191,iterative_all_layers,bald,pclarc,2,0.4087511890202473,0.0,2.0,
big_nose,0.5955004591368228,0.6572390572390573,iterative_all_layers,bald,pclarc,2,0.5955004591368228,0.0,2.0,
black_hair,0.6791979949874687,0.8591791979949874,iterative_all_layers,bald,pclarc,2,0.6770050125313283,0.002192982456140413,2.0,
blond_hair,0.9238683127572016,0.9585311807534029,iterative_all_layers,bald,pclarc,2,0.9279835390946503,-0.004115226337448652,2.0,
blurry,0.7172131147540983,0.7476092896174864,iterative_all_layers,bald,pclarc,2,0.7192622950819672,-0.002049180327868827,2.0,
brown_hair,0.670940170940171,0.8591686091686092,iterative_all_layers,bald,pclarc,2,0.6794871794871795,-0.008547008547008517,2.0,
bushy_eyebrows,0.537086386853209,0.5092160781701087,iterative_all_layers,bald,pclarc,2,0.5391960914945592,-0.002109704641350185,2.0,
chubby,0.5568356374807988,0.7093701996927804,iterative_all_layers,bald,pclarc,2,0.554147465437788,0.0026881720430107503,2.0,
double_chin,0.5625,0.66943359375,iterative_all_layers,bald,pclarc,2,0.5651041666666666,-0.0026041666666666297,2.0,
eyeglasses,0.9294146990355836,0.9761390089790488,iterative_all_layers,bald,pclarc,2,0.9294146990355836,0.0,2.0,
goatee,0.7706677265500795,0.8581081081081081,iterative_all_layers,bald,pclarc,2,0.766163222045575,0.0045045045045045695,2.0,
gray_hair,0.7772136696145868,0.8777159078502019,iterative_all_layers,bald,pclarc,2,0.7772136696145868,0.0,2.0,
heavy_makeup,0.5255852842809364,0.5678929765886287,iterative_all_layers,bald,pclarc,2,0.5255852842809364,0.0,2.0,
high_cheekbones,0.48660714285714285,0.4071180555555556,iterative_all_layers,bald,pclarc,2,0.48660714285714285,0.0,2.0,
male,0.9878640776699029,0.9898058252427185,iterative_all_layers,bald,pclarc,2,0.9878640776699029,0.0,2.0,
mouth_slightly_open,0.524009324009324,0.5481851481851482,iterative_all_layers,bald,pclarc,2,0.527039627039627,-0.00303030303030305,2.0,
mustache,0.6675562024907002,0.7311984473556526,iterative_all_layers,bald,pclarc,2,0.6675562024907002,0.0,2.0,
narrow_eyes,0.5430932703659976,0.5345336481700118,iterative_all_layers,bald,pclarc,2,0.545159386068477,-0.0020661157024793875,2.0,
no_beard,0.6438471371863015,0.6971001816591536,iterative_all_layers,bald,pclarc,2,0.6408531252102536,0.0029940119760478723,2.0,
oval_face,0.5212585034013605,0.5738945578231293,iterative_all_layers,bald,pclarc,2,0.5212585034013605,0.0,2.0,
pale_skin,0.5052845528455284,0.6089430894308943,iterative_all_layers,bald,pclarc,2,0.5032520325203252,0.00203252032520318,2.0,
pointy_nose,0.5197037640983829,0.5427367848892513,iterative_all_layers,bald,pclarc,2,0.5174616116320152,0.0022421524663677195,2.0,
receding_hairline,0.5151752190237797,0.550531914893617,iterative_all_layers,bald,pclarc,2,0.52049436795995,-0.005319148936170248,2.0,
rosy_cheeks,0.692757534862798,0.7858749437696806,iterative_all_layers,bald,pclarc,2,0.6947818263607737,-0.002024291497975672,2.0,
sideburns,0.694683908045977,0.799030172413793,iterative_all_layers,bald,pclarc,2,0.694683908045977,0.0,2.0,
smiling,0.7955285851165761,0.9450654742893644,iterative_all_layers,bald,pclarc,2,0.7955285851165761,0.0,2.0,
straight_hair,0.47385892116182576,0.45421853388658373,iterative_all_layers,bald,pclarc,2,0.4405255878284924,0.03333333333333338,2.0,
wavy_hair,0.5746704715314581,0.5806495447751053,iterative_all_layers,bald,pclarc,2,0.5791547764641934,-0.004484304932735328,2.0,
wearing_earrings,0.7313559322033898,0.8586864406779661,iterative_all_layers,bald,pclarc,2,0.735593220338983,-0.004237288135593209,2.0,
wearing_hat,0.9366719660837308,0.9813195548489666,iterative_all_layers,bald,pclarc,2,0.9219660837307896,0.014705882352941235,2.0,
wearing_lipstick,0.4529212940608402,0.4896185417672622,iterative_all_layers,bald,pclarc,2,0.45062771607918883,0.0022935779816513624,2.0,
wearing_necklace,0.6017720895889737,0.6684715727295103,iterative_all_layers,bald,pclarc,2,0.6017720895889737,0.0,2.0,
wearing_necktie,0.6323665405632619,0.6754098360655738,iterative_all_layers,bald,pclarc,2,0.6159730979403111,0.016393442622950838,2.0,
young,0.8822138126773889,0.9484705140334279,iterative_all_layers,bald,pclarc,2,0.8726900031535794,0.00952380952380949,2.0,
5_o_clock_shadow,0.5438250037976606,0.5731429439465289,iterative_all_layers,bald,pclarc,3,0.5632690262798117,-0.019444022482151047,2.0,
arched_eyebrows,0.5915178571428572,0.6238839285714286,iterative_all_layers,bald,pclarc,3,0.6026785714285714,-0.01116071428571419,2.0,
attractive,0.512766814337495,0.6443817962142568,iterative_all_layers,bald,pclarc,3,0.512766814337495,0.0,2.0,
bags_under_eyes,0.511005291005291,0.49918871252204583,iterative_all_layers,bald,pclarc,3,0.5171781305114639,-0.006172839506172867,2.0,
bald,0.734375,0.85406494140625,iterative_all_layers,bald,pclarc,3,0.73828125,-0.00390625,2.0,
bangs,0.7576973315917148,0.810225788393357,iterative_all_layers,bald,pclarc,3,0.7534054860981526,0.0042918454935622075,2.0,
big_lips,0.41099334148661504,0.44924582144313085,iterative_all_layers,bald,pclarc,3,0.4087511890202473,0.0022421524663677195,2.0,
big_nose,0.5955004591368228,0.65564738292011,iterative_all_layers,bald,pclarc,3,0.5955004591368228,0.0,2.0,
black_hair,0.6770050125313283,0.8576127819548872,iterative_all_layers,bald,pclarc,3,0.6770050125313283,0.0,2.0,
blond_hair,0.9238683127572016,0.9582146248812915,iterative_all_layers,bald,pclarc,3,0.9279835390946503,-0.004115226337448652,2.0,
blurry,0.7172131147540983,0.7431693989071038,iterative_all_layers,bald,pclarc,3,0.7192622950819672,-0.002049180327868827,2.0,
brown_hair,0.670940170940171,0.858974358974359,iterative_all_layers,bald,pclarc,3,0.6794871794871795,-0.008547008547008517,2.0,
bushy_eyebrows,0.5391960914945592,0.5083277814790139,iterative_all_layers,bald,pclarc,3,0.5391960914945592,0.0,2.0,
chubby,0.5568356374807988,0.7099078341013825,iterative_all_layers,bald,pclarc,3,0.554147465437788,0.0026881720430107503,2.0,
double_chin,0.5598958333333334,0.6691894531250001,iterative_all_layers,bald,pclarc,3,0.5651041666666666,-0.005208333333333259,2.0,
eyeglasses,0.9345693382108413,0.9761390089790488,iterative_all_layers,bald,pclarc,3,0.9294146990355836,0.005154639175257714,2.0,
goatee,0.7684154742978273,0.8581081081081081,iterative_all_layers,bald,pclarc,3,0.766163222045575,0.0022522522522523403,2.0,
gray_hair,0.7772136696145868,0.8777159078502019,iterative_all_layers,bald,pclarc,3,0.7772136696145868,0.0,2.0,
heavy_makeup,0.529933110367893,0.5680602006688963,iterative_all_layers,bald,pclarc,3,0.5255852842809364,0.004347826086956608,2.0,
high_cheekbones,0.49454365079365076,0.40811011904761907,iterative_all_layers,bald,pclarc,3,0.48660714285714285,0.007936507936507908,2.0,
male,0.9878640776699029,0.9899029126213592,iterative_all_layers,bald,pclarc,3,0.9878640776699029,0.0,2.0,
mouth_slightly_open,0.5185148185148185,0.5482517482517483,iterative_all_layers,bald,pclarc,3,0.527039627039627,-0.008524808524808525,2.0,
mustache,0.6675562024907002,0.7355652595827268,iterative_all_layers,bald,pclarc,3,0.6675562024907002,0.0,2.0,
narrow_eyes,0.545159386068477,0.5357142857142857,iterative_all_layers,bald,pclarc,3,0.545159386068477,0.0,2.0,
no_beard,0.6438471371863015,0.6976384310031621,iterative_all_layers,bald,pclarc,3,0.6408531252102536,0.0029940119760478723,2.0,
oval_face,0.5187074829931972,0.5780612244897959,iterative_all_layers,bald,pclarc,3,0.5212585034013605,-0.0025510204081632404,2.0,
pale_skin,0.5052845528455284,0.609349593495935,iterative_all_layers,bald,pclarc,3,0.5032520325203252,0.00203252032520318,2.0,
pointy_nose,0.5197037640983829,0.5362141595325451,iterative_all_layers,bald,pclarc,3,0.5174616116320152,0.0022421524663677195,2.0,
receding_hairline,0.5125156445556946,0.5506883604505632,iterative_all_layers,bald,pclarc,3,0.52049436795995,-0.007978723404255317,2.0,
rosy_cheeks,0.692757534862798,0.7854251012145749,iterative_all_layers,bald,pclarc,3,0.6947818263607737,-0.002024291497975672,2.0,
sideburns,0.6968390804597702,0.7970545977011495,iterative_all_layers,bald,pclarc,3,0.694683908045977,0.0021551724137931494,2.0,
smiling,0.800479080166081,0.9452571063557969,iterative_all_layers,bald,pclarc,3,0.7955285851165761,0.004950495049504955,2.0,
straight_hair,0.47385892116182576,0.45615491009681886,iterative_all_layers,bald,pclarc,3,0.4405255878284924,0.03333333333333338,2.0,
wavy_hair,0.5746704715314581,0.5849979616795761,iterative_all_layers,bald,pclarc,3,0.5791547764641934,-0.004484304932735328,2.0,
wearing_earrings,0.7292372881355932,0.860593220338983,iterative_all_layers,bald,pclarc,3,0.735593220338983,-0.006355932203389814,2.0,
wearing_hat,0.9366719660837308,0.9811870694223636,iterative_all_layers,bald,pclarc,3,0.9219660837307896,0.014705882352941235,2.0,
wearing_lipstick,0.45521487204249156,0.49082568807339444,iterative_all_layers,bald,pclarc,3,0.45062771607918883,0.004587155963302725,2.0,
wearing_necklace,0.5996800393797687,0.6682254491754861,iterative_all_layers,bald,pclarc,3,0.6017720895889737,-0.0020920502092049986,2.0,
wearing_necktie,0.6323665405632619,0.6770912147961329,iterative_all_layers,bald,pclarc,3,0.6159730979403111,0.016393442622950838,2.0,
young,0.8822138126773889,0.9485966572059287,iterative_all_layers,bald,pclarc,3,0.8726900031535794,0.00952380952380949,2.0,
5_o_clock_shadow,0.5416223606258544,0.5720795989670364,iterative_all_layers,bald,pclarc,4,0.5632690262798117,-0.02164666565395723,2.0,
arched_eyebrows,0.5915178571428572,0.6205357142857143,iterative_all_layers,bald,pclarc,4,0.6026785714285714,-0.01116071428571419,2.0,
attractive,0.512766814337495,0.642931937172775,iterative_all_layers,bald,pclarc,4,0.512766814337495,0.0,2.0,
bags_under_eyes,0.514320987654321,0.5027865961199295,iterative_all_layers,bald,pclarc,4,0.5171781305114639,-0.0028571428571428914,2.0,
bald,0.73828125,0.853515625,iterative_all_layers,bald,pclarc,4,0.73828125,0.0,2.0,
bangs,0.7555514088449338,0.8120918081731667,iterative_all_layers,bald,pclarc,4,0.7534054860981526,0.0021459227467811592,2.0,
big_lips,0.4154776464193505,0.4465280608778367,iterative_all_layers,bald,pclarc,4,0.4087511890202473,0.006726457399103158,2.0,
big_nose,0.5913682277318641,0.6589531680440771,iterative_all_layers,bald,pclarc,4,0.5955004591368228,-0.004132231404958664,2.0,
black_hair,0.6770050125313283,0.8579260651629073,iterative_all_layers,bald,pclarc,4,0.6770050125313283,0.0,2.0,
blond_hair,0.9259259259259259,0.9578980690091801,iterative_all_layers,bald,pclarc,4,0.9279835390946503,-0.002057613168724326,2.0,
blurry,0.6755464480874317,0.7390710382513662,iterative_all_layers,bald,pclarc,4,0.7192622950819672,-0.04371584699453546,2.0,
brown_hair,0.670940170940171,0.8564491064491064,iterative_all_layers,bald,pclarc,4,0.6794871794871795,-0.008547008547008517,2.0,
bushy_eyebrows,0.537086386853209,0.5125471907617144,iterative_all_layers,bald,pclarc,4,0.5391960914945592,-0.002109704641350185,2.0,
chubby,0.5639784946236559,0.712288786482335,iterative_all_layers,bald,pclarc,4,0.554147465437788,0.009831029185867868,2.0,
double_chin,0.5651041666666666,0.669677734375,iterative_all_layers,bald,pclarc,4,0.5651041666666666,0.0,2.0,
eyeglasses,0.9345693382108413,0.9768041237113402,iterative_all_layers,bald,pclarc,4,0.9294146990355836,0.005154639175257714,2.0,
goatee,0.7684154742978273,0.8583730789613142,iterative_all_layers,bald,pclarc,4,0.766163222045575,0.0022522522522523403,2.0,
gray_hair,0.7772136696145868,0.8786985478764057,iterative_all_layers,bald,pclarc,4,0.7772136696145868,0.0,2.0,
heavy_makeup,0.5190635451505017,0.5749163879598662,iterative_all_layers,bald,pclarc,4,0.5255852842809364,-0.006521739130434745,2.0,
high_cheekbones,0.49454365079365076,0.40835813492063494,iterative_all_layers,bald,pclarc,4,0.48660714285714285,0.007936507936507908,2.0,
male,0.9878640776699029,0.9900970873786408,iterative_all_layers,bald,pclarc,4,0.9878640776699029,0.0,2.0,
mouth_slightly_open,0.5331002331002331,0.5491841491841492,iterative_all_layers,bald,pclarc,4,0.527039627039627,0.0060606060606061,2.0,
mustache,0.6860747210092188,0.7344331230794113,iterative_all_layers,bald,pclarc,4,0.6675562024907002,0.0185185185185186,2.0,
narrow_eyes,0.545159386068477,0.5357142857142858,iterative_all_layers,bald,pclarc,4,0.545159386068477,0.0,2.0,
no_beard,0.6438471371863015,0.6979748368431675,iterative_all_layers,bald,pclarc,4,0.6408531252102536,0.0029940119760478723,2.0,
oval_face,0.5103741496598639,0.576530612244898,iterative_all_layers,bald,pclarc,4,0.5212585034013605,-0.010884353741496544,2.0,
pale_skin,0.5052845528455284,0.6109756097560975,iterative_all_layers,bald,pclarc,4,0.5032520325203252,0.00203252032520318,2.0,
pointy_nose,0.5197037640983829,0.5382524799565158,iterative_all_layers,bald,pclarc,4,0.5174616116320152,0.0022421524663677195,2.0,
receding_hairline,0.5178347934918648,0.5528003754693368,iterative_all_layers,bald,pclarc,4,0.52049436795995,-0.0026595744680851796,2.0,
rosy_cheeks,0.6907332433648223,0.7899235267656319,iterative_all_layers,bald,pclarc,4,0.6947818263607737,-0.004048582995951344,2.0,
sideburns,0.6652298850574713,0.7957974137931035,iterative_all_layers,bald,pclarc,4,0.694683908045977,-0.029454022988505746,2.0,
smiling,0.7955285851165761,0.9450015969338869,iterative_all_layers,bald,pclarc,4,0.7955285851165761,0.0,2.0,
straight_hair,0.4426002766251729,0.45947441217150764,iterative_all_layers,bald,pclarc,4,0.4405255878284924,0.0020746887966804906,2.0,
wavy_hair,0.5746704715314581,0.5811930968881642,iterative_all_layers,bald,pclarc,4,0.5791547764641934,-0.004484304932735328,2.0,
wearing_earrings,0.7313559322033898,0.861864406779661,iterative_all_layers,bald,pclarc,4,0.735593220338983,-0.004237288135593209,2.0,
wearing_hat,0.9366719660837308,0.9799947005829358,iterative_all_layers,bald,pclarc,4,0.9219660837307896,0.014705882352941235,2.0,
wearing_lipstick,0.470666344760985,0.49130854659584744,iterative_all_layers,bald,pclarc,4,0.45062771607918883,0.020038628681796178,2.0,
wearing_necklace,0.6038641397981788,0.672163426039872,iterative_all_layers,bald,pclarc,4,0.6017720895889737,0.0020920502092051096,2.0,
wearing_necktie,0.6323665405632619,0.6794451450189155,iterative_all_layers,bald,pclarc,4,0.6159730979403111,0.016393442622950838,2.0,
young,0.883664459161148,0.9488489435509303,iterative_all_layers,bald,pclarc,4,0.8726900031535794,0.010974456007568634,2.0,
5_o_clock_shadow,0.535014431110436,0.5673704997721404,iterative_all_layers,bald,pclarc,5,0.5632690262798117,-0.028254595169375674,2.0,
arched_eyebrows,0.5915178571428572,0.6266741071428571,iterative_all_layers,bald,pclarc,5,0.6026785714285714,-0.01116071428571419,2.0,
attractive,0.5050745066451873,0.6534031413612565,iterative_all_layers,bald,pclarc,5,0.512766814337495,-0.007692307692307776,2.0,
bags_under_eyes,0.49580246913580245,0.5053968253968254,iterative_all_layers,bald,pclarc,5,0.5171781305114639,-0.021375661375661437,2.0,
bald,0.734375,0.85296630859375,iterative_all_layers,bald,pclarc,5,0.73828125,-0.00390625,2.0,
bangs,0.759843254338496,0.8145176338869191,iterative_all_layers,bald,pclarc,5,0.7534054860981526,0.006437768240343367,2.0,
big_lips,0.42220410381845364,0.450604701725778,iterative_all_layers,bald,pclarc,5,0.4087511890202473,0.013452914798206317,2.0,
big_nose,0.5831037649219467,0.6565044383226202,iterative_all_layers,bald,pclarc,5,0.5955004591368228,-0.012396694214876103,2.0,
black_hair,0.6770050125313283,0.8583959899749374,iterative_all_layers,bald,pclarc,5,0.6770050125313283,0.0,2.0,
blond_hair,0.9238683127572016,0.9559987337765116,iterative_all_layers,bald,pclarc,5,0.9279835390946503,-0.004115226337448652,2.0,
blurry,0.6837431693989071,0.7161885245901639,iterative_all_layers,bald,pclarc,5,0.7192622950819672,-0.03551912568306004,2.0,
brown_hair,0.6688034188034189,0.8521756021756022,iterative_all_layers,bald,pclarc,5,0.6794871794871795,-0.010683760683760646,2.0,
bushy_eyebrows,0.5349766822118587,0.5101043748612036,iterative_all_layers,bald,pclarc,5,0.5391960914945592,-0.0042194092827004814,2.0,
chubby,0.5622119815668203,0.714516129032258,iterative_all_layers,bald,pclarc,5,0.554147465437788,0.008064516129032251,2.0,
double_chin,0.5625,0.669677734375,iterative_all_layers,bald,pclarc,5,0.5651041666666666,-0.0026041666666666297,2.0,
eyeglasses,0.9319920186232125,0.9797140006651147,iterative_all_layers,bald,pclarc,5,0.9294146990355836,0.002577319587628857,2.0,
goatee,0.7706677265500795,0.8547959724430313,iterative_all_layers,bald,pclarc,5,0.766163222045575,0.0045045045045045695,2.0,
gray_hair,0.7725188339338356,0.8768424500491321,iterative_all_layers,bald,pclarc,5,0.7772136696145868,-0.0046948356807512415,2.0,
heavy_makeup,0.5190635451505017,0.5841137123745819,iterative_all_layers,bald,pclarc,5,0.5255852842809364,-0.006521739130434745,2.0,
high_cheekbones,0.49355158730158727,0.4090401785714286,iterative_all_layers,bald,pclarc,5,0.48660714285714285,0.00694444444444442,2.0,
male,0.9878640776699029,0.9905825242718447,iterative_all_layers,bald,pclarc,5,0.9878640776699029,0.0,2.0,
mouth_slightly_open,0.538028638028638,0.5525807525807526,iterative_all_layers,bald,pclarc,5,0.527039627039627,0.01098901098901095,2.0,
mustache,0.6860747210092188,0.7339479217208474,iterative_all_layers,bald,pclarc,5,0.6675562024907002,0.0185185185185186,2.0,
narrow_eyes,0.5327626918536009,0.5416174734356553,iterative_all_layers,bald,pclarc,5,0.545159386068477,-0.012396694214876103,2.0,
no_beard,0.6382291596582117,0.6970329004911525,iterative_all_layers,bald,pclarc,5,0.6408531252102536,-0.002623965552041918,2.0,
oval_face,0.5078231292517007,0.5759353741496599,iterative_all_layers,bald,pclarc,5,0.5212585034013605,-0.013435374149659784,2.0,
pale_skin,0.5032520325203252,0.6117886178861789,iterative_all_layers,bald,pclarc,5,0.5032520325203252,0.0,2.0,
pointy_nose,0.5045522489468678,0.5362141595325451,iterative_all_layers,bald,pclarc,5,0.5174616116320152,-0.012909362685147419,2.0,
receding_hairline,0.5004693366708386,0.5514705882352942,iterative_all_layers,bald,pclarc,5,0.52049436795995,-0.020025031289111372,2.0,
rosy_cheeks,0.6826360773729194,0.8029689608636977,iterative_all_layers,bald,pclarc,5,0.6947818263607737,-0.012145748987854255,2.0,
sideburns,0.6673850574712643,0.7904094827586207,iterative_all_layers,bald,pclarc,5,0.694683908045977,-0.027298850574712707,2.0,
smiling,0.7923027786649632,0.9461513893324817,iterative_all_layers,bald,pclarc,5,0.7955285851165761,-0.003225806451612856,2.0,
straight_hair,0.40926694329183955,0.45283540802213,iterative_all_layers,bald,pclarc,5,0.4405255878284924,-0.031258644536652835,2.0,
wavy_hair,0.5746704715314581,0.5900258187253703,iterative_all_layers,bald,pclarc,5,0.5791547764641934,-0.004484304932735328,2.0,
wearing_earrings,0.725,0.8576271186440678,iterative_all_layers,bald,pclarc,5,0.735593220338983,-0.010593220338983023,2.0,
wearing_hat,0.9344197138314785,0.9791997880233174,iterative_all_layers,bald,pclarc,5,0.9219660837307896,0.012453630100688895,2.0,
wearing_lipstick,0.470666344760985,0.49010140028971505,iterative_all_layers,bald,pclarc,5,0.45062771607918883,0.020038628681796178,2.0,
wearing_necklace,0.5934038887521536,0.6761014029042579,iterative_all_layers,bald,pclarc,5,0.6017720895889737,-0.008368200836820106,2.0,
wearing_necktie,0.6323665405632619,0.6828079024800336,iterative_all_layers,bald,pclarc,5,0.6159730979403111,0.016393442622950838,2.0,
young,0.8869757174392936,0.9467045096184169,iterative_all_layers,bald,pclarc,5,0.8726900031535794,0.014285714285714235,2.0,
5_o_clock_shadow,0.5372170742822422,0.5687376576029166,iterative_all_layers,bald,pclarc,6,0.5632690262798117,-0.02605195199756949,2.0,
arched_eyebrows,0.5959821428571428,0.6333705357142857,iterative_all_layers,bald,pclarc,6,0.6026785714285714,-0.006696428571428603,2.0,
attractive,0.5050745066451873,0.6586387434554974,iterative_all_layers,bald,pclarc,6,0.512766814337495,-0.007692307692307776,2.0,
bags_under_eyes,0.49957671957671956,0.5065961199294532,iterative_all_layers,bald,pclarc,6,0.5171781305114639,-0.01760141093474432,2.0,
bald,0.73046875,0.85235595703125,iterative_all_layers,bald,pclarc,6,0.73828125,-0.0078125,2.0,
bangs,0.7619891770852771,0.8135846239970145,iterative_all_layers,bald,pclarc,6,0.7534054860981526,0.008583690987124526,2.0,
big_lips,0.4048104362005708,0.4495175974996603,iterative_all_layers,bald,pclarc,6,0.4087511890202473,-0.003940752819676541,2.0,
big_nose,0.580257116620753,0.6556473829201102,iterative_all_layers,bald,pclarc,6,0.5955004591368228,-0.015243342516069847,2.0,
black_hair,0.6770050125313283,0.8580827067669173,iterative_all_layers,bald,pclarc,6,0.6770050125313283,0.0,2.0,
blond_hair,0.9238683127572016,0.9534662867996201,iterative_all_layers,bald,pclarc,6,0.9279835390946503,-0.004115226337448652,2.0,
blurry,0.6775956284153005,0.707308743169399,iterative_all_layers,bald,pclarc,6,0.7192622950819672,-0.04166666666666663,2.0,
brown_hair,0.6666666666666666,0.8444055944055944,iterative_all_layers,bald,pclarc,6,0.6794871794871795,-0.012820512820512886,2.0,
bushy_eyebrows,0.5286475682878081,0.5092160781701088,iterative_all_layers,bald,pclarc,6,0.5391960914945592,-0.010548523206751037,2.0,
chubby,0.5693548387096774,0.7150537634408602,iterative_all_layers,bald,pclarc,6,0.554147465437788,0.015207373271889368,2.0,
double_chin,0.5572916666666666,0.6720377604166667,iterative_all_layers,bald,pclarc,6,0.5651041666666666,-0.0078125,2.0,
eyeglasses,0.9345693382108413,0.978965746591287,iterative_all_layers,bald,pclarc,6,0.9294146990355836,0.005154639175257714,2.0,
goatee,0.766163222045575,0.8569157392686806,iterative_all_layers,bald,pclarc,6,0.766163222045575,0.0,2.0,
gray_hair,0.7725188339338356,0.877715907850202,iterative_all_layers,bald,pclarc,6,0.7772136696145868,-0.0046948356807512415,2.0,
heavy_makeup,0.5448160535117057,0.591304347826087,iterative_all_layers,bald,pclarc,6,0.5255852842809364,0.019230769230769273,2.0,
high_cheekbones,0.49007936507936506,0.4098462301587302,iterative_all_layers,bald,pclarc,6,0.48660714285714285,0.00347222222222221,2.0,
male,0.9878640776699029,0.9910679611650486,iterative_all_layers,bald,pclarc,6,0.9878640776699029,0.0,2.0,
mouth_slightly_open,0.524009324009324,0.5503163503163503,iterative_all_layers,bald,pclarc,6,0.527039627039627,-0.00303030303030305,2.0,
mustache,0.6860747210092188,0.7373443312307941,iterative_all_layers,bald,pclarc,6,0.6675562024907002,0.0185185185185186,2.0,
narrow_eyes,0.5368949232585596,0.54456906729634,iterative_all_layers,bald,pclarc,6,0.545159386068477,-0.008264462809917439,2.0,
no_beard,0.6296171701540739,0.6997914283791967,iterative_all_layers,bald,pclarc,6,0.6408531252102536,-0.011235955056179692,2.0,
oval_face,0.5078231292517007,0.5656462585034013,iterative_all_layers,bald,pclarc,6,0.5212585034013605,-0.013435374149659784,2.0,
pale_skin,0.5032520325203252,0.6126016260162602,iterative_all_layers,bald,pclarc,6,0.5032520325203252,0.0,2.0,
pointy_nose,0.5090365538796032,0.5343117271368394,iterative_all_layers,bald,pclarc,6,0.5174616116320152,-0.00842505775241198,2.0,
receding_hairline,0.5078222778473092,0.5501408010012516,iterative_all_layers,bald,pclarc,6,0.52049436795995,-0.01267209011264081,2.0,
rosy_cheeks,0.6826360773729194,0.8002699055330635,iterative_all_layers,bald,pclarc,6,0.6947818263607737,-0.012145748987854255,2.0,
sideburns,0.6652298850574713,0.789691091954023,iterative_all_layers,bald,pclarc,6,0.694683908045977,-0.029454022988505746,2.0,
smiling,0.8022037687639731,0.9458958799105717,iterative_all_layers,bald,pclarc,6,0.7955285851165761,0.006675183647397054,2.0,
straight_hair,0.40719225449515906,0.440387275242047,iterative_all_layers,bald,pclarc,6,0.4405255878284924,-0.033333333333333326,2.0,
wavy_hair,0.5791547764641934,0.596276668025547,iterative_all_layers,bald,pclarc,6,0.5791547764641934,0.0,2.0,
wearing_earrings,0.7271186440677966,0.8599576271186441,iterative_all_layers,bald,pclarc,6,0.735593220338983,-0.008474576271186418,2.0,
wearing_hat,0.9344197138314785,0.9794647588765236,iterative_all_layers,bald,pclarc,6,0.9219660837307896,0.012453630100688895,2.0,
wearing_lipstick,0.4660791887976823,0.48503138580395944,iterative_all_layers,bald,pclarc,6,0.45062771607918883,0.015451472718493453,2.0,
wearing_necklace,0.5975879891705637,0.669948314053655,iterative_all_layers,bald,pclarc,6,0.6017720895889737,-0.004184100418409997,2.0,
wearing_necktie,0.6508196721311476,0.6870113493064313,iterative_all_layers,bald,pclarc,6,0.6159730979403111,0.03484657419083648,2.0,
young,0.8774519079154841,0.9464522232734154,iterative_all_layers,bald,pclarc,6,0.8726900031535794,0.004761904761904745,2.0,
5_o_clock_shadow,0.5372170742822422,0.5752696339055142,iterative_all_layers,bald,pclarc,7,0.5632690262798117,-0.02605195199756949,2.0,
arched_eyebrows,0.6004464285714286,0.6325334821428571,iterative_all_layers,bald,pclarc,7,0.6026785714285714,-0.0022321428571427937,2.0,
attractive,0.5050745066451873,0.6659685863874346,iterative_all_layers,bald,pclarc,7,0.512766814337495,-0.007692307692307776,2.0,
bags_under_eyes,0.49580246913580245,0.5022222222222222,iterative_all_layers,bald,pclarc,7,0.5171781305114639,-0.021375661375661437,2.0,
bald,0.734375,0.85125732421875,iterative_all_layers,bald,pclarc,7,0.73828125,-0.00390625,2.0,
bangs,0.7662810225788393,0.8126516141071096,iterative_all_layers,bald,pclarc,7,0.7534054860981526,0.012875536480686733,2.0,
big_lips,0.40256828373420306,0.4530506862345427,iterative_all_layers,bald,pclarc,7,0.4087511890202473,-0.00618290528604426,2.0,
big_nose,0.5798285889194981,0.654178145087236,iterative_all_layers,bald,pclarc,7,0.5955004591368228,-0.015671870217324746,2.0,
black_hair,0.6948621553884712,0.8588659147869674,iterative_all_layers,bald,pclarc,7,0.6770050125313283,0.017857142857142905,2.0,
blond_hair,0.9279835390946503,0.9512503956948402,iterative_all_layers,bald,pclarc,7,0.9279835390946503,0.0,2.0,
blurry,0.6338797814207651,0.6618852459016393,iterative_all_layers,bald,pclarc,7,0.7192622950819672,-0.08538251366120209,2.0,
brown_hair,0.6730769230769231,0.8374125874125875,iterative_all_layers,bald,pclarc,7,0.6794871794871795,-0.0064102564102563875,2.0,
bushy_eyebrows,0.5307572729291583,0.5092160781701088,iterative_all_layers,bald,pclarc,7,0.5391960914945592,-0.008438818565400852,2.0,
chubby,0.5720430107526882,0.7149001536098311,iterative_all_layers,bald,pclarc,7,0.554147465437788,0.01789554531490012,2.0,
double_chin,0.5598958333333334,0.6704915364583334,iterative_all_layers,bald,pclarc,7,0.5651041666666666,-0.005208333333333259,2.0,
eyeglasses,0.942301296973728,0.9786331892251414,iterative_all_layers,bald,pclarc,7,0.9294146990355836,0.012886597938144395,2.0,
goatee,0.7684154742978273,0.857975622681505,iterative_all_layers,bald,pclarc,7,0.766163222045575,0.0022522522522523403,2.0,
gray_hair,0.7748662517742111,0.8776067256250683,iterative_all_layers,bald,pclarc,7,0.7772136696145868,-0.0023474178403757318,2.0,
heavy_makeup,0.5535117056856187,0.5969899665551839,iterative_all_layers,bald,pclarc,7,0.5255852842809364,0.027926421404682267,2.0,
high_cheekbones,0.49454365079365076,0.41561259920634924,iterative_all_layers,bald,pclarc,7,0.48660714285714285,0.007936507936507908,2.0,
male,0.9878640776699029,0.9904854368932039,iterative_all_layers,bald,pclarc,7,0.9878640776699029,0.0,2.0,
mouth_slightly_open,0.5344322344322344,0.5483183483183482,iterative_all_layers,bald,pclarc,7,0.527039627039627,0.0073926073926073865,2.0,
mustache,0.7045932395277373,0.7366973960860423,iterative_all_layers,bald,pclarc,7,0.6675562024907002,0.03703703703703709,2.0,
narrow_eyes,0.538961038961039,0.5442739079102715,iterative_all_layers,bald,pclarc,7,0.545159386068477,-0.006198347107438051,2.0,
no_beard,0.6329812285541276,0.7024153939312386,iterative_all_layers,bald,pclarc,7,0.6408531252102536,-0.007871896656125976,2.0,
oval_face,0.5078231292517007,0.5642857142857143,iterative_all_layers,bald,pclarc,7,0.5212585034013605,-0.013435374149659784,2.0,
pale_skin,0.5032520325203252,0.6223577235772358,iterative_all_layers,bald,pclarc,7,0.5032520325203252,0.0,2.0,
pointy_nose,0.5045522489468678,0.5286044299497215,iterative_all_layers,bald,pclarc,7,0.5174616116320152,-0.012909362685147419,2.0,
receding_hairline,0.5178347934918648,0.5517834793491865,iterative_all_layers,bald,pclarc,7,0.52049436795995,-0.0026595744680851796,2.0,
rosy_cheeks,0.6826360773729194,0.802519118308592,iterative_all_layers,bald,pclarc,7,0.6947818263607737,-0.012145748987854255,2.0,
sideburns,0.6587643678160919,0.7900502873563219,iterative_all_layers,bald,pclarc,7,0.694683908045977,-0.03591954022988508,2.0,
smiling,0.805429575215586,0.9463430213989141,iterative_all_layers,bald,pclarc,7,0.7955285851165761,0.00990099009900991,2.0,
straight_hair,0.40719225449515906,0.4337482710926694,iterative_all_layers,bald,pclarc,7,0.4405255878284924,-0.033333333333333326,2.0,
wavy_hair,0.5813969289305612,0.600489196901753,iterative_all_layers,bald,pclarc,7,0.5791547764641934,0.0022421524663677195,2.0,
wearing_earrings,0.7313559322033898,0.8548728813559322,iterative_all_layers,bald,pclarc,7,0.735593220338983,-0.004237288135593209,2.0,
wearing_hat,0.9366719660837308,0.9776099629040805,iterative_all_layers,bald,pclarc,7,0.9219660837307896,0.014705882352941235,2.0,
wearing_lipstick,0.4660791887976823,0.48309995171414777,iterative_all_layers,bald,pclarc,7,0.45062771607918883,0.015451472718493453,2.0,
wearing_necklace,0.6080482402165888,0.6748707851341373,iterative_all_layers,bald,pclarc,7,0.6017720895889737,0.006276150627615107,2.0,
wearing_necktie,0.6559478772593527,0.6915510718789407,iterative_all_layers,bald,pclarc,7,0.6159730979403111,0.03997477931904159,2.0,
young,0.8822138126773889,0.9477136549984232,iterative_all_layers,bald,pclarc,7,0.8726900031535794,0.00952380952380949,2.0,
5_o_clock_shadow,0.5438250037976606,0.5690414704542002,iterative_all_layers,bald,pclarc,8,0.5632690262798117,-0.019444022482151047,2.0,
arched_eyebrows,0.5848214285714286,0.625,iterative_all_layers,bald,pclarc,8,0.6026785714285714,-0.017857142857142794,2.0,
attractive,0.4973821989528796,0.668787756745872,iterative_all_layers,bald,pclarc,8,0.512766814337495,-0.015384615384615441,2.0,
bags_under_eyes,0.47774250440917104,0.501657848324515,iterative_all_layers,bald,pclarc,8,0.5171781305114639,-0.03943562610229284,2.0,
bald,0.73828125,0.85260009765625,iterative_all_layers,bald,pclarc,8,0.73828125,0.0,2.0,
bangs,0.7662810225788393,0.8148908378428812,iterative_all_layers,bald,pclarc,8,0.7534054860981526,0.012875536480686733,2.0,
big_lips,0.40256828373420306,0.4480228291887485,iterative_all_layers,bald,pclarc,8,0.4087511890202473,-0.00618290528604426,2.0,
big_nose,0.591796755433119,0.6551576369758189,iterative_all_layers,bald,pclarc,8,0.5955004591368228,-0.0037037037037037646,2.0,
black_hair,0.6770050125313283,0.8605889724310777,iterative_all_layers,bald,pclarc,8,0.6770050125313283,0.0,2.0,
blond_hair,0.9300411522633745,0.9493510604621715,iterative_all_layers,bald,pclarc,8,0.9279835390946503,0.002057613168724215,2.0,
blurry,0.5922131147540983,0.660860655737705,iterative_all_layers,bald,pclarc,8,0.7192622950819672,-0.12704918032786883,2.0,
brown_hair,0.6816239316239316,0.8354700854700854,iterative_all_layers,bald,pclarc,8,0.6794871794871795,0.002136752136752129,2.0,
bushy_eyebrows,0.5307572729291583,0.5034421496779924,iterative_all_layers,bald,pclarc,8,0.5391960914945592,-0.008438818565400852,2.0,
chubby,0.5747311827956989,0.7208909370199693,iterative_all_layers,bald,pclarc,8,0.554147465437788,0.02058371735791087,2.0,
double_chin,0.5546875,0.6732584635416666,iterative_all_layers,bald,pclarc,8,0.5651041666666666,-0.01041666666666663,2.0,
eyeglasses,0.9397239773860991,0.9791320252743599,iterative_all_layers,bald,pclarc,8,0.9294146990355836,0.010309278350515538,2.0,
goatee,0.7469528351881294,0.8509538950715422,iterative_all_layers,bald,pclarc,8,0.766163222045575,-0.019210386857445583,2.0,
gray_hair,0.7725188339338356,0.8765149033737308,iterative_all_layers,bald,pclarc,8,0.7772136696145868,-0.0046948356807512415,2.0,
heavy_makeup,0.5513377926421404,0.6026755852842809,iterative_all_layers,bald,pclarc,8,0.5255852842809364,0.02575250836120402,2.0,
high_cheekbones,0.49801587301587297,0.41400049603174605,iterative_all_layers,bald,pclarc,8,0.48660714285714285,0.011408730158730118,2.0,
male,0.9878640776699029,0.9903883495145631,iterative_all_layers,bald,pclarc,8,0.9878640776699029,0.0,2.0,
mouth_slightly_open,0.5344322344322344,0.5517815517815517,iterative_all_layers,bald,pclarc,8,0.527039627039627,0.0073926073926073865,2.0,
mustache,0.6490376839721818,0.7299045770661491,iterative_all_layers,bald,pclarc,8,0.6675562024907002,-0.01851851851851849,2.0,
narrow_eyes,0.5368949232585596,0.5401416765053129,iterative_all_layers,bald,pclarc,8,0.545159386068477,-0.008264462809917439,2.0,
no_beard,0.6299872165780798,0.6984458050191751,iterative_all_layers,bald,pclarc,8,0.6408531252102536,-0.010865908632173849,2.0,
oval_face,0.5103741496598639,0.5651360544217687,iterative_all_layers,bald,pclarc,8,0.5212585034013605,-0.010884353741496544,2.0,
pale_skin,0.509349593495935,0.6077235772357723,iterative_all_layers,bald,pclarc,8,0.5032520325203252,0.0060975609756097615,2.0,
pointy_nose,0.5197037640983829,0.5271096616388096,iterative_all_layers,bald,pclarc,8,0.5174616116320152,0.0022421524663677195,2.0,
receding_hairline,0.5251877346683353,0.5534261576971213,iterative_all_layers,bald,pclarc,8,0.52049436795995,0.0046933667083853825,2.0,
rosy_cheeks,0.6806117858749439,0.7984705353126406,iterative_all_layers,bald,pclarc,8,0.6947818263607737,-0.014170040485829816,2.0,
sideburns,0.6652298850574713,0.779992816091954,iterative_all_layers,bald,pclarc,8,0.694683908045977,-0.029454022988505746,2.0,
smiling,0.8153305653145959,0.9477483232194187,iterative_all_layers,bald,pclarc,8,0.7955285851165761,0.01980198019801982,2.0,
straight_hair,0.3988934993084371,0.44232365145228214,iterative_all_layers,bald,pclarc,8,0.4405255878284924,-0.04163208852005529,2.0,
wavy_hair,0.5858812338632966,0.6017121891561354,iterative_all_layers,bald,pclarc,8,0.5791547764641934,0.006726457399103158,2.0,
wearing_earrings,0.7313559322033898,0.8591101694915253,iterative_all_layers,bald,pclarc,8,0.735593220338983,-0.004237288135593209,2.0,
wearing_hat,0.9219660837307896,0.976682564917859,iterative_all_layers,bald,pclarc,8,0.9219660837307896,0.0,2.0,
wearing_lipstick,0.4746499275712216,0.48080637373249635,iterative_all_layers,bald,pclarc,8,0.45062771607918883,0.024022211492032763,2.0,
wearing_necklace,0.6038641397981788,0.6751169086881614,iterative_all_layers,bald,pclarc,8,0.6017720895889737,0.0020920502092051096,2.0,
wearing_necktie,0.6456914670029424,0.6863387978142077,iterative_all_layers,bald,pclarc,8,0.6159730979403111,0.029718369062631367,2.0,
young,0.8774519079154841,0.9501103752759381,iterative_all_layers,bald,pclarc,8,0.8726900031535794,0.004761904761904745,2.0,
5_o_clock_shadow,0.5372170742822422,0.5693452833054838,iterative_all_layers,bald,pclarc,9,0.5632690262798117,-0.02605195199756949,2.0,
arched_eyebrows,0.5825892857142857,0.6305803571428571,iterative_all_layers,bald,pclarc,9,0.6026785714285714,-0.0200892857142857,2.0,
attractive,0.4973821989528796,0.6740233588401128,iterative_all_layers,bald,pclarc,9,0.512766814337495,-0.015384615384615441,2.0,
bags_under_eyes,0.4991181657848325,0.5077954144620811,iterative_all_layers,bald,pclarc,9,0.5171781305114639,-0.018059964726631406,2.0,
bald,0.7421875,0.852783203125,iterative_all_layers,bald,pclarc,9,0.73828125,0.00390625,2.0,
bangs,0.7684269453256205,0.8143310319089383,iterative_all_layers,bald,pclarc,9,0.7534054860981526,0.015021459227467893,2.0,
big_lips,0.3935996738687322,0.44938170947139555,iterative_all_layers,bald,pclarc,9,0.4087511890202473,-0.015151515151515138,2.0,
big_nose,0.5876645240281604,0.654912764003673,iterative_all_layers,bald,pclarc,9,0.5955004591368228,-0.007835935108662428,2.0,
black_hair,0.681390977443609,0.8621553884711779,iterative_all_layers,bald,pclarc,9,0.6770050125313283,0.004385964912280715,2.0,
blond_hair,0.9341563786008231,0.9503007280785059,iterative_all_layers,bald,pclarc,9,0.9279835390946503,0.006172839506172867,2.0,
blurry,0.5901639344262295,0.6577868852459017,iterative_all_layers,bald,pclarc,9,0.7192622950819672,-0.12909836065573765,2.0,
brown_hair,0.6858974358974359,0.8277000777000777,iterative_all_layers,bald,pclarc,9,0.6794871794871795,0.0064102564102563875,2.0,
bushy_eyebrows,0.5591827670441928,0.4990006662225183,iterative_all_layers,bald,pclarc,9,0.5391960914945592,0.019986675549633626,2.0,
chubby,0.581874039938556,0.7195852534562212,iterative_all_layers,bald,pclarc,9,0.554147465437788,0.027726574500767986,2.0,
double_chin,0.5572916666666666,0.676513671875,iterative_all_layers,bald,pclarc,9,0.5651041666666666,-0.0078125,2.0,
eyeglasses,0.9503658131027602,0.9816262055204522,iterative_all_layers,bald,pclarc,9,0.9294146990355836,0.020951114067176646,2.0,
goatee,0.7604663487016428,0.8543985161632222,iterative_all_layers,bald,pclarc,9,0.766163222045575,-0.005696873343932207,2.0,
gray_hair,0.7725188339338356,0.8782618189758707,iterative_all_layers,bald,pclarc,9,0.7772136696145868,-0.0046948356807512415,2.0,
heavy_makeup,0.5277591973244147,0.5948160535117057,iterative_all_layers,bald,pclarc,9,0.5255852842809364,0.0021739130434782483,2.0,
high_cheekbones,0.48759920634920634,0.410218253968254,iterative_all_layers,bald,pclarc,9,0.48660714285714285,0.0009920634920634885,2.0,
male,0.9878640776699029,0.9904854368932039,iterative_all_layers,bald,pclarc,9,0.9878640776699029,0.0,2.0,
mouth_slightly_open,0.5404928404928405,0.5534465534465535,iterative_all_layers,bald,pclarc,9,0.527039627039627,0.013453213453213486,2.0,
mustache,0.6741064208313117,0.737506065016982,iterative_all_layers,bald,pclarc,9,0.6675562024907002,0.0065502183406114245,2.0,
narrow_eyes,0.5327626918536009,0.5330578512396694,iterative_all_layers,bald,pclarc,9,0.545159386068477,-0.012396694214876103,2.0,
no_beard,0.6356051941061697,0.6972347439951557,iterative_all_layers,bald,pclarc,9,0.6408531252102536,-0.005247931104083947,2.0,
oval_face,0.5129251700680272,0.5830782312925171,iterative_all_layers,bald,pclarc,9,0.5212585034013605,-0.008333333333333304,2.0,
pale_skin,0.5593495934959349,0.6227642276422765,iterative_all_layers,bald,pclarc,9,0.5032520325203252,0.056097560975609695,2.0,
pointy_nose,0.5219459165647506,0.5144720750101917,iterative_all_layers,bald,pclarc,9,0.5174616116320152,0.004484304932735439,2.0,
receding_hairline,0.5272215269086358,0.5560857321652064,iterative_all_layers,bald,pclarc,9,0.52049436795995,0.0067271589486858074,2.0,
rosy_cheeks,0.6785874943769681,0.8065677013045434,iterative_all_layers,bald,pclarc,9,0.6947818263607737,-0.0161943319838056,2.0,
sideburns,0.6695402298850575,0.7868175287356322,iterative_all_layers,bald,pclarc,9,0.694683908045977,-0.025143678160919558,2.0,
smiling,0.810380070265091,0.9481954647077612,iterative_all_layers,bald,pclarc,9,0.7955285851165761,0.014851485148514865,2.0,
straight_hair,0.43015214384508993,0.45643153526970953,iterative_all_layers,bald,pclarc,9,0.4405255878284924,-0.010373443983402453,2.0,
wavy_hair,0.5836390813969289,0.5991303166191059,iterative_all_layers,bald,pclarc,9,0.5791547764641934,0.004484304932735439,2.0,
wearing_earrings,0.7436440677966102,0.8616525423728814,iterative_all_layers,bald,pclarc,9,0.735593220338983,0.008050847457627186,2.0,
wearing_hat,0.9219660837307896,0.9762851086380498,iterative_all_layers,bald,pclarc,9,0.9219660837307896,0.0,2.0,
wearing_lipstick,0.4792370835345244,0.47078705939159826,iterative_all_layers,bald,pclarc,9,0.45062771607918883,0.028609367455335544,2.0,
wearing_necklace,0.5975879891705637,0.6815161210927885,iterative_all_layers,bald,pclarc,9,0.6017720895889737,-0.004184100418409997,2.0,
wearing_necktie,0.648255569567045,0.7048339638503572,iterative_all_layers,bald,pclarc,9,0.6159730979403111,0.03228247162673392,2.0,
young,0.8807631661936297,0.9497319457584358,iterative_all_layers,bald,pclarc,9,0.8726900031535794,0.008073163040050346,2.0,
5_o_clock_shadow,0.5438250037976606,0.5650919033875134,iterative_all_layers,bald,pclarc,10,0.5632690262798117,-0.019444022482151047,2.0,
arched_eyebrows,0.5803571428571428,0.6256975446428571,iterative_all_layers,bald,pclarc,10,0.6026785714285714,-0.022321428571428603,2.0,
attractive,0.4973821989528796,0.6778896496173983,iterative_all_layers,bald,pclarc,10,0.512766814337495,-0.015384615384615441,2.0,
bags_under_eyes,0.4953439153439153,0.5082186948853615,iterative_all_layers,bald,pclarc,10,0.5171781305114639,-0.021834215167548576,2.0,
bald,0.7421875,0.851318359375,iterative_all_layers,bald,pclarc,10,0.73828125,0.00390625,2.0,
bangs,0.7748647135659639,0.8184362754245195,iterative_all_layers,bald,pclarc,10,0.7534054860981526,0.02145922746781126,2.0,
big_lips,0.41099334148661504,0.44747927707568963,iterative_all_layers,bald,pclarc,10,0.4087511890202473,0.0022421524663677195,2.0,
big_nose,0.5922252831343741,0.6546066727884909,iterative_all_layers,bald,pclarc,10,0.5955004591368228,-0.003275176002448754,2.0,
black_hair,0.7171052631578947,0.8648182957393484,iterative_all_layers,bald,pclarc,10,0.6770050125313283,0.040100250626566414,2.0,
blond_hair,0.9341563786008231,0.9515669515669516,iterative_all_layers,bald,pclarc,10,0.9279835390946503,0.006172839506172867,2.0,
blurry,0.5983606557377049,0.680327868852459,iterative_all_layers,bald,pclarc,10,0.7192622950819672,-0.12090163934426224,2.0,
brown_hair,0.6773504273504274,0.815073815073815,iterative_all_layers,bald,pclarc,10,0.6794871794871795,-0.002136752136752129,2.0,
bushy_eyebrows,0.561292471685543,0.4996668887408394,iterative_all_layers,bald,pclarc,10,0.5391960914945592,0.02209638019098381,2.0,
chubby,0.5747311827956989,0.7159754224270354,iterative_all_layers,bald,pclarc,10,0.554147465437788,0.02058371735791087,2.0,
double_chin,0.5807291666666666,0.682861328125,iterative_all_layers,bald,pclarc,10,0.5651041666666666,0.015625,2.0,
eyeglasses,0.9477884935151314,0.9833721316927169,iterative_all_layers,bald,pclarc,10,0.9294146990355836,0.01837379447954779,2.0,
goatee,0.7514573396926338,0.8574456809750928,iterative_all_layers,bald,pclarc,10,0.766163222045575,-0.014705882352941124,2.0,
gray_hair,0.7748662517742111,0.8758598100229282,iterative_all_layers,bald,pclarc,10,0.7772136696145868,-0.0023474178403757318,2.0,
heavy_makeup,0.5255852842809364,0.5971571906354515,iterative_all_layers,bald,pclarc,10,0.5255852842809364,0.0,2.0,
high_cheekbones,0.5024801587301587,0.41251240079365076,iterative_all_layers,bald,pclarc,10,0.48660714285714285,0.015873015873015872,2.0,
male,0.9878640776699029,0.9911650485436893,iterative_all_layers,bald,pclarc,10,0.9878640776699029,0.0,2.0,
mouth_slightly_open,0.531968031968032,0.5523143523143523,iterative_all_layers,bald,pclarc,10,0.527039627039627,0.004928404928404961,2.0,
mustache,0.6762898269448487,0.7397703380236131,iterative_all_layers,bald,pclarc,10,0.6675562024907002,0.008733624454148492,2.0,
narrow_eyes,0.5348288075560803,0.5209563164108618,iterative_all_layers,bald,pclarc,10,0.545159386068477,-0.010330578512396715,2.0,
no_beard,0.6464711027383436,0.6975711498351611,iterative_all_layers,bald,pclarc,10,0.6408531252102536,0.005617977528090012,2.0,
oval_face,0.5180272108843538,0.5864795918367348,iterative_all_layers,bald,pclarc,10,0.5212585034013605,-0.003231292517006712,2.0,
pale_skin,0.5532520325203252,0.6195121951219513,iterative_all_layers,bald,pclarc,10,0.5032520325203252,0.04999999999999993,2.0,
pointy_nose,0.5197037640983829,0.5097159940209268,iterative_all_layers,bald,pclarc,10,0.5174616116320152,0.0022421524663677195,2.0,
receding_hairline,0.5178347934918648,0.5570244055068836,iterative_all_layers,bald,pclarc,10,0.52049436795995,-0.0026595744680851796,2.0,
rosy_cheeks,0.6785874943769681,0.7948717948717948,iterative_all_layers,bald,pclarc,10,0.6947818263607737,-0.0161943319838056,2.0,
sideburns,0.6738505747126436,0.7844827586206896,iterative_all_layers,bald,pclarc,10,0.694683908045977,-0.02083333333333337,2.0,
smiling,0.8153305653145959,0.9478122005748961,iterative_all_layers,bald,pclarc,10,0.7955285851165761,0.01980198019801982,2.0,
straight_hair,0.42600276625172895,0.44536652835408025,iterative_all_layers,bald,pclarc,10,0.4405255878284924,-0.014522821576763434,2.0,
wavy_hair,0.5640032613126783,0.5893463785840468,iterative_all_layers,bald,pclarc,10,0.5791547764641934,-0.015151515151515138,2.0,
wearing_earrings,0.7898305084745763,0.8805084745762712,iterative_all_layers,bald,pclarc,10,0.735593220338983,0.05423728813559325,2.0,
wearing_hat,0.9219660837307896,0.9768150503444621,iterative_all_layers,bald,pclarc,10,0.9219660837307896,0.0,2.0,
wearing_lipstick,0.4901014002897151,0.4660791887976823,iterative_all_layers,bald,pclarc,10,0.45062771607918883,0.03947368421052627,2.0,
wearing_necklace,0.6059561900073838,0.6829928624169334,iterative_all_layers,bald,pclarc,10,0.6017720895889737,0.004184100418410108,2.0,
wearing_necktie,0.6533837746952501,0.7130727196300967,iterative_all_layers,bald,pclarc,10,0.6159730979403111,0.03741067675493903,2.0,
young,0.8679280983916746,0.9480290129296751,iterative_all_layers,bald,pclarc,10,0.8726900031535794,-0.004761904761904745,2.0,
5_o_clock_shadow,0.5375968403463467,0.5508126993771837,iterative_all_layers,bald,pclarc,11,0.5632690262798117,-0.025672185933464986,2.0,
arched_eyebrows,0.578125,0.6375558035714285,iterative_all_layers,bald,pclarc,11,0.6026785714285714,-0.024553571428571397,2.0,
attractive,0.4973821989528796,0.6956101490132903,iterative_all_layers,bald,pclarc,11,0.512766814337495,-0.015384615384615441,2.0,
bags_under_eyes,0.5024338624338625,0.5130864197530864,iterative_all_layers,bald,pclarc,11,0.5171781305114639,-0.01474426807760143,2.0,
bald,0.73046875,0.852294921875,iterative_all_layers,bald,pclarc,11,0.73828125,-0.0078125,2.0,
bangs,0.7684269453256205,0.8236611308079865,iterative_all_layers,bald,pclarc,11,0.7534054860981526,0.015021459227467893,2.0,
big_lips,0.4177197988857182,0.444489740453866,iterative_all_layers,bald,pclarc,11,0.4087511890202473,0.008968609865470878,2.0,
big_nose,0.5798285889194981,0.6552800734618917,iterative_all_layers,bald,pclarc,11,0.5955004591368228,-0.015671870217324746,2.0,
black_hair,0.6970551378446115,0.8654448621553885,iterative_all_layers,bald,pclarc,11,0.6770050125313283,0.020050125313283207,2.0,
blond_hair,0.9320987654320987,0.9509338398227288,iterative_all_layers,bald,pclarc,11,0.9279835390946503,0.00411522633744843,2.0,
blurry,0.6277322404371585,0.7216530054644809,iterative_all_layers,bald,pclarc,11,0.7192622950819672,-0.09153005464480868,2.0,
brown_hair,0.6837606837606838,0.7865190365190365,iterative_all_layers,bald,pclarc,11,0.6794871794871795,0.004273504273504258,2.0,
bushy_eyebrows,0.5328669775705085,0.5049966688874084,iterative_all_layers,bald,pclarc,11,0.5391960914945592,-0.006329113924050667,2.0,
chubby,0.5577572964669739,0.711136712749616,iterative_all_layers,bald,pclarc,11,0.554147465437788,0.0036098310291858837,2.0,
double_chin,0.59375,0.6943359375,iterative_all_layers,bald,pclarc,11,0.5651041666666666,0.02864583333333337,2.0,
eyeglasses,0.9452111739275025,0.9815430661789158,iterative_all_layers,bald,pclarc,11,0.9294146990355836,0.015796474891918932,2.0,
goatee,0.7457604663487016,0.8577106518282989,iterative_all_layers,bald,pclarc,11,0.766163222045575,-0.02040275569687333,2.0,
gray_hair,0.7654765804127088,0.8719292499181134,iterative_all_layers,bald,pclarc,11,0.7772136696145868,-0.011737089201877993,2.0,
heavy_makeup,0.538628762541806,0.5924749163879598,iterative_all_layers,bald,pclarc,11,0.5255852842809364,0.013043478260869601,2.0,
high_cheekbones,0.5014880952380952,0.41015625,iterative_all_layers,bald,pclarc,11,0.48660714285714285,0.014880952380952384,2.0,
male,0.9878640776699029,0.9909708737864077,iterative_all_layers,bald,pclarc,11,0.9878640776699029,0.0,2.0,
mouth_slightly_open,0.5412587412587413,0.5573759573759574,iterative_all_layers,bald,pclarc,11,0.527039627039627,0.01421911421911426,2.0,
mustache,0.6719230147177746,0.7536794436357755,iterative_all_layers,bald,pclarc,11,0.6675562024907002,0.004366812227074357,2.0,
narrow_eyes,0.570543093270366,0.5153482880755608,iterative_all_layers,bald,pclarc,11,0.545159386068477,0.025383707201888983,2.0,
no_beard,0.6494651147143915,0.6969656193231515,iterative_all_layers,bald,pclarc,11,0.6408531252102536,0.008611989504137885,2.0,
oval_face,0.5238095238095238,0.5794217687074831,iterative_all_layers,bald,pclarc,11,0.5212585034013605,0.0025510204081633514,2.0,
pale_skin,0.5654471544715447,0.6804878048780488,iterative_all_layers,bald,pclarc,11,0.5032520325203252,0.062195121951219456,2.0,
pointy_nose,0.5348552792498981,0.5116184264166327,iterative_all_layers,bald,pclarc,11,0.5174616116320152,0.017393667617882858,2.0,
receding_hairline,0.5352002503128912,0.5506883604505631,iterative_all_layers,bald,pclarc,11,0.52049436795995,0.014705882352941235,2.0,
rosy_cheeks,0.7321187584345479,0.786774628879892,iterative_all_layers,bald,pclarc,11,0.6947818263607737,0.0373369320737742,2.0,
sideburns,0.6738505747126436,0.7792744252873565,iterative_all_layers,bald,pclarc,11,0.694683908045977,-0.02083333333333337,2.0,
smiling,0.8202810603641009,0.9495368891727882,iterative_all_layers,bald,pclarc,11,0.7955285851165761,0.024752475247524774,2.0,
straight_hair,0.46556016597510375,0.4340248962655602,iterative_all_layers,bald,pclarc,11,0.4405255878284924,0.025034578146611364,2.0,
wavy_hair,0.5314580785432803,0.6041581736649002,iterative_all_layers,bald,pclarc,11,0.5791547764641934,-0.047696697920913134,2.0,
wearing_earrings,0.7669491525423728,0.8453389830508475,iterative_all_layers,bald,pclarc,11,0.735593220338983,0.031355932203389836,2.0,
wearing_hat,0.9219660837307896,0.97284048754637,iterative_all_layers,bald,pclarc,11,0.9219660837307896,0.0,2.0,
wearing_lipstick,0.4546112988894254,0.4518348623853211,iterative_all_layers,bald,pclarc,11,0.45062771607918883,0.0039835828102365856,2.0,
wearing_necklace,0.5975879891705637,0.651489047501846,iterative_all_layers,bald,pclarc,11,0.6017720895889737,-0.004184100418409997,2.0,
wearing_necktie,0.6646490121899958,0.7447667087011349,iterative_all_layers,bald,pclarc,11,0.6159730979403111,0.04867591424968476,2.0,
young,0.8664774519079155,0.9482812992746767,iterative_all_layers,bald,pclarc,11,0.8726900031535794,-0.006212551245663889,2.0,
5_o_clock_shadow,0.5548382196566914,0.5699529090080511,iterative_all_layers,bald,pclarc,12,0.5632690262798117,-0.008430806623120235,2.0,
arched_eyebrows,0.546875,0.6411830357142857,iterative_all_layers,bald,pclarc,12,0.6026785714285714,-0.0558035714285714,2.0,
attractive,0.4973821989528796,0.6981071284736207,iterative_all_layers,bald,pclarc,12,0.512766814337495,-0.015384615384615441,2.0,
bags_under_eyes,0.5138624338624338,0.5113227513227513,iterative_all_layers,bald,pclarc,12,0.5171781305114639,-0.0033156966490300865,2.0,
bald,0.734375,0.85150146484375,iterative_all_layers,bald,pclarc,12,0.73828125,-0.00390625,2.0,
bangs,0.7662810225788393,0.8294457921253965,iterative_all_layers,bald,pclarc,12,0.7534054860981526,0.012875536480686733,2.0,
big_lips,0.4199619513520859,0.45508900665851343,iterative_all_layers,bald,pclarc,12,0.4087511890202473,0.011210762331838597,2.0,
big_nose,0.5835322926232017,0.6557698194061832,iterative_all_layers,bald,pclarc,12,0.5955004591368228,-0.011968166513621092,2.0,
black_hair,0.6791979949874687,0.8585526315789473,iterative_all_layers,bald,pclarc,12,0.6770050125313283,0.002192982456140413,2.0,
blond_hair,0.9218106995884774,0.9544159544159544,iterative_all_layers,bald,pclarc,12,0.9279835390946503,-0.006172839506172867,2.0,
blurry,0.5881147540983607,0.73224043715847,iterative_all_layers,bald,pclarc,12,0.7192622950819672,-0.13114754098360648,2.0,
brown_hair,0.688034188034188,0.7874902874902875,iterative_all_layers,bald,pclarc,12,0.6794871794871795,0.008547008547008517,2.0,
bushy_eyebrows,0.5413057961359093,0.5045525205418611,iterative_all_layers,bald,pclarc,12,0.5391960914945592,0.002109704641350185,2.0,
chubby,0.5675883256528418,0.712288786482335,iterative_all_layers,bald,pclarc,12,0.554147465437788,0.013440860215053752,2.0,
double_chin,0.5859375,0.69091796875,iterative_all_layers,bald,pclarc,12,0.5651041666666666,0.02083333333333337,2.0,
eyeglasses,0.9400565347522447,0.9825407382773529,iterative_all_layers,bald,pclarc,12,0.9294146990355836,0.010641835716661108,2.0,
goatee,0.7457604663487016,0.8589030206677266,iterative_all_layers,bald,pclarc,12,0.766163222045575,-0.02040275569687333,2.0,
gray_hair,0.7748662517742111,0.8650507697346872,iterative_all_layers,bald,pclarc,12,0.7772136696145868,-0.0023474178403757318,2.0,
heavy_makeup,0.5451505016722408,0.6040133779264214,iterative_all_layers,bald,pclarc,12,0.5255852842809364,0.019565217391304346,2.0,
high_cheekbones,0.49355158730158727,0.41021825396825395,iterative_all_layers,bald,pclarc,12,0.48660714285714285,0.00694444444444442,2.0,
male,0.9878640776699029,0.9913592233009709,iterative_all_layers,bald,pclarc,12,0.9878640776699029,0.0,2.0,
mouth_slightly_open,0.5333000333000333,0.5623043623043623,iterative_all_layers,bald,pclarc,12,0.527039627039627,0.006260406260406248,2.0,
mustache,0.725295164159793,0.7565906517871583,iterative_all_layers,bald,pclarc,12,0.6675562024907002,0.05773896166909276,2.0,
narrow_eyes,0.5788075560802833,0.5094451003541912,iterative_all_layers,bald,pclarc,12,0.545159386068477,0.03364817001180631,2.0,
no_beard,0.6494651147143915,0.7014734575792236,iterative_all_layers,bald,pclarc,12,0.6408531252102536,0.008611989504137885,2.0,
oval_face,0.5238095238095238,0.5832482993197279,iterative_all_layers,bald,pclarc,12,0.5212585034013605,0.0025510204081633514,2.0,
pale_skin,0.5613821138211382,0.6764227642276422,iterative_all_layers,bald,pclarc,12,0.5032520325203252,0.058130081300812986,2.0,
pointy_nose,0.5174616116320152,0.518956379942927,iterative_all_layers,bald,pclarc,12,0.5174616116320152,0.0,2.0,
receding_hairline,0.5305068836045056,0.5560857321652064,iterative_all_layers,bald,pclarc,12,0.52049436795995,0.01001251564455563,2.0,
rosy_cheeks,0.7361673414304993,0.7858749437696806,iterative_all_layers,bald,pclarc,12,0.6947818263607737,0.041385515069725654,2.0,
sideburns,0.6673850574712643,0.787176724137931,iterative_all_layers,bald,pclarc,12,0.694683908045977,-0.027298850574712707,2.0,
smiling,0.810380070265091,0.9469179175982114,iterative_all_layers,bald,pclarc,12,0.7955285851165761,0.014851485148514865,2.0,
straight_hair,0.42392807745504835,0.41659751037344395,iterative_all_layers,bald,pclarc,12,0.4405255878284924,-0.016597510373444035,2.0,
wavy_hair,0.5640032613126783,0.5923359152058704,iterative_all_layers,bald,pclarc,12,0.5791547764641934,-0.015151515151515138,2.0,
wearing_earrings,0.7563559322033898,0.8485169491525424,iterative_all_layers,bald,pclarc,12,0.735593220338983,0.020762711864406813,2.0,
wearing_hat,0.9219660837307896,0.9723105458399576,iterative_all_layers,bald,pclarc,12,0.9219660837307896,0.0,2.0,
wearing_lipstick,0.46547561564461615,0.45702559150169003,iterative_all_layers,bald,pclarc,12,0.45062771607918883,0.014847899565427314,2.0,
wearing_necklace,0.5996800393797687,0.6522274181639183,iterative_all_layers,bald,pclarc,12,0.6017720895889737,-0.0020920502092049986,2.0,
wearing_necktie,0.6620849096258933,0.7367801597309793,iterative_all_layers,bald,pclarc,12,0.6159730979403111,0.046111811685582205,2.0,
young,0.8631661936297698,0.9468937243771681,iterative_all_layers,bald,pclarc,12,0.8726900031535794,-0.009523809523809601,2.0,
5_o_clock_shadow,0.5570408628284976,0.5667628740695732,iterative_all_layers,bald,pclarc,13,0.5632690262798117,-0.0062281634513140505,2.0,
arched_eyebrows,0.546875,0.6494140624999999,iterative_all_layers,bald,pclarc,13,0.6026785714285714,-0.0558035714285714,2.0,
attractive,0.4973821989528796,0.69762384212646,iterative_all_layers,bald,pclarc,13,0.512766814337495,-0.015384615384615441,2.0,
bags_under_eyes,0.5314638447971781,0.5108289241622574,iterative_all_layers,bald,pclarc,13,0.5171781305114639,0.014285714285714235,2.0,
bald,0.734375,0.8505859375,iterative_all_layers,bald,pclarc,13,0.73828125,-0.00390625,2.0,
bangs,0.759843254338496,0.8244075387199105,iterative_all_layers,bald,pclarc,13,0.7534054860981526,0.006437768240343367,2.0,
big_lips,0.40256828373420306,0.4467998369343661,iterative_all_layers,bald,pclarc,13,0.4087511890202473,-0.00618290528604426,2.0,
big_nose,0.5752678298132844,0.6498928680746863,iterative_all_layers,bald,pclarc,13,0.5955004591368228,-0.02023262932353842,2.0,
black_hair,0.7171052631578947,0.8566729323308271,iterative_all_layers,bald,pclarc,13,0.6770050125313283,0.040100250626566414,2.0,
blond_hair,0.9259259259259259,0.9559987337765116,iterative_all_layers,bald,pclarc,13,0.9279835390946503,-0.002057613168724326,2.0,
blurry,0.6277322404371585,0.7216530054644809,iterative_all_layers,bald,pclarc,13,0.7192622950819672,-0.09153005464480868,2.0,
brown_hair,0.6923076923076923,0.7946775446775447,iterative_all_layers,bald,pclarc,13,0.6794871794871795,0.012820512820512775,2.0,
bushy_eyebrows,0.5413057961359093,0.502998001332445,iterative_all_layers,bald,pclarc,13,0.5391960914945592,0.002109704641350185,2.0,
chubby,0.5747311827956989,0.709984639016897,iterative_all_layers,bald,pclarc,13,0.554147465437788,0.02058371735791087,2.0,
double_chin,0.578125,0.6880696614583334,iterative_all_layers,bald,pclarc,13,0.5651041666666666,0.01302083333333337,2.0,
eyeglasses,0.9374792151646159,0.9822913202527436,iterative_all_layers,bald,pclarc,13,0.9294146990355836,0.008064516129032251,2.0,
goatee,0.748012718600954,0.857710651828299,iterative_all_layers,bald,pclarc,13,0.766163222045575,-0.01815050344462099,2.0,
gray_hair,0.7748662517742111,0.8678895075881646,iterative_all_layers,bald,pclarc,13,0.7772136696145868,-0.0023474178403757318,2.0,
heavy_makeup,0.538628762541806,0.6051839464882943,iterative_all_layers,bald,pclarc,13,0.5255852842809364,0.013043478260869601,2.0,
high_cheekbones,0.49355158730158727,0.41071428571428575,iterative_all_layers,bald,pclarc,13,0.48660714285714285,0.00694444444444442,2.0,
male,0.9878640776699029,0.9918446601941748,iterative_all_layers,bald,pclarc,13,0.9878640776699029,0.0,2.0,
mouth_slightly_open,0.5363303363303363,0.5637695637695638,iterative_all_layers,bald,pclarc,13,0.527039627039627,0.009290709290709298,2.0,
mustache,0.6860747210092188,0.759825327510917,iterative_all_layers,bald,pclarc,13,0.6675562024907002,0.0185185185185186,2.0,
narrow_eyes,0.5746753246753247,0.49557260920897284,iterative_all_layers,bald,pclarc,13,0.545159386068477,0.029515938606847647,2.0,
no_beard,0.6468411491623495,0.7001951153872031,iterative_all_layers,bald,pclarc,13,0.6408531252102536,0.005988023952095856,2.0,
oval_face,0.5238095238095238,0.5850340136054422,iterative_all_layers,bald,pclarc,13,0.5212585034013605,0.0025510204081633514,2.0,
pale_skin,0.567479674796748,0.6626016260162602,iterative_all_layers,bald,pclarc,13,0.5032520325203252,0.06422764227642275,2.0,
pointy_nose,0.510735154232912,0.5228971327626036,iterative_all_layers,bald,pclarc,13,0.5174616116320152,-0.006726457399103158,2.0,
receding_hairline,0.5278473091364205,0.5514705882352942,iterative_all_layers,bald,pclarc,13,0.52049436795995,0.007352941176470562,2.0,
rosy_cheeks,0.7341430499325237,0.7876743139901035,iterative_all_layers,bald,pclarc,13,0.6947818263607737,0.03936122357174998,2.0,
sideburns,0.6716954022988506,0.7853807471264368,iterative_all_layers,bald,pclarc,13,0.694683908045977,-0.02298850574712641,2.0,
smiling,0.805429575215586,0.9467262855317791,iterative_all_layers,bald,pclarc,13,0.7955285851165761,0.00990099009900991,2.0,
straight_hair,0.42600276625172895,0.41881051175656986,iterative_all_layers,bald,pclarc,13,0.4405255878284924,-0.014522821576763434,2.0,
wavy_hair,0.566245413779046,0.5877157222448702,iterative_all_layers,bald,pclarc,13,0.5791547764641934,-0.012909362685147419,2.0,
wearing_earrings,0.7627118644067796,0.8461864406779661,iterative_all_layers,bald,pclarc,13,0.735593220338983,0.027118644067796627,2.0,
wearing_hat,0.9219660837307896,0.971250662427133,iterative_all_layers,bald,pclarc,13,0.9219660837307896,0.0,2.0,
wearing_lipstick,0.476943505552873,0.4550941574118783,iterative_all_layers,bald,pclarc,13,0.45062771607918883,0.02631578947368418,2.0,
wearing_necklace,0.6038641397981788,0.6512429239478218,iterative_all_layers,bald,pclarc,13,0.6017720895889737,0.0020920502092051096,2.0,
wearing_necktie,0.6728457335014711,0.7259352669188734,iterative_all_layers,bald,pclarc,13,0.6159730979403111,0.05687263556116007,2.0,
young,0.8664774519079155,0.9480920845159256,iterative_all_layers,bald,pclarc,13,0.8726900031535794,-0.006212551245663889,2.0,
5_o_clock_shadow,0.5764848853106486,0.5707124411362601,iterative_all_layers,bald,pclarc,14,0.5632690262798117,0.013215859030836885,2.0,
arched_eyebrows,0.5491071428571428,0.6395089285714285,iterative_all_layers,bald,pclarc,14,0.6026785714285714,-0.0535714285714286,2.0,
attractive,0.4973821989528796,0.7074506645187274,iterative_all_layers,bald,pclarc,14,0.512766814337495,-0.015384615384615441,2.0,
bags_under_eyes,0.5233509700176366,0.5149911816578483,iterative_all_layers,bald,pclarc,14,0.5171781305114639,0.006172839506172756,2.0,
bald,0.734375,0.8521728515625,iterative_all_layers,bald,pclarc,14,0.73828125,-0.00390625,2.0,
bangs,0.7641350998320582,0.8285127822354917,iterative_all_layers,bald,pclarc,14,0.7534054860981526,0.010729613733905574,2.0,
big_lips,0.38517461611632015,0.4480228291887485,iterative_all_layers,bald,pclarc,14,0.4087511890202473,-0.023576572903927173,2.0,
big_nose,0.5752678298132844,0.6511784511784512,iterative_all_layers,bald,pclarc,14,0.5955004591368228,-0.02023262932353842,2.0,
black_hair,0.6992481203007519,0.856046365914787,iterative_all_layers,bald,pclarc,14,0.6770050125313283,0.02224310776942362,2.0,
blond_hair,0.9238683127572016,0.9556821779044,iterative_all_layers,bald,pclarc,14,0.9279835390946503,-0.004115226337448652,2.0,
blurry,0.6256830601092896,0.7264344262295082,iterative_all_layers,bald,pclarc,14,0.7192622950819672,-0.0935792349726775,2.0,
brown_hair,0.6923076923076923,0.7999222999222999,iterative_all_layers,bald,pclarc,14,0.6794871794871795,0.012820512820512775,2.0,
bushy_eyebrows,0.5413057961359093,0.5036642238507661,iterative_all_layers,bald,pclarc,14,0.5391960914945592,0.002109704641350185,2.0,
chubby,0.5675883256528418,0.7093701996927804,iterative_all_layers,bald,pclarc,14,0.554147465437788,0.013440860215053752,2.0,
double_chin,0.5859375,0.6893717447916667,iterative_all_layers,bald,pclarc,14,0.5651041666666666,0.02083333333333337,2.0,
eyeglasses,0.9374792151646159,0.9825407382773528,iterative_all_layers,bald,pclarc,14,0.9294146990355836,0.008064516129032251,2.0,
goatee,0.7457604663487016,0.8590355060943295,iterative_all_layers,bald,pclarc,14,0.766163222045575,-0.02040275569687333,2.0,
gray_hair,0.7678239982530843,0.8681078720384322,iterative_all_layers,bald,pclarc,14,0.7772136696145868,-0.009389671361502483,2.0,
heavy_makeup,0.547324414715719,0.6207357859531772,iterative_all_layers,bald,pclarc,14,0.5255852842809364,0.021739130434782594,2.0,
high_cheekbones,0.49007936507936506,0.4115823412698413,iterative_all_layers,bald,pclarc,14,0.48660714285714285,0.00347222222222221,2.0,
male,0.9878640776699029,0.991747572815534,iterative_all_layers,bald,pclarc,14,0.9878640776699029,0.0,2.0,
mouth_slightly_open,0.5387945387945388,0.5611721611721612,iterative_all_layers,bald,pclarc,14,0.527039627039627,0.011754911754911723,2.0,
mustache,0.6882581271227559,0.7638686721656154,iterative_all_layers,bald,pclarc,14,0.6675562024907002,0.020701924632055668,2.0,
narrow_eyes,0.576741440377804,0.5109208972845336,iterative_all_layers,bald,pclarc,14,0.545159386068477,0.031582054309326923,2.0,
no_beard,0.6468411491623495,0.7008679270672139,iterative_all_layers,bald,pclarc,14,0.6408531252102536,0.005988023952095856,2.0,
oval_face,0.5238095238095238,0.5873299319727892,iterative_all_layers,bald,pclarc,14,0.5212585034013605,0.0025510204081633514,2.0,
pale_skin,0.5654471544715447,0.6581300813008131,iterative_all_layers,bald,pclarc,14,0.5032520325203252,0.062195121951219456,2.0,
pointy_nose,0.5084930017665443,0.5268378855822803,iterative_all_layers,bald,pclarc,14,0.5174616116320152,-0.008968609865470878,2.0,
receding_hairline,0.5305068836045056,0.5571026282853567,iterative_all_layers,bald,pclarc,14,0.52049436795995,0.01001251564455563,2.0,
rosy_cheeks,0.7321187584345479,0.7881241565452091,iterative_all_layers,bald,pclarc,14,0.6947818263607737,0.0373369320737742,2.0,
sideburns,0.6716954022988506,0.7862787356321839,iterative_all_layers,bald,pclarc,14,0.694683908045977,-0.02298850574712641,2.0,
smiling,0.800479080166081,0.9455126157777067,iterative_all_layers,bald,pclarc,14,0.7955285851165761,0.004950495049504955,2.0,
straight_hair,0.42807745504840944,0.4094052558782849,iterative_all_layers,bald,pclarc,14,0.4405255878284924,-0.012448132780082943,2.0,
wavy_hair,0.566245413779046,0.5855415137926349,iterative_all_layers,bald,pclarc,14,0.5791547764641934,-0.012909362685147419,2.0,
wearing_earrings,0.7584745762711864,0.8457627118644068,iterative_all_layers,bald,pclarc,14,0.735593220338983,0.022881355932203418,2.0,
wearing_hat,0.9219660837307896,0.9725755166931638,iterative_all_layers,bald,pclarc,14,0.9219660837307896,0.0,2.0,
wearing_lipstick,0.4792370835345244,0.4598020280057943,iterative_all_layers,bald,pclarc,14,0.45062771607918883,0.028609367455335544,2.0,
wearing_necklace,0.6038641397981788,0.6541964065961112,iterative_all_layers,bald,pclarc,14,0.6017720895889737,0.0020920502092051096,2.0,
wearing_necktie,0.6702816309373686,0.7359394703656998,iterative_all_layers,bald,pclarc,14,0.6159730979403111,0.05430853299705751,2.0,
young,0.858404288867865,0.9480290129296751,iterative_all_layers,bald,pclarc,14,0.8726900031535794,-0.014285714285714346,2.0,
5_o_clock_shadow,0.5786875284824549,0.5696490961567674,iterative_all_layers,bald,pclarc,15,0.5632690262798117,0.01541850220264318,2.0,
arched_eyebrows,0.5290178571428572,0.6407645089285714,iterative_all_layers,bald,pclarc,15,0.6026785714285714,-0.07366071428571419,2.0,
attractive,0.4973821989528796,0.6958517921868709,iterative_all_layers,bald,pclarc,15,0.512766814337495,-0.015384615384615441,2.0,
bags_under_eyes,0.5332980599647266,0.511957671957672,iterative_all_layers,bald,pclarc,15,0.5171781305114639,0.016119929453262682,2.0,
bald,0.734375,0.8548583984375,iterative_all_layers,bald,pclarc,15,0.73828125,-0.00390625,2.0,
bangs,0.7576973315917148,0.8286993842134727,iterative_all_layers,bald,pclarc,15,0.7534054860981526,0.0042918454935622075,2.0,
big_lips,0.43511346650360105,0.4601168637043077,iterative_all_layers,bald,pclarc,15,0.4087511890202473,0.026362277483353735,2.0,
big_nose,0.5835322926232017,0.6547903275176002,iterative_all_layers,bald,pclarc,15,0.5955004591368228,-0.011968166513621092,2.0,
black_hair,0.7371553884711779,0.8605889724310777,iterative_all_layers,bald,pclarc,15,0.6770050125313283,0.06015037593984962,2.0,
blond_hair,0.9218106995884774,0.9575815131370686,iterative_all_layers,bald,pclarc,15,0.9279835390946503,-0.006172839506172867,2.0,
blurry,0.5819672131147541,0.6806693989071039,iterative_all_layers,bald,pclarc,15,0.7192622950819672,-0.13729508196721307,2.0,
brown_hair,0.6837606837606838,0.7904040404040404,iterative_all_layers,bald,pclarc,15,0.6794871794871795,0.004273504273504258,2.0,
bushy_eyebrows,0.5149900066622252,0.495447479458139,iterative_all_layers,bald,pclarc,15,0.5391960914945592,-0.024206084832333996,2.0,
chubby,0.547926267281106,0.7074500768049156,iterative_all_layers,bald,pclarc,15,0.554147465437788,-0.006221198156681984,2.0,
double_chin,0.5807291666666666,0.6831868489583334,iterative_all_layers,bald,pclarc,15,0.5651041666666666,0.015625,2.0,
eyeglasses,0.9374792151646159,0.979963418689724,iterative_all_layers,bald,pclarc,15,0.9294146990355836,0.008064516129032251,2.0,
goatee,0.7627186009538951,0.8668521462639109,iterative_all_layers,bald,pclarc,15,0.766163222045575,-0.003444621091679867,2.0,
gray_hair,0.7725188339338356,0.865159951959821,iterative_all_layers,bald,pclarc,15,0.7772136696145868,-0.0046948356807512415,2.0,
heavy_makeup,0.538628762541806,0.6026755852842809,iterative_all_layers,bald,pclarc,15,0.5255852842809364,0.013043478260869601,2.0,
high_cheekbones,0.49355158730158727,0.4093501984126984,iterative_all_layers,bald,pclarc,15,0.48660714285714285,0.00694444444444442,2.0,
male,0.9878640776699029,0.9924271844660193,iterative_all_layers,bald,pclarc,15,0.9878640776699029,0.0,2.0,
mouth_slightly_open,0.5558441558441558,0.5525807525807526,iterative_all_layers,bald,pclarc,15,0.527039627039627,0.028804528804528773,2.0,
mustache,0.6838913148956818,0.7661329451722465,iterative_all_layers,bald,pclarc,15,0.6675562024907002,0.016335112404981533,2.0,
narrow_eyes,0.5664108618654073,0.5121015348288076,iterative_all_layers,bald,pclarc,15,0.545159386068477,0.02125147579693032,2.0,
no_beard,0.6554531386664872,0.7010697705712171,iterative_all_layers,bald,pclarc,15,0.6408531252102536,0.01460001345623363,2.0,
oval_face,0.5187074829931972,0.5707482993197279,iterative_all_layers,bald,pclarc,15,0.5212585034013605,-0.0025510204081632404,2.0,
pale_skin,0.5613821138211382,0.6703252032520326,iterative_all_layers,bald,pclarc,15,0.5032520325203252,0.058130081300812986,2.0,
pointy_nose,0.510735154232912,0.5256148933278978,iterative_all_layers,bald,pclarc,15,0.5174616116320152,-0.006726457399103158,2.0,
receding_hairline,0.5278473091364205,0.5491239048811014,iterative_all_layers,bald,pclarc,15,0.52049436795995,0.007352941176470562,2.0,
rosy_cheeks,0.6826360773729194,0.7750787224471435,iterative_all_layers,bald,pclarc,15,0.6947818263607737,-0.012145748987854255,2.0,
sideburns,0.6630747126436781,0.7819683908045977,iterative_all_layers,bald,pclarc,15,0.694683908045977,-0.031609195402298895,2.0,
smiling,0.7955285851165761,0.9442350686681571,iterative_all_layers,bald,pclarc,15,0.7955285851165761,0.0,2.0,
straight_hair,0.42392807745504835,0.4094052558782849,iterative_all_layers,bald,pclarc,15,0.4405255878284924,-0.016597510373444035,2.0,
wavy_hair,0.5640032613126783,0.5760293518141052,iterative_all_layers,bald,pclarc,15,0.5791547764641934,-0.015151515151515138,2.0,
wearing_earrings,0.7669491525423728,0.8472457627118644,iterative_all_layers,bald,pclarc,15,0.735593220338983,0.031355932203389836,2.0,
wearing_hat,0.9219660837307896,0.9683359830418654,iterative_all_layers,bald,pclarc,15,0.9219660837307896,0.0,2.0,
wearing_lipstick,0.4723563495895703,0.4683727667793337,iterative_all_layers,bald,pclarc,15,0.45062771607918883,0.021728633510381457,2.0,
wearing_necklace,0.5954959389613586,0.6480433177455083,iterative_all_layers,bald,pclarc,15,0.6017720895889737,-0.006276150627615107,2.0,
wearing_necktie,0.6625893232450609,0.7394703656998739,iterative_all_layers,bald,pclarc,15,0.6159730979403111,0.04661622530474985,2.0,
young,0.8726900031535794,0.9496688741721855,iterative_all_layers,bald,pclarc,15,0.8726900031535794,0.0,2.0,
5_o_clock_shadow,0.5526355764848854,0.5714719732644692,iterative_all_layers,bald,pclarc,16,0.5632690262798117,-0.010633449794926308,2.0,
arched_eyebrows,0.5401785714285714,0.6390904017857143,iterative_all_layers,bald,pclarc,16,0.6026785714285714,-0.0625,2.0,
attractive,0.4973821989528796,0.7024567055980668,iterative_all_layers,bald,pclarc,16,0.512766814337495,-0.015384615384615441,2.0,
bags_under_eyes,0.5066666666666667,0.5047619047619047,iterative_all_layers,bald,pclarc,16,0.5171781305114639,-0.010511463844797175,2.0,
bald,0.73046875,0.85296630859375,iterative_all_layers,bald,pclarc,16,0.73828125,-0.0078125,2.0,
bangs,0.7619891770852771,0.8204888971823101,iterative_all_layers,bald,pclarc,16,0.7534054860981526,0.008583690987124526,2.0,
big_lips,0.4480228291887485,0.46487294469357254,iterative_all_layers,bald,pclarc,16,0.4087511890202473,0.039271640168501154,2.0,
big_nose,0.5794000612182431,0.643220079583716,iterative_all_layers,bald,pclarc,16,0.5955004591368228,-0.016100397918579756,2.0,
black_hair,0.7127192982456141,0.8607456140350878,iterative_all_layers,bald,pclarc,16,0.6770050125313283,0.03571428571428581,2.0,
blond_hair,0.9197530864197531,0.9591642924976259,iterative_all_layers,bald,pclarc,16,0.9279835390946503,-0.008230452674897193,2.0,
blurry,0.6277322404371585,0.6666666666666667,iterative_all_layers,bald,pclarc,16,0.7192622950819672,-0.09153005464480868,2.0,
brown_hair,0.6837606837606838,0.8051670551670551,iterative_all_layers,bald,pclarc,16,0.6794871794871795,0.004273504273504258,2.0,
bushy_eyebrows,0.5107705973795248,0.5098823006884299,iterative_all_layers,bald,pclarc,16,0.5391960914945592,-0.028425494115034367,2.0,
chubby,0.547926267281106,0.7010752688172043,iterative_all_layers,bald,pclarc,16,0.554147465437788,-0.006221198156681984,2.0,
double_chin,0.5807291666666666,0.6750488281249999,iterative_all_layers,bald,pclarc,16,0.5651041666666666,0.015625,2.0,
eyeglasses,0.9213501829065514,0.9775523777851679,iterative_all_layers,bald,pclarc,16,0.9294146990355836,-0.008064516129032251,2.0,
goatee,0.7627186009538951,0.8673820879703233,iterative_all_layers,bald,pclarc,16,0.766163222045575,-0.003444621091679867,2.0,
gray_hair,0.7725188339338356,0.8611202096298722,iterative_all_layers,bald,pclarc,16,0.7772136696145868,-0.0046948356807512415,2.0,
heavy_makeup,0.5408026755852843,0.576923076923077,iterative_all_layers,bald,pclarc,16,0.5255852842809364,0.01521739130434785,2.0,
high_cheekbones,0.49355158730158727,0.41102430555555547,iterative_all_layers,bald,pclarc,16,0.48660714285714285,0.00694444444444442,2.0,
male,0.9878640776699029,0.992621359223301,iterative_all_layers,bald,pclarc,16,0.9878640776699029,0.0,2.0,
mouth_slightly_open,0.5497835497835497,0.5633033633033634,iterative_all_layers,bald,pclarc,16,0.527039627039627,0.022743922743922673,2.0,
mustache,0.6860747210092188,0.7692058871098172,iterative_all_layers,bald,pclarc,16,0.6675562024907002,0.0185185185185186,2.0,
narrow_eyes,0.570543093270366,0.5135773317591499,iterative_all_layers,bald,pclarc,16,0.545159386068477,0.025383707201888983,2.0,
no_beard,0.6610711161945771,0.6981093991791697,iterative_all_layers,bald,pclarc,16,0.6408531252102536,0.02021799098432353,2.0,
oval_face,0.5295918367346939,0.5744897959183674,iterative_all_layers,bald,pclarc,16,0.5212585034013605,0.008333333333333415,2.0,
pale_skin,0.567479674796748,0.640650406504065,iterative_all_layers,bald,pclarc,16,0.5032520325203252,0.06422764227642275,2.0,
pointy_nose,0.510735154232912,0.5224894686778094,iterative_all_layers,bald,pclarc,16,0.5174616116320152,-0.006726457399103158,2.0,
receding_hairline,0.5272215269086358,0.5585888610763455,iterative_all_layers,bald,pclarc,16,0.52049436795995,0.0067271589486858074,2.0,
rosy_cheeks,0.6826360773729194,0.7701304543409806,iterative_all_layers,bald,pclarc,16,0.6947818263607737,-0.012145748987854255,2.0,
sideburns,0.6882183908045977,0.7927442528735633,iterative_all_layers,bald,pclarc,16,0.694683908045977,-0.006465517241379337,2.0,
smiling,0.805429575215586,0.9467262855317788,iterative_all_layers,bald,pclarc,16,0.7955285851165761,0.00990099009900991,2.0,
straight_hair,0.4135546334716459,0.39114799446749654,iterative_all_layers,bald,pclarc,16,0.4405255878284924,-0.026970954356846488,2.0,
wavy_hair,0.5640032613126783,0.5678760701182226,iterative_all_layers,bald,pclarc,16,0.5791547764641934,-0.015151515151515138,2.0,
wearing_earrings,0.7627118644067796,0.8504237288135593,iterative_all_layers,bald,pclarc,16,0.735593220338983,0.027118644067796627,2.0,
wearing_hat,0.9219660837307896,0.9701907790143084,iterative_all_layers,bald,pclarc,16,0.9219660837307896,0.0,2.0,
wearing_lipstick,0.5095364558184452,0.47766779333655235,iterative_all_layers,bald,pclarc,16,0.45062771607918883,0.058908739739256366,2.0,
wearing_necklace,0.6038641397981788,0.6593650012306178,iterative_all_layers,bald,pclarc,16,0.6017720895889737,0.0020920502092051096,2.0,
wearing_necktie,0.6759142496847415,0.7145018915510718,iterative_all_layers,bald,pclarc,16,0.6159730979403111,0.059941151744430377,2.0,
young,0.8693787448754337,0.9525070955534531,iterative_all_layers,bald,pclarc,16,0.8726900031535794,-0.0033112582781457123,2.0,
5_o_clock_shadow,0.548230290141273,0.5587118335105574,iterative_all_layers,bald,pclarc,17,0.5632690262798117,-0.015038736138538678,2.0,
arched_eyebrows,0.5379464285714286,0.6515066964285715,iterative_all_layers,bald,pclarc,17,0.6026785714285714,-0.0647321428571428,2.0,
attractive,0.4973821989528796,0.6899718082964156,iterative_all_layers,bald,pclarc,17,0.512766814337495,-0.015384615384615441,2.0,
bags_under_eyes,0.487689594356261,0.4951675485008818,iterative_all_layers,bald,pclarc,17,0.5171781305114639,-0.02948853615520286,2.0,
bald,0.73046875,0.85504150390625,iterative_all_layers,bald,pclarc,17,0.73828125,-0.0078125,2.0,
bangs,0.7512595633513715,0.815450643776824,iterative_all_layers,bald,pclarc,17,0.7534054860981526,-0.0021459227467811592,2.0,
big_lips,0.43287131403723333,0.45970919961951356,iterative_all_layers,bald,pclarc,17,0.4087511890202473,0.024120125016986016,2.0,
big_nose,0.5707070707070707,0.6332415059687787,iterative_all_layers,bald,pclarc,17,0.5955004591368228,-0.024793388429752095,2.0,
black_hair,0.6770050125313283,0.856046365914787,iterative_all_layers,bald,pclarc,17,0.6770050125313283,0.0,2.0,
blond_hair,0.9300411522633745,0.9553656220322886,iterative_all_layers,bald,pclarc,17,0.9279835390946503,0.002057613168724215,2.0,
blurry,0.5881147540983607,0.6413934426229507,iterative_all_layers,bald,pclarc,17,0.7192622950819672,-0.13114754098360648,2.0,
brown_hair,0.6923076923076923,0.7911810411810412,iterative_all_layers,bald,pclarc,17,0.6794871794871795,0.012820512820512775,2.0,
bushy_eyebrows,0.5349766822118587,0.5092160781701088,iterative_all_layers,bald,pclarc,17,0.5391960914945592,-0.0042194092827004814,2.0,
chubby,0.541705069124424,0.7003072196620584,iterative_all_layers,bald,pclarc,17,0.554147465437788,-0.01244239631336408,2.0,
double_chin,0.5442708333333334,0.6722005208333333,iterative_all_layers,bald,pclarc,17,0.5651041666666666,-0.02083333333333326,2.0,
eyeglasses,0.9187728633189225,0.9787994679082141,iterative_all_layers,bald,pclarc,17,0.9294146990355836,-0.010641835716661108,2.0,
goatee,0.7672231054583996,0.874006359300477,iterative_all_layers,bald,pclarc,17,0.766163222045575,0.0010598834128245915,2.0,
gray_hair,0.7468064199148379,0.8598100229282672,iterative_all_layers,bald,pclarc,17,0.7772136696145868,-0.03040724969974895,2.0,
heavy_makeup,0.5255852842809364,0.5282608695652175,iterative_all_layers,bald,pclarc,17,0.5255852842809364,0.0,2.0,
high_cheekbones,0.48660714285714285,0.4168526785714286,iterative_all_layers,bald,pclarc,17,0.48660714285714285,0.0,2.0,
male,0.9878640776699029,0.9921359223300972,iterative_all_layers,bald,pclarc,17,0.9878640776699029,0.0,2.0,
mouth_slightly_open,0.5467532467532468,0.5575757575757575,iterative_all_layers,bald,pclarc,17,0.527039627039627,0.019713619713619734,2.0,
mustache,0.6904415332362931,0.7789099142810934,iterative_all_layers,bald,pclarc,17,0.6675562024907002,0.022885330745592847,2.0,
narrow_eyes,0.5684769775678866,0.5324675324675324,iterative_all_layers,bald,pclarc,17,0.545159386068477,0.023317591499409596,2.0,
no_beard,0.6438471371863015,0.7059812958352957,iterative_all_layers,bald,pclarc,17,0.6408531252102536,0.0029940119760478723,2.0,
oval_face,0.5212585034013605,0.5812074829931972,iterative_all_layers,bald,pclarc,17,0.5212585034013605,0.0,2.0,
pale_skin,0.5613821138211382,0.6113821138211382,iterative_all_layers,bald,pclarc,17,0.5032520325203252,0.058130081300812986,2.0,
pointy_nose,0.4933414866150292,0.5148797390949857,iterative_all_layers,bald,pclarc,17,0.5174616116320152,-0.024120125016986016,2.0,
receding_hairline,0.5198685857321652,0.5403629536921151,iterative_all_layers,bald,pclarc,17,0.52049436795995,-0.0006257822277847547,2.0,
rosy_cheeks,0.672514619883041,0.7534862798020693,iterative_all_layers,bald,pclarc,17,0.6947818263607737,-0.022267206477732726,2.0,
sideburns,0.6882183908045977,0.793462643678161,iterative_all_layers,bald,pclarc,17,0.694683908045977,-0.006465517241379337,2.0,
smiling,0.7824017885659533,0.938933248163526,iterative_all_layers,bald,pclarc,17,0.7955285851165761,-0.013126796550622766,2.0,
straight_hair,0.42392807745504835,0.3883817427385893,iterative_all_layers,bald,pclarc,17,0.4405255878284924,-0.016597510373444035,2.0,
wavy_hair,0.5640032613126783,0.5650224215246638,iterative_all_layers,bald,pclarc,17,0.5791547764641934,-0.015151515151515138,2.0,
wearing_earrings,0.7877118644067798,0.8690677966101695,iterative_all_layers,bald,pclarc,17,0.735593220338983,0.05211864406779676,2.0,
wearing_hat,0.9072602013778484,0.9716481187069422,iterative_all_layers,bald,pclarc,17,0.9219660837307896,-0.014705882352941235,2.0,
wearing_lipstick,0.4809270883631096,0.44966199903428294,iterative_all_layers,bald,pclarc,17,0.45062771607918883,0.030299372283920767,2.0,
wearing_necklace,0.6395520551316761,0.6756091557962097,iterative_all_layers,bald,pclarc,17,0.6017720895889737,0.037779965542702465,2.0,
wearing_necktie,0.6651534258091635,0.7022278268179907,iterative_all_layers,bald,pclarc,17,0.6159730979403111,0.0491803278688524,2.0,
young,0.8613055818353832,0.9519394512771996,iterative_all_layers,bald,pclarc,17,0.8726900031535794,-0.01138442131819617,2.0,
5_o_clock_shadow,0.5265836244873158,0.5544584535925869,iterative_all_layers,bald,pclarc,18,0.5632690262798117,-0.03668540179249591,2.0,
arched_eyebrows,0.5401785714285714,0.6669921875,iterative_all_layers,bald,pclarc,18,0.6026785714285714,-0.0625,2.0,
attractive,0.5,0.6445428916633106,iterative_all_layers,bald,pclarc,18,0.512766814337495,-0.012766814337495047,2.0,
bags_under_eyes,0.47202821869488537,0.4826102292768959,iterative_all_layers,bald,pclarc,18,0.5171781305114639,-0.045149911816578514,2.0,
bald,0.73828125,0.8609619140625,iterative_all_layers,bald,pclarc,18,0.73828125,0.0,2.0,
bangs,0.7555514088449338,0.8147042358649003,iterative_all_layers,bald,pclarc,18,0.7534054860981526,0.0021459227467811592,2.0,
big_lips,0.43511346650360105,0.47900529963310234,iterative_all_layers,bald,pclarc,18,0.4087511890202473,0.026362277483353735,2.0,
big_nose,0.5471992653810835,0.6351392715029079,iterative_all_layers,bald,pclarc,18,0.5955004591368228,-0.04830119375573927,2.0,
black_hair,0.6791979949874687,0.8551065162907268,iterative_all_layers,bald,pclarc,18,0.6770050125313283,0.002192982456140413,2.0,
blond_hair,0.9320987654320987,0.9553656220322887,iterative_all_layers,bald,pclarc,18,0.9279835390946503,0.00411522633744843,2.0,
blurry,0.5983606557377049,0.6253415300546448,iterative_all_layers,bald,pclarc,18,0.7192622950819672,-0.12090163934426224,2.0,
brown_hair,0.6923076923076923,0.7845765345765345,iterative_all_layers,bald,pclarc,18,0.6794871794871795,0.012820512820512775,2.0,
bushy_eyebrows,0.537086386853209,0.500777259604708,iterative_all_layers,bald,pclarc,18,0.5391960914945592,-0.002109704641350185,2.0,
chubby,0.5461597542242703,0.7015360983102918,iterative_all_layers,bald,pclarc,18,0.554147465437788,-0.007987711213517712,2.0,
double_chin,0.5520833333333334,0.6787109374999999,iterative_all_layers,bald,pclarc,18,0.5651041666666666,-0.01302083333333326,2.0,
eyeglasses,0.9294146990355836,0.974975058197539,iterative_all_layers,bald,pclarc,18,0.9294146990355836,0.0,2.0,
goatee,0.7774244833068362,0.8761261261261262,iterative_all_layers,bald,pclarc,18,0.766163222045575,0.011261261261261257,2.0,
gray_hair,0.7468064199148379,0.8420133202314664,iterative_all_layers,bald,pclarc,18,0.7772136696145868,-0.03040724969974895,2.0,
heavy_makeup,0.5190635451505017,0.5095317725752508,iterative_all_layers,bald,pclarc,18,0.5255852842809364,-0.006521739130434745,2.0,
high_cheekbones,0.47619047619047616,0.42410714285714285,iterative_all_layers,bald,pclarc,18,0.48660714285714285,-0.010416666666666685,2.0,
male,0.9878640776699029,0.9920388349514563,iterative_all_layers,bald,pclarc,18,0.9878640776699029,0.0,2.0,
mouth_slightly_open,0.5473193473193473,0.5521145521145522,iterative_all_layers,bald,pclarc,18,0.527039627039627,0.020279720279720248,2.0,
mustache,0.7089600517548116,0.7890991428109332,iterative_all_layers,bald,pclarc,18,0.6675562024907002,0.041403849264111336,2.0,
narrow_eyes,0.5726092089728454,0.5546044864226682,iterative_all_layers,bald,pclarc,18,0.545159386068477,0.02744982290436837,2.0,
no_beard,0.6438471371863015,0.7022808315952365,iterative_all_layers,bald,pclarc,18,0.6408531252102536,0.0029940119760478723,2.0,
oval_face,0.5187074829931972,0.5886054421768708,iterative_all_layers,bald,pclarc,18,0.5212585034013605,-0.0025510204081632404,2.0,
pale_skin,0.567479674796748,0.5845528455284552,iterative_all_layers,bald,pclarc,18,0.5032520325203252,0.06422764227642275,2.0,
pointy_nose,0.5062508493001767,0.5121619785296915,iterative_all_layers,bald,pclarc,18,0.5174616116320152,-0.011210762331838486,2.0,
receding_hairline,0.511107634543179,0.5287859824780976,iterative_all_layers,bald,pclarc,18,0.52049436795995,-0.009386733416770987,2.0,
rosy_cheeks,0.6149347728295096,0.7278452541610436,iterative_all_layers,bald,pclarc,18,0.6947818263607737,-0.07984705353126409,2.0,
sideburns,0.6968390804597702,0.8044181034482758,iterative_all_layers,bald,pclarc,18,0.694683908045977,0.0021551724137931494,2.0,
smiling,0.7725007984669434,0.9388693708080486,iterative_all_layers,bald,pclarc,18,0.7955285851165761,-0.023027786649632676,2.0,
straight_hair,0.4135546334716459,0.4069156293222683,iterative_all_layers,bald,pclarc,18,0.4405255878284924,-0.026970954356846488,2.0,
wavy_hair,0.566245413779046,0.5643429813833402,iterative_all_layers,bald,pclarc,18,0.5791547764641934,-0.012909362685147419,2.0,
wearing_earrings,0.7584745762711864,0.8713983050847457,iterative_all_layers,bald,pclarc,18,0.735593220338983,0.022881355932203418,2.0,
wearing_hat,0.9219660837307896,0.9727080021197668,iterative_all_layers,bald,pclarc,18,0.9219660837307896,0.0,2.0,
wearing_lipstick,0.4786335103814582,0.46221632061805884,iterative_all_layers,bald,pclarc,18,0.45062771607918883,0.02800579430226935,2.0,
wearing_necklace,0.6143243908442038,0.6933300516859464,iterative_all_layers,bald,pclarc,18,0.6017720895889737,0.012552301255230103,2.0,
wearing_necktie,0.610844892812106,0.6612862547288777,iterative_all_layers,bald,pclarc,18,0.6159730979403111,-0.00512820512820511,2.0,
young,0.8646168401135289,0.954083885209713,iterative_all_layers,bald,pclarc,18,0.8726900031535794,-0.008073163040050457,2.0,
5_o_clock_shadow,0.5548382196566914,0.5652438098131551,iterative_all_layers,bald,pclarc,19,0.5632690262798117,-0.008430806623120235,2.0,
arched_eyebrows,0.578125,0.6682477678571429,iterative_all_layers,bald,pclarc,19,0.6026785714285714,-0.024553571428571397,2.0,
attractive,0.5,0.6008860249697947,iterative_all_layers,bald,pclarc,19,0.512766814337495,-0.012766814337495047,2.0,
bags_under_eyes,0.5328395061728395,0.4779541446208112,iterative_all_layers,bald,pclarc,19,0.5171781305114639,0.0156613756613756,2.0,
bald,0.71875,0.85345458984375,iterative_all_layers,bald,pclarc,19,0.73828125,-0.01953125,2.0,
bangs,0.7815823847732786,0.8012688934502705,iterative_all_layers,bald,pclarc,19,0.7534054860981526,0.02817689867512596,2.0,
big_lips,0.4609321918738959,0.4955836390813969,iterative_all_layers,bald,pclarc,19,0.4087511890202473,0.05218100285364857,2.0,
big_nose,0.5628711355984083,0.6329354147535967,iterative_all_layers,bald,pclarc,19,0.5955004591368228,-0.03262932353841452,2.0,
black_hair,0.6478696741854637,0.8446115288220551,iterative_all_layers,bald,pclarc,19,0.6770050125313283,-0.02913533834586457,2.0,
blond_hair,0.8531180753402976,0.9465020576131687,iterative_all_layers,bald,pclarc,19,0.9279835390946503,-0.07486546375435266,2.0,
blurry,0.546448087431694,0.6386612021857923,iterative_all_layers,bald,pclarc,19,0.7192622950819672,-0.1728142076502731,2.0,
brown_hair,0.6816239316239316,0.7709790209790209,iterative_all_layers,bald,pclarc,19,0.6794871794871795,0.002136752136752129,2.0,
bushy_eyebrows,0.5413057961359093,0.5280923828558739,iterative_all_layers,bald,pclarc,19,0.5391960914945592,0.002109704641350185,2.0,
chubby,0.5515360983102918,0.7043778801843318,iterative_all_layers,bald,pclarc,19,0.554147465437788,-0.0026113671274962114,2.0,
double_chin,0.5494791666666666,0.6665852864583334,iterative_all_layers,bald,pclarc,19,0.5651041666666666,-0.015625,2.0,
eyeglasses,0.9107083471898902,0.9728134353175923,iterative_all_layers,bald,pclarc,19,0.9294146990355836,-0.01870635184569336,2.0,
goatee,0.7706677265500795,0.8762586115527291,iterative_all_layers,bald,pclarc,19,0.766163222045575,0.0045045045045045695,2.0,
gray_hair,0.7679331804782181,0.8267278087127415,iterative_all_layers,bald,pclarc,19,0.7772136696145868,-0.009280489136368697,2.0,
heavy_makeup,0.470066889632107,0.4983277591973244,iterative_all_layers,bald,pclarc,19,0.5255852842809364,-0.055518394648829406,2.0,
high_cheekbones,0.48065476190476186,0.43967013888888884,iterative_all_layers,bald,pclarc,19,0.48660714285714285,-0.005952380952380987,2.0,
male,0.9878640776699029,0.9902912621359223,iterative_all_layers,bald,pclarc,19,0.9878640776699029,0.0,2.0,
mouth_slightly_open,0.5418248418248418,0.54998334998335,iterative_all_layers,bald,pclarc,19,0.527039627039627,0.014785214785214773,2.0,
mustache,0.7296619763868673,0.8060811903606664,iterative_all_layers,bald,pclarc,19,0.6675562024907002,0.062105773896167005,2.0,
narrow_eyes,0.5664108618654073,0.5053128689492326,iterative_all_layers,bald,pclarc,19,0.545159386068477,0.02125147579693032,2.0,
no_beard,0.6412231716342596,0.7084034178833344,iterative_all_layers,bald,pclarc,19,0.6408531252102536,0.0003700464240059542,2.0,
oval_face,0.5110544217687075,0.5898809523809524,iterative_all_layers,bald,pclarc,19,0.5212585034013605,-0.010204081632652962,2.0,
pale_skin,0.5735772357723578,0.5764227642276423,iterative_all_layers,bald,pclarc,19,0.5032520325203252,0.07032520325203251,2.0,
pointy_nose,0.48715858132898493,0.46922136159804323,iterative_all_layers,bald,pclarc,19,0.5174616116320152,-0.030303030303030276,2.0,
receding_hairline,0.4945244055068836,0.5252659574468084,iterative_all_layers,bald,pclarc,19,0.52049436795995,-0.025969962453066375,2.0,
rosy_cheeks,0.5573549257759784,0.7130004498425551,iterative_all_layers,bald,pclarc,19,0.6947818263607737,-0.13742690058479523,2.0,
sideburns,0.6882183908045977,0.8132183908045977,iterative_all_layers,bald,pclarc,19,0.694683908045977,-0.006465517241379337,2.0,
smiling,0.7477483232194186,0.9200894282976684,iterative_all_layers,bald,pclarc,19,0.7955285851165761,-0.04778026189715745,2.0,
straight_hair,0.45103734439834026,0.41300138312586443,iterative_all_layers,bald,pclarc,19,0.4405255878284924,0.010511756569847874,2.0,
wavy_hair,0.5488517461611632,0.5394754722108982,iterative_all_layers,bald,pclarc,19,0.5791547764641934,-0.030303030303030276,2.0,
wearing_earrings,0.8,0.8709745762711865,iterative_all_layers,bald,pclarc,19,0.735593220338983,0.06440677966101704,2.0,
wearing_hat,0.9219660837307896,0.9807896131425544,iterative_all_layers,bald,pclarc,19,0.9219660837307896,0.0,2.0,
wearing_lipstick,0.452317720907774,0.45642201834862384,iterative_all_layers,bald,pclarc,19,0.45062771607918883,0.0016900048285851677,2.0,
wearing_necklace,0.6626876692099434,0.6758552793502339,iterative_all_layers,bald,pclarc,19,0.6017720895889737,0.06091557962096972,2.0,
wearing_necktie,0.6200504413619168,0.644640605296343,iterative_all_layers,bald,pclarc,19,0.6159730979403111,0.004077343421605706,2.0,
young,0.8550930305897193,0.9498580889309366,iterative_all_layers,bald,pclarc,19,0.8726900031535794,-0.017596972563860058,2.0,
5_o_clock_shadow,0.5566610967643931,0.5705605347106183,iterative_all_layers,bald,pclarc,20,0.5632690262798117,-0.0066079295154185536,2.0,
arched_eyebrows,0.5892857142857143,0.6492745535714285,iterative_all_layers,bald,pclarc,20,0.6026785714285714,-0.013392857142857095,2.0,
attractive,0.5,0.5688280306081352,iterative_all_layers,bald,pclarc,20,0.512766814337495,-0.012766814337495047,2.0,
bags_under_eyes,0.48631393298059966,0.4564373897707231,iterative_all_layers,bald,pclarc,20,0.5171781305114639,-0.030864197530864224,2.0,
bald,0.7109375,0.8604736328125,iterative_all_layers,bald,pclarc,20,0.73828125,-0.02734375,2.0,
bangs,0.7837283075200596,0.7964172420227654,iterative_all_layers,bald,pclarc,20,0.7534054860981526,0.03032282142190701,2.0,
big_lips,0.5136567468406034,0.527381437695339,iterative_all_layers,bald,pclarc,20,0.4087511890202473,0.10490555782035604,2.0,
big_nose,0.555035200489746,0.6264462809917356,iterative_all_layers,bald,pclarc,20,0.5955004591368228,-0.04046525864707684,2.0,
black_hair,0.6456766917293233,0.8374060150375939,iterative_all_layers,bald,pclarc,20,0.6770050125313283,-0.03132832080200498,2.0,
blond_hair,0.9259259259259259,0.9499841722063943,iterative_all_layers,bald,pclarc,20,0.9279835390946503,-0.002057613168724326,2.0,
blurry,0.5922131147540983,0.6089480874316939,iterative_all_layers,bald,pclarc,20,0.7192622950819672,-0.12704918032786883,2.0,
brown_hair,0.6794871794871795,0.7773892773892774,iterative_all_layers,bald,pclarc,20,0.6794871794871795,0.0,2.0,
bushy_eyebrows,0.5349766822118587,0.5216522318454363,iterative_all_layers,bald,pclarc,20,0.5391960914945592,-0.0042194092827004814,2.0,
chubby,0.5542242703533026,0.7110599078341014,iterative_all_layers,bald,pclarc,20,0.554147465437788,7.680491551453894e-05,2.0,
double_chin,0.5416666666666666,0.6612955729166667,iterative_all_layers,bald,pclarc,20,0.5651041666666666,-0.0234375,2.0,
eyeglasses,0.9103757898237446,0.9717326238776189,iterative_all_layers,bald,pclarc,20,0.9294146990355836,-0.01903890921183904,2.0,
goatee,0.7921303656597775,0.8757286698463168,iterative_all_layers,bald,pclarc,20,0.766163222045575,0.025967143614202493,2.0,
gray_hair,0.7773228518397205,0.829129817665684,iterative_all_layers,bald,pclarc,20,0.7772136696145868,0.00010918222513367493,2.0,
heavy_makeup,0.4635451505016722,0.46220735785953176,iterative_all_layers,bald,pclarc,20,0.5255852842809364,-0.062040133779264206,2.0,
high_cheekbones,0.46924603174603174,0.43359374999999994,iterative_all_layers,bald,pclarc,20,0.48660714285714285,-0.017361111111111105,2.0,
male,0.9878640776699029,0.9898058252427184,iterative_all_layers,bald,pclarc,20,0.9878640776699029,0.0,2.0,
mouth_slightly_open,0.5346320346320346,0.5607725607725609,iterative_all_layers,bald,pclarc,20,0.527039627039627,0.007592407592407535,2.0,
mustache,0.7274785702733302,0.8127122755943716,iterative_all_layers,bald,pclarc,20,0.6675562024907002,0.05992236778262994,2.0,
narrow_eyes,0.49085005903187723,0.4693034238488784,iterative_all_layers,bald,pclarc,20,0.545159386068477,-0.0543093270365998,2.0,
no_beard,0.6356051941061697,0.7152660970194442,iterative_all_layers,bald,pclarc,20,0.6408531252102536,-0.005247931104083947,2.0,
oval_face,0.516156462585034,0.603656462585034,iterative_all_layers,bald,pclarc,20,0.5212585034013605,-0.005102040816326481,2.0,
pale_skin,0.567479674796748,0.5756097560975609,iterative_all_layers,bald,pclarc,20,0.5032520325203252,0.06422764227642275,2.0,
pointy_nose,0.5000679440141323,0.4639217284957195,iterative_all_layers,bald,pclarc,20,0.5174616116320152,-0.017393667617882858,2.0,
receding_hairline,0.5025031289111389,0.521433041301627,iterative_all_layers,bald,pclarc,20,0.52049436795995,-0.01799123904881106,2.0,
rosy_cheeks,0.6745389113810167,0.7494376968061178,iterative_all_layers,bald,pclarc,20,0.6947818263607737,-0.020242914979756943,2.0,
sideburns,0.6989942528735632,0.8060344827586207,iterative_all_layers,bald,pclarc,20,0.694683908045977,0.004310344827586188,2.0,
smiling,0.731395720217183,0.9146598530820824,iterative_all_layers,bald,pclarc,20,0.7955285851165761,-0.06413286489939307,2.0,
straight_hair,0.46348547717842326,0.4116182572614108,iterative_all_layers,bald,pclarc,20,0.4405255878284924,0.022959889349930873,2.0,
wavy_hair,0.5488517461611632,0.5390678081261041,iterative_all_layers,bald,pclarc,20,0.5791547764641934,-0.030303030303030276,2.0,
wearing_earrings,0.7813559322033898,0.8834745762711864,iterative_all_layers,bald,pclarc,20,0.735593220338983,0.045762711864406835,2.0,
wearing_hat,0.9366719660837308,0.9847641759406465,iterative_all_layers,bald,pclarc,20,0.9219660837307896,0.014705882352941235,2.0,
wearing_lipstick,0.452317720907774,0.43252052148720416,iterative_all_layers,bald,pclarc,20,0.45062771607918883,0.0016900048285851677,2.0,
wearing_necklace,0.635367954713266,0.6825006153088851,iterative_all_layers,bald,pclarc,20,0.6017720895889737,0.03359586512429236,2.0,
wearing_necktie,0.5765027322404371,0.5906683480453973,iterative_all_layers,bald,pclarc,20,0.6159730979403111,-0.039470365699873944,2.0,
young,0.8565436770734784,0.9477136549984232,iterative_all_layers,bald,pclarc,20,0.8726900031535794,-0.016146326080100915,2.0,
5_o_clock_shadow,0.5999544280723075,0.5824092359106791,iterative_all_layers,bald,pclarc,21,0.5632690262798117,0.0366854017924958,2.0,
arched_eyebrows,0.5758928571428572,0.634765625,iterative_all_layers,bald,pclarc,21,0.6026785714285714,-0.02678571428571419,2.0,
attractive,0.5,0.5024567055980669,iterative_all_layers,bald,pclarc,21,0.512766814337495,-0.012766814337495047,2.0,
bags_under_eyes,0.5062081128747795,0.4665961199294532,iterative_all_layers,bald,pclarc,21,0.5171781305114639,-0.01097001763668437,2.0,
bald,0.703125,0.85894775390625,iterative_all_layers,bald,pclarc,21,0.73828125,-0.03515625,2.0,
bangs,0.7794364620264975,0.8133980220190333,iterative_all_layers,bald,pclarc,21,0.7534054860981526,0.026030975928344913,2.0,
big_lips,0.5175974996602799,0.573311591248811,iterative_all_layers,bald,pclarc,21,0.4087511890202473,0.10884631064003258,2.0,
big_nose,0.5447811447811448,0.5955922865013774,iterative_all_layers,bald,pclarc,21,0.5955004591368228,-0.050719314355678,2.0,
black_hair,0.643483709273183,0.8569862155388471,iterative_all_layers,bald,pclarc,21,0.6770050125313283,-0.033521303258145285,2.0,
blond_hair,0.8771763216207661,0.9439696106362774,iterative_all_layers,bald,pclarc,21,0.9279835390946503,-0.05080721747388417,2.0,
blurry,0.546448087431694,0.5529371584699454,iterative_all_layers,bald,pclarc,21,0.7192622950819672,-0.1728142076502731,2.0,
brown_hair,0.6383061383061384,0.7263014763014763,iterative_all_layers,bald,pclarc,21,0.6794871794871795,-0.041181041181041156,2.0,
bushy_eyebrows,0.5939373750832778,0.5833888518765268,iterative_all_layers,bald,pclarc,21,0.5391960914945592,0.05474128358871866,2.0,
chubby,0.5711981566820277,0.7103686635944702,iterative_all_layers,bald,pclarc,21,0.554147465437788,0.017050691244239635,2.0,
double_chin,0.5546875,0.626708984375,iterative_all_layers,bald,pclarc,21,0.5651041666666666,-0.01041666666666663,2.0,
eyeglasses,0.9033089457931494,0.9660791486531426,iterative_all_layers,bald,pclarc,21,0.9294146990355836,-0.02610575324243425,2.0,
goatee,0.771727609962904,0.8640699523052464,iterative_all_layers,bald,pclarc,21,0.766163222045575,0.00556438791732905,2.0,
gray_hair,0.749372202205481,0.8023801725079156,iterative_all_layers,bald,pclarc,21,0.7772136696145868,-0.02784146740910587,2.0,
heavy_makeup,0.46605351170568565,0.46622073578595313,iterative_all_layers,bald,pclarc,21,0.5255852842809364,-0.059531772575250774,2.0,
high_cheekbones,0.49355158730158727,0.4400421626984127,iterative_all_layers,bald,pclarc,21,0.48660714285714285,0.00694444444444442,2.0,
male,0.9878640776699029,0.9886407766990291,iterative_all_layers,bald,pclarc,21,0.9878640776699029,0.0,2.0,
mouth_slightly_open,0.5318015318015318,0.531002331002331,iterative_all_layers,bald,pclarc,21,0.527039627039627,0.004761904761904745,2.0,
mustache,0.653404496199256,0.8237101730551513,iterative_all_layers,bald,pclarc,21,0.6675562024907002,-0.014151706291444244,2.0,
narrow_eyes,0.5637544273907911,0.4873081463990555,iterative_all_layers,bald,pclarc,21,0.545159386068477,0.018595041322314043,2.0,
no_beard,0.62436923904999,0.7092780730673484,iterative_all_layers,bald,pclarc,21,0.6408531252102536,-0.01648388616026364,2.0,
oval_face,0.501360544217687,0.56828231292517,iterative_all_layers,bald,pclarc,21,0.5212585034013605,-0.01989795918367343,2.0,
pale_skin,0.5776422764227642,0.5857723577235772,iterative_all_layers,bald,pclarc,21,0.5032520325203252,0.07439024390243898,2.0,
pointy_nose,0.46806631335779314,0.4010055714091589,iterative_all_layers,bald,pclarc,21,0.5174616116320152,-0.049395298274222066,2.0,
receding_hairline,0.4798185231539424,0.49710575719649563,iterative_all_layers,bald,pclarc,21,0.52049436795995,-0.040675844806007555,2.0,
rosy_cheeks,0.5775978407557355,0.7237966711650923,iterative_all_layers,bald,pclarc,21,0.6947818263607737,-0.11718398560503818,2.0,
sideburns,0.6774425287356323,0.8175287356321839,iterative_all_layers,bald,pclarc,21,0.694683908045977,-0.01724137931034475,2.0,
smiling,0.6328329607154264,0.7661450015969339,iterative_all_layers,bald,pclarc,21,0.7955285851165761,-0.1626956244011497,2.0,
straight_hair,0.4343015214384509,0.40276625172890734,iterative_all_layers,bald,pclarc,21,0.4405255878284924,-0.006224066390041472,2.0,
wavy_hair,0.5314580785432803,0.5207229243103684,iterative_all_layers,bald,pclarc,21,0.5791547764641934,-0.047696697920913134,2.0,
wearing_earrings,0.8186440677966103,0.8764830508474577,iterative_all_layers,bald,pclarc,21,0.735593220338983,0.08305084745762725,2.0,
wearing_hat,0.9219660837307896,0.9782723900370959,iterative_all_layers,bald,pclarc,21,0.9219660837307896,0.0,2.0,
wearing_lipstick,0.4723563495895703,0.4235876388218252,iterative_all_layers,bald,pclarc,21,0.45062771607918883,0.021728633510381457,2.0,
wearing_necklace,0.5662072360324883,0.6711789318237755,iterative_all_layers,bald,pclarc,21,0.6017720895889737,-0.03556485355648531,2.0,
wearing_necktie,0.5616225304749896,0.5944514501891551,iterative_all_layers,bald,pclarc,21,0.6159730979403111,-0.05435056746532152,2.0,
young,0.8451592557552823,0.9238095238095239,iterative_all_layers,bald,pclarc,21,0.8726900031535794,-0.027530747398297084,2.0,
5_o_clock_shadow,0.5849156919337688,0.5869664286799332,iterative_all_layers,bald,pclarc,22,0.5632690262798117,0.02164666565395712,2.0,
arched_eyebrows,0.5513392857142857,0.5782645089285714,iterative_all_layers,bald,pclarc,22,0.6026785714285714,-0.0513392857142857,2.0,
attractive,0.5,0.4523560209424084,iterative_all_layers,bald,pclarc,22,0.512766814337495,-0.012766814337495047,2.0,
bags_under_eyes,0.48197530864197535,0.4596119929453263,iterative_all_layers,bald,pclarc,22,0.5171781305114639,-0.03520282186948853,2.0,
bald,0.69921875,0.85369873046875,iterative_all_layers,bald,pclarc,22,0.73828125,-0.0390625,2.0,
bangs,0.7534054860981526,0.8245941406978915,iterative_all_layers,bald,pclarc,22,0.7534054860981526,0.0,2.0,
big_lips,0.5933550754178556,0.6239978257915477,iterative_all_layers,bald,pclarc,22,0.4087511890202473,0.18460388639760827,2.0,
big_nose,0.5476277930823386,0.56455463728191,iterative_all_layers,bald,pclarc,22,0.5955004591368228,-0.04787266605448426,2.0,
black_hair,0.7553258145363408,0.8759398496240602,iterative_all_layers,bald,pclarc,22,0.6770050125313283,0.07832080200501257,2.0,
blond_hair,0.8868312757201646,0.9379550490661602,iterative_all_layers,bald,pclarc,22,0.9279835390946503,-0.04115226337448563,2.0,
blurry,0.5819672131147541,0.4327185792349727,iterative_all_layers,bald,pclarc,22,0.7192622950819672,-0.13729508196721307,2.0,
brown_hair,0.5899378399378399,0.7229992229992229,iterative_all_layers,bald,pclarc,22,0.6794871794871795,-0.08954933954933963,2.0,
bushy_eyebrows,0.6382411725516322,0.5971574505884966,iterative_all_layers,bald,pclarc,22,0.5391960914945592,0.09904508105707299,2.0,
chubby,0.5791858678955453,0.680952380952381,iterative_all_layers,bald,pclarc,22,0.554147465437788,0.025038402457757236,2.0,
double_chin,0.5364583333333334,0.5986328125,iterative_all_layers,bald,pclarc,22,0.5651041666666666,-0.02864583333333326,2.0,
eyeglasses,0.8639840372464249,0.9378117725307615,iterative_all_layers,bald,pclarc,22,0.9294146990355836,-0.06543066178915868,2.0,
goatee,0.7525172231054584,0.8109432962374138,iterative_all_layers,bald,pclarc,22,0.766163222045575,-0.013645998940116533,2.0,
gray_hair,0.6285074789824217,0.693416311824435,iterative_all_layers,bald,pclarc,22,0.7772136696145868,-0.14870619063216517,2.0,
heavy_makeup,0.4794314381270903,0.5010033444816053,iterative_all_layers,bald,pclarc,22,0.5255852842809364,-0.0461538461538461,2.0,
high_cheekbones,0.5084325396825397,0.4334697420634921,iterative_all_layers,bald,pclarc,22,0.48660714285714285,0.021825396825396803,2.0,
male,0.9684466019417476,0.9840776699029126,iterative_all_layers,bald,pclarc,22,0.9878640776699029,-0.01941747572815533,2.0,
mouth_slightly_open,0.5088911088911089,0.5323343323343324,iterative_all_layers,bald,pclarc,22,0.527039627039627,-0.018148518148518145,2.0,
mustache,0.7263464337700145,0.7910399482451884,iterative_all_layers,bald,pclarc,22,0.6675562024907002,0.058790231279314265,2.0,
narrow_eyes,0.4560212514757969,0.4371310507674144,iterative_all_layers,bald,pclarc,22,0.545159386068477,-0.08913813459268011,2.0,
no_beard,0.616127295969858,0.7064522640113032,iterative_all_layers,bald,pclarc,22,0.6408531252102536,-0.02472582924039557,2.0,
oval_face,0.5006802721088436,0.5454931972789117,iterative_all_layers,bald,pclarc,22,0.5212585034013605,-0.020578231292516902,2.0,
pale_skin,0.5398373983739837,0.6768292682926829,iterative_all_layers,bald,pclarc,22,0.5032520325203252,0.03658536585365846,2.0,
pointy_nose,0.4282511210762332,0.37070254110612855,iterative_all_layers,bald,pclarc,22,0.5174616116320152,-0.08921049055578201,2.0,
receding_hairline,0.519712140175219,0.5287859824780976,iterative_all_layers,bald,pclarc,22,0.52049436795995,-0.0007822277847309156,2.0,
rosy_cheeks,0.7058029689608637,0.7112010796221322,iterative_all_layers,bald,pclarc,22,0.6947818263607737,0.011021142600090017,2.0,
sideburns,0.6515804597701149,0.7900502873563218,iterative_all_layers,bald,pclarc,22,0.694683908045977,-0.0431034482758621,2.0,
smiling,0.6263813478122006,0.7683168316831683,iterative_all_layers,bald,pclarc,22,0.7955285851165761,-0.16914723730437553,2.0,
straight_hair,0.4426002766251729,0.3936376210235132,iterative_all_layers,bald,pclarc,22,0.4405255878284924,0.0020746887966804906,2.0,
wavy_hair,0.5376409838293247,0.5459980975676043,iterative_all_layers,bald,pclarc,22,0.5791547764641934,-0.04151379263486876,2.0,
wearing_earrings,0.7182203389830508,0.8067796610169491,iterative_all_layers,bald,pclarc,22,0.735593220338983,-0.01737288135593218,2.0,
wearing_hat,0.9039480657127716,0.9720455749867516,iterative_all_layers,bald,pclarc,22,0.9219660837307896,-0.018018018018017945,2.0,
wearing_lipstick,0.4311926605504587,0.43264123611781746,iterative_all_layers,bald,pclarc,22,0.45062771607918883,-0.01943505552873015,2.0,
wearing_necklace,0.6565345803593403,0.6992370169825253,iterative_all_layers,bald,pclarc,22,0.6017720895889737,0.054762490770366656,2.0,
wearing_necktie,0.5482976040353089,0.5556956704497689,iterative_all_layers,bald,pclarc,22,0.6159730979403111,-0.06767549390500216,2.0,
young,0.7731315042573321,0.8447808262377798,iterative_all_layers,bald,pclarc,22,0.8726900031535794,-0.09955849889624724,2.0,
5_o_clock_shadow,0.464985568889564,0.4848853106486405,iterative_all_layers,bald,pclarc,23,0.5632690262798117,-0.09828345739024769,2.0,
arched_eyebrows,0.47544642857142855,0.46386718749999994,iterative_all_layers,bald,pclarc,23,0.6026785714285714,-0.12723214285714285,2.0,
attractive,0.49214659685863876,0.42746677406363276,iterative_all_layers,bald,pclarc,23,0.512766814337495,-0.020620217478856284,2.0,
bags_under_eyes,0.49855379188712523,0.4460670194003527,iterative_all_layers,bald,pclarc,23,0.5171781305114639,-0.018624338624338654,2.0,
bald,0.4921875,0.4447021484375,iterative_all_layers,bald,pclarc,23,0.73828125,-0.24609375,2.0,
bangs,0.5322821421907072,0.5398395222989364,iterative_all_layers,bald,pclarc,23,0.7534054860981526,-0.22112334390744537,2.0,
big_lips,0.49571952710966166,0.5136567468406033,iterative_all_layers,bald,pclarc,23,0.4087511890202473,0.08696833808941434,2.0,
big_nose,0.502601775329048,0.49562289562289563,iterative_all_layers,bald,pclarc,23,0.5955004591368228,-0.09289868380777477,2.0,
black_hair,0.481516290726817,0.5812969924812029,iterative_all_layers,bald,pclarc,23,0.6770050125313283,-0.19548872180451127,2.0,
blond_hair,0.4012345679012346,0.5140867363089585,iterative_all_layers,bald,pclarc,23,0.9279835390946503,-0.5267489711934157,2.0,
blurry,0.5443989071038251,0.47062841530054644,iterative_all_layers,bald,pclarc,23,0.7192622950819672,-0.17486338797814205,2.0,
brown_hair,0.5437062937062938,0.5149572649572649,iterative_all_layers,bald,pclarc,23,0.6794871794871795,-0.13578088578088576,2.0,
bushy_eyebrows,0.5404174994448145,0.5367532755940484,iterative_all_layers,bald,pclarc,23,0.5391960914945592,0.001221407950255382,2.0,
chubby,0.5299539170506913,0.553763440860215,iterative_all_layers,bald,pclarc,23,0.554147465437788,-0.024193548387096753,2.0,
double_chin,0.5208333333333334,0.48632812500000006,iterative_all_layers,bald,pclarc,23,0.5651041666666666,-0.04427083333333326,2.0,
eyeglasses,0.47248087795144667,0.48220818091120715,iterative_all_layers,bald,pclarc,23,0.9294146990355836,-0.45693382108413694,2.0,
goatee,0.4688659247482777,0.4807896131425543,iterative_all_layers,bald,pclarc,23,0.766163222045575,-0.29729729729729726,2.0,
gray_hair,0.4265749535975543,0.3443607380718419,iterative_all_layers,bald,pclarc,23,0.7772136696145868,-0.3506387160170325,2.0,
heavy_makeup,0.6071906354515051,0.5377926421404683,iterative_all_layers,bald,pclarc,23,0.5255852842809364,0.08160535117056866,2.0,
high_cheekbones,0.462797619047619,0.47253224206349204,iterative_all_layers,bald,pclarc,23,0.48660714285714285,-0.023809523809523836,2.0,
male,0.5815533980582523,0.5889320388349514,iterative_all_layers,bald,pclarc,23,0.9878640776699029,-0.40631067961165057,2.0,
mouth_slightly_open,0.5105894105894105,0.5112887112887112,iterative_all_layers,bald,pclarc,23,0.527039627039627,-0.016450216450216493,2.0,
mustache,0.41694970079249555,0.4392689632864305,iterative_all_layers,bald,pclarc,23,0.6675562024907002,-0.2506065016982047,2.0,
narrow_eyes,0.42443919716646994,0.37868949232585597,iterative_all_layers,bald,pclarc,23,0.545159386068477,-0.12072018890200709,2.0,
no_beard,0.48583731413577336,0.5003027652560048,iterative_all_layers,bald,pclarc,23,0.6408531252102536,-0.15501581107448026,2.0,
oval_face,0.5020408163265306,0.4945578231292517,iterative_all_layers,bald,pclarc,23,0.5212585034013605,-0.019217687074829848,2.0,
pale_skin,0.4796747967479675,0.5666666666666667,iterative_all_layers,bald,pclarc,23,0.5032520325203252,-0.023577235772357763,2.0,
pointy_nose,0.44285908411468955,0.47764641935045526,iterative_all_layers,bald,pclarc,23,0.5174616116320152,-0.07460252751732566,2.0,
receding_hairline,0.4173967459324155,0.392130788485607,iterative_all_layers,bald,pclarc,23,0.52049436795995,-0.10309762202753447,2.0,
rosy_cheeks,0.3522267206477733,0.44219523166891583,iterative_all_layers,bald,pclarc,23,0.6947818263607737,-0.3425551057130004,2.0,
sideburns,0.40014367816091956,0.4757543103448276,iterative_all_layers,bald,pclarc,23,0.694683908045977,-0.29454022988505746,2.0,
smiling,0.5093580325774513,0.4334078569147237,iterative_all_layers,bald,pclarc,23,0.7955285851165761,-0.2861705525391248,2.0,
straight_hair,0.5526970954356847,0.5087136929460581,iterative_all_layers,bald,pclarc,23,0.4405255878284924,0.1121715076071923,2.0,
wavy_hair,0.4590977034923223,0.4482946052452779,iterative_all_layers,bald,pclarc,23,0.5791547764641934,-0.12005707297187113,2.0,
wearing_earrings,0.4838983050847458,0.5351694915254237,iterative_all_layers,bald,pclarc,23,0.735593220338983,-0.2516949152542372,2.0,
wearing_hat,0.5853206147323795,0.7117117117117117,iterative_all_layers,bald,pclarc,23,0.9219660837307896,-0.3366454689984101,2.0,
wearing_lipstick,0.5101400289715113,0.4760985031385804,iterative_all_layers,bald,pclarc,23,0.45062771607918883,0.059512312892322505,2.0,
wearing_necklace,0.49495446714250557,0.5057839035195668,iterative_all_layers,bald,pclarc,23,0.6017720895889737,-0.10681762244646809,2.0,
wearing_necktie,0.48734762505254303,0.44581757040773434,iterative_all_layers,bald,pclarc,23,0.6159730979403111,-0.12862547288776804,2.0,
young,0.3997161778618732,0.3777357300536109,iterative_all_layers,bald,pclarc,23,0.8726900031535794,-0.4729738252917062,2.0,
