target_attribute,bal_acc,auc,regime,debiased_concept,method,debias_layer,ba_raw,delta_ba,n_iterations,n_layers
5_o_clock_shadow,0.5625089605734768,0.5846594982078852,raw,none,none,-1,,,,
arched_eyebrows,0.5720430107526882,0.6253456221198157,raw,none,none,-1,,,,
attractive,0.4942714819427148,0.5763387297633873,raw,none,none,-1,,,,
bags_under_eyes,0.5213800223694399,0.43869913103329605,raw,none,none,-1,,,,
bald,0.7810413885180241,0.8802848242100578,raw,none,none,-1,,,,
bangs,0.7107843137254902,0.8252517223105458,raw,none,none,-1,,,,
big_lips,0.47544642857142855,0.48214285714285715,raw,none,none,-1,,,,
big_nose,0.6210977351560906,0.682241719376998,raw,none,none,-1,,,,
black_hair,0.7409529211571186,0.8914350538854225,raw,none,none,-1,,,,
blond_hair,0.863716814159292,0.9162241887905606,raw,none,none,-1,,,,
blurry,0.6747967479674797,0.7597560975609756,raw,none,none,-1,,,,
brown_hair,0.6602011494252874,0.7948994252873564,raw,none,none,-1,,,,
bushy_eyebrows,0.5564874551971326,0.5532616487455196,raw,none,none,-1,,,,
chubby,0.5990740740740741,0.6810185185185185,raw,none,none,-1,,,,
double_chin,0.5424778761061947,0.652212389380531,raw,none,none,-1,,,,
eyeglasses,0.9268932038834952,0.9862135922330096,raw,none,none,-1,,,,
goatee,0.6555084745762711,0.775,raw,none,none,-1,,,,
gray_hair,0.882716049382716,0.9635960747071858,raw,none,none,-1,,,,
heavy_makeup,0.5494353628681987,0.5915659796256811,raw,none,none,-1,,,,
high_cheekbones,0.5442137404580153,0.44671755725190837,raw,none,none,-1,,,,
male,0.98828125,0.98919677734375,raw,none,none,-1,,,,
mouth_slightly_open,0.5284664830119375,0.5363330272421182,raw,none,none,-1,,,,
mustache,0.6991525423728814,0.8023305084745762,raw,none,none,-1,,,,
narrow_eyes,0.5463754352643242,0.5302310857866414,raw,none,none,-1,,,,
no_beard,0.5427305678614579,0.47845348368908575,raw,none,none,-1,,,,
oval_face,0.5061443932411674,0.4556067588325652,raw,none,none,-1,,,,
pale_skin,0.613931523022432,0.743801652892562,raw,none,none,-1,,,,
pointy_nose,0.49724106739032115,0.5606512890094979,raw,none,none,-1,,,,
receding_hairline,0.5044642857142857,0.5305524553571429,raw,none,none,-1,,,,
rosy_cheeks,0.6265075067683977,0.7243416194929856,raw,none,none,-1,,,,
sideburns,0.6473098330241187,0.647495361781076,raw,none,none,-1,,,,
smiling,0.8375336432591143,0.9600562759970638,raw,none,none,-1,,,,
straight_hair,0.5695238095238095,0.5587878787878788,raw,none,none,-1,,,,
wavy_hair,0.5196579607770239,0.556092573659262,raw,none,none,-1,,,,
wearing_earrings,0.6630031659882406,0.7491632745364089,raw,none,none,-1,,,,
wearing_hat,0.9068675619609128,0.9615678567529207,raw,none,none,-1,,,,
wearing_lipstick,0.552306504535804,0.5443608055073024,raw,none,none,-1,,,,
wearing_necklace,0.6044602456367163,0.6236586942469295,raw,none,none,-1,,,,
wearing_necktie,0.5150862068965517,0.5066451149425286,raw,none,none,-1,,,,
young,0.8706709956709957,0.946969696969697,raw,none,none,-1,,,,
5_o_clock_shadow,0.5602867383512544,0.5853763440860215,single,male,diff_means,0,0.5625089605734768,-0.0022222222222223476,,
arched_eyebrows,0.5943932411674347,0.6257296466973886,single,male,diff_means,0,0.5720430107526882,0.022350230414746597,,
attractive,0.4942714819427148,0.5775217932752179,single,male,diff_means,0,0.4942714819427148,0.0,,
bags_under_eyes,0.5213800223694399,0.43990363933579973,single,male,diff_means,0,0.5213800223694399,0.0,,
bald,0.7691366266132622,0.8806186025812195,single,male,diff_means,0,0.7810413885180241,-0.011904761904761862,,
bangs,0.7152888182299947,0.823794382617912,single,male,diff_means,0,0.7107843137254902,0.0045045045045044585,,
big_lips,0.47767857142857145,0.48046875,single,male,diff_means,0,0.47544642857142855,0.0022321428571429047,,
big_nose,0.6210977351560906,0.6825817860300619,single,male,diff_means,0,0.6210977351560906,0.0,,
black_hair,0.7386273397617698,0.8923425978445831,single,male,diff_means,0,0.7409529211571186,-0.0023255813953488857,,
blond_hair,0.8615044247787611,0.9163716814159293,single,male,diff_means,0,0.863716814159292,-0.0022123893805309214,,
blurry,0.6747967479674797,0.7601626016260162,single,male,diff_means,0,0.6747967479674797,0.0,,
brown_hair,0.6602011494252874,0.7986709770114943,single,male,diff_means,0,0.6602011494252874,0.0,,
bushy_eyebrows,0.5564874551971326,0.5532616487455198,single,male,diff_means,0,0.5564874551971326,0.0,,
chubby,0.5990740740740741,0.6828703703703703,single,male,diff_means,0,0.5990740740740741,0.0,,
double_chin,0.5402654867256637,0.6532448377581122,single,male,diff_means,0,0.5424778761061947,-0.0022123893805310324,,
eyeglasses,0.9220388349514563,0.9861165048543687,single,male,diff_means,0,0.9268932038834952,-0.004854368932038833,,
goatee,0.6533898305084747,0.7726694915254236,single,male,diff_means,0,0.6555084745762711,-0.0021186440677964935,,
gray_hair,0.882716049382716,0.9635960747071858,single,male,diff_means,0,0.882716049382716,0.0,,
heavy_makeup,0.554726368159204,0.5954355208086551,single,male,diff_means,0,0.5494353628681987,0.005291005291005235,,
high_cheekbones,0.5442137404580153,0.44683969465648854,single,male,diff_means,0,0.5442137404580153,0.0,,
male,0.98828125,0.9891357421875,single,male,diff_means,0,0.98828125,0.0,,
mouth_slightly_open,0.5325987144168962,0.5368227731864096,single,male,diff_means,0,0.5284664830119375,0.004132231404958664,,
mustache,0.726271186440678,0.8010593220338983,single,male,diff_means,0,0.6991525423728814,0.027118644067796627,,
narrow_eyes,0.5484330484330484,0.5245330800886356,single,male,diff_means,0,0.5463754352643242,0.002057613168724215,,
no_beard,0.5453483689085783,0.47724526782118404,single,male,diff_means,0,0.5427305678614579,0.002617801047120394,,
oval_face,0.5061443932411674,0.45552995391705065,single,male,diff_means,0,0.5061443932411674,0.0,,
pale_skin,0.613931523022432,0.743801652892562,single,male,diff_means,0,0.613931523022432,0.0,,
pointy_nose,0.5063319764812302,0.5598371777476255,single,male,diff_means,0,0.49724106739032115,0.009090909090909038,,
receding_hairline,0.5089285714285714,0.5313895089285714,single,male,diff_means,0,0.5044642857142857,0.004464285714285698,,
rosy_cheeks,0.6244154565591927,0.7201575190745754,single,male,diff_means,0,0.6265075067683977,-0.0020920502092049986,,
sideburns,0.6534322820037106,0.6497217068645641,single,male,diff_means,0,0.6473098330241187,0.00612244897959191,,
smiling,0.8334352826033766,0.9601174455590897,single,male,diff_means,0,0.8375336432591143,-0.004098360655737654,,
straight_hair,0.5695238095238095,0.5560173160173161,single,male,diff_means,0,0.5695238095238095,0.0,,
wavy_hair,0.5196579607770239,0.5576726461567061,single,male,diff_means,0,0.5196579607770239,0.0,,
wearing_earrings,0.660515603799186,0.7478968792401628,single,male,diff_means,0,0.6630031659882406,-0.0024875621890546595,,
wearing_hat,0.9068675619609128,0.9624413145539906,single,male,diff_means,0,0.9068675619609128,0.0,,
wearing_lipstick,0.552306504535804,0.5442321302193913,single,male,diff_means,0,0.552306504535804,0.0,,
wearing_necklace,0.5879120879120879,0.6224951519069166,single,male,diff_means,0,0.6044602456367163,-0.016548157724628365,,
wearing_necktie,0.5172413793103449,0.507183908045977,single,male,diff_means,0,0.5150862068965517,0.0021551724137931494,,
young,0.8706709956709957,0.9471726190476191,single,male,diff_means,0,0.8706709956709957,0.0,,
5_o_clock_shadow,0.5625089605734768,0.5853763440860216,single,male,diff_means,1,0.5625089605734768,0.0,,
arched_eyebrows,0.5720430107526882,0.6232718894009217,single,male,diff_means,1,0.5720430107526882,0.0,,
attractive,0.4942714819427148,0.5722914072229142,single,male,diff_means,1,0.4942714819427148,0.0,,
bags_under_eyes,0.5103673750322636,0.43603200550632365,single,male,diff_means,1,0.5213800223694399,-0.011012647337176329,,
bald,0.7691366266132622,0.8805073431241656,single,male,diff_means,1,0.7810413885180241,-0.011904761904761862,,
bangs,0.7130365659777425,0.8249867514573397,single,male,diff_means,1,0.7107843137254902,0.0022522522522522292,,
big_lips,0.4799107142857143,0.4832589285714286,single,male,diff_means,1,0.47544642857142855,0.004464285714285754,,
big_nose,0.6183091886009658,0.6829218526831259,single,male,diff_means,1,0.6210977351560906,-0.002788546555124727,,
black_hair,0.7432785025524674,0.8913216108905275,single,male,diff_means,1,0.7409529211571186,0.0023255813953487747,,
blond_hair,0.863716814159292,0.914896755162242,single,male,diff_means,1,0.863716814159292,0.0,,
blurry,0.6747967479674797,0.7626016260162601,single,male,diff_means,1,0.6747967479674797,0.0,,
brown_hair,0.6602011494252874,0.7952586206896552,single,male,diff_means,1,0.6602011494252874,0.0,,
bushy_eyebrows,0.5564874551971326,0.5529749103942652,single,male,diff_means,1,0.5564874551971326,0.0,,
chubby,0.5990740740740741,0.6804398148148147,single,male,diff_means,1,0.5990740740740741,0.0,,
double_chin,0.5424778761061947,0.6508849557522124,single,male,diff_means,1,0.5424778761061947,0.0,,
eyeglasses,0.9268932038834952,0.9863106796116504,single,male,diff_means,1,0.9268932038834952,0.0,,
goatee,0.6555084745762711,0.7741525423728813,single,male,diff_means,1,0.6555084745762711,0.0,,
gray_hair,0.882716049382716,0.9626464070908516,single,male,diff_means,1,0.882716049382716,0.0,,
heavy_makeup,0.554726368159204,0.5895917239200821,single,male,diff_means,1,0.5494353628681987,0.005291005291005235,,
high_cheekbones,0.5442137404580153,0.4454961832061069,single,male,diff_means,1,0.5442137404580153,0.0,,
male,0.98828125,0.98919677734375,single,male,diff_means,1,0.98828125,0.0,,
mouth_slightly_open,0.5247627793082339,0.5363330272421182,single,male,diff_means,1,0.5284664830119375,-0.0037037037037036535,,
mustache,0.6991525423728814,0.8036016949152542,single,male,diff_means,1,0.6991525423728814,0.0,,
narrow_eyes,0.5484330484330484,0.5302310857866414,single,male,diff_means,1,0.5463754352643242,0.002057613168724215,,
no_beard,0.5453483689085783,0.47893677003624646,single,male,diff_means,1,0.5427305678614579,0.002617801047120394,,
oval_face,0.5061443932411674,0.4560675883256528,single,male,diff_means,1,0.5061443932411674,0.0,,
pale_skin,0.613931523022432,0.7423258559622196,single,male,diff_means,1,0.613931523022432,0.0,,
pointy_nose,0.49724106739032115,0.5581184984170059,single,male,diff_means,1,0.49724106739032115,0.0,,
receding_hairline,0.5044642857142857,0.5281808035714285,single,male,diff_means,1,0.5044642857142857,0.0,,
rosy_cheeks,0.6285995569776028,0.7265567314792026,single,male,diff_means,1,0.6265075067683977,0.0020920502092051096,,
sideburns,0.6493506493506493,0.6471243042671614,single,male,diff_means,1,0.6473098330241187,0.0020408163265306367,,
smiling,0.8375336432591143,0.9603621238071935,single,male,diff_means,1,0.8375336432591143,0.0,,
straight_hair,0.5695238095238095,0.5575757575757576,single,male,diff_means,1,0.5695238095238095,0.0,,
wavy_hair,0.5196579607770239,0.5563714099823404,single,male,diff_means,1,0.5196579607770239,0.0,,
wearing_earrings,0.6630031659882406,0.747173224785165,single,male,diff_means,1,0.6630031659882406,0.0,,
wearing_hat,0.9068675619609128,0.9602576700513156,single,male,diff_means,1,0.9068675619609128,0.0,,
wearing_lipstick,0.5605417229621051,0.5434600784919257,single,male,diff_means,1,0.552306504535804,0.00823521842630115,,
wearing_necklace,0.592436974789916,0.6201680672268908,single,male,diff_means,1,0.6044602456367163,-0.012023270846800327,,
wearing_necktie,0.5193965517241379,0.5066451149425287,single,male,diff_means,1,0.5150862068965517,0.004310344827586188,,
young,0.8736471861471862,0.946969696969697,single,male,diff_means,1,0.8706709956709957,0.0029761904761904656,,
5_o_clock_shadow,0.5602867383512544,0.5810752688172043,single,male,diff_means,2,0.5625089605734768,-0.0022222222222223476,,
arched_eyebrows,0.5720430107526882,0.6237327188940093,single,male,diff_means,2,0.5720430107526882,0.0,,
attractive,0.49769613947696134,0.572478206724782,single,male,diff_means,2,0.4942714819427148,0.0034246575342465335,,
bags_under_eyes,0.5095070119590467,0.43912931256990456,single,male,diff_means,2,0.5213800223694399,-0.011873010410393237,,
bald,0.7691366266132622,0.8815086782376502,single,male,diff_means,2,0.7810413885180241,-0.011904761904761862,,
bangs,0.6983306836248013,0.823794382617912,single,male,diff_means,2,0.7107843137254902,-0.012453630100688895,,
big_lips,0.48214285714285715,0.48018973214285715,single,male,diff_means,2,0.47544642857142855,0.006696428571428603,,
big_nose,0.6183091886009658,0.6832619193361898,single,male,diff_means,2,0.6210977351560906,-0.002788546555124727,,
black_hair,0.7409529211571186,0.8921157118547929,single,male,diff_means,2,0.7409529211571186,0.0,,
blond_hair,0.863716814159292,0.9150442477876106,single,male,diff_means,2,0.863716814159292,0.0,,
blurry,0.6808943089430894,0.7617886178861789,single,male,diff_means,2,0.6747967479674797,0.0060975609756097615,,
brown_hair,0.6666666666666667,0.7929238505747127,single,male,diff_means,2,0.6602011494252874,0.006465517241379337,,
bushy_eyebrows,0.5564874551971326,0.5541218637992832,single,male,diff_means,2,0.5564874551971326,0.0,,
chubby,0.6013888888888889,0.6795138888888889,single,male,diff_means,2,0.5990740740740741,0.0023148148148147696,,
double_chin,0.5491150442477876,0.6501474926253688,single,male,diff_means,2,0.5424778761061947,0.006637168141592875,,
eyeglasses,0.931747572815534,0.9854368932038834,single,male,diff_means,2,0.9268932038834952,0.004854368932038833,,
goatee,0.6347457627118644,0.7752118644067797,single,male,diff_means,2,0.6555084745762711,-0.020762711864406702,,
gray_hair,0.882716049382716,0.9639126305792972,single,male,diff_means,2,0.882716049382716,0.0,,
heavy_makeup,0.5494353628681987,0.5885651109531707,single,male,diff_means,2,0.5494353628681987,0.0,,
high_cheekbones,0.5402137404580153,0.44519083969465656,single,male,diff_means,2,0.5442137404580153,-0.0040000000000000036,,
male,0.98828125,0.9891357421875,single,male,diff_means,2,0.98828125,0.0,,
mouth_slightly_open,0.5206305479032752,0.537312519130701,single,male,diff_means,2,0.5284664830119375,-0.007835935108662317,,
mustache,0.6991525423728814,0.8033898305084746,single,male,diff_means,2,0.6991525423728814,0.0,,
narrow_eyes,0.5484330484330484,0.5416270971826528,single,male,diff_means,2,0.5463754352643242,0.002057613168724215,,
no_beard,0.5453483689085783,0.47821184051550547,single,male,diff_means,2,0.5427305678614579,0.002617801047120394,,
oval_face,0.5061443932411674,0.456221198156682,single,male,diff_means,2,0.5061443932411674,0.0,,
pale_skin,0.613931523022432,0.743211334120425,single,male,diff_means,2,0.613931523022432,0.0,,
pointy_nose,0.5038444142921755,0.5574853007688828,single,male,diff_means,2,0.49724106739032115,0.006603346901854379,,
receding_hairline,0.5022321428571428,0.5277622767857143,single,male,diff_means,2,0.5044642857142857,-0.0022321428571429047,,
rosy_cheeks,0.6306916071868078,0.7260644843711543,single,male,diff_means,2,0.6265075067683977,0.004184100418410108,,
sideburns,0.65139146567718,0.6474953617810761,single,male,diff_means,2,0.6473098330241187,0.004081632653061273,,
smiling,0.8375336432591143,0.9603009542451676,single,male,diff_means,2,0.8375336432591143,0.0,,
straight_hair,0.5695238095238095,0.5575757575757576,single,male,diff_means,2,0.5695238095238095,0.0,,
wavy_hair,0.5196579607770239,0.5571149735105493,single,male,diff_means,2,0.5196579607770239,0.0,,
wearing_earrings,0.6530529172320216,0.7418362731795567,single,male,diff_means,2,0.6630031659882406,-0.009950248756218971,,
wearing_hat,0.9068675619609128,0.9596025767005132,single,male,diff_means,2,0.9068675619609128,0.0,,
wearing_lipstick,0.557357009586309,0.5433957408479702,single,male,diff_means,2,0.552306504535804,0.005050505050504972,,
wearing_necklace,0.592436974789916,0.6226244343891403,single,male,diff_means,2,0.6044602456367163,-0.012023270846800327,,
wearing_necktie,0.507183908045977,0.5055675287356323,single,male,diff_means,2,0.5150862068965517,-0.007902298850574696,,
young,0.8736471861471862,0.9477813852813852,single,male,diff_means,2,0.8706709956709957,0.0029761904761904656,,
5_o_clock_shadow,0.5580645161290323,0.5786379928315413,single,male,diff_means,3,0.5625089605734768,-0.004444444444444473,,
arched_eyebrows,0.5720430107526882,0.6242703533026114,single,male,diff_means,3,0.5720430107526882,0.0,,
attractive,0.4942714819427148,0.5727895392278954,single,male,diff_means,3,0.4942714819427148,0.0,,
bags_under_eyes,0.5069689408930569,0.43577389658435856,single,male,diff_means,3,0.5213800223694399,-0.014411081476383036,,
bald,0.7691366266132622,0.8805073431241656,single,male,diff_means,3,0.7810413885180241,-0.011904761904761862,,
bangs,0.7130365659777425,0.8244568097509274,single,male,diff_means,3,0.7107843137254902,0.0022522522522522292,,
big_lips,0.47767857142857145,0.4789341517857143,single,male,diff_means,3,0.47544642857142855,0.0022321428571429047,,
big_nose,0.6183091886009658,0.6829898660137387,single,male,diff_means,3,0.6210977351560906,-0.002788546555124727,,
black_hair,0.7409529211571186,0.8910947249007374,single,male,diff_means,3,0.7409529211571186,0.0,,
blond_hair,0.863716814159292,0.9147492625368732,single,male,diff_means,3,0.863716814159292,0.0,,
blurry,0.6808943089430894,0.7613821138211382,single,male,diff_means,3,0.6747967479674797,0.0060975609756097615,,
brown_hair,0.6666666666666667,0.7914870689655172,single,male,diff_means,3,0.6602011494252874,0.006465517241379337,,
bushy_eyebrows,0.5542652329749104,0.5524014336917562,single,male,diff_means,3,0.5564874551971326,-0.0022222222222222365,,
chubby,0.6013888888888889,0.6799768518518519,single,male,diff_means,3,0.5990740740740741,0.0023148148148147696,,
double_chin,0.5491150442477876,0.6519174041297935,single,male,diff_means,3,0.5424778761061947,0.006637168141592875,,
eyeglasses,0.9268932038834952,0.9853398058252426,single,male,diff_means,3,0.9268932038834952,0.0,,
goatee,0.6576271186440679,0.773093220338983,single,male,diff_means,3,0.6555084745762711,0.0021186440677967155,,
gray_hair,0.8786008230452675,0.9632795188350745,single,male,diff_means,3,0.882716049382716,-0.00411522633744843,,
heavy_makeup,0.5520808655137013,0.588091289583827,single,male,diff_means,3,0.5494353628681987,0.002645502645502562,,
high_cheekbones,0.5363969465648855,0.44549618320610684,single,male,diff_means,3,0.5442137404580153,-0.007816793893129836,,
male,0.98828125,0.9892578125,single,male,diff_means,3,0.98828125,0.0,,
mouth_slightly_open,0.5206305479032752,0.5374961738598103,single,male,diff_means,3,0.5284664830119375,-0.007835935108662317,,
mustache,0.6991525423728814,0.8006355932203391,single,male,diff_means,3,0.6991525423728814,0.0,,
narrow_eyes,0.5463754352643242,0.5397277619499842,single,male,diff_means,3,0.5463754352643242,0.0,,
no_beard,0.5453483689085783,0.47700362464760365,single,male,diff_means,3,0.5427305678614579,0.002617801047120394,,
oval_face,0.5061443932411674,0.455837173579109,single,male,diff_means,3,0.5061443932411674,0.0,,
pale_skin,0.613931523022432,0.7423258559622197,single,male,diff_means,3,0.613931523022432,0.0,,
pointy_nose,0.5063319764812302,0.5573043871551334,single,male,diff_means,3,0.49724106739032115,0.009090909090909038,,
receding_hairline,0.5044642857142857,0.5270647321428571,single,male,diff_means,3,0.5044642857142857,0.0,,
rosy_cheeks,0.6244154565591927,0.7255722372631062,single,male,diff_means,3,0.6265075067683977,-0.0020920502092049986,,
sideburns,0.6493506493506493,0.647495361781076,single,male,diff_means,3,0.6473098330241187,0.0020408163265306367,,
smiling,0.8375336432591143,0.9603621238071935,single,male,diff_means,3,0.8375336432591143,0.0,,
straight_hair,0.5716883116883117,0.5565367965367964,single,male,diff_means,3,0.5695238095238095,0.0021645021645021467,,
wavy_hair,0.5196579607770239,0.553768937633609,single,male,diff_means,3,0.5196579607770239,0.0,,
wearing_earrings,0.650565355042967,0.7453640886476707,single,male,diff_means,3,0.6630031659882406,-0.01243781094527363,,
wearing_hat,0.9068675619609128,0.9602576700513156,single,male,diff_means,3,0.9068675619609128,0.0,,
wearing_lipstick,0.557357009586309,0.5474490124171654,single,male,diff_means,3,0.552306504535804,0.005050505050504972,,
wearing_necklace,0.590174531351002,0.6206851971557854,single,male,diff_means,3,0.6044602456367163,-0.014285714285714346,,
wearing_necktie,0.5258620689655172,0.5050287356321839,single,male,diff_means,3,0.5150862068965517,0.010775862068965525,,
young,0.8706709956709957,0.9470373376623377,single,male,diff_means,3,0.8706709956709957,0.0,,
5_o_clock_shadow,0.5602867383512544,0.5866666666666666,single,male,diff_means,4,0.5625089605734768,-0.0022222222222223476,,
arched_eyebrows,0.5845622119815668,0.6248079877112135,single,male,diff_means,4,0.5720430107526882,0.012519201228878618,,
attractive,0.4942714819427148,0.57453300124533,single,male,diff_means,4,0.4942714819427148,0.0,,
bags_under_eyes,0.5213800223694399,0.4385270584186527,single,male,diff_means,4,0.5213800223694399,0.0,,
bald,0.7691366266132622,0.8805073431241656,single,male,diff_means,4,0.7810413885180241,-0.011904761904761862,,
bangs,0.7107843137254902,0.8251192368839427,single,male,diff_means,4,0.7107843137254902,0.0,,
big_lips,0.4799107142857143,0.48270089285714285,single,male,diff_means,4,0.47544642857142855,0.004464285714285754,,
big_nose,0.6210977351560906,0.681493572740257,single,male,diff_means,4,0.6210977351560906,0.0,,
black_hair,0.7432785025524674,0.8918888258650028,single,male,diff_means,4,0.7409529211571186,0.0023255813953487747,,
blond_hair,0.8615044247787611,0.9163716814159292,single,male,diff_means,4,0.863716814159292,-0.0022123893805309214,,
blurry,0.6727642276422765,0.758130081300813,single,male,diff_means,4,0.6747967479674797,-0.00203252032520318,,
brown_hair,0.6623563218390804,0.796875,single,male,diff_means,4,0.6602011494252874,0.0021551724137930384,,
bushy_eyebrows,0.5564874551971326,0.5545519713261648,single,male,diff_means,4,0.5564874551971326,0.0,,
chubby,0.5990740740740741,0.6827546296296296,single,male,diff_means,4,0.5990740740740741,0.0,,
double_chin,0.5446902654867256,0.6547197640117994,single,male,diff_means,4,0.5424778761061947,0.0022123893805309214,,
eyeglasses,0.9268932038834952,0.9862135922330095,single,male,diff_means,4,0.9268932038834952,0.0,,
goatee,0.6576271186440679,0.7764830508474576,single,male,diff_means,4,0.6555084745762711,0.0021186440677967155,,
gray_hair,0.882716049382716,0.9642291864514088,single,male,diff_means,4,0.882716049382716,0.0,,
heavy_makeup,0.5520808655137013,0.5906183368869936,single,male,diff_means,4,0.5494353628681987,0.002645502645502562,,
high_cheekbones,0.5442137404580153,0.44830534351145035,single,male,diff_means,4,0.5442137404580153,0.0,,
male,0.98828125,0.98907470703125,single,male,diff_means,4,0.98828125,0.0,,
mouth_slightly_open,0.5288950107131926,0.5367615549433732,single,male,diff_means,4,0.5284664830119375,0.0004285277012550104,,
mustache,0.6991525423728814,0.8023305084745763,single,male,diff_means,4,0.6991525423728814,0.0,,
narrow_eyes,0.5443178220955999,0.529281418170307,single,male,diff_means,4,0.5463754352643242,-0.002057613168724326,,
no_beard,0.5453483689085783,0.47877567458719295,single,male,diff_means,4,0.5427305678614579,0.002617801047120394,,
oval_face,0.5061443932411674,0.45522273425499227,single,male,diff_means,4,0.5061443932411674,0.0,,
pale_skin,0.613931523022432,0.7414403778040142,single,male,diff_means,4,0.613931523022432,0.0,,
pointy_nose,0.5063319764812302,0.5597467209407508,single,male,diff_means,4,0.49724106739032115,0.009090909090909038,,
receding_hairline,0.5066964285714286,0.5308314732142857,single,male,diff_means,4,0.5044642857142857,0.0022321428571429047,,
rosy_cheeks,0.6265075067683977,0.7238493723849372,single,male,diff_means,4,0.6265075067683977,0.0,,
sideburns,0.65139146567718,0.649721706864564,single,male,diff_means,4,0.6473098330241187,0.004081632653061273,,
smiling,0.8334352826033766,0.9601174455590897,single,male,diff_means,4,0.8375336432591143,-0.004098360655737654,,
straight_hair,0.5673593073593073,0.5574025974025973,single,male,diff_means,4,0.5695238095238095,-0.0021645021645022577,,
wavy_hair,0.5196579607770239,0.5582303188028628,single,male,diff_means,4,0.5196579607770239,0.0,,
wearing_earrings,0.6630031659882406,0.7468113975576662,single,male,diff_means,4,0.6630031659882406,0.0,,
wearing_hat,0.9068675619609128,0.9616770389780543,single,male,diff_means,4,0.9068675619609128,0.0,,
wearing_lipstick,0.5554912179116,0.5434600784919257,single,male,diff_means,4,0.552306504535804,0.0031847133757960666,,
wearing_necklace,0.592436974789916,0.6239172592113769,single,male,diff_means,4,0.6044602456367163,-0.012023270846800327,,
wearing_necktie,0.5129310344827587,0.507183908045977,single,male,diff_means,4,0.5150862068965517,-0.0021551724137930384,,
young,0.8736471861471862,0.9469020562770563,single,male,diff_means,4,0.8706709956709957,0.0029761904761904656,,
5_o_clock_shadow,0.5647311827956989,0.5891039426523297,single,male,diff_means,5,0.5625089605734768,0.0022222222222221255,,
arched_eyebrows,0.5845622119815668,0.623041474654378,single,male,diff_means,5,0.5720430107526882,0.012519201228878618,,
attractive,0.4942714819427148,0.5747820672478207,single,male,diff_means,5,0.4942714819427148,0.0,,
bags_under_eyes,0.51884195130345,0.441194183945625,single,male,diff_means,5,0.5213800223694399,-0.002538071065989911,,
bald,0.7691366266132622,0.8799510458388964,single,male,diff_means,5,0.7810413885180241,-0.011904761904761862,,
bangs,0.7130365659777425,0.8264440911499735,single,male,diff_means,5,0.7107843137254902,0.0022522522522522292,,
big_lips,0.4799107142857143,0.48074776785714285,single,male,diff_means,5,0.47544642857142855,0.004464285714285754,,
big_nose,0.6183091886009658,0.6841460926341564,single,male,diff_means,5,0.6210977351560906,-0.002788546555124727,,
black_hair,0.7432785025524674,0.8915484968803177,single,male,diff_means,5,0.7409529211571186,0.0023255813953487747,,
blond_hair,0.863716814159292,0.9154867256637169,single,male,diff_means,5,0.863716814159292,0.0,,
blurry,0.6707317073170731,0.7556910569105691,single,male,diff_means,5,0.6747967479674797,-0.004065040650406582,,
brown_hair,0.6602011494252874,0.7992097701149425,single,male,diff_means,5,0.6602011494252874,0.0,,
bushy_eyebrows,0.5564874551971326,0.5526881720430107,single,male,diff_means,5,0.5564874551971326,0.0,,
chubby,0.5990740740740741,0.6837962962962962,single,male,diff_means,5,0.5990740740740741,0.0,,
double_chin,0.5469026548672566,0.6539823008849558,single,male,diff_means,5,0.5424778761061947,0.004424778761061954,,
eyeglasses,0.9293203883495146,0.9857281553398057,single,male,diff_means,5,0.9268932038834952,0.0024271844660194164,,
goatee,0.6533898305084747,0.7720338983050847,single,male,diff_means,5,0.6555084745762711,-0.0021186440677964935,,
gray_hair,0.882716049382716,0.9639126305792973,single,male,diff_means,5,0.882716049382716,0.0,,
heavy_makeup,0.5520808655137013,0.5895127536918583,single,male,diff_means,5,0.5494353628681987,0.002645502645502562,,
high_cheekbones,0.5480305343511451,0.4467786259541984,single,male,diff_means,5,0.5442137404580153,0.003816793893129833,,
male,0.98828125,0.98919677734375,single,male,diff_means,5,0.98828125,0.0,,
mouth_slightly_open,0.5288950107131926,0.5380471380471381,single,male,diff_means,5,0.5284664830119375,0.0004285277012550104,,
mustache,0.7220338983050847,0.7968220338983051,single,male,diff_means,5,0.6991525423728814,0.022881355932203307,,
narrow_eyes,0.5463754352643242,0.5238999683444128,single,male,diff_means,5,0.5463754352643242,0.0,,
no_beard,0.5427305678614579,0.47724526782118404,single,male,diff_means,5,0.5427305678614579,0.0,,
oval_face,0.5034562211981567,0.4564516129032258,single,male,diff_means,5,0.5061443932411674,-0.0026881720430107503,,
pale_skin,0.6118654073199528,0.743801652892562,single,male,diff_means,5,0.613931523022432,-0.0020661157024792765,,
pointy_nose,0.49724106739032115,0.560651289009498,single,male,diff_means,5,0.49724106739032115,0.0,,
receding_hairline,0.5044642857142857,0.5334821428571427,single,male,diff_means,5,0.5044642857142857,0.0,,
rosy_cheeks,0.6244154565591927,0.7206497661826237,single,male,diff_means,5,0.6265075067683977,-0.0020920502092049986,,
sideburns,0.6452690166975881,0.6493506493506493,single,male,diff_means,5,0.6473098330241187,-0.0020408163265306367,,
smiling,0.8334352826033766,0.9603621238071935,single,male,diff_means,5,0.8375336432591143,-0.004098360655737654,,
straight_hair,0.5673593073593073,0.5587878787878788,single,male,diff_means,5,0.5695238095238095,-0.0021645021645022577,,
wavy_hair,0.522121014964216,0.5583232642438889,single,male,diff_means,5,0.5196579607770239,0.0024630541871921707,,
wearing_earrings,0.6563998190863862,0.7479873360470375,single,male,diff_means,5,0.6630031659882406,-0.006603346901854379,,
wearing_hat,0.9068675619609128,0.9621137678785894,single,male,diff_means,5,0.9068675619609128,0.0,,
wearing_lipstick,0.5637264363379013,0.5421733256128161,single,male,diff_means,5,0.552306504535804,0.011419931802097327,,
wearing_necklace,0.5736263736263736,0.6214608920491274,single,male,diff_means,5,0.6044602456367163,-0.03083387201034271,,
wearing_necktie,0.5150862068965517,0.5093390804597702,single,male,diff_means,5,0.5150862068965517,0.0,,
young,0.8736471861471862,0.9474431818181818,single,male,diff_means,5,0.8706709956709957,0.0029761904761904656,,
5_o_clock_shadow,0.5602867383512544,0.5889605734767025,single,male,diff_means,6,0.5625089605734768,-0.0022222222222223476,,
arched_eyebrows,0.5720430107526882,0.6227342549923195,single,male,diff_means,6,0.5720430107526882,0.0,,
attractive,0.4942714819427148,0.5768991282689913,single,male,diff_means,6,0.4942714819427148,0.0,,
bags_under_eyes,0.4993547276950873,0.44033382087240813,single,male,diff_means,6,0.5213800223694399,-0.022025294674352602,,
bald,0.7691366266132622,0.8781708945260347,single,male,diff_means,6,0.7810413885180241,-0.011904761904761862,,
bangs,0.7175410704822469,0.8251192368839428,single,male,diff_means,6,0.7107843137254902,0.006756756756756688,,
big_lips,0.4799107142857143,0.48046875,single,male,diff_means,6,0.47544642857142855,0.004464285714285754,,
big_nose,0.615350608719309,0.6829898660137388,single,male,diff_means,6,0.6210977351560906,-0.005747126436781547,,
black_hair,0.7409529211571186,0.8912081678956325,single,male,diff_means,6,0.7409529211571186,0.0,,
blond_hair,0.863716814159292,0.915929203539823,single,male,diff_means,6,0.863716814159292,0.0,,
blurry,0.6727642276422765,0.7589430894308944,single,male,diff_means,6,0.6747967479674797,-0.00203252032520318,,
brown_hair,0.6580459770114943,0.7970545977011494,single,male,diff_means,6,0.6602011494252874,-0.0021551724137931494,,
bushy_eyebrows,0.5564874551971326,0.554695340501792,single,male,diff_means,6,0.5564874551971326,0.0,,
chubby,0.5990740740740741,0.6856481481481481,single,male,diff_means,6,0.5990740740740741,0.0,,
double_chin,0.5469026548672566,0.6536873156342183,single,male,diff_means,6,0.5424778761061947,0.004424778761061954,,
eyeglasses,0.9268932038834952,0.9859223300970873,single,male,diff_means,6,0.9268932038834952,0.0,,
goatee,0.6555084745762711,0.776906779661017,single,male,diff_means,6,0.6555084745762711,0.0,,
gray_hair,0.882716049382716,0.965178854067743,single,male,diff_means,6,0.882716049382716,0.0,,
heavy_makeup,0.5520808655137013,0.5912500987127853,single,male,diff_means,6,0.5494353628681987,0.002645502645502562,,
high_cheekbones,0.5480305343511451,0.44806106870229007,single,male,diff_means,6,0.5442137404580153,0.003816793893129833,,
male,0.98828125,0.9893798828125,single,male,diff_means,6,0.98828125,0.0,,
mouth_slightly_open,0.5288950107131926,0.5371288644015916,single,male,diff_means,6,0.5284664830119375,0.0004285277012550104,,
mustache,0.6970338983050848,0.799364406779661,single,male,diff_means,6,0.6991525423728814,-0.0021186440677966045,,
narrow_eyes,0.5463754352643242,0.5232668566001899,single,male,diff_means,6,0.5463754352643242,0.0,,
no_beard,0.5453483689085783,0.47829238824003223,single,male,diff_means,6,0.5427305678614579,0.002617801047120394,,
oval_face,0.5034562211981567,0.45660522273425497,single,male,diff_means,6,0.5061443932411674,-0.0026881720430107503,,
pale_skin,0.613931523022432,0.7458677685950413,single,male,diff_means,6,0.613931523022432,0.0,,
pointy_nose,0.49724106739032115,0.5611940298507462,single,male,diff_means,6,0.49724106739032115,0.0,,
receding_hairline,0.5044642857142857,0.5333426339285713,single,male,diff_means,6,0.5044642857142857,0.0,,
rosy_cheeks,0.6244154565591927,0.719419148412503,single,male,diff_means,6,0.6265075067683977,-0.0020920502092049986,,
sideburns,0.6493506493506493,0.6489795918367347,single,male,diff_means,6,0.6473098330241187,0.0020408163265306367,,
smiling,0.8375336432591143,0.9604844629312453,single,male,diff_means,6,0.8375336432591143,0.0,,
straight_hair,0.5673593073593073,0.5577489177489177,single,male,diff_means,6,0.5695238095238095,-0.0021645021645022577,,
wavy_hair,0.522121014964216,0.5595315549772284,single,male,diff_means,6,0.5196579607770239,0.0024630541871921707,,
wearing_earrings,0.6630031659882406,0.7490728177295342,single,male,diff_means,6,0.6630031659882406,0.0,,
wearing_hat,0.9068675619609128,0.9628780434545255,single,male,diff_means,6,0.9068675619609128,0.0,,
wearing_lipstick,0.5637264363379013,0.5417229621051277,single,male,diff_means,6,0.552306504535804,0.011419931802097327,,
wearing_necklace,0.5879120879120879,0.6230122818358113,single,male,diff_means,6,0.6044602456367163,-0.016548157724628365,,
wearing_necktie,0.5129310344827587,0.5134698275862069,single,male,diff_means,6,0.5150862068965517,-0.0021551724137930384,,
young,0.8736471861471862,0.9472402597402597,single,male,diff_means,6,0.8706709956709957,0.0029761904761904656,,
5_o_clock_shadow,0.5602867383512544,0.5879569892473119,single,male,diff_means,7,0.5625089605734768,-0.0022222222222223476,,
arched_eyebrows,0.581874039938556,0.6238095238095238,single,male,diff_means,7,0.5720430107526882,0.009831029185867868,,
attractive,0.4942714819427148,0.575840597758406,single,male,diff_means,7,0.4942714819427148,0.0,,
bags_under_eyes,0.5213800223694399,0.43852705841865264,single,male,diff_means,7,0.5213800223694399,0.0,,
bald,0.7691366266132622,0.8798397863818423,single,male,diff_means,7,0.7810413885180241,-0.011904761904761862,,
bangs,0.7130365659777425,0.8244568097509274,single,male,diff_means,7,0.7107843137254902,0.0022522522522522292,,
big_lips,0.47767857142857145,0.4800502232142858,single,male,diff_means,7,0.47544642857142855,0.0022321428571429047,,
big_nose,0.6210977351560906,0.6830578793443515,single,male,diff_means,7,0.6210977351560906,0.0,,
black_hair,0.7432785025524674,0.8905275099262621,single,male,diff_means,7,0.7409529211571186,0.0023255813953487747,,
blond_hair,0.863716814159292,0.9154867256637169,single,male,diff_means,7,0.863716814159292,0.0,,
blurry,0.6747967479674797,0.759349593495935,single,male,diff_means,7,0.6747967479674797,0.0,,
brown_hair,0.6623563218390804,0.7979525862068966,single,male,diff_means,7,0.6602011494252874,0.0021551724137930384,,
bushy_eyebrows,0.5564874551971326,0.5554121863799283,single,male,diff_means,7,0.5564874551971326,0.0,,
chubby,0.5990740740740741,0.6834490740740741,single,male,diff_means,7,0.5990740740740741,0.0,,
double_chin,0.5446902654867256,0.6538348082595871,single,male,diff_means,7,0.5424778761061947,0.0022123893805309214,,
eyeglasses,0.9244660194174756,0.9861165048543687,single,male,diff_means,7,0.9268932038834952,-0.0024271844660195274,,
goatee,0.6555084745762711,0.7777542372881355,single,male,diff_means,7,0.6555084745762711,0.0,,
gray_hair,0.882716049382716,0.9648622981956315,single,male,diff_means,7,0.882716049382716,0.0,,
heavy_makeup,0.5520808655137013,0.5888809918660665,single,male,diff_means,7,0.5494353628681987,0.002645502645502562,,
high_cheekbones,0.5480305343511451,0.447206106870229,single,male,diff_means,7,0.5442137404580153,0.003816793893129833,,
male,0.98828125,0.9891357421875,single,male,diff_means,7,0.98828125,0.0,,
mouth_slightly_open,0.5288950107131926,0.5356596265687175,single,male,diff_means,7,0.5284664830119375,0.0004285277012550104,,
mustache,0.6970338983050848,0.8008474576271186,single,male,diff_means,7,0.6991525423728814,-0.0021186440677966045,,
narrow_eyes,0.5443178220955999,0.5302310857866412,single,male,diff_means,7,0.5463754352643242,-0.002057613168724326,,
no_beard,0.5427305678614579,0.47917841320982685,single,male,diff_means,7,0.5427305678614579,0.0,,
oval_face,0.5061443932411674,0.45698924731182794,single,male,diff_means,7,0.5061443932411674,0.0,,
pale_skin,0.6159976387249114,0.7452774498229043,single,male,diff_means,7,0.613931523022432,0.0020661157024793875,,
pointy_nose,0.49724106739032115,0.5603799185888738,single,male,diff_means,7,0.49724106739032115,0.0,,
receding_hairline,0.5066964285714286,0.5320870535714285,single,male,diff_means,7,0.5044642857142857,0.0022321428571429047,,
rosy_cheeks,0.6244154565591927,0.7196652719665272,single,male,diff_means,7,0.6265075067683977,-0.0020920502092049986,,
sideburns,0.6452690166975881,0.6478664192949907,single,male,diff_means,7,0.6473098330241187,-0.0020408163265306367,,
smiling,0.8375336432591143,0.959933936873012,single,male,diff_means,7,0.8375336432591143,0.0,,
straight_hair,0.5673593073593073,0.5594805194805195,single,male,diff_means,7,0.5695238095238095,-0.0021645021645022577,,
wavy_hair,0.5196579607770239,0.5599033367413329,single,male,diff_means,7,0.5196579607770239,0.0,,
wearing_earrings,0.6720940750791498,0.7497060153776571,single,male,diff_means,7,0.6630031659882406,0.00909090909090915,,
wearing_hat,0.9068675619609128,0.9615678567529206,single,male,diff_means,7,0.9068675619609128,0.0,,
wearing_lipstick,0.5586759312873963,0.5430740526281927,single,male,diff_means,7,0.552306504535804,0.006369426751592355,,
wearing_necklace,0.590174531351002,0.6235294117647059,single,male,diff_means,7,0.6044602456367163,-0.014285714285714346,,
wearing_necktie,0.5129310344827587,0.5098778735632183,single,male,diff_means,7,0.5150862068965517,-0.0021551724137930384,,
young,0.8736471861471862,0.9469020562770563,single,male,diff_means,7,0.8706709956709957,0.0029761904761904656,,
5_o_clock_shadow,0.5602867383512544,0.5849462365591398,single,male,diff_means,8,0.5625089605734768,-0.0022222222222223476,,
arched_eyebrows,0.5890168970814132,0.6238095238095239,single,male,diff_means,8,0.5720430107526882,0.016973886328725096,,
attractive,0.4942714819427148,0.57453300124533,single,male,diff_means,8,0.4942714819427148,0.0,,
bags_under_eyes,0.5018927987610772,0.4390432762625828,single,male,diff_means,8,0.5213800223694399,-0.019487223608362747,,
bald,0.7691366266132622,0.878727191811304,single,male,diff_means,8,0.7810413885180241,-0.011904761904761862,,
bangs,0.7152888182299947,0.8247217806041335,single,male,diff_means,8,0.7107843137254902,0.0045045045045044585,,
big_lips,0.47544642857142855,0.4814453125,single,male,diff_means,8,0.47544642857142855,0.0,,
big_nose,0.6210977351560906,0.6821056927157723,single,male,diff_means,8,0.6210977351560906,0.0,,
black_hair,0.7409529211571186,0.8910947249007374,single,male,diff_means,8,0.7409529211571186,0.0,,
blond_hair,0.863716814159292,0.9153392330383481,single,male,diff_means,8,0.863716814159292,0.0,,
blurry,0.6747967479674797,0.7536585365853659,single,male,diff_means,8,0.6747967479674797,0.0,,
brown_hair,0.6602011494252874,0.7952586206896552,single,male,diff_means,8,0.6602011494252874,0.0,,
bushy_eyebrows,0.5564874551971326,0.5541218637992831,single,male,diff_means,8,0.5564874551971326,0.0,,
chubby,0.5990740740740741,0.6841435185185185,single,male,diff_means,8,0.5990740740740741,0.0,,
double_chin,0.5469026548672566,0.6536873156342183,single,male,diff_means,8,0.5424778761061947,0.004424778761061954,,
eyeglasses,0.9268932038834952,0.9863106796116504,single,male,diff_means,8,0.9268932038834952,0.0,,
goatee,0.6576271186440679,0.7792372881355932,single,male,diff_means,8,0.6555084745762711,0.0021186440677967155,,
gray_hair,0.882716049382716,0.9648622981956315,single,male,diff_means,8,0.882716049382716,0.0,,
heavy_makeup,0.5472636815920398,0.5884071704967228,single,male,diff_means,8,0.5494353628681987,-0.0021716812761589654,,
high_cheekbones,0.5442137404580153,0.44729770992366413,single,male,diff_means,8,0.5442137404580153,0.0,,
male,0.98828125,0.98944091796875,single,male,diff_means,8,0.98828125,0.0,,
mouth_slightly_open,0.5284664830119375,0.5346801346801346,single,male,diff_means,8,0.5284664830119375,0.0,,
mustache,0.6991525423728814,0.8036016949152542,single,male,diff_means,8,0.6991525423728814,0.0,,
narrow_eyes,0.5463754352643242,0.5289648622981956,single,male,diff_means,8,0.5463754352643242,0.0,,
no_beard,0.5427305678614579,0.47853403141361256,single,male,diff_means,8,0.5427305678614579,0.0,,
oval_face,0.5061443932411674,0.4564516129032258,single,male,diff_means,8,0.5061443932411674,0.0,,
pale_skin,0.613931523022432,0.7435064935064936,single,male,diff_means,8,0.613931523022432,0.0,,
pointy_nose,0.5063319764812302,0.5582089552238806,single,male,diff_means,8,0.49724106739032115,0.009090909090909038,,
receding_hairline,0.5111607142857143,0.5323660714285714,single,male,diff_means,8,0.5044642857142857,0.006696428571428603,,
rosy_cheeks,0.6265075067683977,0.7186807777504307,single,male,diff_means,8,0.6265075067683977,0.0,,
sideburns,0.6493506493506493,0.6463821892393321,single,male,diff_means,8,0.6473098330241187,0.0020408163265306367,,
smiling,0.8375336432591143,0.959933936873012,single,male,diff_means,8,0.8375336432591143,0.0,,
straight_hair,0.5673593073593073,0.5586147186147186,single,male,diff_means,8,0.5695238095238095,-0.0021645021645022577,,
wavy_hair,0.522121014964216,0.5619481364439074,single,male,diff_means,8,0.5196579607770239,0.0024630541871921707,,
wearing_earrings,0.6630031659882406,0.7512437810945274,single,male,diff_means,8,0.6630031659882406,0.0,,
wearing_hat,0.9068675619609128,0.9613494923026531,single,male,diff_means,8,0.9068675619609128,0.0,,
wearing_lipstick,0.5554912179116,0.5446181560831242,single,male,diff_means,8,0.552306504535804,0.0031847133757960666,,
wearing_necklace,0.5758888170652876,0.6245636716224952,single,male,diff_means,8,0.6044602456367163,-0.028571428571428692,,
wearing_necktie,0.5172413793103449,0.5057471264367815,single,male,diff_means,8,0.5150862068965517,0.0021551724137931494,,
young,0.8736471861471862,0.9469020562770563,single,male,diff_means,8,0.8706709956709957,0.0029761904761904656,,
5_o_clock_shadow,0.5625089605734768,0.5849462365591398,single,male,diff_means,9,0.5625089605734768,0.0,,
arched_eyebrows,0.5863287250384025,0.6258064516129032,single,male,diff_means,9,0.5720430107526882,0.014285714285714346,,
attractive,0.4942714819427148,0.5740971357409714,single,male,diff_means,9,0.4942714819427148,0.0,,
bags_under_eyes,0.51884195130345,0.43938742149186955,single,male,diff_means,9,0.5213800223694399,-0.002538071065989911,,
bald,0.7691366266132622,0.8780596350689808,single,male,diff_means,9,0.7810413885180241,-0.011904761904761862,,
bangs,0.7107843137254902,0.8252517223105459,single,male,diff_means,9,0.7107843137254902,0.0,,
big_lips,0.4799107142857143,0.48353794642857145,single,male,diff_means,9,0.47544642857142855,0.004464285714285754,,
big_nose,0.6210977351560906,0.6816295994014827,single,male,diff_means,9,0.6210977351560906,0.0,,
black_hair,0.7386273397617698,0.892229154849688,single,male,diff_means,9,0.7409529211571186,-0.0023255813953488857,,
blond_hair,0.863716814159292,0.9156342182890855,single,male,diff_means,9,0.863716814159292,0.0,,
blurry,0.6788617886178862,0.755691056910569,single,male,diff_means,9,0.6747967479674797,0.004065040650406471,,
brown_hair,0.6623563218390804,0.796875,single,male,diff_means,9,0.6602011494252874,0.0021551724137930384,,
bushy_eyebrows,0.5587096774193548,0.552258064516129,single,male,diff_means,9,0.5564874551971326,0.0022222222222222365,,
chubby,0.5990740740740741,0.6836805555555556,single,male,diff_means,9,0.5990740740740741,0.0,,
double_chin,0.5446902654867256,0.6542772861356931,single,male,diff_means,9,0.5424778761061947,0.0022123893805309214,,
eyeglasses,0.9268932038834952,0.9866990291262134,single,male,diff_means,9,0.9268932038834952,0.0,,
goatee,0.6555084745762711,0.7790254237288136,single,male,diff_means,9,0.6555084745762711,0.0,,
gray_hair,0.8806584362139918,0.9635960747071858,single,male,diff_means,9,0.882716049382716,-0.002057613168724215,,
heavy_makeup,0.554726368159204,0.5889599620942904,single,male,diff_means,9,0.5494353628681987,0.005291005291005235,,
high_cheekbones,0.5442137404580153,0.4467786259541985,single,male,diff_means,9,0.5442137404580153,0.0,,
male,0.98828125,0.9893798828125,single,male,diff_means,9,0.98828125,0.0,,
mouth_slightly_open,0.5288950107131926,0.5359044995408632,single,male,diff_means,9,0.5284664830119375,0.0004285277012550104,,
mustache,0.6991525423728814,0.8016949152542373,single,male,diff_means,9,0.6991525423728814,0.0,,
narrow_eyes,0.5443178220955999,0.5302310857866414,single,male,diff_means,9,0.5463754352643242,-0.002057613168724326,,
no_beard,0.5427305678614579,0.4787756745871929,single,male,diff_means,9,0.5427305678614579,0.0,,
oval_face,0.5061443932411674,0.456221198156682,single,male,diff_means,9,0.5061443932411674,0.0,,
pale_skin,0.6159976387249114,0.744391971664699,single,male,diff_means,9,0.613931523022432,0.0020661157024793875,,
pointy_nose,0.5063319764812302,0.559384893713252,single,male,diff_means,9,0.49724106739032115,0.009090909090909038,,
receding_hairline,0.5111607142857143,0.5315290178571428,single,male,diff_means,9,0.5044642857142857,0.006696428571428603,,
rosy_cheeks,0.6265075067683977,0.7186807777504308,single,male,diff_means,9,0.6265075067683977,0.0,,
sideburns,0.6452690166975881,0.6448979591836735,single,male,diff_means,9,0.6473098330241187,-0.0020408163265306367,,
smiling,0.8375336432591143,0.9602397846831416,single,male,diff_means,9,0.8375336432591143,0.0,,
straight_hair,0.5695238095238095,0.5572294372294373,single,male,diff_means,9,0.5695238095238095,0.0,,
wavy_hair,0.5196579607770239,0.5611116274746724,single,male,diff_means,9,0.5196579607770239,0.0,,
wearing_earrings,0.6630031659882406,0.7501582994120308,single,male,diff_means,9,0.6630031659882406,0.0,,
wearing_hat,0.9068675619609128,0.9606943989518506,single,male,diff_means,9,0.9068675619609128,0.0,,
wearing_lipstick,0.5586759312873963,0.5432670655600592,single,male,diff_means,9,0.552306504535804,0.006369426751592355,,
wearing_necklace,0.590174531351002,0.6246929541047188,single,male,diff_means,9,0.6044602456367163,-0.014285714285714346,,
wearing_necktie,0.5150862068965517,0.5079022988505747,single,male,diff_means,9,0.5150862068965517,0.0,,
young,0.8736471861471862,0.9464285714285714,single,male,diff_means,9,0.8706709956709957,0.0029761904761904656,,
5_o_clock_shadow,0.5441577060931899,0.5832258064516129,single,male,diff_means,10,0.5625089605734768,-0.01835125448028685,,
arched_eyebrows,0.5863287250384025,0.6230414746543778,single,male,diff_means,10,0.5720430107526882,0.014285714285714346,,
attractive,0.4942714819427148,0.578082191780822,single,male,diff_means,10,0.4942714819427148,0.0,,
bags_under_eyes,0.5163038802374602,0.4410221113309817,single,male,diff_means,10,0.5213800223694399,-0.005076142131979711,,
bald,0.7691366266132622,0.8763907432131731,single,male,diff_means,10,0.7810413885180241,-0.011904761904761862,,
bangs,0.7175410704822469,0.8245892951775304,single,male,diff_means,10,0.7107843137254902,0.006756756756756688,,
big_lips,0.47767857142857145,0.4810267857142857,single,male,diff_means,10,0.47544642857142855,0.0022321428571429047,,
big_nose,0.6240563150377474,0.6823777460382235,single,male,diff_means,10,0.6210977351560906,0.00295857988165682,,
black_hair,0.7432785025524674,0.8913216108905275,single,male,diff_means,10,0.7409529211571186,0.0023255813953487747,,
blond_hair,0.863716814159292,0.9146017699115043,single,male,diff_means,10,0.863716814159292,0.0,,
blurry,0.6707317073170731,0.7577235772357723,single,male,diff_means,10,0.6747967479674797,-0.004065040650406582,,
brown_hair,0.6645114942528736,0.7952586206896552,single,male,diff_means,10,0.6602011494252874,0.004310344827586188,,
bushy_eyebrows,0.5587096774193548,0.5502508960573477,single,male,diff_means,10,0.5564874551971326,0.0022222222222222365,,
chubby,0.5990740740740741,0.6833333333333333,single,male,diff_means,10,0.5990740740740741,0.0,,
double_chin,0.5469026548672566,0.654424778761062,single,male,diff_means,10,0.5424778761061947,0.004424778761061954,,
eyeglasses,0.9268932038834952,0.9859223300970872,single,male,diff_means,10,0.9268932038834952,0.0,,
goatee,0.6555084745762711,0.7779661016949152,single,male,diff_means,10,0.6555084745762711,0.0,,
gray_hair,0.8806584362139918,0.9648622981956315,single,male,diff_means,10,0.882716049382716,-0.002057613168724215,,
heavy_makeup,0.554726368159204,0.5920398009950248,single,male,diff_means,10,0.5494353628681987,0.005291005291005235,,
high_cheekbones,0.5442137404580153,0.44830534351145046,single,male,diff_means,10,0.5442137404580153,0.0,,
male,0.98828125,0.989501953125,single,male,diff_means,10,0.98828125,0.0,,
mouth_slightly_open,0.5412917049280686,0.5351086623813897,single,male,diff_means,10,0.5284664830119375,0.012825221916131002,,
mustache,0.6991525423728814,0.8033898305084746,single,male,diff_means,10,0.6991525423728814,0.0,,
narrow_eyes,0.5443178220955999,0.529281418170307,single,male,diff_means,10,0.5463754352643242,-0.002057613168724326,,
no_beard,0.5453483689085783,0.4747482883608538,single,male,diff_means,10,0.5427305678614579,0.002617801047120394,,
oval_face,0.5034562211981567,0.4549155145929339,single,male,diff_means,10,0.5061443932411674,-0.0026881720430107503,,
pale_skin,0.613931523022432,0.7446871310507674,single,male,diff_means,10,0.613931523022432,0.0,,
pointy_nose,0.5038444142921755,0.5604703753957485,single,male,diff_means,10,0.49724106739032115,0.006603346901854379,,
receding_hairline,0.5066964285714286,0.5351562499999999,single,male,diff_means,10,0.5044642857142857,0.0022321428571429047,,
rosy_cheeks,0.6265075067683977,0.7194191484125032,single,male,diff_means,10,0.6265075067683977,0.0,,
sideburns,0.6452690166975881,0.6460111317254175,single,male,diff_means,10,0.6473098330241187,-0.0020408163265306367,,
smiling,0.8334352826033766,0.959933936873012,single,male,diff_means,10,0.8375336432591143,-0.004098360655737654,,
straight_hair,0.5695238095238095,0.5558441558441558,single,male,diff_means,10,0.5695238095238095,0.0,,
wavy_hair,0.522121014964216,0.55925271865415,single,male,diff_means,10,0.5196579607770239,0.0024630541871921707,,
wearing_earrings,0.6580280416101312,0.7492537313432837,single,male,diff_means,10,0.6630031659882406,-0.00497512437810943,,
wearing_hat,0.9068675619609128,0.9620045856534556,single,male,diff_means,10,0.9068675619609128,0.0,,
wearing_lipstick,0.5554912179116,0.5405005468699736,single,male,diff_means,10,0.552306504535804,0.0031847133757960666,,
wearing_necklace,0.5833872010342599,0.6241758241758242,single,male,diff_means,10,0.6044602456367163,-0.021073044602456403,,
wearing_necktie,0.5150862068965517,0.5079022988505748,single,male,diff_means,10,0.5150862068965517,0.0,,
young,0.8766233766233766,0.946969696969697,single,male,diff_means,10,0.8706709956709957,0.005952380952380931,,
5_o_clock_shadow,0.5441577060931899,0.5893906810035842,single,male,diff_means,11,0.5625089605734768,-0.01835125448028685,,
arched_eyebrows,0.5872503840245775,0.6235023041474654,single,male,diff_means,11,0.5720430107526882,0.015207373271889368,,
attractive,0.4942714819427148,0.5819427148194272,single,male,diff_means,11,0.4942714819427148,0.0,,
bags_under_eyes,0.5146261722446872,0.44721672545814334,single,male,diff_means,11,0.5213800223694399,-0.006753850124752714,,
bald,0.7572318647085002,0.8780596350689808,single,male,diff_means,11,0.7810413885180241,-0.023809523809523836,,
bangs,0.7152888182299947,0.8247217806041336,single,male,diff_means,11,0.7107843137254902,0.0045045045045044585,,
big_lips,0.47767857142857145,0.4783761160714286,single,male,diff_means,11,0.47544642857142855,0.0022321428571429047,,
big_nose,0.6181391552744337,0.6811535060871932,single,male,diff_means,11,0.6210977351560906,-0.00295857988165682,,
black_hair,0.7432785025524674,0.8910947249007374,single,male,diff_means,11,0.7409529211571186,0.0023255813953487747,,
blond_hair,0.8592920353982301,0.9140117994100294,single,male,diff_means,11,0.863716814159292,-0.004424778761061954,,
blurry,0.6829268292682926,0.7678861788617887,single,male,diff_means,11,0.6747967479674797,0.008130081300812941,,
brown_hair,0.6580459770114943,0.7911278735632183,single,male,diff_means,11,0.6602011494252874,-0.0021551724137931494,,
bushy_eyebrows,0.5587096774193548,0.5499641577060932,single,male,diff_means,11,0.5564874551971326,0.0022222222222222365,,
chubby,0.5990740740740741,0.6834490740740742,single,male,diff_means,11,0.5990740740740741,0.0,,
double_chin,0.5424778761061947,0.661504424778761,single,male,diff_means,11,0.5424778761061947,0.0,,
eyeglasses,0.9196116504854368,0.9862135922330096,single,male,diff_means,11,0.9268932038834952,-0.00728155339805836,,
goatee,0.6741525423728814,0.7828389830508473,single,male,diff_means,11,0.6555084745762711,0.01864406779661021,,
gray_hair,0.8806584362139918,0.965178854067743,single,male,diff_means,11,0.882716049382716,-0.002057613168724215,,
heavy_makeup,0.5494353628681987,0.5970938956013582,single,male,diff_means,11,0.5494353628681987,0.0,,
high_cheekbones,0.5442137404580153,0.4509923664122137,single,male,diff_means,11,0.5442137404580153,0.0,,
male,0.98828125,0.98944091796875,single,male,diff_means,11,0.98828125,0.0,,
mouth_slightly_open,0.5375880012243649,0.5351086623813898,single,male,diff_means,11,0.5284664830119375,0.009121518212427349,,
mustache,0.7491525423728813,0.8091101694915254,single,male,diff_means,11,0.6991525423728814,0.04999999999999993,,
narrow_eyes,0.5504906616017727,0.5251661918328585,single,male,diff_means,11,0.5463754352643242,0.004115226337448541,,
no_beard,0.5453483689085783,0.47885622231171965,single,male,diff_means,11,0.5427305678614579,0.002617801047120394,,
oval_face,0.5034562211981567,0.4558371735791091,single,male,diff_means,11,0.5061443932411674,-0.0026881720430107503,,
pale_skin,0.6180637544273908,0.7523612750885478,single,male,diff_means,11,0.613931523022432,0.004132231404958775,,
pointy_nose,0.5038444142921755,0.560289461781999,single,male,diff_means,11,0.49724106739032115,0.006603346901854379,,
receding_hairline,0.5133928571428572,0.5336216517857143,single,male,diff_means,11,0.5044642857142857,0.008928571428571508,,
rosy_cheeks,0.6223234063499876,0.7204036426285996,single,male,diff_means,11,0.6265075067683977,-0.004184100418410108,,
sideburns,0.6452690166975881,0.6526901669758813,single,male,diff_means,11,0.6473098330241187,-0.0020408163265306367,,
smiling,0.8334352826033766,0.960851480303401,single,male,diff_means,11,0.8375336432591143,-0.004098360655737654,,
straight_hair,0.5673593073593073,0.5509956709956709,single,male,diff_means,11,0.5695238095238095,-0.0021645021645022577,,
wavy_hair,0.5245840691514081,0.5587879914490195,single,male,diff_means,11,0.5196579607770239,0.0049261083743842304,,
wearing_earrings,0.669606512890095,0.750067842605156,single,male,diff_means,11,0.6630031659882406,0.006603346901854379,,
wearing_hat,0.9068675619609128,0.9618954034283218,single,male,diff_means,11,0.9068675619609128,0.0,,
wearing_lipstick,0.5472559994852988,0.5414012738853503,single,male,diff_means,11,0.552306504535804,-0.005050505050505194,,
wearing_necklace,0.588623141564318,0.621590174531351,single,male,diff_means,11,0.6044602456367163,-0.015837104072398245,,
wearing_necktie,0.5107758620689655,0.5220905172413793,single,male,diff_means,11,0.5150862068965517,-0.004310344827586188,,
young,0.8795995670995671,0.9473755411255411,single,male,diff_means,11,0.8706709956709957,0.008928571428571397,,
5_o_clock_shadow,0.5374910394265233,0.5891039426523297,single,male,diff_means,12,0.5625089605734768,-0.025017921146953448,,
arched_eyebrows,0.5943932411674347,0.6225038402457758,single,male,diff_means,12,0.5720430107526882,0.022350230414746597,,
attractive,0.4942714819427148,0.5769613947696139,single,male,diff_means,12,0.4942714819427148,0.0,,
bags_under_eyes,0.5171642433106771,0.44584014454099635,single,male,diff_means,12,0.5213800223694399,-0.004215779058762803,,
bald,0.7691366266132622,0.877280818869604,single,male,diff_means,12,0.7810413885180241,-0.011904761904761862,,
bangs,0.7152888182299947,0.8257816640169582,single,male,diff_means,12,0.7107843137254902,0.0045045045045044585,,
big_lips,0.4732142857142857,0.4760044642857143,single,male,diff_means,12,0.47544642857142855,-0.002232142857142849,,
big_nose,0.6240563150377474,0.6823777460382235,single,male,diff_means,12,0.6210977351560906,0.00295857988165682,,
black_hair,0.7409529211571186,0.8915484968803177,single,male,diff_means,12,0.7409529211571186,0.0,,
blond_hair,0.863716814159292,0.9148967551622418,single,male,diff_means,12,0.863716814159292,0.0,,
blurry,0.6747967479674797,0.766260162601626,single,male,diff_means,12,0.6747967479674797,0.0,,
brown_hair,0.6580459770114943,0.794719827586207,single,male,diff_means,12,0.6602011494252874,-0.0021551724137931494,,
bushy_eyebrows,0.5587096774193548,0.5495340501792114,single,male,diff_means,12,0.5564874551971326,0.0022222222222222365,,
chubby,0.5990740740740741,0.6833333333333333,single,male,diff_means,12,0.5990740740740741,0.0,,
double_chin,0.5469026548672566,0.6600294985250738,single,male,diff_means,12,0.5424778761061947,0.004424778761061954,,
eyeglasses,0.9196116504854368,0.9858252427184465,single,male,diff_means,12,0.9268932038834952,-0.00728155339805836,,
goatee,0.6720338983050848,0.7794491525423728,single,male,diff_means,12,0.6555084745762711,0.016525423728813604,,
gray_hair,0.8806584362139918,0.9654954099398544,single,male,diff_means,12,0.882716049382716,-0.002057613168724215,,
heavy_makeup,0.5520808655137013,0.5949616994393113,single,male,diff_means,12,0.5494353628681987,0.002645502645502562,,
high_cheekbones,0.5442137404580153,0.44897709923664125,single,male,diff_means,12,0.5442137404580153,0.0,,
male,0.98828125,0.9892578125,single,male,diff_means,12,0.98828125,0.0,,
mouth_slightly_open,0.5417202326293236,0.5354147535965719,single,male,diff_means,12,0.5284664830119375,0.013253749617386013,,
mustache,0.7470338983050847,0.8048728813559322,single,male,diff_means,12,0.6991525423728814,0.04788135593220333,,
narrow_eyes,0.5504906616017727,0.5261158594491928,single,male,diff_means,12,0.5463754352643242,0.004115226337448541,,
no_beard,0.5479661699556988,0.47780910189287157,single,male,diff_means,12,0.5427305678614579,0.005235602094240899,,
oval_face,0.5061443932411674,0.4576804915514593,single,male,diff_means,12,0.5061443932411674,0.0,,
pale_skin,0.6180637544273908,0.7476387249114522,single,male,diff_means,12,0.613931523022432,0.004132231404958775,,
pointy_nose,0.5038444142921755,0.5586612392582542,single,male,diff_means,12,0.49724106739032115,0.006603346901854379,,
receding_hairline,0.5044642857142857,0.53515625,single,male,diff_means,12,0.5044642857142857,0.0,,
rosy_cheeks,0.6223234063499876,0.7228648781688408,single,male,diff_means,12,0.6265075067683977,-0.004184100418410108,,
sideburns,0.6432282003710575,0.6500927643784786,single,male,diff_means,12,0.6473098330241187,-0.004081632653061162,,
smiling,0.8334352826033766,0.9603621238071935,single,male,diff_means,12,0.8375336432591143,-0.004098360655737654,,
straight_hair,0.5673593073593073,0.5508225108225108,single,male,diff_means,12,0.5695238095238095,-0.0021645021645022577,,
wavy_hair,0.522121014964216,0.5554419555720792,single,male,diff_means,12,0.5196579607770239,0.0024630541871921707,,
wearing_earrings,0.669606512890095,0.7508819538670285,single,male,diff_means,12,0.6630031659882406,0.006603346901854379,,
wearing_hat,0.9068675619609128,0.961021945627252,single,male,diff_means,12,0.9068675619609128,0.0,,
wearing_lipstick,0.5536254262368911,0.5443286366853245,single,male,diff_means,12,0.552306504535804,0.0013189217010871612,,
wearing_necklace,0.5908855850032321,0.623529411764706,single,male,diff_means,12,0.6044602456367163,-0.013574660633484226,,
wearing_necktie,0.5129310344827587,0.5186781609195403,single,male,diff_means,12,0.5150862068965517,-0.0021551724137930384,,
young,0.8736471861471862,0.9473079004329005,single,male,diff_means,12,0.8706709956709957,0.0029761904761904656,,
5_o_clock_shadow,0.5419354838709678,0.5840860215053764,single,male,diff_means,13,0.5625089605734768,-0.020573476702508975,,
arched_eyebrows,0.5890168970814132,0.6241167434715822,single,male,diff_means,13,0.5720430107526882,0.016973886328725096,,
attractive,0.49769613947696134,0.5723536737235366,single,male,diff_means,13,0.4942714819427148,0.0034246575342465335,,
bags_under_eyes,0.5273165275746365,0.4412802202529467,single,male,diff_means,13,0.5213800223694399,0.005936505205196618,,
bald,0.7810413885180241,0.8785046728971962,single,male,diff_means,13,0.7810413885180241,0.0,,
bangs,0.7130365659777425,0.825649178590355,single,male,diff_means,13,0.7107843137254902,0.0022522522522522292,,
big_lips,0.47767857142857145,0.47726004464285715,single,male,diff_means,13,0.47544642857142855,0.0022321428571429047,,
big_nose,0.6240563150377474,0.6816976127320956,single,male,diff_means,13,0.6210977351560906,0.00295857988165682,,
black_hair,0.7432785025524674,0.8924560408394782,single,male,diff_means,13,0.7409529211571186,0.0023255813953487747,,
blond_hair,0.863716814159292,0.9146017699115043,single,male,diff_means,13,0.863716814159292,0.0,,
blurry,0.6747967479674797,0.7597560975609756,single,male,diff_means,13,0.6747967479674797,0.0,,
brown_hair,0.6580459770114943,0.7948994252873564,single,male,diff_means,13,0.6602011494252874,-0.0021551724137931494,,
bushy_eyebrows,0.5587096774193548,0.5493906810035842,single,male,diff_means,13,0.5564874551971326,0.0022222222222222365,,
chubby,0.5990740740740741,0.6851851851851851,single,male,diff_means,13,0.5990740740740741,0.0,,
double_chin,0.5424778761061947,0.6573746312684366,single,male,diff_means,13,0.5424778761061947,0.0,,
eyeglasses,0.9268932038834952,0.9865048543689319,single,male,diff_means,13,0.9268932038834952,0.0,,
goatee,0.6805084745762712,0.7783898305084745,single,male,diff_means,13,0.6555084745762711,0.025000000000000022,,
gray_hair,0.8806584362139918,0.9626464070908516,single,male,diff_means,13,0.882716049382716,-0.002057613168724215,,
heavy_makeup,0.554726368159204,0.5939350864723999,single,male,diff_means,13,0.5494353628681987,0.005291005291005235,,
high_cheekbones,0.5442137404580153,0.4473282442748092,single,male,diff_means,13,0.5442137404580153,0.0,,
male,0.98828125,0.989013671875,single,male,diff_means,13,0.98828125,0.0,,
mouth_slightly_open,0.5412917049280686,0.5358432812978268,single,male,diff_means,13,0.5284664830119375,0.012825221916131002,,
mustache,0.7491525423728813,0.8069915254237288,single,male,diff_means,13,0.6991525423728814,0.04999999999999993,,
narrow_eyes,0.5463754352643242,0.5330800886356442,single,male,diff_means,13,0.5463754352643242,0.0,,
no_beard,0.5479661699556988,0.4760370519532823,single,male,diff_means,13,0.5427305678614579,0.005235602094240899,,
oval_face,0.5061443932411674,0.458294930875576,single,male,diff_means,13,0.5061443932411674,0.0,,
pale_skin,0.613931523022432,0.7414403778040142,single,male,diff_means,13,0.613931523022432,0.0,,
pointy_nose,0.5038444142921755,0.560651289009498,single,male,diff_means,13,0.49724106739032115,0.006603346901854379,,
receding_hairline,0.5066964285714286,0.5340401785714285,single,male,diff_means,13,0.5044642857142857,0.0022321428571429047,,
rosy_cheeks,0.6244154565591927,0.7218803839527443,single,male,diff_means,13,0.6265075067683977,-0.0020920502092049986,,
sideburns,0.6493506493506493,0.6512059369202227,single,male,diff_means,13,0.6473098330241187,0.0020408163265306367,,
smiling,0.8334352826033766,0.9600562759970639,single,male,diff_means,13,0.8375336432591143,-0.004098360655737654,,
straight_hair,0.5695238095238095,0.5548051948051949,single,male,diff_means,13,0.5695238095238095,0.0,,
wavy_hair,0.5196579607770239,0.558416209684915,single,male,diff_means,13,0.5196579607770239,0.0,,
wearing_earrings,0.669606512890095,0.7489823609226594,single,male,diff_means,13,0.6630031659882406,0.006603346901854379,,
wearing_hat,0.9068675619609128,0.9606943989518506,single,male,diff_means,13,0.9068675619609128,0.0,,
wearing_lipstick,0.5554912179116,0.5444894807952133,single,male,diff_means,13,0.552306504535804,0.0031847133757960666,,
wearing_necklace,0.5999353587588881,0.6230122818358113,single,male,diff_means,13,0.6044602456367163,-0.004524886877828149,,
wearing_necktie,0.521551724137931,0.5105962643678161,single,male,diff_means,13,0.5150862068965517,0.006465517241379337,,
young,0.8706709956709957,0.9474431818181819,single,male,diff_means,13,0.8706709956709957,0.0,,
5_o_clock_shadow,0.5602867383512544,0.5858064516129032,single,male,diff_means,14,0.5625089605734768,-0.0022222222222223476,,
arched_eyebrows,0.5801075268817204,0.626036866359447,single,male,diff_means,14,0.5720430107526882,0.008064516129032251,,
attractive,0.49769613947696134,0.5717932752179328,single,male,diff_means,14,0.4942714819427148,0.0034246575342465335,,
bags_under_eyes,0.5213800223694399,0.44239869224812867,single,male,diff_means,14,0.5213800223694399,0.0,,
bald,0.7810413885180241,0.8787271918113039,single,male,diff_means,14,0.7810413885180241,0.0,,
bangs,0.7107843137254902,0.8252517223105458,single,male,diff_means,14,0.7107843137254902,0.0,,
big_lips,0.4799107142857143,0.4842354910714286,single,male,diff_means,14,0.47544642857142855,0.004464285714285754,,
big_nose,0.6210977351560906,0.6834659593280282,single,male,diff_means,14,0.6210977351560906,0.0,,
black_hair,0.7432785025524674,0.8920022688598979,single,male,diff_means,14,0.7409529211571186,0.0023255813953487747,,
blond_hair,0.863716814159292,0.915929203539823,single,male,diff_means,14,0.863716814159292,0.0,,
blurry,0.6747967479674797,0.7585365853658537,single,male,diff_means,14,0.6747967479674797,0.0,,
brown_hair,0.6602011494252874,0.7950790229885059,single,male,diff_means,14,0.6602011494252874,0.0,,
bushy_eyebrows,0.5542652329749104,0.5491039426523296,single,male,diff_means,14,0.5564874551971326,-0.0022222222222222365,,
chubby,0.5990740740740741,0.6848379629629631,single,male,diff_means,14,0.5990740740740741,0.0,,
double_chin,0.5424778761061947,0.6563421828908556,single,male,diff_means,14,0.5424778761061947,0.0,,
eyeglasses,0.9293203883495146,0.9866990291262134,single,male,diff_means,14,0.9268932038834952,0.0024271844660194164,,
goatee,0.6826271186440678,0.7775423728813559,single,male,diff_means,14,0.6555084745762711,0.027118644067796627,,
gray_hair,0.8786008230452675,0.9658119658119658,single,male,diff_means,14,0.882716049382716,-0.00411522633744843,,
heavy_makeup,0.554726368159204,0.5918818605385769,single,male,diff_means,14,0.5494353628681987,0.005291005291005235,,
high_cheekbones,0.5480305343511451,0.4494045801526718,single,male,diff_means,14,0.5442137404580153,0.003816793893129833,,
male,0.98828125,0.98931884765625,single,male,diff_means,14,0.98828125,0.0,,
mouth_slightly_open,0.5325987144168962,0.5359044995408632,single,male,diff_means,14,0.5284664830119375,0.004132231404958664,,
mustache,0.7491525423728813,0.8059322033898304,single,male,diff_means,14,0.6991525423728814,0.04999999999999993,,
narrow_eyes,0.5463754352643242,0.5333966445077556,single,male,diff_means,14,0.5463754352643242,0.0,,
no_beard,0.5427305678614579,0.4777285541683447,single,male,diff_means,14,0.5427305678614579,0.0,,
oval_face,0.5061443932411674,0.4592933947772657,single,male,diff_means,14,0.5061443932411674,0.0,,
pale_skin,0.6159976387249114,0.7411452184179457,single,male,diff_means,14,0.613931523022432,0.0020661157024793875,,
pointy_nose,0.5063319764812302,0.5588421528720036,single,male,diff_means,14,0.49724106739032115,0.009090909090909038,,
receding_hairline,0.5111607142857143,0.5336216517857142,single,male,diff_means,14,0.5044642857142857,0.006696428571428603,,
rosy_cheeks,0.6244154565591927,0.7196652719665272,single,male,diff_means,14,0.6265075067683977,-0.0020920502092049986,,
sideburns,0.6452690166975881,0.6482374768089054,single,male,diff_means,14,0.6473098330241187,-0.0020408163265306367,,
smiling,0.8416320039148519,0.9605456324932713,single,male,diff_means,14,0.8375336432591143,0.004098360655737654,,
straight_hair,0.5695238095238095,0.5582683982683982,single,male,diff_means,14,0.5695238095238095,0.0,,
wavy_hair,0.5196579607770239,0.5600892276233851,single,male,diff_means,14,0.5196579607770239,0.0,,
wearing_earrings,0.6671189507010402,0.7495251017639077,single,male,diff_means,14,0.6630031659882406,0.004115784712799608,,
wearing_hat,0.9068675619609128,0.9600393056010481,single,male,diff_means,14,0.9068675619609128,0.0,,
wearing_lipstick,0.5554912179116,0.54539020781059,single,male,diff_means,14,0.552306504535804,0.0031847133757960666,,
wearing_necklace,0.5856496444731739,0.6245636716224952,single,male,diff_means,14,0.6044602456367163,-0.018810601163542384,,
wearing_necktie,0.5172413793103449,0.5132902298850575,single,male,diff_means,14,0.5150862068965517,0.0021551724137931494,,
young,0.8706709956709957,0.9470373376623377,single,male,diff_means,14,0.8706709956709957,0.0,,
5_o_clock_shadow,0.5580645161290323,0.5846594982078852,single,male,diff_means,15,0.5625089605734768,-0.004444444444444473,,
arched_eyebrows,0.5675883256528418,0.6231950844854071,single,male,diff_means,15,0.5720430107526882,-0.004454685099846367,,
attractive,0.49769613947696134,0.5563511830635118,single,male,diff_means,15,0.4942714819427148,0.0034246575342465335,,
bags_under_eyes,0.5103673750322636,0.4346554245891766,single,male,diff_means,15,0.5213800223694399,-0.011012647337176329,,
bald,0.7810413885180241,0.8822874944370271,single,male,diff_means,15,0.7810413885180241,0.0,,
bangs,0.708532061473238,0.8229994700582935,single,male,diff_means,15,0.7107843137254902,-0.0022522522522522292,,
big_lips,0.48214285714285715,0.4850725446428572,single,male,diff_means,15,0.47544642857142855,0.006696428571428603,,
big_nose,0.6240563150377474,0.6867305991974427,single,male,diff_means,15,0.6210977351560906,0.00295857988165682,,
black_hair,0.7554736245036868,0.8929098128190585,single,male,diff_means,15,0.7409529211571186,0.014520703346568187,,
blond_hair,0.863716814159292,0.9157817109144542,single,male,diff_means,15,0.863716814159292,0.0,,
blurry,0.6788617886178862,0.7524390243902439,single,male,diff_means,15,0.6747967479674797,0.004065040650406471,,
brown_hair,0.6580459770114943,0.7922054597701149,single,male,diff_means,15,0.6602011494252874,-0.0021551724137931494,,
bushy_eyebrows,0.5542652329749104,0.5495340501792114,single,male,diff_means,15,0.5564874551971326,-0.0022222222222222365,,
chubby,0.5990740740740741,0.6888888888888889,single,male,diff_means,15,0.5990740740740741,0.0,,
double_chin,0.5446902654867256,0.6514749262536873,single,male,diff_means,15,0.5424778761061947,0.0022123893805309214,,
eyeglasses,0.9293203883495146,0.9872815533980581,single,male,diff_means,15,0.9268932038834952,0.0024271844660194164,,
goatee,0.6741525423728814,0.7783898305084747,single,male,diff_means,15,0.6555084745762711,0.01864406779661021,,
gray_hair,0.882716049382716,0.9648622981956316,single,male,diff_means,15,0.882716049382716,0.0,,
heavy_makeup,0.5472636815920398,0.5869857063886915,single,male,diff_means,15,0.5494353628681987,-0.0021716812761589654,,
high_cheekbones,0.5480305343511451,0.44799999999999995,single,male,diff_means,15,0.5442137404580153,0.003816793893129833,,
male,0.98828125,0.98931884765625,single,male,diff_means,15,0.98828125,0.0,,
mouth_slightly_open,0.5449954086317723,0.5388429752066116,single,male,diff_means,15,0.5284664830119375,0.016528925619834767,,
mustache,0.7491525423728813,0.8082627118644068,single,male,diff_means,15,0.6991525423728814,0.04999999999999993,,
narrow_eyes,0.5443178220955999,0.5324469768914214,single,male,diff_means,15,0.5463754352643242,-0.002057613168724326,,
no_beard,0.5427305678614579,0.47684252919855014,single,male,diff_means,15,0.5427305678614579,0.0,,
oval_face,0.5088325652841782,0.45698924731182794,single,male,diff_means,15,0.5061443932411674,0.0026881720430107503,,
pale_skin,0.6159976387249114,0.7390791027154664,single,male,diff_means,15,0.613931523022432,0.0020661157024793875,,
pointy_nose,0.5063319764812302,0.5532338308457712,single,male,diff_means,15,0.49724106739032115,0.009090909090909038,,
receding_hairline,0.5089285714285714,0.5283203124999999,single,male,diff_means,15,0.5044642857142857,0.004464285714285698,,
rosy_cheeks,0.6285995569776028,0.7181885306423825,single,male,diff_means,15,0.6265075067683977,0.0020920502092051096,,
sideburns,0.6452690166975881,0.6471243042671614,single,male,diff_means,15,0.6473098330241187,-0.0020408163265306367,,
smiling,0.8375336432591143,0.9613408367996086,single,male,diff_means,15,0.8375336432591143,0.0,,
straight_hair,0.5673593073593073,0.5591341991341992,single,male,diff_means,15,0.5695238095238095,-0.0021645021645022577,,
wavy_hair,0.5196579607770239,0.5580444279208104,single,male,diff_means,15,0.5196579607770239,0.0,,
wearing_earrings,0.660515603799186,0.750067842605156,single,male,diff_means,15,0.6630031659882406,-0.0024875621890546595,,
wearing_hat,0.8952396549841686,0.9600393056010482,single,male,diff_means,15,0.9068675619609128,-0.011627906976744207,,
wearing_lipstick,0.5605417229621051,0.5464196101138776,single,male,diff_means,15,0.552306504535804,0.00823521842630115,,
wearing_necklace,0.590174531351002,0.627666451195863,single,male,diff_means,15,0.6044602456367163,-0.014285714285714346,,
wearing_necktie,0.5150862068965517,0.5048491379310345,single,male,diff_means,15,0.5150862068965517,0.0,,
young,0.8706709956709957,0.9466991341991342,single,male,diff_means,15,0.8706709956709957,0.0,,
5_o_clock_shadow,0.5463799283154123,0.5856630824372759,single,male,diff_means,16,0.5625089605734768,-0.016129032258064502,,
arched_eyebrows,0.5943932411674347,0.6235791090629801,single,male,diff_means,16,0.5720430107526882,0.022350230414746597,,
attractive,0.4942714819427148,0.5550435865504358,single,male,diff_means,16,0.4942714819427148,0.0,,
bags_under_eyes,0.5018927987610772,0.43783876796007914,single,male,diff_means,16,0.5213800223694399,-0.019487223608362747,,
bald,0.7810413885180241,0.8818424566088118,single,male,diff_means,16,0.7810413885180241,0.0,,
bangs,0.7130365659777425,0.8216746157922629,single,male,diff_means,16,0.7107843137254902,0.0022522522522522292,,
big_lips,0.4799107142857143,0.4852120535714286,single,male,diff_means,16,0.47544642857142855,0.004464285714285754,,
big_nose,0.6240563150377474,0.6831258926749644,single,male,diff_means,16,0.6210977351560906,0.00295857988165682,,
black_hair,0.7409529211571186,0.8937039137833238,single,male,diff_means,16,0.7409529211571186,0.0,,
blond_hair,0.863716814159292,0.9150442477876106,single,male,diff_means,16,0.863716814159292,0.0,,
blurry,0.6768292682926829,0.7544715447154472,single,male,diff_means,16,0.6747967479674797,0.00203252032520318,,
brown_hair,0.6558908045977012,0.7940014367816092,single,male,diff_means,16,0.6602011494252874,-0.004310344827586188,,
bushy_eyebrows,0.5587096774193548,0.5485304659498208,single,male,diff_means,16,0.5564874551971326,0.0022222222222222365,,
chubby,0.5990740740740741,0.6895833333333333,single,male,diff_means,16,0.5990740740740741,0.0,,
double_chin,0.5491150442477876,0.6460176991150443,single,male,diff_means,16,0.5424778761061947,0.006637168141592875,,
eyeglasses,0.9268932038834952,0.9865048543689319,single,male,diff_means,16,0.9268932038834952,0.0,,
goatee,0.6805084745762712,0.7838983050847457,single,male,diff_means,16,0.6555084745762711,0.025000000000000022,,
gray_hair,0.8806584362139918,0.9632795188350745,single,male,diff_means,16,0.882716049382716,-0.002057613168724215,,
heavy_makeup,0.554726368159204,0.5831951354339413,single,male,diff_means,16,0.5494353628681987,0.005291005291005235,,
high_cheekbones,0.5442137404580153,0.44683969465648854,single,male,diff_means,16,0.5442137404580153,0.0,,
male,0.98828125,0.9891357421875,single,male,diff_means,16,0.98828125,0.0,,
mouth_slightly_open,0.5454239363330272,0.5355984083256811,single,male,diff_means,16,0.5284664830119375,0.016957453321089666,,
mustache,0.7283898305084746,0.8116525423728813,single,male,diff_means,16,0.6991525423728814,0.02923728813559323,,
narrow_eyes,0.5443178220955999,0.5349794238683128,single,male,diff_means,16,0.5463754352643242,-0.002057613168724326,,
no_beard,0.5427305678614579,0.4772452678211841,single,male,diff_means,16,0.5427305678614579,0.0,,
oval_face,0.5034562211981567,0.4550691244239631,single,male,diff_means,16,0.5061443932411674,-0.0026881720430107503,,
pale_skin,0.613931523022432,0.7381936245572609,single,male,diff_means,16,0.613931523022432,0.0,,
pointy_nose,0.5013568521031208,0.5581184984170059,single,male,diff_means,16,0.49724106739032115,0.004115784712799608,,
receding_hairline,0.5066964285714286,0.5256696428571429,single,male,diff_means,16,0.5044642857142857,0.0022321428571429047,,
rosy_cheeks,0.6223234063499876,0.7132660595619,single,male,diff_means,16,0.6265075067683977,-0.004184100418410108,,
sideburns,0.65139146567718,0.6508348794063079,single,male,diff_means,16,0.6473098330241187,0.004081632653061273,,
smiling,0.8375336432591143,0.9606068020552974,single,male,diff_means,16,0.8375336432591143,0.0,,
straight_hair,0.5473593073593073,0.5554978354978356,single,male,diff_means,16,0.5695238095238095,-0.022164502164502276,,
wavy_hair,0.5196579607770239,0.5519100288130867,single,male,diff_means,16,0.5196579607770239,0.0,,
wearing_earrings,0.6720940750791498,0.7525101763907733,single,male,diff_means,16,0.6630031659882406,0.00909090909090915,,
wearing_hat,0.918495468937657,0.9591658477999782,single,male,diff_means,16,0.9068675619609128,0.011627906976744207,,
wearing_lipstick,0.5554912179116,0.5475776877050762,single,male,diff_means,16,0.552306504535804,0.0031847133757960666,,
wearing_necklace,0.592436974789916,0.6292178409825468,single,male,diff_means,16,0.6044602456367163,-0.012023270846800327,,
wearing_necktie,0.4798850574712643,0.49173850574712646,single,male,diff_means,16,0.5150862068965517,-0.035201149425287404,,
young,0.8736471861471862,0.946969696969697,single,male,diff_means,16,0.8706709956709957,0.0029761904761904656,,
5_o_clock_shadow,0.5441577060931899,0.5828673835125449,single,male,diff_means,17,0.5625089605734768,-0.01835125448028685,,
arched_eyebrows,0.5801075268817204,0.6190476190476191,single,male,diff_means,17,0.5720430107526882,0.008064516129032251,,
attractive,0.4942714819427148,0.5451432129514321,single,male,diff_means,17,0.4942714819427148,0.0,,
bags_under_eyes,0.4968166566290975,0.4297513550718403,single,male,diff_means,17,0.5213800223694399,-0.024563365740342402,,
bald,0.7691366266132622,0.8786159323542501,single,male,diff_means,17,0.7810413885180241,-0.011904761904761862,,
bangs,0.7107843137254902,0.8206147323794382,single,male,diff_means,17,0.7107843137254902,0.0,,
big_lips,0.48214285714285715,0.49107142857142855,single,male,diff_means,17,0.47544642857142855,0.006696428571428603,,
big_nose,0.6181391552744337,0.6801333061280012,single,male,diff_means,17,0.6210977351560906,-0.00295857988165682,,
black_hair,0.7432785025524674,0.8946114577424844,single,male,diff_means,17,0.7409529211571186,0.0023255813953487747,,
blond_hair,0.863716814159292,0.9143067846607669,single,male,diff_means,17,0.863716814159292,0.0,,
blurry,0.6788617886178862,0.7548780487804878,single,male,diff_means,17,0.6747967479674797,0.004065040650406471,,
brown_hair,0.6623563218390804,0.7922054597701149,single,male,diff_means,17,0.6602011494252874,0.0021551724137930384,,
bushy_eyebrows,0.5587096774193548,0.5518279569892472,single,male,diff_means,17,0.5564874551971326,0.0022222222222222365,,
chubby,0.5990740740740741,0.6810185185185185,single,male,diff_means,17,0.5990740740740741,0.0,,
double_chin,0.5302359882005899,0.6414454277286136,single,male,diff_means,17,0.5424778761061947,-0.012241887905604765,,
eyeglasses,0.9268932038834952,0.986504854368932,single,male,diff_means,17,0.9268932038834952,0.0,,
goatee,0.6783898305084746,0.7805084745762711,single,male,diff_means,17,0.6555084745762711,0.022881355932203418,,
gray_hair,0.882716049382716,0.9639126305792973,single,male,diff_means,17,0.882716049382716,0.0,,
heavy_makeup,0.5398009950248757,0.5705598989181079,single,male,diff_means,17,0.5494353628681987,-0.009634367843323055,,
high_cheekbones,0.5442137404580153,0.445618320610687,single,male,diff_means,17,0.5442137404580153,0.0,,
male,0.98828125,0.98944091796875,single,male,diff_means,17,0.98828125,0.0,,
mouth_slightly_open,0.5412917049280686,0.5353535353535354,single,male,diff_means,17,0.5284664830119375,0.012825221916131002,,
mustache,0.726271186440678,0.8033898305084746,single,male,diff_means,17,0.6991525423728814,0.027118644067796627,,
narrow_eyes,0.5443178220955999,0.5340297562519785,single,male,diff_means,17,0.5463754352643242,-0.002057613168724326,,
no_beard,0.5427305678614579,0.48264196536447845,single,male,diff_means,17,0.5427305678614579,0.0,,
oval_face,0.511520737327189,0.45576036866359443,single,male,diff_means,17,0.5061443932411674,0.005376344086021501,,
pale_skin,0.613931523022432,0.7417355371900827,single,male,diff_means,17,0.613931523022432,0.0,,
pointy_nose,0.5038444142921755,0.5495251017639078,single,male,diff_means,17,0.49724106739032115,0.006603346901854379,,
receding_hairline,0.5044642857142857,0.5242745535714286,single,male,diff_means,17,0.5044642857142857,0.0,,
rosy_cheeks,0.6265075067683977,0.7186807777504307,single,male,diff_means,17,0.6265075067683977,0.0,,
sideburns,0.6452690166975881,0.6486085343228202,single,male,diff_means,17,0.6473098330241187,-0.0020408163265306367,,
smiling,0.8293369219476389,0.9598727673109861,single,male,diff_means,17,0.8375336432591143,-0.008196721311475419,,
straight_hair,0.5495238095238095,0.5584415584415585,single,male,diff_means,17,0.5695238095238095,-0.020000000000000018,,
wavy_hair,0.5196579607770239,0.549772283669486,single,male,diff_means,17,0.5196579607770239,0.0,,
wearing_earrings,0.6580280416101312,0.7491632745364089,single,male,diff_means,17,0.6630031659882406,-0.00497512437810943,,
wearing_hat,0.8952396549841686,0.9599301233759144,single,male,diff_means,17,0.9068675619609128,-0.011627906976744207,,
wearing_lipstick,0.5554912179116,0.5406935598018401,single,male,diff_means,17,0.552306504535804,0.0031847133757960666,,
wearing_necklace,0.6067226890756303,0.6263736263736264,single,male,diff_means,17,0.6044602456367163,0.002262443438914019,,
wearing_necktie,0.4964080459770115,0.49838362068965514,single,male,diff_means,17,0.5150862068965517,-0.01867816091954022,,
young,0.8706709956709957,0.9455492424242423,single,male,diff_means,17,0.8706709956709957,0.0,,
5_o_clock_shadow,0.55584229390681,0.5809318996415771,single,male,diff_means,18,0.5625089605734768,-0.006666666666666821,,
arched_eyebrows,0.575652841781874,0.6146697388632872,single,male,diff_means,18,0.5720430107526882,0.0036098310291858837,,
attractive,0.4942714819427148,0.5460772104607722,single,male,diff_means,18,0.4942714819427148,0.0,,
bags_under_eyes,0.4968166566290975,0.4234707046373569,single,male,diff_means,18,0.5213800223694399,-0.024563365740342402,,
bald,0.7691366266132622,0.8786159323542501,single,male,diff_means,18,0.7810413885180241,-0.011904761904761862,,
bangs,0.708532061473238,0.820084790673026,single,male,diff_means,18,0.7107843137254902,-0.0022522522522522292,,
big_lips,0.484375,0.4884207589285714,single,male,diff_means,18,0.47544642857142855,0.008928571428571452,,
big_nose,0.6151805753927769,0.6765966129361356,single,male,diff_means,18,0.6210977351560906,-0.00591715976331364,,
black_hair,0.7409529211571186,0.8949517867271696,single,male,diff_means,18,0.7409529211571186,0.0,,
blond_hair,0.863716814159292,0.9137168141592922,single,male,diff_means,18,0.863716814159292,0.0,,
blurry,0.6788617886178862,0.7573170731707316,single,male,diff_means,18,0.6747967479674797,0.004065040650406471,,
brown_hair,0.6602011494252874,0.7938218390804598,single,male,diff_means,18,0.6602011494252874,0.0,,
bushy_eyebrows,0.5564874551971326,0.5524014336917563,single,male,diff_means,18,0.5564874551971326,0.0,,
chubby,0.5990740740740741,0.6766203703703704,single,male,diff_means,18,0.5990740740740741,0.0,,
double_chin,0.525811209439528,0.6441002949852507,single,male,diff_means,18,0.5424778761061947,-0.01666666666666672,,
eyeglasses,0.931747572815534,0.9859223300970873,single,male,diff_means,18,0.9268932038834952,0.004854368932038833,,
goatee,0.6555084745762711,0.7762711864406779,single,male,diff_means,18,0.6555084745762711,0.0,,
gray_hair,0.8847736625514404,0.9629629629629629,single,male,diff_means,18,0.882716049382716,0.002057613168724437,,
heavy_makeup,0.537155492379373,0.5652688936271025,single,male,diff_means,18,0.5494353628681987,-0.012279870488825728,,
high_cheekbones,0.5403969465648855,0.44580152671755724,single,male,diff_means,18,0.5442137404580153,-0.003816793893129833,,
male,0.98828125,0.9893798828125,single,male,diff_means,18,0.98828125,0.0,,
mouth_slightly_open,0.5371594735231099,0.5362718089990817,single,male,diff_means,18,0.5284664830119375,0.008692990511172338,,
mustache,0.726271186440678,0.7995762711864407,single,male,diff_means,18,0.6991525423728814,0.027118644067796627,,
narrow_eyes,0.5443178220955999,0.5327635327635327,single,male,diff_means,18,0.5463754352643242,-0.002057613168724326,,
no_beard,0.5479661699556988,0.48530004027386225,single,male,diff_means,18,0.5427305678614579,0.005235602094240899,,
oval_face,0.5142089093701997,0.4540706605222734,single,male,diff_means,18,0.5061443932411674,0.008064516129032251,,
pale_skin,0.613931523022432,0.7384887839433294,single,male,diff_means,18,0.613931523022432,0.0,,
pointy_nose,0.508819538670285,0.5440976933514247,single,male,diff_means,18,0.49724106739032115,0.011578471279963809,,
receding_hairline,0.5044642857142857,0.5213448660714285,single,male,diff_means,18,0.5044642857142857,0.0,,
rosy_cheeks,0.6306916071868078,0.7144966773320206,single,male,diff_means,18,0.6265075067683977,0.004184100418410108,,
sideburns,0.6473098330241187,0.6478664192949907,single,male,diff_means,18,0.6473098330241187,0.0,,
smiling,0.8375336432591143,0.9595057499388304,single,male,diff_means,18,0.8375336432591143,0.0,,
straight_hair,0.5695238095238095,0.5580952380952382,single,male,diff_means,18,0.5695238095238095,0.0,,
wavy_hair,0.5196579607770239,0.5504229017566687,single,male,diff_means,18,0.5196579607770239,0.0,,
wearing_earrings,0.660515603799186,0.7467209407507915,single,male,diff_means,18,0.6630031659882406,-0.0024875621890546595,,
wearing_hat,0.8928922371437931,0.9606943989518506,single,male,diff_means,18,0.9068675619609128,-0.013975324817119716,,
wearing_lipstick,0.5605417229621051,0.5381843916875765,single,male,diff_means,18,0.552306504535804,0.00823521842630115,,
wearing_necklace,0.5879120879120879,0.6236586942469297,single,male,diff_means,18,0.6044602456367163,-0.016548157724628365,,
wearing_necktie,0.4942528735632184,0.4964080459770115,single,male,diff_means,18,0.5150862068965517,-0.020833333333333315,,
young,0.8706709956709957,0.9452786796536796,single,male,diff_means,18,0.8706709956709957,0.0,,
5_o_clock_shadow,0.5469534050179211,0.5796415770609319,single,male,diff_means,19,0.5625089605734768,-0.015555555555555656,,
arched_eyebrows,0.5738863287250384,0.607757296466974,single,male,diff_means,19,0.5720430107526882,0.0018433179723502668,,
attractive,0.49769613947696134,0.5467621419676215,single,male,diff_means,19,0.4942714819427148,0.0034246575342465335,,
bags_under_eyes,0.49260087757033466,0.42587972124236423,single,male,diff_means,19,0.5213800223694399,-0.02877914479910526,,
bald,0.7572318647085002,0.8733867378727191,single,male,diff_means,19,0.7810413885180241,-0.023809523809523836,,
bangs,0.7130365659777425,0.8206147323794383,single,male,diff_means,19,0.7107843137254902,0.0022522522522522292,,
big_lips,0.48660714285714285,0.4861886160714286,single,male,diff_means,19,0.47544642857142855,0.011160714285714302,,
big_nose,0.6063048357478066,0.6731279330748827,single,male,diff_means,19,0.6210977351560906,-0.014792899408283988,,
black_hair,0.7456040839478162,0.8954055587067498,single,male,diff_means,19,0.7409529211571186,0.0046511627906975495,,
blond_hair,0.8781710914454277,0.9123893805309735,single,male,diff_means,19,0.863716814159292,0.014454277286135686,,
blurry,0.6768292682926829,0.7585365853658537,single,male,diff_means,19,0.6747967479674797,0.00203252032520318,,
brown_hair,0.6688218390804598,0.7927442528735633,single,male,diff_means,19,0.6602011494252874,0.008620689655172376,,
bushy_eyebrows,0.5475985663082437,0.544516129032258,single,male,diff_means,19,0.5564874551971326,-0.008888888888888946,,
chubby,0.5967592592592592,0.6769675925925926,single,male,diff_means,19,0.5990740740740741,-0.0023148148148148806,,
double_chin,0.5125368731563422,0.6427728613569322,single,male,diff_means,19,0.5424778761061947,-0.02994100294985247,,
eyeglasses,0.9293203883495146,0.9865048543689319,single,male,diff_means,19,0.9268932038834952,0.0024271844660194164,,
goatee,0.6512711864406779,0.7798728813559322,single,male,diff_means,19,0.6555084745762711,-0.004237288135593209,,
gray_hair,0.8786008230452675,0.9616967394745173,single,male,diff_means,19,0.882716049382716,-0.00411522633744843,,
heavy_makeup,0.5200584379688857,0.5516070441443576,single,male,diff_means,19,0.5494353628681987,-0.029376924899312984,,
high_cheekbones,0.5403969465648855,0.4473893129770993,single,male,diff_means,19,0.5442137404580153,-0.003816793893129833,,
male,0.98828125,0.9891357421875,single,male,diff_means,19,0.98828125,0.0,,
mouth_slightly_open,0.536730945821855,0.5399449035812672,single,male,diff_means,19,0.5284664830119375,0.008264462809917439,,
mustache,0.7491525423728813,0.7957627118644068,single,male,diff_means,19,0.6991525423728814,0.04999999999999993,,
narrow_eyes,0.5360873694207028,0.5330800886356442,single,male,diff_means,19,0.5463754352643242,-0.010288065843621408,,
no_beard,0.55581957309706,0.4943213854208618,single,male,diff_means,19,0.5427305678614579,0.01308900523560208,,
oval_face,0.5142089093701997,0.45291858678955454,single,male,diff_means,19,0.5061443932411674,0.008064516129032251,,
pale_skin,0.613931523022432,0.7405548996458088,single,male,diff_means,19,0.613931523022432,0.0,,
pointy_nose,0.4840343735866124,0.5358661239258254,single,male,diff_means,19,0.49724106739032115,-0.013206693803708758,,
receding_hairline,0.48660714285714285,0.5191127232142857,single,male,diff_means,19,0.5044642857142857,-0.01785714285714285,,
rosy_cheeks,0.6306916071868078,0.7179424070883583,single,male,diff_means,19,0.6265075067683977,0.004184100418410108,,
sideburns,0.6575139146567719,0.649721706864564,single,male,diff_means,19,0.6473098330241187,0.010204081632653184,,
smiling,0.8375336432591143,0.9595057499388305,single,male,diff_means,19,0.8375336432591143,0.0,,
straight_hair,0.560865800865801,0.5677922077922077,single,male,diff_means,19,0.5695238095238095,-0.008658008658008587,,
wavy_hair,0.522121014964216,0.5484710474951203,single,male,diff_means,19,0.5196579607770239,0.0024630541871921707,,
wearing_earrings,0.6456806874717322,0.7397557666214383,single,male,diff_means,19,0.6630031659882406,-0.017322478516508366,,
wearing_hat,0.8952396549841686,0.9629872256796593,single,male,diff_means,19,0.9068675619609128,-0.011627906976744207,,
wearing_lipstick,0.5371549893842887,0.527246992215145,single,male,diff_means,19,0.552306504535804,-0.015151515151515249,,
wearing_necklace,0.5849385908209438,0.6196509372979961,single,male,diff_means,19,0.6044602456367163,-0.019521654815772504,,
wearing_necktie,0.5193965517241379,0.509698275862069,single,male,diff_means,19,0.5150862068965517,0.004310344827586188,,
young,0.8706709956709957,0.9442640692640694,single,male,diff_means,19,0.8706709956709957,0.0,,
5_o_clock_shadow,0.5536200716845878,0.5840860215053763,single,male,diff_means,20,0.5625089605734768,-0.008888888888888946,,
arched_eyebrows,0.5765745007680492,0.6052995391705069,single,male,diff_means,20,0.5720430107526882,0.004531490015361017,,
attractive,0.49769613947696134,0.5396637608966376,single,male,diff_means,20,0.4942714819427148,0.0034246575342465335,,
bags_under_eyes,0.4739740170351889,0.4216639421836015,single,male,diff_means,20,0.5213800223694399,-0.047406005334251045,,
bald,0.7548954161103694,0.871272808188696,single,male,diff_means,20,0.7810413885180241,-0.026145972407654705,,
bangs,0.7130365659777425,0.8214096449390567,single,male,diff_means,20,0.7107843137254902,0.0022522522522522292,,
big_lips,0.4888392857142857,0.48186383928571425,single,male,diff_means,20,0.47544642857142855,0.01339285714285715,,
big_nose,0.6063048357478066,0.668911106576889,single,male,diff_means,20,0.6210977351560906,-0.014792899408283988,,
black_hair,0.7432785025524674,0.8958593306863302,single,male,diff_means,20,0.7409529211571186,0.0023255813953487747,,
blond_hair,0.8803834808259587,0.9165191740412979,single,male,diff_means,20,0.863716814159292,0.01666666666666672,,
blurry,0.6747967479674797,0.7479674796747967,single,male,diff_means,20,0.6747967479674797,0.0,,
brown_hair,0.6688218390804598,0.7934626436781609,single,male,diff_means,20,0.6602011494252874,0.008620689655172376,,
bushy_eyebrows,0.5475985663082437,0.544516129032258,single,male,diff_means,20,0.5564874551971326,-0.008888888888888946,,
chubby,0.5967592592592592,0.6778935185185184,single,male,diff_means,20,0.5990740740740741,-0.0023148148148148806,,
double_chin,0.521386430678466,0.6432153392330383,single,male,diff_means,20,0.5424778761061947,-0.021091445427728672,,
eyeglasses,0.9293203883495146,0.9866019417475728,single,male,diff_means,20,0.9268932038834952,0.0024271844660194164,,
goatee,0.6512711864406779,0.7771186440677966,single,male,diff_means,20,0.6555084745762711,-0.004237288135593209,,
gray_hair,0.8765432098765432,0.9613801836024058,single,male,diff_means,20,0.882716049382716,-0.006172839506172756,,
heavy_makeup,0.490207691700229,0.5396035694543158,single,male,diff_means,20,0.5494353628681987,-0.05922767116796973,,
high_cheekbones,0.5403969465648855,0.4505038167938931,single,male,diff_means,20,0.5442137404580153,-0.003816793893129833,,
male,0.98828125,0.9893798828125,single,male,diff_means,20,0.98828125,0.0,,
mouth_slightly_open,0.5288950107131926,0.5390878481787572,single,male,diff_means,20,0.5284664830119375,0.0004285277012550104,,
mustache,0.7470338983050847,0.7938559322033897,single,male,diff_means,20,0.6991525423728814,0.04788135593220333,,
narrow_eyes,0.5422602089268755,0.5384615384615384,single,male,diff_means,20,0.5463754352643242,-0.004115226337448652,,
no_beard,0.5479661699556988,0.4945630285944422,single,male,diff_means,20,0.5427305678614579,0.005235602094240899,,
oval_face,0.511520737327189,0.4558371735791091,single,male,diff_means,20,0.5061443932411674,0.005376344086021501,,
pale_skin,0.6159976387249114,0.7408500590318772,single,male,diff_means,20,0.613931523022432,0.0020661157024793875,,
pointy_nose,0.4815468113975576,0.5439167797376753,single,male,diff_means,20,0.49724106739032115,-0.01569425599276353,,
receding_hairline,0.4933035714285714,0.5210658482142857,single,male,diff_means,20,0.5044642857142857,-0.011160714285714302,,
rosy_cheeks,0.6580113216834851,0.7297563376815162,single,male,diff_means,20,0.6265075067683977,0.03150381491508736,,
sideburns,0.6554730983302413,0.64860853432282,single,male,diff_means,20,0.6473098330241187,0.008163265306122547,,
smiling,0.8416320039148519,0.9598115977489601,single,male,diff_means,20,0.8375336432591143,0.004098360655737654,,
straight_hair,0.5673593073593073,0.5665800865800866,single,male,diff_means,20,0.5695238095238095,-0.0021645021645022577,,
wavy_hair,0.522121014964216,0.5453109025002324,single,male,diff_means,20,0.5196579607770239,0.0024630541871921707,,
wearing_earrings,0.649796472184532,0.743374038896427,single,male,diff_means,20,0.6630031659882406,-0.013206693803708647,,
wearing_hat,0.8952396549841686,0.9623321323288568,single,male,diff_means,20,0.9068675619609128,-0.011627906976744207,,
wearing_lipstick,0.5371549893842887,0.5242874605931931,single,male,diff_means,20,0.552306504535804,-0.015151515151515249,,
wearing_necklace,0.5826761473820298,0.6235294117647059,single,male,diff_means,20,0.6044602456367163,-0.021784098254686524,,
wearing_necktie,0.5172413793103449,0.5057471264367815,single,male,diff_means,20,0.5150862068965517,0.0021551724137931494,,
young,0.8587662337662337,0.9436553030303031,single,male,diff_means,20,0.8706709956709957,-0.011904761904761973,,
5_o_clock_shadow,0.5313978494623656,0.5670250896057348,single,male,diff_means,21,0.5625089605734768,-0.0311111111111112,,
arched_eyebrows,0.586405529953917,0.6000768049155147,single,male,diff_means,21,0.5720430107526882,0.014362519201228885,,
attractive,0.49769613947696134,0.5519925280199253,single,male,diff_means,21,0.4942714819427148,0.0034246575342465335,,
bags_under_eyes,0.48498666437236515,0.42020132495913276,single,male,diff_means,21,0.5213800223694399,-0.03639335799707477,,
bald,0.7548954161103694,0.869826435246996,single,male,diff_means,21,0.7810413885180241,-0.026145972407654705,,
bangs,0.7152888182299947,0.8239931107578166,single,male,diff_means,21,0.7107843137254902,0.0045045045045044585,,
big_lips,0.49107142857142855,0.47921316964285715,single,male,diff_means,21,0.47544642857142855,0.015625,,
big_nose,0.6003876759844929,0.6557165204380058,single,male,diff_means,21,0.6210977351560906,-0.020710059171597628,,
black_hair,0.7432785025524674,0.8930232558139535,single,male,diff_means,21,0.7409529211571186,0.0023255813953487747,,
blond_hair,0.8803834808259587,0.9150442477876106,single,male,diff_means,21,0.863716814159292,0.01666666666666672,,
blurry,0.6707317073170731,0.7471544715447155,single,male,diff_means,21,0.6747967479674797,-0.004065040650406582,,
brown_hair,0.6709770114942529,0.7920258620689655,single,male,diff_means,21,0.6602011494252874,0.010775862068965525,,
bushy_eyebrows,0.5459498207885305,0.5369175627240144,single,male,diff_means,21,0.5564874551971326,-0.010537634408602115,,
chubby,0.5921296296296297,0.675,single,male,diff_means,21,0.5990740740740741,-0.00694444444444442,,
double_chin,0.5058997050147492,0.6348082595870206,single,male,diff_means,21,0.5424778761061947,-0.036578171091445455,,
eyeglasses,0.931747572815534,0.9861165048543689,single,male,diff_means,21,0.9268932038834952,0.004854368932038833,,
goatee,0.6491525423728814,0.7749999999999999,single,male,diff_means,21,0.6555084745762711,-0.0063559322033897026,,
gray_hair,0.8703703703703703,0.9597974042418487,single,male,diff_means,21,0.882716049382716,-0.012345679012345623,,
heavy_makeup,0.5029613835583985,0.5498696991234305,single,male,diff_means,21,0.5494353628681987,-0.04647397930980024,,
high_cheekbones,0.5251297709923664,0.4526412213740458,single,male,diff_means,21,0.5442137404580153,-0.019083969465648942,,
male,0.98828125,0.98809814453125,single,male,diff_means,21,0.98828125,0.0,,
mouth_slightly_open,0.5404346495255586,0.5411080501989594,single,male,diff_means,21,0.5284664830119375,0.011968166513621092,,
mustache,0.7220338983050847,0.7896186440677966,single,male,diff_means,21,0.6991525423728814,0.022881355932203307,,
narrow_eyes,0.5422602089268755,0.52991452991453,single,male,diff_means,21,0.5463754352643242,-0.004115226337448652,,
no_beard,0.5584373741441804,0.5042287555376561,single,male,diff_means,21,0.5427305678614579,0.015706806282722474,,
oval_face,0.5142089093701997,0.45668202764976956,single,male,diff_means,21,0.5061443932411674,0.008064516129032251,,
pale_skin,0.613931523022432,0.7550177095631642,single,male,diff_means,21,0.613931523022432,0.0,,
pointy_nose,0.49724106739032115,0.552329262777024,single,male,diff_means,21,0.49724106739032115,0.0,,
receding_hairline,0.4933035714285714,0.5193917410714287,single,male,diff_means,21,0.5044642857142857,-0.011160714285714302,,
rosy_cheeks,0.6621954221018951,0.7344326852079743,single,male,diff_means,21,0.6265075067683977,0.035687915333497355,,
sideburns,0.6391465677179963,0.6411873840445269,single,male,diff_means,21,0.6473098330241187,-0.008163265306122436,,
smiling,0.8375336432591143,0.9574259848299487,single,male,diff_means,21,0.8375336432591143,0.0,,
straight_hair,0.560865800865801,0.5691774891774892,single,male,diff_means,21,0.5695238095238095,-0.008658008658008587,,
wavy_hair,0.522121014964216,0.5479133748489636,single,male,diff_means,21,0.5196579607770239,0.0024630541871921707,,
wearing_earrings,0.627498869289914,0.7351424694708277,single,male,diff_means,21,0.6630031659882406,-0.035504296698326554,,
wearing_hat,0.8836117480074244,0.9611311278523856,single,male,diff_means,21,0.9068675619609128,-0.023255813953488413,,
wearing_lipstick,0.5459370777842116,0.542302000900727,single,male,diff_means,21,0.552306504535804,-0.006369426751592355,,
wearing_necklace,0.5706528765352294,0.6177117000646413,single,male,diff_means,21,0.6044602456367163,-0.03380736910148685,,
wearing_necktie,0.5193965517241379,0.5188577586206896,single,male,diff_means,21,0.5150862068965517,0.004310344827586188,,
young,0.8528138528138528,0.941693722943723,single,male,diff_means,21,0.8706709956709957,-0.017857142857142905,,
5_o_clock_shadow,0.5202867383512545,0.5578494623655914,single,male,diff_means,22,0.5625089605734768,-0.04222222222222227,,
arched_eyebrows,0.5792626728110599,0.6035330261136712,single,male,diff_means,22,0.5720430107526882,0.0072196620583717674,,
attractive,0.49769613947696134,0.5630759651307596,single,male,diff_means,22,0.4942714819427148,0.0034246575342465335,,
bags_under_eyes,0.5027531618342941,0.4306117181450573,single,male,diff_means,22,0.5213800223694399,-0.01862686053514584,,
bald,0.7525589675122386,0.8532487761459724,single,male,diff_means,22,0.7810413885180241,-0.028482421005785463,,
bangs,0.7130365659777425,0.8280339162692104,single,male,diff_means,22,0.7107843137254902,0.0022522522522522292,,
big_lips,0.4955357142857143,0.48856026785714285,single,male,diff_means,22,0.47544642857142855,0.020089285714285754,,
big_nose,0.5972590627763041,0.647486907433857,single,male,diff_means,22,0.6210977351560906,-0.02383867237978643,,
black_hair,0.7653431650595576,0.8935904707884288,single,male,diff_means,22,0.7409529211571186,0.024390243902438935,,
blond_hair,0.8904129793510325,0.9268436578171091,single,male,diff_means,22,0.863716814159292,0.02669616519174045,,
blurry,0.6747967479674797,0.7495934959349594,single,male,diff_means,22,0.6747967479674797,0.0,,
brown_hair,0.6580459770114943,0.7940014367816092,single,male,diff_means,22,0.6602011494252874,-0.0021551724137931494,,
bushy_eyebrows,0.5170609318996415,0.5142652329749104,single,male,diff_means,22,0.5564874551971326,-0.03942652329749108,,
chubby,0.5944444444444444,0.6680555555555555,single,male,diff_means,22,0.5990740740740741,-0.00462962962962965,,
double_chin,0.5446902654867256,0.646165191740413,single,male,diff_means,22,0.5424778761061947,0.0022123893805309214,,
eyeglasses,0.9366019417475728,0.9861165048543689,single,male,diff_means,22,0.9268932038834952,0.009708737864077666,,
goatee,0.6597457627118644,0.7959745762711865,single,male,diff_means,22,0.6555084745762711,0.004237288135593209,,
gray_hair,0.8539094650205761,0.9566318455207344,single,male,diff_means,22,0.882716049382716,-0.028806584362139898,,
heavy_makeup,0.5147674326778804,0.5542920319039721,single,male,diff_means,22,0.5494353628681987,-0.03466793019031833,,
high_cheekbones,0.5060458015267175,0.4622900763358779,single,male,diff_means,22,0.5442137404580153,-0.038167938931297773,,
male,0.9609375,0.98541259765625,single,male,diff_means,22,0.98828125,-0.02734375,,
mouth_slightly_open,0.5478420569329661,0.5349862258953167,single,male,diff_means,22,0.5284664830119375,0.01937557392102851,,
mustache,0.7364406779661017,0.7699152542372881,single,male,diff_means,22,0.6991525423728814,0.037288135593220306,,
narrow_eyes,0.5381449825894271,0.5280151946818613,single,male,diff_means,22,0.5463754352643242,-0.008230452674897082,,
no_beard,0.5662907772855417,0.5575513491743858,single,male,diff_means,22,0.5427305678614579,0.023560209424083767,,
oval_face,0.5088325652841782,0.462826420890937,single,male,diff_means,22,0.5061443932411674,0.0026881720430107503,,
pale_skin,0.6118654073199528,0.769185360094451,single,male,diff_means,22,0.613931523022432,-0.0020661157024792765,,
pointy_nose,0.5038444142921755,0.5647218453188603,single,male,diff_means,22,0.49724106739032115,0.006603346901854379,,
receding_hairline,0.4754464285714286,0.4963727678571429,single,male,diff_means,22,0.5044642857142857,-0.029017857142857095,,
rosy_cheeks,0.6601033718926901,0.739847403396505,single,male,diff_means,22,0.6265075067683977,0.03359586512429236,,
sideburns,0.6350649350649351,0.637847866419295,single,male,diff_means,22,0.6473098330241187,-0.012244897959183598,,
smiling,0.8457303645705897,0.9579153413261561,single,male,diff_means,22,0.8375336432591143,0.008196721311475419,,
straight_hair,0.5722077922077922,0.5731601731601732,single,male,diff_means,22,0.5695238095238095,0.002683982683982622,,
wavy_hair,0.5290919230411748,0.5891811506645599,single,male,diff_means,22,0.5196579607770239,0.009433962264150941,,
wearing_earrings,0.626729986431479,0.7284486657620985,single,male,diff_means,22,0.6630031659882406,-0.03627317955676157,,
wearing_hat,0.8975870728245441,0.9555628343705644,single,male,diff_means,22,0.9068675619609128,-0.009280489136368697,,
wearing_lipstick,0.5624075146368139,0.5509875828347166,single,male,diff_means,22,0.552306504535804,0.010101010101009944,,
wearing_necklace,0.5692307692307692,0.6138332255979315,single,male,diff_means,22,0.6044602456367163,-0.03522947640594709,,
wearing_necktie,0.5258620689655172,0.5211925287356322,single,male,diff_means,22,0.5150862068965517,0.010775862068965525,,
young,0.8438852813852813,0.9363501082251082,single,male,diff_means,22,0.8706709956709957,-0.026785714285714413,,
5_o_clock_shadow,0.4813620071684588,0.4812903225806452,single,male,diff_means,23,0.5625089605734768,-0.08114695340501799,,
arched_eyebrows,0.5738863287250384,0.5912442396313364,single,male,diff_means,23,0.5720430107526882,0.0018433179723502668,,
attractive,0.4942714819427148,0.551307596513076,single,male,diff_means,23,0.4942714819427148,0.0,,
bags_under_eyes,0.5137658091714704,0.4358599328916803,single,male,diff_means,23,0.5213800223694399,-0.0076142131979695105,,
bald,0.6787939474855362,0.8236537605696485,single,male,diff_means,23,0.7810413885180241,-0.10224744103248784,,
bangs,0.7130365659777425,0.818494965553789,single,male,diff_means,23,0.7107843137254902,0.0022522522522522292,,
big_lips,0.47767857142857145,0.48702566964285715,single,male,diff_means,23,0.47544642857142855,0.0022321428571429047,,
big_nose,0.5770591035843026,0.613820308780521,single,male,diff_means,23,0.6210977351560906,-0.044038631571788,,
black_hair,0.753148043108338,0.8901871809415769,single,male,diff_means,23,0.7409529211571186,0.012195121951219412,,
blond_hair,0.8759587020648968,0.9234513274336282,single,male,diff_means,23,0.863716814159292,0.012241887905604765,,
blurry,0.6727642276422765,0.7597560975609756,single,male,diff_means,23,0.6747967479674797,-0.00203252032520318,,
brown_hair,0.6580459770114943,0.7954382183908046,single,male,diff_means,23,0.6602011494252874,-0.0021551724137931494,,
bushy_eyebrows,0.46810035842293907,0.4531899641577061,single,male,diff_means,23,0.5564874551971326,-0.08838709677419354,,
chubby,0.5842592592592593,0.6519675925925925,single,male,diff_means,23,0.5990740740740741,-0.014814814814814836,,
double_chin,0.528023598820059,0.6464601769911503,single,male,diff_means,23,0.5424778761061947,-0.014454277286135686,,
eyeglasses,0.9341747572815534,0.9866019417475728,single,male,diff_means,23,0.9268932038834952,0.007281553398058249,,
goatee,0.6847457627118644,0.814406779661017,single,male,diff_means,23,0.6555084745762711,0.02923728813559323,,
gray_hair,0.7405824628046851,0.846786957898069,single,male,diff_means,23,0.882716049382716,-0.14213358657803088,,
heavy_makeup,0.5248756218905473,0.5592671562820816,single,male,diff_means,23,0.5494353628681987,-0.024559740977651456,,
high_cheekbones,0.5289465648854962,0.45496183206106877,single,male,diff_means,23,0.5442137404580153,-0.01526717557251911,,
male,0.515625,0.6207275390625,single,male,diff_means,23,0.98828125,-0.47265625,,
mouth_slightly_open,0.5532598714416896,0.5104989286807469,single,male,diff_means,23,0.5284664830119375,0.024793388429752095,,
mustache,0.6427966101694915,0.7086864406779662,single,male,diff_means,23,0.6991525423728814,-0.05635593220338986,,
narrow_eyes,0.5422602089268755,0.5159860715416271,single,male,diff_means,23,0.5463754352643242,-0.004115226337448652,,
no_beard,0.5947643979057592,0.6443817962142568,single,male,diff_means,23,0.5427305678614579,0.05203383004430129,,
oval_face,0.511520737327189,0.4599078341013825,single,male,diff_means,23,0.5061443932411674,0.005376344086021501,,
pale_skin,0.6159976387249114,0.7747933884297521,single,male,diff_means,23,0.613931523022432,0.0020661157024793875,,
pointy_nose,0.5038444142921755,0.565445499773858,single,male,diff_means,23,0.49724106739032115,0.006603346901854379,,
receding_hairline,0.43973214285714285,0.42396763392857145,single,male,diff_means,23,0.5044642857142857,-0.06473214285714285,,
rosy_cheeks,0.6075559931085405,0.6487816884075805,single,male,diff_means,23,0.6265075067683977,-0.018951513659857255,,
sideburns,0.6269016697588126,0.5851576994434138,single,male,diff_means,23,0.6473098330241187,-0.020408163265306145,,
smiling,0.8375336432591143,0.9599951064350378,single,male,diff_means,23,0.8375336432591143,0.0,,
straight_hair,0.5408658008658009,0.5601731601731602,single,male,diff_means,23,0.5695238095238095,-0.028658008658008605,,
wavy_hair,0.5290919230411748,0.5716144623106236,single,male,diff_means,23,0.5196579607770239,0.009433962264150941,,
wearing_earrings,0.6143826322930801,0.6725463591135233,single,male,diff_means,23,0.6630031659882406,-0.048620533695160506,,
wearing_hat,0.9092149798012883,0.9445354296320558,single,male,diff_means,23,0.9068675619609128,0.0023474178403755097,,
wearing_lipstick,0.5857942482146303,0.5888502863025156,single,male,diff_means,23,0.552306504535804,0.03348774367882634,,
wearing_necklace,0.5744667097608274,0.5782805429864253,single,male,diff_means,23,0.6044602456367163,-0.029993535875888933,,
wearing_necktie,0.5423850574712643,0.5714798850574712,single,male,diff_means,23,0.5150862068965517,0.027298850574712596,,
young,0.8149350649350648,0.9033414502164502,single,male,diff_means,23,0.8706709956709957,-0.05573593073593086,,
5_o_clock_shadow,0.5625089605734768,0.5836559139784946,single,male,lr,0,0.5625089605734768,0.0,,
arched_eyebrows,0.5747311827956989,0.624731182795699,single,male,lr,0,0.5720430107526882,0.0026881720430107503,,
attractive,0.4942714819427148,0.5750311332503113,single,male,lr,0,0.4942714819427148,0.0,,
bags_under_eyes,0.5213800223694399,0.43775273165275747,single,male,lr,0,0.5213800223694399,0.0,,
bald,0.7572318647085002,0.8809523809523809,single,male,lr,0,0.7810413885180241,-0.023809523809523836,,
bangs,0.7152888182299947,0.8249867514573397,single,male,lr,0,0.7107843137254902,0.0045045045045044585,,
big_lips,0.47767857142857145,0.48311941964285715,single,male,lr,0,0.47544642857142855,0.0022321428571429047,,
big_nose,0.6210977351560906,0.6828538393525132,single,male,lr,0,0.6210977351560906,0.0,,
black_hair,0.7409529211571186,0.8916619398752127,single,male,lr,0,0.7409529211571186,0.0,,
blond_hair,0.863716814159292,0.9168141592920354,single,male,lr,0,0.863716814159292,0.0,,
blurry,0.6727642276422765,0.7634146341463415,single,male,lr,0,0.6747967479674797,-0.00203252032520318,,
brown_hair,0.6602011494252874,0.795617816091954,single,male,lr,0,0.6602011494252874,0.0,,
bushy_eyebrows,0.5564874551971326,0.5534050179211469,single,male,lr,0,0.5564874551971326,0.0,,
chubby,0.5990740740740741,0.6819444444444445,single,male,lr,0,0.5990740740740741,0.0,,
double_chin,0.5424778761061947,0.6517699115044248,single,male,lr,0,0.5424778761061947,0.0,,
eyeglasses,0.9268932038834952,0.9861165048543689,single,male,lr,0,0.9268932038834952,0.0,,
goatee,0.6555084745762711,0.7760593220338983,single,male,lr,0,0.6555084745762711,0.0,,
gray_hair,0.882716049382716,0.9639126305792972,single,male,lr,0,0.882716049382716,0.0,,
heavy_makeup,0.5520808655137013,0.591802890310353,single,male,lr,0,0.5494353628681987,0.002645502645502562,,
high_cheekbones,0.5442137404580153,0.4475114503816794,single,male,lr,0,0.5442137404580153,0.0,,
male,0.98828125,0.98895263671875,single,male,lr,0,0.98828125,0.0,,
mouth_slightly_open,0.5284664830119375,0.5363942454851546,single,male,lr,0,0.5284664830119375,0.0,,
mustache,0.6991525423728814,0.8019067796610169,single,male,lr,0,0.6991525423728814,0.0,,
narrow_eyes,0.5484330484330484,0.5270655270655271,single,male,lr,0,0.5463754352643242,0.002057613168724215,,
no_beard,0.5427305678614579,0.4778896496173983,single,male,lr,0,0.5427305678614579,0.0,,
oval_face,0.5061443932411674,0.455837173579109,single,male,lr,0,0.5061443932411674,0.0,,
pale_skin,0.613931523022432,0.744391971664699,single,male,lr,0,0.613931523022432,0.0,,
pointy_nose,0.5063319764812302,0.5580280416101311,single,male,lr,0,0.49724106739032115,0.009090909090909038,,
receding_hairline,0.5044642857142857,0.5309709821428572,single,male,lr,0,0.5044642857142857,0.0,,
rosy_cheeks,0.6244154565591927,0.7221265075067684,single,male,lr,0,0.6265075067683977,-0.0020920502092049986,,
sideburns,0.6493506493506493,0.647495361781076,single,male,lr,0,0.6473098330241187,0.0020408163265306367,,
smiling,0.8375336432591143,0.9601174455590897,single,male,lr,0,0.8375336432591143,0.0,,
straight_hair,0.5695238095238095,0.5594805194805195,single,male,lr,0,0.5695238095238095,0.0,,
wavy_hair,0.5196579607770239,0.5561855191002881,single,male,lr,0,0.5196579607770239,0.0,,
wearing_earrings,0.660515603799186,0.7486205336951606,single,male,lr,0,0.6630031659882406,-0.0024875621890546595,,
wearing_hat,0.9068675619609128,0.9613494923026531,single,male,lr,0,0.9068675619609128,0.0,,
wearing_lipstick,0.552306504535804,0.5437174290677476,single,male,lr,0,0.552306504535804,0.0,,
wearing_necklace,0.6067226890756303,0.6234001292824822,single,male,lr,0,0.6044602456367163,0.002262443438914019,,
wearing_necktie,0.5150862068965517,0.5057471264367817,single,male,lr,0,0.5150862068965517,0.0,,
young,0.8736471861471862,0.946969696969697,single,male,lr,0,0.8706709956709957,0.0029761904761904656,,
5_o_clock_shadow,0.5602867383512544,0.5848028673835125,single,male,lr,1,0.5625089605734768,-0.0022222222222223476,,
arched_eyebrows,0.5720430107526882,0.6241935483870968,single,male,lr,1,0.5720430107526882,0.0,,
attractive,0.4942714819427148,0.575093399750934,single,male,lr,1,0.4942714819427148,0.0,,
bags_under_eyes,0.5213800223694399,0.43775273165275747,single,male,lr,1,0.5213800223694399,0.0,,
bald,0.7810413885180241,0.8803960836671116,single,male,lr,1,0.7810413885180241,0.0,,
bangs,0.7130365659777425,0.8252517223105458,single,male,lr,1,0.7107843137254902,0.0022522522522522292,,
big_lips,0.47767857142857145,0.48116629464285715,single,male,lr,1,0.47544642857142855,0.0022321428571429047,,
big_nose,0.6210977351560906,0.6817656260627083,single,male,lr,1,0.6210977351560906,0.0,,
black_hair,0.7409529211571186,0.892115711854793,single,male,lr,1,0.7409529211571186,0.0,,
blond_hair,0.863716814159292,0.9160766961651918,single,male,lr,1,0.863716814159292,0.0,,
blurry,0.6768292682926829,0.760569105691057,single,male,lr,1,0.6747967479674797,0.00203252032520318,,
brown_hair,0.6645114942528736,0.7983117816091954,single,male,lr,1,0.6602011494252874,0.004310344827586188,,
bushy_eyebrows,0.5564874551971326,0.5521146953405018,single,male,lr,1,0.5564874551971326,0.0,,
chubby,0.6013888888888889,0.6820601851851852,single,male,lr,1,0.5990740740740741,0.0023148148148147696,,
double_chin,0.5446902654867256,0.6525073746312684,single,male,lr,1,0.5424778761061947,0.0022123893805309214,,
eyeglasses,0.9268932038834952,0.9864077669902912,single,male,lr,1,0.9268932038834952,0.0,,
goatee,0.6533898305084747,0.7747881355932202,single,male,lr,1,0.6555084745762711,-0.0021186440677964935,,
gray_hair,0.882716049382716,0.9648622981956315,single,male,lr,1,0.882716049382716,0.0,,
heavy_makeup,0.5520808655137013,0.5918818605385769,single,male,lr,1,0.5494353628681987,0.002645502645502562,,
high_cheekbones,0.5402137404580153,0.4467786259541985,single,male,lr,1,0.5442137404580153,-0.0040000000000000036,,
male,0.98828125,0.9892578125,single,male,lr,1,0.98828125,0.0,,
mouth_slightly_open,0.5325987144168962,0.536455463728191,single,male,lr,1,0.5284664830119375,0.004132231404958664,,
mustache,0.6991525423728814,0.8036016949152541,single,male,lr,1,0.6991525423728814,0.0,,
narrow_eyes,0.5484330484330484,0.5273820829376386,single,male,lr,1,0.5463754352643242,0.002057613168724215,,
no_beard,0.5427305678614579,0.47909786548530003,single,male,lr,1,0.5427305678614579,0.0,,
oval_face,0.5061443932411674,0.4550691244239631,single,male,lr,1,0.5061443932411674,0.0,,
pale_skin,0.613931523022432,0.743801652892562,single,male,lr,1,0.613931523022432,0.0,,
pointy_nose,0.49724106739032115,0.5610131162369968,single,male,lr,1,0.49724106739032115,0.0,,
receding_hairline,0.5066964285714286,0.5320870535714286,single,male,lr,1,0.5044642857142857,0.0022321428571429047,,
rosy_cheeks,0.6265075067683977,0.721388136844696,single,male,lr,1,0.6265075067683977,0.0,,
sideburns,0.65139146567718,0.6482374768089054,single,male,lr,1,0.6473098330241187,0.004081632653061273,,
smiling,0.8375336432591143,0.9599951064350378,single,male,lr,1,0.8375336432591143,0.0,,
straight_hair,0.5695238095238095,0.5586147186147186,single,male,lr,1,0.5695238095238095,0.0,,
wavy_hair,0.5196579607770239,0.558462682405428,single,male,lr,1,0.5196579607770239,0.0,,
wearing_earrings,0.660515603799186,0.7480777928539124,single,male,lr,1,0.6630031659882406,-0.0024875621890546595,,
wearing_hat,0.9068675619609128,0.9616770389780543,single,male,lr,1,0.9068675619609128,0.0,,
wearing_lipstick,0.5554912179116,0.5431383902721482,single,male,lr,1,0.552306504535804,0.0031847133757960666,,
wearing_necklace,0.592436974789916,0.6239172592113769,single,male,lr,1,0.6044602456367163,-0.012023270846800327,,
wearing_necktie,0.5172413793103449,0.5057471264367817,single,male,lr,1,0.5150862068965517,0.0021551724137931494,,
young,0.8706709956709957,0.9468344155844155,single,male,lr,1,0.8706709956709957,0.0,,
5_o_clock_shadow,0.5602867383512544,0.5833691756272401,single,male,lr,2,0.5625089605734768,-0.0022222222222223476,,
arched_eyebrows,0.5791858678955453,0.6248847926267281,single,male,lr,2,0.5720430107526882,0.0071428571428571175,,
attractive,0.4942714819427148,0.5758405977584059,single,male,lr,2,0.4942714819427148,0.0,,
bags_under_eyes,0.5213800223694399,0.43844102211133096,single,male,lr,2,0.5213800223694399,0.0,,
bald,0.7691366266132622,0.8806186025812194,single,male,lr,2,0.7810413885180241,-0.011904761904761862,,
bangs,0.7107843137254902,0.823661897191309,single,male,lr,2,0.7107843137254902,0.0,,
big_lips,0.4799107142857143,0.48214285714285715,single,male,lr,2,0.47544642857142855,0.004464285714285754,,
big_nose,0.6240563150377474,0.6817656260627083,single,male,lr,2,0.6210977351560906,0.00295857988165682,,
black_hair,0.7409529211571186,0.8908678389109473,single,male,lr,2,0.7409529211571186,0.0,,
blond_hair,0.863716814159292,0.9163716814159292,single,male,lr,2,0.863716814159292,0.0,,
blurry,0.6768292682926829,0.7601626016260162,single,male,lr,2,0.6747967479674797,0.00203252032520318,,
brown_hair,0.6645114942528736,0.7963362068965518,single,male,lr,2,0.6602011494252874,0.004310344827586188,,
bushy_eyebrows,0.5564874551971326,0.5524014336917562,single,male,lr,2,0.5564874551971326,0.0,,
chubby,0.5990740740740741,0.6811342592592592,single,male,lr,2,0.5990740740740741,0.0,,
double_chin,0.5446902654867256,0.6535398230088496,single,male,lr,2,0.5424778761061947,0.0022123893805309214,,
eyeglasses,0.9268932038834952,0.9865048543689319,single,male,lr,2,0.9268932038834952,0.0,,
goatee,0.6533898305084747,0.7754237288135594,single,male,lr,2,0.6555084745762711,-0.0021186440677964935,,
gray_hair,0.882716049382716,0.9632795188350743,single,male,lr,2,0.882716049382716,0.0,,
heavy_makeup,0.5520808655137013,0.5914870093974571,single,male,lr,2,0.5494353628681987,0.002645502645502562,,
high_cheekbones,0.5442137404580153,0.4483053435114504,single,male,lr,2,0.5442137404580153,0.0,,
male,0.98828125,0.98931884765625,single,male,lr,2,0.98828125,0.0,,
mouth_slightly_open,0.5284664830119375,0.5366391184573003,single,male,lr,2,0.5284664830119375,0.0,,
mustache,0.6991525423728814,0.8044491525423728,single,male,lr,2,0.6991525423728814,0.0,,
narrow_eyes,0.5463754352643242,0.5283317505539729,single,male,lr,2,0.5463754352643242,0.0,,
no_beard,0.5427305678614579,0.4778091018928715,single,male,lr,2,0.5427305678614579,0.0,,
oval_face,0.5088325652841782,0.4555299539170507,single,male,lr,2,0.5061443932411674,0.0026881720430107503,,
pale_skin,0.6159976387249114,0.7420306965761512,single,male,lr,2,0.613931523022432,0.0020661157024793875,,
pointy_nose,0.5063319764812302,0.5592039800995025,single,male,lr,2,0.49724106739032115,0.009090909090909038,,
receding_hairline,0.5066964285714286,0.5305524553571429,single,male,lr,2,0.5044642857142857,0.0022321428571429047,,
rosy_cheeks,0.6265075067683977,0.7236032488309131,single,male,lr,2,0.6265075067683977,0.0,,
sideburns,0.6493506493506493,0.6471243042671614,single,male,lr,2,0.6473098330241187,0.0020408163265306367,,
smiling,0.8416320039148519,0.9601786151211157,single,male,lr,2,0.8375336432591143,0.004098360655737654,,
straight_hair,0.5695238095238095,0.5579220779220779,single,male,lr,2,0.5695238095238095,0.0,,
wavy_hair,0.5196579607770239,0.5577655915977322,single,male,lr,2,0.5196579607770239,0.0,,
wearing_earrings,0.6580280416101312,0.7500678426051561,single,male,lr,2,0.6630031659882406,-0.00497512437810943,,
wearing_hat,0.9068675619609128,0.9611311278523856,single,male,lr,2,0.9068675619609128,0.0,,
wearing_lipstick,0.5554912179116,0.544039117287525,single,male,lr,2,0.552306504535804,0.0031847133757960666,,
wearing_necklace,0.6044602456367163,0.6245636716224952,single,male,lr,2,0.6044602456367163,0.0,,
wearing_necktie,0.5129310344827587,0.5043103448275862,single,male,lr,2,0.5150862068965517,-0.0021551724137930384,,
young,0.8706709956709957,0.9468344155844155,single,male,lr,2,0.8706709956709957,0.0,,
5_o_clock_shadow,0.5625089605734768,0.5837992831541219,single,male,lr,3,0.5625089605734768,0.0,,
arched_eyebrows,0.581874039938556,0.6242703533026114,single,male,lr,3,0.5720430107526882,0.009831029185867868,,
attractive,0.4942714819427148,0.574719800747198,single,male,lr,3,0.4942714819427148,0.0,,
bags_under_eyes,0.5239180934354297,0.4369784048868623,single,male,lr,3,0.5213800223694399,0.0025380710659898,,
bald,0.7810413885180241,0.8806186025812194,single,male,lr,3,0.7810413885180241,0.0,,
bangs,0.7130365659777425,0.8235294117647058,single,male,lr,3,0.7107843137254902,0.0022522522522522292,,
big_lips,0.4799107142857143,0.48214285714285715,single,male,lr,3,0.47544642857142855,0.004464285714285754,,
big_nose,0.615350608719309,0.6816295994014827,single,male,lr,3,0.6210977351560906,-0.005747126436781547,,
black_hair,0.7386273397617698,0.8913216108905275,single,male,lr,3,0.7409529211571186,-0.0023255813953488857,,
blond_hair,0.863716814159292,0.9165191740412979,single,male,lr,3,0.863716814159292,0.0,,
blurry,0.6788617886178862,0.7597560975609756,single,male,lr,3,0.6747967479674797,0.004065040650406471,,
brown_hair,0.6666666666666667,0.7959770114942528,single,male,lr,3,0.6602011494252874,0.006465517241379337,,
bushy_eyebrows,0.5564874551971326,0.5539784946236559,single,male,lr,3,0.5564874551971326,0.0,,
chubby,0.5990740740740741,0.6817129629629629,single,male,lr,3,0.5990740740740741,0.0,,
double_chin,0.5424778761061947,0.6528023598820059,single,male,lr,3,0.5424778761061947,0.0,,
eyeglasses,0.9268932038834952,0.9864077669902911,single,male,lr,3,0.9268932038834952,0.0,,
goatee,0.6555084745762711,0.7762711864406779,single,male,lr,3,0.6555084745762711,0.0,,
gray_hair,0.8806584362139918,0.9639126305792973,single,male,lr,3,0.882716049382716,-0.002057613168724215,,
heavy_makeup,0.554726368159204,0.5906973071152176,single,male,lr,3,0.5494353628681987,0.005291005291005235,,
high_cheekbones,0.5442137404580153,0.4476335877862596,single,male,lr,3,0.5442137404580153,0.0,,
male,0.98828125,0.98919677734375,single,male,lr,3,0.98828125,0.0,,
mouth_slightly_open,0.536730945821855,0.5369452096724825,single,male,lr,3,0.5284664830119375,0.008264462809917439,,
mustache,0.6991525423728814,0.8008474576271187,single,male,lr,3,0.6991525423728814,0.0,,
narrow_eyes,0.5463754352643242,0.5305476416587527,single,male,lr,3,0.5463754352643242,0.0,,
no_beard,0.5427305678614579,0.47797019734192503,single,male,lr,3,0.5427305678614579,0.0,,
oval_face,0.5061443932411674,0.4558371735791091,single,male,lr,3,0.5061443932411674,0.0,,
pale_skin,0.613931523022432,0.7446871310507674,single,male,lr,3,0.613931523022432,0.0,,
pointy_nose,0.5063319764812302,0.5594753505201265,single,male,lr,3,0.49724106739032115,0.009090909090909038,,
receding_hairline,0.5066964285714286,0.5306919642857143,single,male,lr,3,0.5044642857142857,0.0022321428571429047,,
rosy_cheeks,0.6285995569776028,0.7228648781688408,single,male,lr,3,0.6265075067683977,0.0020920502092051096,,
sideburns,0.6473098330241187,0.6471243042671614,single,male,lr,3,0.6473098330241187,0.0,,
smiling,0.8375336432591143,0.9601786151211157,single,male,lr,3,0.8375336432591143,0.0,,
straight_hair,0.5695238095238095,0.5577489177489178,single,male,lr,3,0.5695238095238095,0.0,,
wavy_hair,0.5196579607770239,0.556092573659262,single,male,lr,3,0.5196579607770239,0.0,,
wearing_earrings,0.660515603799186,0.7491632745364089,single,male,lr,3,0.6630031659882406,-0.0024875621890546595,,
wearing_hat,0.9068675619609128,0.9612403100775193,single,male,lr,3,0.9068675619609128,0.0,,
wearing_lipstick,0.552306504535804,0.5443608055073024,single,male,lr,3,0.552306504535804,0.0,,
wearing_necklace,0.590174531351002,0.6231415643180349,single,male,lr,3,0.6044602456367163,-0.014285714285714346,,
wearing_necktie,0.5150862068965517,0.5034123563218391,single,male,lr,3,0.5150862068965517,0.0,,
young,0.8706709956709957,0.946766774891775,single,male,lr,3,0.8706709956709957,0.0,,
5_o_clock_shadow,0.5463799283154123,0.5853763440860216,single,male,lr,4,0.5625089605734768,-0.016129032258064502,,
arched_eyebrows,0.581874039938556,0.6243471582181259,single,male,lr,4,0.5720430107526882,0.009831029185867868,,
attractive,0.4942714819427148,0.574159402241594,single,male,lr,4,0.4942714819427148,0.0,,
bags_under_eyes,0.5213800223694399,0.4380108405747225,single,male,lr,4,0.5213800223694399,0.0,,
bald,0.7691366266132622,0.880173564753004,single,male,lr,4,0.7810413885180241,-0.011904761904761862,,
bangs,0.7152888182299947,0.8249867514573397,single,male,lr,4,0.7107843137254902,0.0045045045045044585,,
big_lips,0.47767857142857145,0.4799107142857143,single,male,lr,4,0.47544642857142855,0.0022321428571429047,,
big_nose,0.6123920288376522,0.6813575460790314,single,male,lr,4,0.6210977351560906,-0.008705706318438367,,
black_hair,0.7432785025524674,0.8912081678956324,single,male,lr,4,0.7409529211571186,0.0023255813953487747,,
blond_hair,0.863716814159292,0.9163716814159293,single,male,lr,4,0.863716814159292,0.0,,
blurry,0.6788617886178862,0.7597560975609756,single,male,lr,4,0.6747967479674797,0.004065040650406471,,
brown_hair,0.6623563218390804,0.7974137931034483,single,male,lr,4,0.6602011494252874,0.0021551724137930384,,
bushy_eyebrows,0.5587096774193548,0.5526881720430108,single,male,lr,4,0.5564874551971326,0.0022222222222222365,,
chubby,0.5990740740740741,0.6815972222222222,single,male,lr,4,0.5990740740740741,0.0,,
double_chin,0.5446902654867256,0.6532448377581122,single,male,lr,4,0.5424778761061947,0.0022123893805309214,,
eyeglasses,0.9244660194174756,0.9860194174757281,single,male,lr,4,0.9268932038834952,-0.0024271844660195274,,
goatee,0.6805084745762712,0.7760593220338983,single,male,lr,4,0.6555084745762711,0.025000000000000022,,
gray_hair,0.882716049382716,0.962962962962963,single,male,lr,4,0.882716049382716,0.0,,
heavy_makeup,0.5520808655137013,0.5918028903103529,single,male,lr,4,0.5494353628681987,0.002645502645502562,,
high_cheekbones,0.5442137404580153,0.44836641221374046,single,male,lr,4,0.5442137404580153,0.0,,
male,0.98828125,0.9893798828125,single,male,lr,4,0.98828125,0.0,,
mouth_slightly_open,0.5288950107131926,0.5366391184573003,single,male,lr,4,0.5284664830119375,0.0004285277012550104,,
mustache,0.6991525423728814,0.8050847457627117,single,male,lr,4,0.6991525423728814,0.0,,
narrow_eyes,0.5463754352643242,0.5292814181703072,single,male,lr,4,0.5463754352643242,0.0,,
no_beard,0.5427305678614579,0.4779701973419251,single,male,lr,4,0.5427305678614579,0.0,,
oval_face,0.5061443932411674,0.4561443932411674,single,male,lr,4,0.5061443932411674,0.0,,
pale_skin,0.613931523022432,0.7414403778040142,single,male,lr,4,0.613931523022432,0.0,,
pointy_nose,0.5038444142921755,0.5603799185888737,single,male,lr,4,0.49724106739032115,0.006603346901854379,,
receding_hairline,0.5044642857142857,0.5315290178571428,single,male,lr,4,0.5044642857142857,0.0,,
rosy_cheeks,0.6306916071868078,0.721142013290672,single,male,lr,4,0.6265075067683977,0.004184100418410108,,
sideburns,0.6473098330241187,0.6471243042671614,single,male,lr,4,0.6473098330241187,0.0,,
smiling,0.8375336432591143,0.9601786151211157,single,male,lr,4,0.8375336432591143,0.0,,
straight_hair,0.5695238095238095,0.5579220779220779,single,male,lr,4,0.5695238095238095,0.0,,
wavy_hair,0.5196579607770239,0.5587879914490195,single,male,lr,4,0.5196579607770239,0.0,,
wearing_earrings,0.6630031659882406,0.7478968792401628,single,male,lr,4,0.6630031659882406,0.0,,
wearing_hat,0.9068675619609128,0.9615678567529206,single,male,lr,4,0.9068675619609128,0.0,,
wearing_lipstick,0.5554912179116,0.5441677925754359,single,male,lr,4,0.552306504535804,0.0031847133757960666,,
wearing_necklace,0.590174531351002,0.6240465416936005,single,male,lr,4,0.6044602456367163,-0.014285714285714346,,
wearing_necktie,0.5172413793103449,0.5043103448275863,single,male,lr,4,0.5150862068965517,0.0021551724137931494,,
young,0.8736471861471862,0.946969696969697,single,male,lr,4,0.8706709956709957,0.0029761904761904656,,
5_o_clock_shadow,0.5691756272401434,0.5863799283154122,single,male,lr,5,0.5625089605734768,0.006666666666666599,,
arched_eyebrows,0.5863287250384025,0.6210445468509984,single,male,lr,5,0.5720430107526882,0.014285714285714346,,
attractive,0.4942714819427148,0.5745952677459527,single,male,lr,5,0.4942714819427148,0.0,,
bags_under_eyes,0.4984943646218704,0.4453239266970662,single,male,lr,5,0.5213800223694399,-0.02288565774756951,,
bald,0.7691366266132622,0.877948375611927,single,male,lr,5,0.7810413885180241,-0.011904761904761862,,
bangs,0.7005829358770534,0.8264440911499735,single,male,lr,5,0.7107843137254902,-0.010201377848436777,,
big_lips,0.47098214285714285,0.48018973214285715,single,male,lr,5,0.47544642857142855,-0.004464285714285698,,
big_nose,0.6212677684826226,0.6849622526015099,single,male,lr,5,0.6210977351560906,0.000170033326531982,,
black_hair,0.7310833806012479,0.8906409529211572,single,male,lr,5,0.7409529211571186,-0.009869540555870748,,
blond_hair,0.8592920353982301,0.9140117994100294,single,male,lr,5,0.863716814159292,-0.004424778761061954,,
blurry,0.6747967479674797,0.7573170731707317,single,male,lr,5,0.6747967479674797,0.0,,
brown_hair,0.6623563218390804,0.7936422413793104,single,male,lr,5,0.6602011494252874,0.0021551724137930384,,
bushy_eyebrows,0.5520430107526881,0.5591397849462365,single,male,lr,5,0.5564874551971326,-0.004444444444444473,,
chubby,0.5967592592592592,0.684837962962963,single,male,lr,5,0.5990740740740741,-0.0023148148148148806,,
double_chin,0.5491150442477876,0.6504424778761062,single,male,lr,5,0.5424778761061947,0.006637168141592875,,
eyeglasses,0.9341747572815534,0.9852427184466019,single,male,lr,5,0.9268932038834952,0.007281553398058249,,
goatee,0.6576271186440679,0.7690677966101694,single,male,lr,5,0.6555084745762711,0.0021186440677967155,,
gray_hair,0.8847736625514404,0.9645457423235202,single,male,lr,5,0.882716049382716,0.002057613168724437,,
heavy_makeup,0.5520808655137013,0.5881702598120508,single,male,lr,5,0.5494353628681987,0.002645502645502562,,
high_cheekbones,0.5480305343511451,0.44610687022900763,single,male,lr,5,0.5442137404580153,0.003816793893129833,,
male,0.98828125,0.98931884765625,single,male,lr,5,0.98828125,0.0,,
mouth_slightly_open,0.5330272421181512,0.5391490664217937,single,male,lr,5,0.5284664830119375,0.004560759106213674,,
mustache,0.6991525423728814,0.798093220338983,single,male,lr,5,0.6991525423728814,0.0,,
narrow_eyes,0.5402025957581513,0.5267489711934157,single,male,lr,5,0.5463754352643242,-0.006172839506172867,,
no_beard,0.5427305678614579,0.475795408779702,single,male,lr,5,0.5427305678614579,0.0,,
oval_face,0.5034562211981567,0.4544546850998464,single,male,lr,5,0.5061443932411674,-0.0026881720430107503,,
pale_skin,0.6077331759149941,0.7520661157024793,single,male,lr,5,0.613931523022432,-0.00619834710743794,,
pointy_nose,0.49724106739032115,0.5588421528720036,single,male,lr,5,0.49724106739032115,0.0,,
receding_hairline,0.5089285714285714,0.5302734375,single,male,lr,5,0.5044642857142857,0.004464285714285698,,
rosy_cheeks,0.6223234063499876,0.7196652719665272,single,male,lr,5,0.6265075067683977,-0.004184100418410108,,
sideburns,0.65139146567718,0.6500927643784786,single,male,lr,5,0.6473098330241187,0.004081632653061273,,
smiling,0.8375336432591143,0.9597504281869342,single,male,lr,5,0.8375336432591143,0.0,,
straight_hair,0.5495238095238095,0.5593073593073592,single,male,lr,5,0.5695238095238095,-0.020000000000000018,,
wavy_hair,0.5196579607770239,0.5590668277720977,single,male,lr,5,0.5196579607770239,0.0,,
wearing_earrings,0.660515603799186,0.7437358661239258,single,male,lr,5,0.6630031659882406,-0.0024875621890546595,,
wearing_hat,0.9068675619609128,0.9628780434545255,single,male,lr,5,0.9068675619609128,0.0,,
wearing_lipstick,0.5586759312873963,0.5384417422633984,single,male,lr,5,0.552306504535804,0.006369426751592355,,
wearing_necklace,0.592436974789916,0.622365869424693,single,male,lr,5,0.6044602456367163,-0.012023270846800327,,
wearing_necktie,0.507183908045977,0.5039511494252873,single,male,lr,5,0.5150862068965517,-0.007902298850574696,,
young,0.8825757575757576,0.9481195887445888,single,male,lr,5,0.8706709956709957,0.011904761904761862,,
5_o_clock_shadow,0.5486021505376344,0.5859498207885305,single,male,lr,6,0.5625089605734768,-0.013906810035842376,,
arched_eyebrows,0.5791858678955453,0.6221198156682027,single,male,lr,6,0.5720430107526882,0.0071428571428571175,,
attractive,0.4942714819427148,0.5770236612702365,single,male,lr,6,0.4942714819427148,0.0,,
bags_under_eyes,0.5018927987610772,0.44239869224812867,single,male,lr,6,0.5213800223694399,-0.019487223608362747,,
bald,0.7691366266132622,0.876390743213173,single,male,lr,6,0.7810413885180241,-0.011904761904761862,,
bangs,0.7175410704822469,0.8257816640169581,single,male,lr,6,0.7107843137254902,0.006756756756756688,,
big_lips,0.46205357142857145,0.47781808035714285,single,male,lr,6,0.47544642857142855,-0.013392857142857095,,
big_nose,0.6183091886009658,0.6836019859892538,single,male,lr,6,0.6210977351560906,-0.002788546555124727,,
black_hair,0.7409529211571186,0.8903006239364719,single,male,lr,6,0.7409529211571186,0.0,,
blond_hair,0.8592920353982301,0.9160766961651917,single,male,lr,6,0.863716814159292,-0.004424778761061954,,
blurry,0.6268292682926829,0.7585365853658537,single,male,lr,6,0.6747967479674797,-0.047967479674796754,,
brown_hair,0.6623563218390804,0.7932830459770115,single,male,lr,6,0.6602011494252874,0.0021551724137930384,,
bushy_eyebrows,0.5542652329749104,0.5571326164874552,single,male,lr,6,0.5564874551971326,-0.0022222222222222365,,
chubby,0.5967592592592592,0.684837962962963,single,male,lr,6,0.5990740740740741,-0.0023148148148148806,,
double_chin,0.5469026548672566,0.652802359882006,single,male,lr,6,0.5424778761061947,0.004424778761061954,,
eyeglasses,0.931747572815534,0.9853398058252427,single,male,lr,6,0.9268932038834952,0.004854368932038833,,
goatee,0.6512711864406779,0.7771186440677966,single,male,lr,6,0.6555084745762711,-0.004237288135593209,,
gray_hair,0.8806584362139918,0.9635960747071858,single,male,lr,6,0.882716049382716,-0.002057613168724215,,
heavy_makeup,0.5520808655137013,0.5924346521361445,single,male,lr,6,0.5494353628681987,0.002645502645502562,,
high_cheekbones,0.5480305343511451,0.45032061068702295,single,male,lr,6,0.5442137404580153,0.003816793893129833,,
male,0.98828125,0.989501953125,single,male,lr,6,0.98828125,0.0,,
mouth_slightly_open,0.5247627793082339,0.5380471380471381,single,male,lr,6,0.5284664830119375,-0.0037037037037036535,,
mustache,0.701271186440678,0.8040254237288136,single,male,lr,6,0.6991525423728814,0.0021186440677966045,,
narrow_eyes,0.5463754352643242,0.5245330800886356,single,male,lr,6,0.5463754352643242,0.0,,
no_beard,0.5453483689085783,0.47764800644381794,single,male,lr,6,0.5427305678614579,0.002617801047120394,,
oval_face,0.500768049155146,0.45483870967741935,single,male,lr,6,0.5061443932411674,-0.005376344086021501,,
pale_skin,0.6118654073199528,0.7491145218417945,single,male,lr,6,0.613931523022432,-0.0020661157024792765,,
pointy_nose,0.49724106739032115,0.5588421528720037,single,male,lr,6,0.49724106739032115,0.0,,
receding_hairline,0.5133928571428572,0.5298549107142857,single,male,lr,6,0.5044642857142857,0.008928571428571508,,
rosy_cheeks,0.6202313561407826,0.7184346541964066,single,male,lr,6,0.6265075067683977,-0.006276150627615107,,
sideburns,0.6432282003710575,0.6471243042671614,single,male,lr,6,0.6473098330241187,-0.004081632653061162,,
smiling,0.8375336432591143,0.9604232933692194,single,male,lr,6,0.8375336432591143,0.0,,
straight_hair,0.5673593073593073,0.5563636363636363,single,male,lr,6,0.5695238095238095,-0.0021645021645022577,,
wavy_hair,0.5196579607770239,0.5561855191002881,single,male,lr,6,0.5196579607770239,0.0,,
wearing_earrings,0.6646313885119856,0.7451831750339213,single,male,lr,6,0.6630031659882406,0.0016282225237449488,,
wearing_hat,0.918495468937657,0.9640790479309967,single,male,lr,6,0.9068675619609128,0.011627906976744207,,
wearing_lipstick,0.5504407128610951,0.5432670655600593,single,male,lr,6,0.552306504535804,-0.0018657916747089054,,
wearing_necklace,0.590174531351002,0.6222365869424693,single,male,lr,6,0.6044602456367163,-0.014285714285714346,,
wearing_necktie,0.49856321839080464,0.5109554597701149,single,male,lr,6,0.5150862068965517,-0.01652298850574707,,
young,0.8736471861471862,0.9469020562770563,single,male,lr,6,0.8706709956709957,0.0029761904761904656,,
5_o_clock_shadow,0.5602867383512544,0.5882437275985664,single,male,lr,7,0.5625089605734768,-0.0022222222222223476,,
arched_eyebrows,0.5747311827956989,0.6227342549923196,single,male,lr,7,0.5720430107526882,0.0026881720430107503,,
attractive,0.4942714819427148,0.5768991282689913,single,male,lr,7,0.4942714819427148,0.0,,
bags_under_eyes,0.5078293039662738,0.43998967564312136,single,male,lr,7,0.5213800223694399,-0.013550718403166129,,
bald,0.7691366266132622,0.8788384512683579,single,male,lr,7,0.7810413885180241,-0.011904761904761862,,
bangs,0.7152888182299947,0.8257816640169581,single,male,lr,7,0.7107843137254902,0.0045045045045044585,,
big_lips,0.4799107142857143,0.4740513392857143,single,male,lr,7,0.47544642857142855,0.004464285714285754,,
big_nose,0.615350608719309,0.6835339726586411,single,male,lr,7,0.6210977351560906,-0.005747126436781547,,
black_hair,0.7432785025524674,0.890414066931367,single,male,lr,7,0.7409529211571186,0.0023255813953487747,,
blond_hair,0.863716814159292,0.9157817109144543,single,male,lr,7,0.863716814159292,0.0,,
blurry,0.6308943089430894,0.7552845528455284,single,male,lr,7,0.6747967479674797,-0.04390243902439028,,
brown_hair,0.6623563218390804,0.7965158045977011,single,male,lr,7,0.6602011494252874,0.0021551724137930384,,
bushy_eyebrows,0.5564874551971326,0.5572759856630825,single,male,lr,7,0.5564874551971326,0.0,,
chubby,0.5990740740740741,0.6827546296296296,single,male,lr,7,0.5990740740740741,0.0,,
double_chin,0.5469026548672566,0.652212389380531,single,male,lr,7,0.5424778761061947,0.004424778761061954,,
eyeglasses,0.9268932038834952,0.9857281553398057,single,male,lr,7,0.9268932038834952,0.0,,
goatee,0.6512711864406779,0.7792372881355933,single,male,lr,7,0.6555084745762711,-0.004237288135593209,,
gray_hair,0.8806584362139918,0.9645457423235201,single,male,lr,7,0.882716049382716,-0.002057613168724215,,
heavy_makeup,0.546789860222696,0.5918028903103529,single,male,lr,7,0.5494353628681987,-0.002645502645502673,,
high_cheekbones,0.5480305343511451,0.4512366412213741,single,male,lr,7,0.5442137404580153,0.003816793893129833,,
male,0.98828125,0.9892578125,single,male,lr,7,0.98828125,0.0,,
mouth_slightly_open,0.536730945821855,0.5368227731864096,single,male,lr,7,0.5284664830119375,0.008264462809917439,,
mustache,0.7220338983050847,0.8016949152542372,single,male,lr,7,0.6991525423728814,0.022881355932203307,,
narrow_eyes,0.5484330484330484,0.5245330800886356,single,male,lr,7,0.5463754352643242,0.002057613168724215,,
no_beard,0.5453483689085783,0.47788964961739827,single,male,lr,7,0.5427305678614579,0.002617801047120394,,
oval_face,0.5034562211981567,0.4559139784946236,single,male,lr,7,0.5061443932411674,-0.0026881720430107503,,
pale_skin,0.613931523022432,0.749409681227863,single,male,lr,7,0.613931523022432,0.0,,
pointy_nose,0.488150158299412,0.5590230664857531,single,male,lr,7,0.49724106739032115,-0.00909090909090915,,
receding_hairline,0.5066964285714286,0.5319475446428571,single,male,lr,7,0.5044642857142857,0.0022321428571429047,,
rosy_cheeks,0.6223234063499876,0.721142013290672,single,male,lr,7,0.6265075067683977,-0.004184100418410108,,
sideburns,0.6493506493506493,0.6504638218923934,single,male,lr,7,0.6473098330241187,0.0020408163265306367,,
smiling,0.8375336432591143,0.9603621238071935,single,male,lr,7,0.8375336432591143,0.0,,
straight_hair,0.5673593073593073,0.5605194805194805,single,male,lr,7,0.5695238095238095,-0.0021645021645022577,,
wavy_hair,0.5196579607770239,0.5583232642438888,single,male,lr,7,0.5196579607770239,0.0,,
wearing_earrings,0.6671189507010402,0.7469923111714156,single,male,lr,7,0.6630031659882406,0.004115784712799608,,
wearing_hat,0.9068675619609128,0.9626596790042581,single,male,lr,7,0.9068675619609128,0.0,,
wearing_lipstick,0.5554912179116,0.5451328572347681,single,male,lr,7,0.552306504535804,0.0031847133757960666,,
wearing_necklace,0.590174531351002,0.6239172592113769,single,male,lr,7,0.6044602456367163,-0.014285714285714346,,
wearing_necktie,0.4942528735632184,0.5088002873563218,single,male,lr,7,0.5150862068965517,-0.020833333333333315,,
young,0.8766233766233766,0.9471049783549783,single,male,lr,7,0.8706709956709957,0.005952380952380931,,
5_o_clock_shadow,0.5463799283154123,0.5860931899641577,single,male,lr,8,0.5625089605734768,-0.016129032258064502,,
arched_eyebrows,0.5720430107526882,0.6244239631336406,single,male,lr,8,0.5720430107526882,0.0,,
attractive,0.4942714819427148,0.5770236612702366,single,male,lr,8,0.4942714819427148,0.0,,
bags_under_eyes,0.5103673750322636,0.44067796610169496,single,male,lr,8,0.5213800223694399,-0.011012647337176329,,
bald,0.7691366266132622,0.877837116154873,single,male,lr,8,0.7810413885180241,-0.011904761904761862,,
bangs,0.7152888182299947,0.8259141494435612,single,male,lr,8,0.7107843137254902,0.0045045045045044585,,
big_lips,0.47767857142857145,0.47879464285714285,single,male,lr,8,0.47544642857142855,0.0022321428571429047,,
big_nose,0.6210977351560906,0.6827178126912875,single,male,lr,8,0.6210977351560906,0.0,,
black_hair,0.7432785025524674,0.8921157118547929,single,male,lr,8,0.7409529211571186,0.0023255813953487747,,
blond_hair,0.863716814159292,0.9156342182890855,single,male,lr,8,0.863716814159292,0.0,,
blurry,0.6288617886178862,0.7609756097560976,single,male,lr,8,0.6747967479674797,-0.04593495934959346,,
brown_hair,0.6623563218390804,0.7950790229885057,single,male,lr,8,0.6602011494252874,0.0021551724137930384,,
bushy_eyebrows,0.5587096774193548,0.5567025089605734,single,male,lr,8,0.5564874551971326,0.0022222222222222365,,
chubby,0.5990740740740741,0.6836805555555556,single,male,lr,8,0.5990740740740741,0.0,,
double_chin,0.5469026548672566,0.6526548672566372,single,male,lr,8,0.5424778761061947,0.004424778761061954,,
eyeglasses,0.9268932038834952,0.9860194174757281,single,male,lr,8,0.9268932038834952,0.0,,
goatee,0.6555084745762711,0.7805084745762713,single,male,lr,8,0.6555084745762711,0.0,,
gray_hair,0.8806584362139918,0.9642291864514086,single,male,lr,8,0.882716049382716,-0.002057613168724215,,
heavy_makeup,0.5520808655137013,0.589828634604754,single,male,lr,8,0.5494353628681987,0.002645502645502562,,
high_cheekbones,0.5480305343511451,0.4498320610687023,single,male,lr,8,0.5442137404580153,0.003816793893129833,,
male,0.98828125,0.98931884765625,single,male,lr,8,0.98828125,0.0,,
mouth_slightly_open,0.5247627793082339,0.5362718089990817,single,male,lr,8,0.5284664830119375,-0.0037037037037036535,,
mustache,0.7241525423728814,0.8031779661016949,single,male,lr,8,0.6991525423728814,0.025000000000000022,,
narrow_eyes,0.5463754352643242,0.5283317505539727,single,male,lr,8,0.5463754352643242,0.0,,
no_beard,0.5453483689085783,0.479500604107934,single,male,lr,8,0.5427305678614579,0.002617801047120394,,
oval_face,0.5034562211981567,0.45514592933947773,single,male,lr,8,0.5061443932411674,-0.0026881720430107503,,
pale_skin,0.613931523022432,0.7461629279811098,single,male,lr,8,0.613931523022432,0.0,,
pointy_nose,0.49724106739032115,0.5610131162369969,single,male,lr,8,0.49724106739032115,0.0,,
receding_hairline,0.5044642857142857,0.5311104910714285,single,male,lr,8,0.5044642857142857,0.0,,
rosy_cheeks,0.6202313561407826,0.7201575190745755,single,male,lr,8,0.6265075067683977,-0.006276150627615107,,
sideburns,0.6473098330241187,0.6478664192949907,single,male,lr,8,0.6473098330241187,0.0,,
smiling,0.8375336432591143,0.9603621238071935,single,male,lr,8,0.8375336432591143,0.0,,
straight_hair,0.563030303030303,0.5587878787878788,single,male,lr,8,0.5695238095238095,-0.006493506493506551,,
wavy_hair,0.5196579607770239,0.5585091551259411,single,male,lr,8,0.5196579607770239,0.0,,
wearing_earrings,0.6530529172320216,0.7478064224332881,single,male,lr,8,0.6630031659882406,-0.009950248756218971,,
wearing_hat,0.9068675619609128,0.9624413145539905,single,male,lr,8,0.9068675619609128,0.0,,
wearing_lipstick,0.5554912179116,0.5460979218941002,single,male,lr,8,0.552306504535804,0.0031847133757960666,,
wearing_necklace,0.5879120879120879,0.6252100840336134,single,male,lr,8,0.6044602456367163,-0.016548157724628365,,
wearing_necktie,0.5237068965517242,0.5109554597701149,single,male,lr,8,0.5150862068965517,0.008620689655172487,,
young,0.8766233766233766,0.9475784632034632,single,male,lr,8,0.8706709956709957,0.005952380952380931,,
5_o_clock_shadow,0.5441577060931899,0.585089605734767,single,male,lr,9,0.5625089605734768,-0.01835125448028685,,
arched_eyebrows,0.581874039938556,0.6244239631336406,single,male,lr,9,0.5720430107526882,0.009831029185867868,,
attractive,0.4942714819427148,0.5768368617683686,single,male,lr,9,0.4942714819427148,0.0,,
bags_under_eyes,0.5239180934354297,0.4408500387163383,single,male,lr,9,0.5213800223694399,0.0025380710659898,,
bald,0.7691366266132622,0.8773920783266578,single,male,lr,9,0.7810413885180241,-0.011904761904761862,,
bangs,0.7130365659777425,0.825516693163752,single,male,lr,9,0.7107843137254902,0.0022522522522522292,,
big_lips,0.47544642857142855,0.4801897321428572,single,male,lr,9,0.47544642857142855,0.0,,
big_nose,0.6240563150377474,0.6835339726586411,single,male,lr,9,0.6210977351560906,0.00295857988165682,,
black_hair,0.7409529211571186,0.8914350538854225,single,male,lr,9,0.7409529211571186,0.0,,
blond_hair,0.863716814159292,0.9150442477876106,single,male,lr,9,0.863716814159292,0.0,,
blurry,0.6768292682926829,0.7577235772357723,single,male,lr,9,0.6747967479674797,0.00203252032520318,,
brown_hair,0.6623563218390804,0.7966954022988506,single,male,lr,9,0.6602011494252874,0.0021551724137930384,,
bushy_eyebrows,0.5587096774193548,0.5546953405017921,single,male,lr,9,0.5564874551971326,0.0022222222222222365,,
chubby,0.5990740740740741,0.6835648148148148,single,male,lr,9,0.5990740740740741,0.0,,
double_chin,0.5424778761061947,0.6538348082595871,single,male,lr,9,0.5424778761061947,0.0,,
eyeglasses,0.9268932038834952,0.9860194174757281,single,male,lr,9,0.9268932038834952,0.0,,
goatee,0.6533898305084747,0.7779661016949153,single,male,lr,9,0.6555084745762711,-0.0021186440677964935,,
gray_hair,0.8786008230452675,0.9645457423235201,single,male,lr,9,0.882716049382716,-0.00411522633744843,,
heavy_makeup,0.554726368159204,0.5928295032772644,single,male,lr,9,0.5494353628681987,0.005291005291005235,,
high_cheekbones,0.5480305343511451,0.4489770992366412,single,male,lr,9,0.5442137404580153,0.003816793893129833,,
male,0.98828125,0.98919677734375,single,male,lr,9,0.98828125,0.0,,
mouth_slightly_open,0.5284664830119375,0.5362105907560453,single,male,lr,9,0.5284664830119375,0.0,,
mustache,0.7241525423728814,0.8029661016949152,single,male,lr,9,0.6991525423728814,0.025000000000000022,,
narrow_eyes,0.5484330484330484,0.529281418170307,single,male,lr,9,0.5463754352643242,0.002057613168724215,,
no_beard,0.5453483689085783,0.47950060410793394,single,male,lr,9,0.5427305678614579,0.002617801047120394,,
oval_face,0.5061443932411674,0.4546082949308755,single,male,lr,9,0.5061443932411674,0.0,,
pale_skin,0.6118654073199528,0.7479338842975206,single,male,lr,9,0.613931523022432,-0.0020661157024792765,,
pointy_nose,0.5063319764812302,0.5599276345545002,single,male,lr,9,0.49724106739032115,0.009090909090909038,,
receding_hairline,0.5044642857142857,0.5297154017857143,single,male,lr,9,0.5044642857142857,0.0,,
rosy_cheeks,0.6244154565591927,0.7186807777504307,single,male,lr,9,0.6265075067683977,-0.0020920502092049986,,
sideburns,0.6473098330241187,0.6463821892393321,single,male,lr,9,0.6473098330241187,0.0,,
smiling,0.8375336432591143,0.9598115977489601,single,male,lr,9,0.8375336432591143,0.0,,
straight_hair,0.5673593073593073,0.5563636363636364,single,male,lr,9,0.5695238095238095,-0.0021645021645022577,,
wavy_hair,0.5196579607770239,0.5566502463054187,single,male,lr,9,0.5196579607770239,0.0,,
wearing_earrings,0.669606512890095,0.7487109905020353,single,male,lr,9,0.6630031659882406,0.006603346901854379,,
wearing_hat,0.9068675619609128,0.962222950103723,single,male,lr,9,0.9068675619609128,0.0,,
wearing_lipstick,0.5554912179116,0.5437174290677476,single,male,lr,9,0.552306504535804,0.0031847133757960666,,
wearing_necklace,0.5833872010342599,0.6231415643180349,single,male,lr,9,0.6044602456367163,-0.021073044602456403,,
wearing_necktie,0.5172413793103449,0.5122126436781609,single,male,lr,9,0.5150862068965517,0.0021551724137931494,,
young,0.8736471861471862,0.9472402597402597,single,male,lr,9,0.8706709956709957,0.0029761904761904656,,
5_o_clock_shadow,0.5486021505376344,0.5833691756272401,single,male,lr,10,0.5625089605734768,-0.013906810035842376,,
arched_eyebrows,0.5791858678955453,0.6243471582181259,single,male,lr,10,0.5720430107526882,0.0071428571428571175,,
attractive,0.4942714819427148,0.5755292652552927,single,male,lr,10,0.4942714819427148,0.0,,
bags_under_eyes,0.5163038802374602,0.4405919297943732,single,male,lr,10,0.5213800223694399,-0.005076142131979711,,
bald,0.7691366266132622,0.8776145972407654,single,male,lr,10,0.7810413885180241,-0.011904761904761862,,
bangs,0.7152888182299947,0.8248542660307366,single,male,lr,10,0.7107843137254902,0.0045045045045044585,,
big_lips,0.4799107142857143,0.4806082589285714,single,male,lr,10,0.47544642857142855,0.004464285714285754,,
big_nose,0.6240563150377474,0.681493572740257,single,male,lr,10,0.6210977351560906,0.00295857988165682,,
black_hair,0.7432785025524674,0.892115711854793,single,male,lr,10,0.7409529211571186,0.0023255813953487747,,
blond_hair,0.863716814159292,0.9151917404129792,single,male,lr,10,0.863716814159292,0.0,,
blurry,0.6788617886178862,0.7642276422764227,single,male,lr,10,0.6747967479674797,0.004065040650406471,,
brown_hair,0.6602011494252874,0.7963362068965518,single,male,lr,10,0.6602011494252874,0.0,,
bushy_eyebrows,0.5587096774193548,0.5529749103942652,single,male,lr,10,0.5564874551971326,0.0022222222222222365,,
chubby,0.5990740740740741,0.681712962962963,single,male,lr,10,0.5990740740740741,0.0,,
double_chin,0.5424778761061947,0.6513274336283186,single,male,lr,10,0.5424778761061947,0.0,,
eyeglasses,0.9268932038834952,0.9857281553398056,single,male,lr,10,0.9268932038834952,0.0,,
goatee,0.6576271186440679,0.770550847457627,single,male,lr,10,0.6555084745762711,0.0021186440677967155,,
gray_hair,0.8806584362139918,0.9632795188350745,single,male,lr,10,0.882716049382716,-0.002057613168724215,,
heavy_makeup,0.554726368159204,0.592039800995025,single,male,lr,10,0.5494353628681987,0.005291005291005235,,
high_cheekbones,0.5480305343511451,0.44848854961832063,single,male,lr,10,0.5442137404580153,0.003816793893129833,,
male,0.98828125,0.98919677734375,single,male,lr,10,0.98828125,0.0,,
mouth_slightly_open,0.5412917049280686,0.5359044995408632,single,male,lr,10,0.5284664830119375,0.012825221916131002,,
mustache,0.726271186440678,0.8008474576271187,single,male,lr,10,0.6991525423728814,0.027118644067796627,,
narrow_eyes,0.5422602089268755,0.5289648622981956,single,male,lr,10,0.5463754352643242,-0.004115226337448652,,
no_beard,0.5427305678614579,0.4753121224325413,single,male,lr,10,0.5427305678614579,0.0,,
oval_face,0.5061443932411674,0.45314900153609833,single,male,lr,10,0.5061443932411674,0.0,,
pale_skin,0.613931523022432,0.7449822904368358,single,male,lr,10,0.613931523022432,0.0,,
pointy_nose,0.5038444142921755,0.5592944369063773,single,male,lr,10,0.49724106739032115,0.006603346901854379,,
receding_hairline,0.5044642857142857,0.5304129464285714,single,male,lr,10,0.5044642857142857,0.0,,
rosy_cheeks,0.6244154565591927,0.7204036426285996,single,male,lr,10,0.6265075067683977,-0.0020920502092049986,,
sideburns,0.6452690166975881,0.6467532467532467,single,male,lr,10,0.6473098330241187,-0.0020408163265306367,,
smiling,0.8375336432591143,0.960729141179349,single,male,lr,10,0.8375336432591143,0.0,,
straight_hair,0.5651948051948052,0.5563636363636364,single,male,lr,10,0.5695238095238095,-0.0043290043290042934,,
wavy_hair,0.5196579607770239,0.5571149735105492,single,male,lr,10,0.5196579607770239,0.0,,
wearing_earrings,0.6555404794210764,0.748168249660787,single,male,lr,10,0.6630031659882406,-0.007462686567164201,,
wearing_hat,0.9068675619609128,0.9620045856534556,single,male,lr,10,0.9068675619609128,0.0,,
wearing_lipstick,0.5554912179116,0.5421089879688605,single,male,lr,10,0.552306504535804,0.0031847133757960666,,
wearing_necklace,0.5879120879120879,0.6248222365869425,single,male,lr,10,0.6044602456367163,-0.016548157724628365,,
wearing_necktie,0.5193965517241379,0.508441091954023,single,male,lr,10,0.5150862068965517,0.004310344827586188,,
young,0.8736471861471862,0.9472402597402597,single,male,lr,10,0.8706709956709957,0.0029761904761904656,,
5_o_clock_shadow,0.5625089605734768,0.5835125448028673,single,male,lr,11,0.5625089605734768,0.0,,
arched_eyebrows,0.5872503840245775,0.6252688172043012,single,male,lr,11,0.5720430107526882,0.015207373271889368,,
attractive,0.4942714819427148,0.5756537982565381,single,male,lr,11,0.4942714819427148,0.0,,
bags_under_eyes,0.5213800223694399,0.43930138518454787,single,male,lr,11,0.5213800223694399,0.0,,
bald,0.7691366266132622,0.878727191811304,single,male,lr,11,0.7810413885180241,-0.011904761904761862,,
bangs,0.7130365659777425,0.8252517223105458,single,male,lr,11,0.7107843137254902,0.0022522522522522292,,
big_lips,0.47767857142857145,0.4822823660714286,single,male,lr,11,0.47544642857142855,0.0022321428571429047,,
big_nose,0.6240563150377474,0.6809494660953547,single,male,lr,11,0.6210977351560906,0.00295857988165682,,
black_hair,0.7432785025524674,0.8926829268292682,single,male,lr,11,0.7409529211571186,0.0023255813953487747,,
blond_hair,0.863716814159292,0.913716814159292,single,male,lr,11,0.863716814159292,0.0,,
blurry,0.6747967479674797,0.7560975609756098,single,male,lr,11,0.6747967479674797,0.0,,
brown_hair,0.6623563218390804,0.7961566091954023,single,male,lr,11,0.6602011494252874,0.0021551724137930384,,
bushy_eyebrows,0.5564874551971326,0.5521146953405018,single,male,lr,11,0.5564874551971326,0.0,,
chubby,0.6013888888888889,0.6825231481481482,single,male,lr,11,0.5990740740740741,0.0023148148148147696,,
double_chin,0.5446902654867256,0.6535398230088496,single,male,lr,11,0.5424778761061947,0.0022123893805309214,,
eyeglasses,0.9268932038834952,0.9859223300970872,single,male,lr,11,0.9268932038834952,0.0,,
goatee,0.6576271186440679,0.7747881355932204,single,male,lr,11,0.6555084745762711,0.0021186440677967155,,
gray_hair,0.8806584362139918,0.962962962962963,single,male,lr,11,0.882716049382716,-0.002057613168724215,,
heavy_makeup,0.554726368159204,0.591644949853905,single,male,lr,11,0.5494353628681987,0.005291005291005235,,
high_cheekbones,0.5442137404580153,0.44800000000000006,single,male,lr,11,0.5442137404580153,0.0,,
male,0.98828125,0.9891357421875,single,male,lr,11,0.98828125,0.0,,
mouth_slightly_open,0.5288950107131926,0.5365779002142639,single,male,lr,11,0.5284664830119375,0.0004285277012550104,,
mustache,0.7241525423728814,0.8016949152542372,single,male,lr,11,0.6991525423728814,0.025000000000000022,,
narrow_eyes,0.5463754352643242,0.5311807534029755,single,male,lr,11,0.5463754352643242,0.0,,
no_beard,0.5427305678614579,0.4769230769230769,single,male,lr,11,0.5427305678614579,0.0,,
oval_face,0.5061443932411674,0.45506912442396313,single,male,lr,11,0.5061443932411674,0.0,,
pale_skin,0.6159976387249114,0.7440968122786304,single,male,lr,11,0.613931523022432,0.0020661157024793875,,
pointy_nose,0.5063319764812302,0.5584803256445048,single,male,lr,11,0.49724106739032115,0.009090909090909038,,
receding_hairline,0.5066964285714286,0.5291573660714286,single,male,lr,11,0.5044642857142857,0.0022321428571429047,,
rosy_cheeks,0.6265075067683977,0.7194191484125031,single,male,lr,11,0.6265075067683977,0.0,,
sideburns,0.6493506493506493,0.647495361781076,single,male,lr,11,0.6473098330241187,0.0020408163265306367,,
smiling,0.8416320039148519,0.9601786151211157,single,male,lr,11,0.8375336432591143,0.004098360655737654,,
straight_hair,0.5673593073593073,0.5558441558441558,single,male,lr,11,0.5695238095238095,-0.0021645021645022577,,
wavy_hair,0.5196579607770239,0.5576726461567061,single,male,lr,11,0.5196579607770239,0.0,,
wearing_earrings,0.660515603799186,0.7483491632745364,single,male,lr,11,0.6630031659882406,-0.0024875621890546595,,
wearing_hat,0.9068675619609128,0.9614586745277869,single,male,lr,11,0.9068675619609128,0.0,,
wearing_lipstick,0.552306504535804,0.542302000900727,single,male,lr,11,0.552306504535804,0.0,,
wearing_necklace,0.5879120879120879,0.6245636716224953,single,male,lr,11,0.6044602456367163,-0.016548157724628365,,
wearing_necktie,0.5172413793103449,0.5109554597701149,single,male,lr,11,0.5150862068965517,0.0021551724137931494,,
young,0.8736471861471862,0.9470373376623377,single,male,lr,11,0.8706709956709957,0.0029761904761904656,,
5_o_clock_shadow,0.5625089605734768,0.5853763440860215,single,male,lr,12,0.5625089605734768,0.0,,
arched_eyebrows,0.5774193548387097,0.6245007680491551,single,male,lr,12,0.5720430107526882,0.005376344086021501,,
attractive,0.4942714819427148,0.5714196762141968,single,male,lr,12,0.4942714819427148,0.0,,
bags_under_eyes,0.5129054460982534,0.4371504775015056,single,male,lr,12,0.5213800223694399,-0.008474576271186529,,
bald,0.7810413885180241,0.8798397863818425,single,male,lr,12,0.7810413885180241,0.0,,
bangs,0.7107843137254902,0.8239268680445151,single,male,lr,12,0.7107843137254902,0.0,,
big_lips,0.48214285714285715,0.4814453125,single,male,lr,12,0.47544642857142855,0.006696428571428603,,
big_nose,0.6210977351560906,0.681153506087193,single,male,lr,12,0.6210977351560906,0.0,,
black_hair,0.7409529211571186,0.892115711854793,single,male,lr,12,0.7409529211571186,0.0,,
blond_hair,0.863716814159292,0.9151917404129792,single,male,lr,12,0.863716814159292,0.0,,
blurry,0.6747967479674797,0.759349593495935,single,male,lr,12,0.6747967479674797,0.0,,
brown_hair,0.6623563218390804,0.7977729885057471,single,male,lr,12,0.6602011494252874,0.0021551724137930384,,
bushy_eyebrows,0.5564874551971326,0.5525448028673835,single,male,lr,12,0.5564874551971326,0.0,,
chubby,0.5990740740740741,0.6825231481481482,single,male,lr,12,0.5990740740740741,0.0,,
double_chin,0.5469026548672566,0.6530973451327434,single,male,lr,12,0.5424778761061947,0.004424778761061954,,
eyeglasses,0.9268932038834952,0.9862135922330096,single,male,lr,12,0.9268932038834952,0.0,,
goatee,0.6555084745762711,0.7735169491525424,single,male,lr,12,0.6555084745762711,0.0,,
gray_hair,0.882716049382716,0.9632795188350743,single,male,lr,12,0.882716049382716,0.0,,
heavy_makeup,0.5520808655137013,0.591723920082129,single,male,lr,12,0.5494353628681987,0.002645502645502562,,
high_cheekbones,0.5442137404580153,0.44769465648854956,single,male,lr,12,0.5442137404580153,0.0,,
male,0.98828125,0.9891357421875,single,male,lr,12,0.98828125,0.0,,
mouth_slightly_open,0.5288950107131926,0.5359657177838996,single,male,lr,12,0.5284664830119375,0.0004285277012550104,,
mustache,0.7241525423728814,0.8031779661016949,single,male,lr,12,0.6991525423728814,0.025000000000000022,,
narrow_eyes,0.5463754352643242,0.5299145299145299,single,male,lr,12,0.5463754352643242,0.0,,
no_beard,0.5427305678614579,0.47748691099476437,single,male,lr,12,0.5427305678614579,0.0,,
oval_face,0.5061443932411674,0.45460829493087557,single,male,lr,12,0.5061443932411674,0.0,,
pale_skin,0.613931523022432,0.7399645808736718,single,male,lr,12,0.613931523022432,0.0,,
pointy_nose,0.5063319764812302,0.55838986883763,single,male,lr,12,0.49724106739032115,0.009090909090909038,,
receding_hairline,0.5066964285714286,0.5294363839285714,single,male,lr,12,0.5044642857142857,0.0022321428571429047,,
rosy_cheeks,0.6285995569776028,0.7223726310607925,single,male,lr,12,0.6265075067683977,0.0020920502092051096,,
sideburns,0.6493506493506493,0.6474953617810761,single,male,lr,12,0.6473098330241187,0.0020408163265306367,,
smiling,0.8375336432591143,0.9604232933692194,single,male,lr,12,0.8375336432591143,0.0,,
straight_hair,0.5695238095238095,0.5579220779220779,single,male,lr,12,0.5695238095238095,0.0,,
wavy_hair,0.5196579607770239,0.5586021005669672,single,male,lr,12,0.5196579607770239,0.0,,
wearing_earrings,0.6630031659882406,0.749072817729534,single,male,lr,12,0.6630031659882406,0.0,,
wearing_hat,0.9068675619609128,0.9611311278523856,single,male,lr,12,0.9068675619609128,0.0,,
wearing_lipstick,0.5554912179116,0.5448111690149907,single,male,lr,12,0.552306504535804,0.0031847133757960666,,
wearing_necklace,0.6044602456367163,0.6246929541047188,single,male,lr,12,0.6044602456367163,0.0,,
wearing_necktie,0.5172413793103449,0.5035919540229885,single,male,lr,12,0.5150862068965517,0.0021551724137931494,,
young,0.8736471861471862,0.9466314935064934,single,male,lr,12,0.8706709956709957,0.0029761904761904656,,
5_o_clock_shadow,0.5625089605734768,0.5827956989247312,single,male,lr,13,0.5625089605734768,0.0,,
arched_eyebrows,0.5720430107526882,0.6240399385560675,single,male,lr,13,0.5720430107526882,0.0,,
attractive,0.4942714819427148,0.5701120797011208,single,male,lr,13,0.4942714819427148,0.0,,
bags_under_eyes,0.5018927987610772,0.4353006968940893,single,male,lr,13,0.5213800223694399,-0.019487223608362747,,
bald,0.7810413885180241,0.8805073431241656,single,male,lr,13,0.7810413885180241,0.0,,
bangs,0.7107843137254902,0.8228669846316905,single,male,lr,13,0.7107843137254902,0.0,,
big_lips,0.48214285714285715,0.48228236607142855,single,male,lr,13,0.47544642857142855,0.006696428571428603,,
big_nose,0.6240563150377474,0.6804733727810651,single,male,lr,13,0.6210977351560906,0.00295857988165682,,
black_hair,0.7432785025524674,0.8920022688598979,single,male,lr,13,0.7409529211571186,0.0023255813953487747,,
blond_hair,0.863716814159292,0.9151917404129795,single,male,lr,13,0.863716814159292,0.0,,
blurry,0.6788617886178862,0.7577235772357723,single,male,lr,13,0.6747967479674797,0.004065040650406471,,
brown_hair,0.6580459770114943,0.7965158045977012,single,male,lr,13,0.6602011494252874,-0.0021551724137931494,,
bushy_eyebrows,0.5564874551971326,0.5531182795698925,single,male,lr,13,0.5564874551971326,0.0,,
chubby,0.5990740740740741,0.6827546296296296,single,male,lr,13,0.5990740740740741,0.0,,
double_chin,0.5446902654867256,0.6520648967551622,single,male,lr,13,0.5424778761061947,0.0022123893805309214,,
eyeglasses,0.9268932038834952,0.9860194174757281,single,male,lr,13,0.9268932038834952,0.0,,
goatee,0.6576271186440679,0.7722457627118644,single,male,lr,13,0.6555084745762711,0.0021186440677967155,,
gray_hair,0.882716049382716,0.96232985121874,single,male,lr,13,0.882716049382716,0.0,,
heavy_makeup,0.5520808655137013,0.5939350864723999,single,male,lr,13,0.5494353628681987,0.002645502645502562,,
high_cheekbones,0.5442137404580153,0.4477557251908397,single,male,lr,13,0.5442137404580153,0.0,,
male,0.98828125,0.9891357421875,single,male,lr,13,0.98828125,0.0,,
mouth_slightly_open,0.5284664830119375,0.5368839914294459,single,male,lr,13,0.5284664830119375,0.0,,
mustache,0.7241525423728814,0.8010593220338984,single,male,lr,13,0.6991525423728814,0.025000000000000022,,
narrow_eyes,0.5463754352643242,0.5308641975308642,single,male,lr,13,0.5463754352643242,0.0,,
no_beard,0.5427305678614579,0.4757148610551752,single,male,lr,13,0.5427305678614579,0.0,,
oval_face,0.5061443932411674,0.45683563748079875,single,male,lr,13,0.5061443932411674,0.0,,
pale_skin,0.613931523022432,0.737603305785124,single,male,lr,13,0.613931523022432,0.0,,
pointy_nose,0.5063319764812302,0.5587516960651289,single,male,lr,13,0.49724106739032115,0.009090909090909038,,
receding_hairline,0.5066964285714286,0.5301339285714285,single,male,lr,13,0.5044642857142857,0.0022321428571429047,,
rosy_cheeks,0.6265075067683977,0.7194191484125031,single,male,lr,13,0.6265075067683977,0.0,,
sideburns,0.6493506493506493,0.6460111317254174,single,male,lr,13,0.6473098330241187,0.0020408163265306367,,
smiling,0.8375336432591143,0.9601174455590898,single,male,lr,13,0.8375336432591143,0.0,,
straight_hair,0.5695238095238095,0.5565367965367966,single,male,lr,13,0.5695238095238095,0.0,,
wavy_hair,0.5196579607770239,0.5554419555720792,single,male,lr,13,0.5196579607770239,0.0,,
wearing_earrings,0.6630031659882406,0.7498869289914066,single,male,lr,13,0.6630031659882406,0.0,,
wearing_hat,0.9068675619609128,0.9610219456272519,single,male,lr,13,0.9068675619609128,0.0,,
wearing_lipstick,0.5586759312873963,0.5477063629929871,single,male,lr,13,0.552306504535804,0.006369426751592355,,
wearing_necklace,0.6044602456367163,0.6240465416936005,single,male,lr,13,0.6044602456367163,0.0,,
wearing_necktie,0.5193965517241379,0.49928160919540227,single,male,lr,13,0.5150862068965517,0.004310344827586188,,
young,0.8706709956709957,0.9463609307359306,single,male,lr,13,0.8706709956709957,0.0,,
5_o_clock_shadow,0.5625089605734768,0.5836559139784947,single,male,lr,14,0.5625089605734768,0.0,,
arched_eyebrows,0.5720430107526882,0.624731182795699,single,male,lr,14,0.5720430107526882,0.0,,
attractive,0.4942714819427148,0.5724782067247821,single,male,lr,14,0.4942714819427148,0.0,,
bags_under_eyes,0.5213800223694399,0.4374946227307924,single,male,lr,14,0.5213800223694399,0.0,,
bald,0.7810413885180241,0.8798397863818425,single,male,lr,14,0.7810413885180241,0.0,,
bangs,0.7107843137254902,0.8241918388977212,single,male,lr,14,0.7107843137254902,0.0,,
big_lips,0.4799107142857143,0.4808872767857143,single,male,lr,14,0.47544642857142855,0.004464285714285754,,
big_nose,0.6210977351560906,0.6824457593688363,single,male,lr,14,0.6210977351560906,0.0,,
black_hair,0.7409529211571186,0.8925694838343732,single,male,lr,14,0.7409529211571186,0.0,,
blond_hair,0.863716814159292,0.9150442477876106,single,male,lr,14,0.863716814159292,0.0,,
blurry,0.6768292682926829,0.7617886178861789,single,male,lr,14,0.6747967479674797,0.00203252032520318,,
brown_hair,0.6602011494252874,0.795617816091954,single,male,lr,14,0.6602011494252874,0.0,,
bushy_eyebrows,0.5564874551971326,0.5506810035842293,single,male,lr,14,0.5564874551971326,0.0,,
chubby,0.5990740740740741,0.6833333333333333,single,male,lr,14,0.5990740740740741,0.0,,
double_chin,0.5446902654867256,0.6526548672566371,single,male,lr,14,0.5424778761061947,0.0022123893805309214,,
eyeglasses,0.9244660194174756,0.986019417475728,single,male,lr,14,0.9268932038834952,-0.0024271844660195274,,
goatee,0.6533898305084747,0.7739406779661017,single,male,lr,14,0.6555084745762711,-0.0021186440677964935,,
gray_hair,0.8806584362139918,0.9639126305792973,single,male,lr,14,0.882716049382716,-0.002057613168724215,,
heavy_makeup,0.5520808655137013,0.5949616994393113,single,male,lr,14,0.5494353628681987,0.002645502645502562,,
high_cheekbones,0.5442137404580153,0.44916030534351153,single,male,lr,14,0.5442137404580153,0.0,,
male,0.98828125,0.98907470703125,single,male,lr,14,0.98828125,0.0,,
mouth_slightly_open,0.5247627793082339,0.5359044995408632,single,male,lr,14,0.5284664830119375,-0.0037037037037036535,,
mustache,0.7491525423728813,0.8055084745762711,single,male,lr,14,0.6991525423728814,0.04999999999999993,,
narrow_eyes,0.5463754352643242,0.5314973092750871,single,male,lr,14,0.5463754352643242,0.0,,
no_beard,0.5427305678614579,0.4766008860249698,single,male,lr,14,0.5427305678614579,0.0,,
oval_face,0.5061443932411674,0.4556067588325653,single,male,lr,14,0.5061443932411674,0.0,,
pale_skin,0.613931523022432,0.7393742621015348,single,male,lr,14,0.613931523022432,0.0,,
pointy_nose,0.5063319764812302,0.5587516960651289,single,male,lr,14,0.49724106739032115,0.009090909090909038,,
receding_hairline,0.5044642857142857,0.5313895089285714,single,male,lr,14,0.5044642857142857,0.0,,
rosy_cheeks,0.6265075067683977,0.7186807777504307,single,male,lr,14,0.6265075067683977,0.0,,
sideburns,0.6473098330241187,0.6482374768089053,single,male,lr,14,0.6473098330241187,0.0,,
smiling,0.8416320039148519,0.9604844629312455,single,male,lr,14,0.8375336432591143,0.004098360655737654,,
straight_hair,0.5695238095238095,0.5572294372294372,single,male,lr,14,0.5695238095238095,0.0,,
wavy_hair,0.5196579607770239,0.5566502463054187,single,male,lr,14,0.5196579607770239,0.0,,
wearing_earrings,0.660515603799186,0.74880144730891,single,male,lr,14,0.6630031659882406,-0.0024875621890546595,,
wearing_hat,0.9068675619609128,0.9612403100775194,single,male,lr,14,0.9068675619609128,0.0,,
wearing_lipstick,0.5586759312873963,0.5472559994852988,single,male,lr,14,0.552306504535804,0.006369426751592355,,
wearing_necklace,0.6021978021978023,0.6250808015513898,single,male,lr,14,0.6044602456367163,-0.002262443438914019,,
wearing_necktie,0.5150862068965517,0.505926724137931,single,male,lr,14,0.5150862068965517,0.0,,
young,0.8706709956709957,0.9466314935064934,single,male,lr,14,0.8706709956709957,0.0,,
5_o_clock_shadow,0.5441577060931899,0.5823655913978494,single,male,lr,15,0.5625089605734768,-0.01835125448028685,,
arched_eyebrows,0.5747311827956989,0.6227342549923195,single,male,lr,15,0.5720430107526882,0.0026881720430107503,,
attractive,0.4942714819427148,0.5674968866749689,single,male,lr,15,0.4942714819427148,0.0,,
bags_under_eyes,0.4934182224898907,0.4354297513550719,single,male,lr,15,0.5213800223694399,-0.02796179987954922,,
bald,0.7810413885180241,0.8807298620382733,single,male,lr,15,0.7810413885180241,0.0,,
bangs,0.7107843137254902,0.8227344992050875,single,male,lr,15,0.7107843137254902,0.0,,
big_lips,0.4799107142857143,0.48228236607142855,single,male,lr,15,0.47544642857142855,0.004464285714285754,,
big_nose,0.6240563150377474,0.6827178126912874,single,male,lr,15,0.6210977351560906,0.00295857988165682,,
black_hair,0.7409529211571186,0.8930232558139535,single,male,lr,15,0.7409529211571186,0.0,,
blond_hair,0.863716814159292,0.9153392330383481,single,male,lr,15,0.863716814159292,0.0,,
blurry,0.6768292682926829,0.758130081300813,single,male,lr,15,0.6747967479674797,0.00203252032520318,,
brown_hair,0.6580459770114943,0.7957974137931034,single,male,lr,15,0.6602011494252874,-0.0021551724137931494,,
bushy_eyebrows,0.5564874551971326,0.5519713261648745,single,male,lr,15,0.5564874551971326,0.0,,
chubby,0.5990740740740741,0.6859953703703704,single,male,lr,15,0.5990740740740741,0.0,,
double_chin,0.5446902654867256,0.6519174041297935,single,male,lr,15,0.5424778761061947,0.0022123893805309214,,
eyeglasses,0.9268932038834952,0.9863106796116504,single,male,lr,15,0.9268932038834952,0.0,,
goatee,0.6783898305084746,0.7758474576271186,single,male,lr,15,0.6555084745762711,0.022881355932203418,,
gray_hair,0.882716049382716,0.9642291864514086,single,male,lr,15,0.882716049382716,0.0,,
heavy_makeup,0.5520808655137013,0.5898286346047539,single,male,lr,15,0.5494353628681987,0.002645502645502562,,
high_cheekbones,0.5442137404580153,0.4492824427480916,single,male,lr,15,0.5442137404580153,0.0,,
male,0.98828125,0.9892578125,single,male,lr,15,0.98828125,0.0,,
mouth_slightly_open,0.5330272421181512,0.5366391184573003,single,male,lr,15,0.5284664830119375,0.004560759106213674,,
mustache,0.7241525423728814,0.8074152542372881,single,male,lr,15,0.6991525423728814,0.025000000000000022,,
narrow_eyes,0.5463754352643242,0.5349794238683128,single,male,lr,15,0.5463754352643242,0.0,,
no_beard,0.5427305678614579,0.4764397905759162,single,male,lr,15,0.5427305678614579,0.0,,
oval_face,0.5061443932411674,0.4540706605222734,single,male,lr,15,0.5061443932411674,0.0,,
pale_skin,0.613931523022432,0.7396694214876033,single,male,lr,15,0.613931523022432,0.0,,
pointy_nose,0.5063319764812302,0.5575757575757576,single,male,lr,15,0.49724106739032115,0.009090909090909038,,
receding_hairline,0.5066964285714286,0.5280412946428571,single,male,lr,15,0.5044642857142857,0.0022321428571429047,,
rosy_cheeks,0.6265075067683977,0.7189269013044548,single,male,lr,15,0.6265075067683977,0.0,,
sideburns,0.6493506493506493,0.6463821892393321,single,male,lr,15,0.6473098330241187,0.0020408163265306367,,
smiling,0.8375336432591143,0.9606679716173232,single,male,lr,15,0.8375336432591143,0.0,,
straight_hair,0.5695238095238095,0.5593073593073594,single,male,lr,15,0.5695238095238095,0.0,,
wavy_hair,0.5171949065898318,0.5566502463054187,single,male,lr,15,0.5196579607770239,-0.0024630541871920597,,
wearing_earrings,0.6630031659882406,0.7499773857982813,single,male,lr,15,0.6630031659882406,0.0,,
wearing_hat,0.9068675619609128,0.9606943989518506,single,male,lr,15,0.9068675619609128,0.0,,
wearing_lipstick,0.5586759312873963,0.548478414720453,single,male,lr,15,0.552306504535804,0.006369426751592355,,
wearing_necklace,0.6044602456367163,0.6263736263736264,single,male,lr,15,0.6044602456367163,0.0,,
wearing_necktie,0.5172413793103449,0.5037715517241379,single,male,lr,15,0.5150862068965517,0.0021551724137931494,,
young,0.8706709956709957,0.9466991341991342,single,male,lr,15,0.8706709956709957,0.0,,
5_o_clock_shadow,0.5419354838709678,0.582652329749104,single,male,lr,16,0.5625089605734768,-0.020573476702508975,,
arched_eyebrows,0.5774193548387097,0.6241167434715822,single,male,lr,16,0.5720430107526882,0.005376344086021501,,
attractive,0.4942714819427148,0.5661270236612702,single,male,lr,16,0.4942714819427148,0.0,,
bags_under_eyes,0.49595629355588056,0.4368063322722188,single,male,lr,16,0.5213800223694399,-0.025423728813559365,,
bald,0.7810413885180241,0.8797285269247884,single,male,lr,16,0.7810413885180241,0.0,,
bangs,0.7107843137254902,0.8232644409114998,single,male,lr,16,0.7107843137254902,0.0,,
big_lips,0.48214285714285715,0.4815848214285714,single,male,lr,16,0.47544642857142855,0.006696428571428603,,
big_nose,0.6240563150377474,0.6829898660137387,single,male,lr,16,0.6210977351560906,0.00295857988165682,,
black_hair,0.7409529211571186,0.8932501418037436,single,male,lr,16,0.7409529211571186,0.0,,
blond_hair,0.863716814159292,0.9151917404129795,single,male,lr,16,0.863716814159292,0.0,,
blurry,0.6747967479674797,0.7565040650406504,single,male,lr,16,0.6747967479674797,0.0,,
brown_hair,0.6602011494252874,0.7952586206896552,single,male,lr,16,0.6602011494252874,0.0,,
bushy_eyebrows,0.5587096774193548,0.5511111111111111,single,male,lr,16,0.5564874551971326,0.0022222222222222365,,
chubby,0.5990740740740741,0.6863425925925926,single,male,lr,16,0.5990740740740741,0.0,,
double_chin,0.5535398230088495,0.6480825958702064,single,male,lr,16,0.5424778761061947,0.011061946902654829,,
eyeglasses,0.9293203883495146,0.9861165048543687,single,male,lr,16,0.9268932038834952,0.0024271844660194164,,
goatee,0.6783898305084746,0.7766949152542373,single,male,lr,16,0.6555084745762711,0.022881355932203418,,
gray_hair,0.8847736625514404,0.9639126305792972,single,male,lr,16,0.882716049382716,0.002057613168724437,,
heavy_makeup,0.5446181789465372,0.5865118850193478,single,male,lr,16,0.5494353628681987,-0.0048171839216615275,,
high_cheekbones,0.5442137404580153,0.44897709923664125,single,male,lr,16,0.5442137404580153,0.0,,
male,0.98828125,0.9891357421875,single,male,lr,16,0.98828125,0.0,,
mouth_slightly_open,0.5247627793082339,0.5342516069788797,single,male,lr,16,0.5284664830119375,-0.0037037037037036535,,
mustache,0.7033898305084746,0.8074152542372881,single,male,lr,16,0.6991525423728814,0.004237288135593209,,
narrow_eyes,0.5443178220955999,0.5359290914846471,single,male,lr,16,0.5463754352643242,-0.002057613168724326,,
no_beard,0.5453483689085783,0.47555376560612167,single,male,lr,16,0.5427305678614579,0.002617801047120394,,
oval_face,0.5034562211981567,0.4521505376344086,single,male,lr,16,0.5061443932411674,-0.0026881720430107503,,
pale_skin,0.613931523022432,0.7399645808736717,single,male,lr,16,0.613931523022432,0.0,,
pointy_nose,0.5038444142921755,0.5588421528720036,single,male,lr,16,0.49724106739032115,0.006603346901854379,,
receding_hairline,0.5066964285714286,0.5312499999999999,single,male,lr,16,0.5044642857142857,0.0022321428571429047,,
rosy_cheeks,0.6265075067683977,0.7174501599803101,single,male,lr,16,0.6265075067683977,0.0,,
sideburns,0.6493506493506493,0.6471243042671614,single,male,lr,16,0.6473098330241187,0.0020408163265306367,,
smiling,0.8375336432591143,0.9605456324932713,single,male,lr,16,0.8375336432591143,0.0,,
straight_hair,0.5495238095238095,0.5565367965367966,single,male,lr,16,0.5695238095238095,-0.020000000000000018,,
wavy_hair,0.5171949065898318,0.5544195557207918,single,male,lr,16,0.5196579607770239,-0.0024630541871920597,,
wearing_earrings,0.6720940750791498,0.7499773857982813,single,male,lr,16,0.6630031659882406,0.00909090909090915,,
wearing_hat,0.9068675619609128,0.9605852167267168,single,male,lr,16,0.9068675619609128,0.0,,
wearing_lipstick,0.5586759312873963,0.5493148040918742,single,male,lr,16,0.552306504535804,0.006369426751592355,,
wearing_necklace,0.6044602456367163,0.626890756302521,single,male,lr,16,0.6044602456367163,0.0,,
wearing_necktie,0.5193965517241379,0.501257183908046,single,male,lr,16,0.5150862068965517,0.004310344827586188,,
young,0.8706709956709957,0.9464285714285714,single,male,lr,16,0.8706709956709957,0.0,,
5_o_clock_shadow,0.5486021505376344,0.5794982078853047,single,male,lr,17,0.5625089605734768,-0.013906810035842376,,
arched_eyebrows,0.5747311827956989,0.6227342549923195,single,male,lr,17,0.5720430107526882,0.0026881720430107503,,
attractive,0.4942714819427148,0.5714819427148194,single,male,lr,17,0.4942714819427148,0.0,,
bags_under_eyes,0.5129054460982534,0.43439731566721157,single,male,lr,17,0.5213800223694399,-0.008474576271186529,,
bald,0.7691366266132622,0.8773920783266578,single,male,lr,17,0.7810413885180241,-0.011904761904761862,,
bangs,0.7107843137254902,0.822204557498675,single,male,lr,17,0.7107843137254902,0.0,,
big_lips,0.484375,0.4884207589285714,single,male,lr,17,0.47544642857142855,0.008928571428571452,,
big_nose,0.6181391552744337,0.6814935727402571,single,male,lr,17,0.6210977351560906,-0.00295857988165682,,
black_hair,0.7409529211571186,0.8940442427680091,single,male,lr,17,0.7409529211571186,0.0,,
blond_hair,0.863716814159292,0.9134218289085546,single,male,lr,17,0.863716814159292,0.0,,
blurry,0.6747967479674797,0.7556910569105691,single,male,lr,17,0.6747967479674797,0.0,,
brown_hair,0.6602011494252874,0.7945402298850575,single,male,lr,17,0.6602011494252874,0.0,,
bushy_eyebrows,0.5564874551971326,0.5515412186379928,single,male,lr,17,0.5564874551971326,0.0,,
chubby,0.5990740740740741,0.6813657407407407,single,male,lr,17,0.5990740740740741,0.0,,
double_chin,0.5491150442477876,0.6497050147492626,single,male,lr,17,0.5424778761061947,0.006637168141592875,,
eyeglasses,0.9293203883495146,0.9859223300970873,single,male,lr,17,0.9268932038834952,0.0024271844660194164,,
goatee,0.6533898305084747,0.774364406779661,single,male,lr,17,0.6555084745762711,-0.0021186440677964935,,
gray_hair,0.8847736625514404,0.9642291864514086,single,male,lr,17,0.882716049382716,0.002057613168724437,,
heavy_makeup,0.5494353628681987,0.5809839690436706,single,male,lr,17,0.5494353628681987,0.0,,
high_cheekbones,0.5442137404580153,0.4491603053435115,single,male,lr,17,0.5442137404580153,0.0,,
male,0.98828125,0.98919677734375,single,male,lr,17,0.98828125,0.0,,
mouth_slightly_open,0.5210590756045301,0.5329660238751147,single,male,lr,17,0.5284664830119375,-0.007407407407407418,,
mustache,0.7241525423728814,0.8002118644067796,single,male,lr,17,0.6991525423728814,0.025000000000000022,,
narrow_eyes,0.5484330484330484,0.5333966445077556,single,male,lr,17,0.5463754352643242,0.002057613168724215,,
no_beard,0.5427305678614579,0.48046717680225537,single,male,lr,17,0.5427305678614579,0.0,,
oval_face,0.5034562211981567,0.45407066052227346,single,male,lr,17,0.5061443932411674,-0.0026881720430107503,,
pale_skin,0.613931523022432,0.7435064935064934,single,male,lr,17,0.613931523022432,0.0,,
pointy_nose,0.5063319764812302,0.5598371777476254,single,male,lr,17,0.49724106739032115,0.009090909090909038,,
receding_hairline,0.5111607142857143,0.5313895089285714,single,male,lr,17,0.5044642857142857,0.006696428571428603,,
rosy_cheeks,0.6265075067683977,0.7184346541964065,single,male,lr,17,0.6265075067683977,0.0,,
sideburns,0.6493506493506493,0.6482374768089053,single,male,lr,17,0.6473098330241187,0.0020408163265306367,,
smiling,0.8334352826033766,0.9601786151211157,single,male,lr,17,0.8375336432591143,-0.004098360655737654,,
straight_hair,0.5716883116883117,0.5579220779220779,single,male,lr,17,0.5695238095238095,0.0021645021645021467,,
wavy_hair,0.5196579607770239,0.5539548285156612,single,male,lr,17,0.5196579607770239,0.0,,
wearing_earrings,0.660515603799186,0.7458163726820444,single,male,lr,17,0.6630031659882406,-0.0024875621890546595,,
wearing_hat,0.8952396549841686,0.9609127634021182,single,male,lr,17,0.9068675619609128,-0.011627906976744207,,
wearing_lipstick,0.552306504535804,0.5394068069227305,single,male,lr,17,0.552306504535804,0.0,,
wearing_necklace,0.5856496444731739,0.6224951519069166,single,male,lr,17,0.6044602456367163,-0.018810601163542384,,
wearing_necktie,0.5129310344827587,0.5179597701149425,single,male,lr,17,0.5150862068965517,-0.0021551724137930384,,
young,0.8736471861471862,0.9464962121212122,single,male,lr,17,0.8706709956709957,0.0029761904761904656,,
5_o_clock_shadow,0.5463799283154123,0.5766308243727598,single,male,lr,18,0.5625089605734768,-0.016129032258064502,,
arched_eyebrows,0.5774193548387097,0.6214285714285714,single,male,lr,18,0.5720430107526882,0.005376344086021501,,
attractive,0.4942714819427148,0.5727895392278954,single,male,lr,18,0.4942714819427148,0.0,,
bags_under_eyes,0.5129054460982534,0.4360320055063237,single,male,lr,18,0.5213800223694399,-0.008474576271186529,,
bald,0.7691366266132622,0.8770582999554962,single,male,lr,18,0.7810413885180241,-0.011904761904761862,,
bangs,0.7107843137254902,0.8215421303656598,single,male,lr,18,0.7107843137254902,0.0,,
big_lips,0.47767857142857145,0.4857700892857143,single,male,lr,18,0.47544642857142855,0.0022321428571429047,,
big_nose,0.6181391552744337,0.6797932394749371,single,male,lr,18,0.6210977351560906,-0.00295857988165682,,
black_hair,0.7409529211571186,0.8934770277935338,single,male,lr,18,0.7409529211571186,0.0,,
blond_hair,0.8615044247787611,0.9138643067846607,single,male,lr,18,0.863716814159292,-0.0022123893805309214,,
blurry,0.6747967479674797,0.7585365853658537,single,male,lr,18,0.6747967479674797,0.0,,
brown_hair,0.6580459770114943,0.7941810344827586,single,male,lr,18,0.6602011494252874,-0.0021551724137931494,,
bushy_eyebrows,0.5564874551971326,0.5496774193548387,single,male,lr,18,0.5564874551971326,0.0,,
chubby,0.5990740740740741,0.6805555555555556,single,male,lr,18,0.5990740740740741,0.0,,
double_chin,0.5469026548672566,0.6517699115044248,single,male,lr,18,0.5424778761061947,0.004424778761061954,,
eyeglasses,0.9293203883495146,0.9858252427184465,single,male,lr,18,0.9268932038834952,0.0024271844660194164,,
goatee,0.6576271186440679,0.7775423728813559,single,male,lr,18,0.6555084745762711,0.0021186440677967155,,
gray_hair,0.882716049382716,0.9648622981956315,single,male,lr,18,0.882716049382716,0.0,,
heavy_makeup,0.5494353628681987,0.5835899865750612,single,male,lr,18,0.5494353628681987,0.0,,
high_cheekbones,0.5403969465648855,0.44897709923664125,single,male,lr,18,0.5442137404580153,-0.003816793893129833,,
male,0.98828125,0.98883056640625,single,male,lr,18,0.98828125,0.0,,
mouth_slightly_open,0.5293235384144476,0.5324762779308234,single,male,lr,18,0.5284664830119375,0.0008570554025100208,,
mustache,0.7491525423728813,0.7997881355932203,single,male,lr,18,0.6991525423728814,0.04999999999999993,,
narrow_eyes,0.5463754352643242,0.5308641975308641,single,male,lr,18,0.5463754352643242,0.0,,
no_beard,0.5453483689085783,0.4816753926701571,single,male,lr,18,0.5427305678614579,0.002617801047120394,,
oval_face,0.5088325652841782,0.45234254992319506,single,male,lr,18,0.5061443932411674,0.0026881720430107503,,
pale_skin,0.613931523022432,0.7426210153482881,single,male,lr,18,0.613931523022432,0.0,,
pointy_nose,0.5063319764812302,0.5606512890094979,single,male,lr,18,0.49724106739032115,0.009090909090909038,,
receding_hairline,0.5066964285714286,0.5320870535714285,single,male,lr,18,0.5044642857142857,0.0022321428571429047,,
rosy_cheeks,0.6285995569776028,0.7144966773320206,single,male,lr,18,0.6265075067683977,0.0020920502092051096,,
sideburns,0.6534322820037106,0.6486085343228202,single,male,lr,18,0.6473098330241187,0.00612244897959191,,
smiling,0.8375336432591143,0.9603009542451676,single,male,lr,18,0.8375336432591143,0.0,,
straight_hair,0.5695238095238095,0.5613852813852813,single,male,lr,18,0.5695238095238095,0.0,,
wavy_hair,0.5196579607770239,0.5523747560182174,single,male,lr,18,0.5196579607770239,0.0,,
wearing_earrings,0.6539122568973315,0.7461781999095431,single,male,lr,18,0.6630031659882406,-0.00909090909090915,,
wearing_hat,0.9068675619609128,0.9609127634021181,single,male,lr,18,0.9068675619609128,0.0,,
wearing_lipstick,0.557357009586309,0.5388921057710867,single,male,lr,18,0.552306504535804,0.005050505050504972,,
wearing_necklace,0.5856496444731739,0.6224951519069165,single,male,lr,18,0.6044602456367163,-0.018810601163542384,,
wearing_necktie,0.5150862068965517,0.5150862068965517,single,male,lr,18,0.5150862068965517,0.0,,
young,0.8736471861471862,0.9464285714285714,single,male,lr,18,0.8706709956709957,0.0029761904761904656,,
5_o_clock_shadow,0.5397132616487454,0.5774910394265232,single,male,lr,19,0.5625089605734768,-0.022795698924731322,,
arched_eyebrows,0.5783410138248848,0.6160522273425499,single,male,lr,19,0.5720430107526882,0.006298003072196634,,
attractive,0.4942714819427148,0.5739103362391034,single,male,lr,19,0.4942714819427148,0.0,,
bags_under_eyes,0.5213800223694399,0.4386130947259744,single,male,lr,19,0.5213800223694399,0.0,,
bald,0.7572318647085002,0.8749443702714731,single,male,lr,19,0.7810413885180241,-0.023809523809523836,,
bangs,0.7152888182299947,0.8212771595124536,single,male,lr,19,0.7107843137254902,0.0045045045045044585,,
big_lips,0.47544642857142855,0.4839564732142857,single,male,lr,19,0.47544642857142855,0.0,,
big_nose,0.6181391552744337,0.6774127729034891,single,male,lr,19,0.6210977351560906,-0.00295857988165682,,
black_hair,0.7409529211571186,0.8924560408394782,single,male,lr,19,0.7409529211571186,0.0,,
blond_hair,0.863716814159292,0.9162241887905606,single,male,lr,19,0.863716814159292,0.0,,
blurry,0.6768292682926829,0.7634146341463415,single,male,lr,19,0.6747967479674797,0.00203252032520318,,
brown_hair,0.6623563218390804,0.7961566091954022,single,male,lr,19,0.6602011494252874,0.0021551724137930384,,
bushy_eyebrows,0.5520430107526881,0.5429390681003584,single,male,lr,19,0.5564874551971326,-0.004444444444444473,,
chubby,0.5990740740740741,0.6828703703703703,single,male,lr,19,0.5990740740740741,0.0,,
double_chin,0.5446902654867256,0.6539085545722715,single,male,lr,19,0.5424778761061947,0.0022123893805309214,,
eyeglasses,0.9293203883495146,0.9862135922330096,single,male,lr,19,0.9268932038834952,0.0024271844660194164,,
goatee,0.6533898305084747,0.7822033898305084,single,male,lr,19,0.6555084745762711,-0.0021186440677964935,,
gray_hair,0.8806584362139918,0.9639126305792973,single,male,lr,19,0.882716049382716,-0.002057613168724215,,
heavy_makeup,0.537155492379373,0.5741135591881861,single,male,lr,19,0.5494353628681987,-0.012279870488825728,,
high_cheekbones,0.532763358778626,0.4516641221374046,single,male,lr,19,0.5442137404580153,-0.011450381679389277,,
male,0.98828125,0.9891357421875,single,male,lr,19,0.98828125,0.0,,
mouth_slightly_open,0.5330272421181512,0.5301499846954393,single,male,lr,19,0.5284664830119375,0.004560759106213674,,
mustache,0.726271186440678,0.7970338983050848,single,male,lr,19,0.6991525423728814,0.027118644067796627,,
narrow_eyes,0.5443178220955999,0.5305476416587528,single,male,lr,19,0.5463754352643242,-0.002057613168724326,,
no_beard,0.5479661699556988,0.4826419653644784,single,male,lr,19,0.5427305678614579,0.005235602094240899,,
oval_face,0.5088325652841782,0.4539938556067588,single,male,lr,19,0.5061443932411674,0.0026881720430107503,,
pale_skin,0.613931523022432,0.7435064935064934,single,male,lr,19,0.613931523022432,0.0,,
pointy_nose,0.508819538670285,0.5560379918588874,single,male,lr,19,0.49724106739032115,0.011578471279963809,,
receding_hairline,0.5089285714285714,0.5347377232142857,single,male,lr,19,0.5044642857142857,0.004464285714285698,,
rosy_cheeks,0.6306916071868078,0.7110509475756831,single,male,lr,19,0.6265075067683977,0.004184100418410108,,
sideburns,0.6575139146567719,0.6526901669758813,single,male,lr,19,0.6473098330241187,0.010204081632653184,,
smiling,0.8416320039148519,0.959872767310986,single,male,lr,19,0.8375336432591143,0.004098360655737654,,
straight_hair,0.5673593073593073,0.5575757575757576,single,male,lr,19,0.5695238095238095,-0.0021645021645022577,,
wavy_hair,0.5196579607770239,0.5522818105771912,single,male,lr,19,0.5196579607770239,0.0,,
wearing_earrings,0.649796472184532,0.7348710990502035,single,male,lr,19,0.6630031659882406,-0.013206693803708647,,
wearing_hat,0.8952396549841686,0.9617862212031881,single,male,lr,19,0.9068675619609128,-0.011627906976744207,,
wearing_lipstick,0.5541722962105128,0.5386347551952648,single,male,lr,19,0.552306504535804,0.0018657916747087944,,
wearing_necklace,0.592436974789916,0.6139625080801552,single,male,lr,19,0.6044602456367163,-0.012023270846800327,,
wearing_necktie,0.5172413793103449,0.52191091954023,single,male,lr,19,0.5150862068965517,0.0021551724137931494,,
young,0.8736471861471862,0.9471726190476191,single,male,lr,19,0.8706709956709957,0.0029761904761904656,,
5_o_clock_shadow,0.5602867383512544,0.5806451612903225,single,male,lr,20,0.5625089605734768,-0.0022222222222223476,,
arched_eyebrows,0.5783410138248848,0.6139016897081413,single,male,lr,20,0.5720430107526882,0.006298003072196634,,
attractive,0.4942714819427148,0.5735367372353674,single,male,lr,20,0.4942714819427148,0.0,,
bags_under_eyes,0.51884195130345,0.43560182396971525,single,male,lr,20,0.5213800223694399,-0.002538071065989911,,
bald,0.7668001780151313,0.8759457053849578,single,male,lr,20,0.7810413885180241,-0.014241210502892732,,
bangs,0.7152888182299947,0.8252517223105458,single,male,lr,20,0.7107843137254902,0.0045045045045044585,,
big_lips,0.484375,0.4808872767857142,single,male,lr,20,0.47544642857142855,0.008928571428571452,,
big_nose,0.6063048357478066,0.6782969462014554,single,male,lr,20,0.6210977351560906,-0.014792899408283988,,
black_hair,0.7409529211571186,0.893930799773114,single,male,lr,20,0.7409529211571186,0.0,,
blond_hair,0.863716814159292,0.9184365781710915,single,male,lr,20,0.863716814159292,0.0,,
blurry,0.6727642276422765,0.7552845528455284,single,male,lr,20,0.6747967479674797,-0.00203252032520318,,
brown_hair,0.6666666666666667,0.7934626436781609,single,male,lr,20,0.6602011494252874,0.006465517241379337,,
bushy_eyebrows,0.5475985663082437,0.5473835125448028,single,male,lr,20,0.5564874551971326,-0.008888888888888946,,
chubby,0.6037037037037037,0.6851851851851851,single,male,lr,20,0.5990740740740741,0.00462962962962965,,
double_chin,0.5469026548672566,0.6529498525073746,single,male,lr,20,0.5424778761061947,0.004424778761061954,,
eyeglasses,0.931747572815534,0.9865048543689319,single,male,lr,20,0.9268932038834952,0.004854368932038833,,
goatee,0.6576271186440679,0.7875000000000001,single,male,lr,20,0.6555084745762711,0.0021186440677967155,,
gray_hair,0.8806584362139918,0.9626464070908515,single,male,lr,20,0.882716049382716,-0.002057613168724215,,
heavy_makeup,0.5125957514017215,0.5608465608465608,single,male,lr,20,0.5494353628681987,-0.036839611466477185,,
high_cheekbones,0.5289465648854962,0.45636641221374047,single,male,lr,20,0.5442137404580153,-0.01526717557251911,,
male,0.98828125,0.98931884765625,single,male,lr,20,0.98828125,0.0,,
mouth_slightly_open,0.5247627793082339,0.5319253137434956,single,male,lr,20,0.5284664830119375,-0.0037037037037036535,,
mustache,0.6991525423728814,0.7944915254237287,single,male,lr,20,0.6991525423728814,0.0,,
narrow_eyes,0.5443178220955999,0.5359290914846471,single,male,lr,20,0.5463754352643242,-0.002057613168724326,,
no_beard,0.5532017720499396,0.4877970197341925,single,male,lr,20,0.5427305678614579,0.010471204188481686,,
oval_face,0.5088325652841782,0.45330261136712746,single,male,lr,20,0.5061443932411674,0.0026881720430107503,,
pale_skin,0.6159976387249114,0.7452774498229043,single,male,lr,20,0.613931523022432,0.0020661157024793875,,
pointy_nose,0.5063319764812302,0.5630936227951153,single,male,lr,20,0.49724106739032115,0.009090909090909038,,
receding_hairline,0.5044642857142857,0.5334821428571428,single,male,lr,20,0.5044642857142857,0.0,,
rosy_cheeks,0.6601033718926901,0.725326113709082,single,male,lr,20,0.6265075067683977,0.03359586512429236,,
sideburns,0.6452690166975881,0.6471243042671614,single,male,lr,20,0.6473098330241187,-0.0020408163265306367,,
smiling,0.8416320039148519,0.9607291411793492,single,male,lr,20,0.8375336432591143,0.004098360655737654,,
straight_hair,0.5673593073593073,0.5546320346320346,single,male,lr,20,0.5695238095238095,-0.0021645021645022577,,
wavy_hair,0.5196579607770239,0.5544195557207919,single,male,lr,20,0.5196579607770239,0.0,,
wearing_earrings,0.6522840343735866,0.7361374943464496,single,male,lr,20,0.6630031659882406,-0.010719131614653987,,
wearing_hat,0.8952396549841686,0.9616770389780545,single,male,lr,20,0.9068675619609128,-0.011627906976744207,,
wearing_lipstick,0.5321044843337837,0.5285980827382102,single,male,lr,20,0.552306504535804,-0.020202020202020332,,
wearing_necklace,0.59469941822883,0.6179702650290887,single,male,lr,20,0.6044602456367163,-0.009760827407886308,,
wearing_necktie,0.521551724137931,0.5222701149425287,single,male,lr,20,0.5150862068965517,0.006465517241379337,,
young,0.8736471861471862,0.9475784632034632,single,male,lr,20,0.8706709956709957,0.0029761904761904656,,
5_o_clock_shadow,0.49691756272401433,0.5466666666666667,single,male,lr,21,0.5625089605734768,-0.06559139784946244,,
arched_eyebrows,0.575652841781874,0.6175115207373272,single,male,lr,21,0.5720430107526882,0.0036098310291858837,,
attractive,0.4942714819427148,0.5867372353673723,single,male,lr,21,0.4942714819427148,0.0,,
bags_under_eyes,0.5103673750322636,0.43663425965757546,single,male,lr,21,0.5213800223694399,-0.011012647337176329,,
bald,0.7548954161103694,0.8728304405874499,single,male,lr,21,0.7810413885180241,-0.026145972407654705,,
bangs,0.7152888182299947,0.8244568097509274,single,male,lr,21,0.7107843137254902,0.0045045045045044585,,
big_lips,0.47767857142857145,0.4800502232142857,single,male,lr,21,0.47544642857142855,0.0022321428571429047,,
big_nose,0.6063048357478066,0.6729238930830443,single,male,lr,21,0.6210977351560906,-0.014792899408283988,,
black_hair,0.7409529211571186,0.8933635847986388,single,male,lr,21,0.7409529211571186,0.0,,
blond_hair,0.863716814159292,0.9163716814159293,single,male,lr,21,0.863716814159292,0.0,,
blurry,0.6768292682926829,0.7565040650406504,single,male,lr,21,0.6747967479674797,0.00203252032520318,,
brown_hair,0.6580459770114943,0.792205459770115,single,male,lr,21,0.6602011494252874,-0.0021551724137931494,,
bushy_eyebrows,0.5453763440860215,0.5377777777777778,single,male,lr,21,0.5564874551971326,-0.011111111111111072,,
chubby,0.6013888888888889,0.6802083333333333,single,male,lr,21,0.5990740740740741,0.0023148148148147696,,
double_chin,0.5446902654867256,0.654424778761062,single,male,lr,21,0.5424778761061947,0.0022123893805309214,,
eyeglasses,0.9244660194174756,0.9861165048543687,single,male,lr,21,0.9268932038834952,-0.0024271844660195274,,
goatee,0.6597457627118644,0.7862288135593221,single,male,lr,21,0.6555084745762711,0.004237288135593209,,
gray_hair,0.8786008230452675,0.962962962962963,single,male,lr,21,0.882716049382716,-0.00411522633744843,,
heavy_makeup,0.5398009950248757,0.578141040827608,single,male,lr,21,0.5494353628681987,-0.009634367843323055,,
high_cheekbones,0.5251297709923664,0.45496183206106877,single,male,lr,21,0.5442137404580153,-0.019083969465648942,,
male,0.98828125,0.98828125,single,male,lr,21,0.98828125,0.0,,
mouth_slightly_open,0.5371594735231099,0.5320477502295684,single,male,lr,21,0.5284664830119375,0.008692990511172338,,
mustache,0.7241525423728814,0.7879237288135593,single,male,lr,21,0.6991525423728814,0.025000000000000022,,
narrow_eyes,0.5463754352643242,0.5280151946818614,single,male,lr,21,0.5463754352643242,0.0,,
no_beard,0.5532017720499396,0.4968989126057189,single,male,lr,21,0.5427305678614579,0.010471204188481686,,
oval_face,0.5061443932411674,0.4535330261136713,single,male,lr,21,0.5061443932411674,0.0,,
pale_skin,0.613931523022432,0.75,single,male,lr,21,0.613931523022432,0.0,,
pointy_nose,0.5063319764812302,0.575033921302578,single,male,lr,21,0.49724106739032115,0.009090909090909038,,
receding_hairline,0.5022321428571428,0.5309709821428572,single,male,lr,21,0.5044642857142857,-0.0022321428571429047,,
rosy_cheeks,0.6538272212650751,0.7300024612355402,single,male,lr,21,0.6265075067683977,0.02731971449667736,,
sideburns,0.6432282003710575,0.6437847866419295,single,male,lr,21,0.6473098330241187,-0.004081632653061162,,
smiling,0.8375336432591143,0.9596892586249082,single,male,lr,21,0.8375336432591143,0.0,,
straight_hair,0.5695238095238095,0.5608658008658008,single,male,lr,21,0.5695238095238095,0.0,,
wavy_hair,0.5196579607770239,0.5573008643926016,single,male,lr,21,0.5196579607770239,0.0,,
wearing_earrings,0.658887381275441,0.7331524197195839,single,male,lr,21,0.6630031659882406,-0.004115784712799608,,
wearing_hat,0.9068675619609128,0.9605852167267168,single,male,lr,21,0.9068675619609128,0.0,,
wearing_lipstick,0.552306504535804,0.5433957408479702,single,male,lr,21,0.552306504535804,0.0,,
wearing_necklace,0.5781512605042016,0.6147382029734971,single,male,lr,21,0.6044602456367163,-0.026308985132514673,,
wearing_necktie,0.5172413793103449,0.5246048850574712,single,male,lr,21,0.5150862068965517,0.0021551724137931494,,
young,0.8766233766233766,0.948728354978355,single,male,lr,21,0.8706709956709957,0.005952380952380931,,
5_o_clock_shadow,0.5130465949820788,0.5564157706093189,single,male,lr,22,0.5625089605734768,-0.04946236559139794,,
arched_eyebrows,0.575652841781874,0.6168970814132105,single,male,lr,22,0.5720430107526882,0.0036098310291858837,,
attractive,0.4988169364881694,0.5985678704856787,single,male,lr,22,0.4942714819427148,0.004545454545454575,,
bags_under_eyes,0.5230577303622128,0.44368923685795403,single,male,lr,22,0.5213800223694399,0.0016777079927728922,,
bald,0.7548954161103694,0.8654873164218959,single,male,lr,22,0.7810413885180241,-0.026145972407654705,,
bangs,0.6983306836248013,0.8298887122416534,single,male,lr,22,0.7107843137254902,-0.012453630100688895,,
big_lips,0.4888392857142857,0.4861886160714286,single,male,lr,22,0.47544642857142855,0.01339285714285715,,
big_nose,0.6151805753927769,0.6776848262259403,single,male,lr,22,0.6210977351560906,-0.00591715976331364,,
black_hair,0.753148043108338,0.8931366988088485,single,male,lr,22,0.7409529211571186,0.012195121951219412,,
blond_hair,0.8926253687315635,0.927433628318584,single,male,lr,22,0.863716814159292,0.028908554572271483,,
blurry,0.6808943089430894,0.7589430894308943,single,male,lr,22,0.6747967479674797,0.0060975609756097615,,
brown_hair,0.6580459770114943,0.7902298850574714,single,male,lr,22,0.6602011494252874,-0.0021551724137931494,,
bushy_eyebrows,0.5387096774193548,0.5327598566308244,single,male,lr,22,0.5564874551971326,-0.01777777777777778,,
chubby,0.6013888888888889,0.6803240740740741,single,male,lr,22,0.5990740740740741,0.0023148148148147696,,
double_chin,0.5579646017699115,0.6626843657817109,single,male,lr,22,0.5424778761061947,0.015486725663716783,,
eyeglasses,0.9268932038834952,0.9860194174757281,single,male,lr,22,0.9268932038834952,0.0,,
goatee,0.686864406779661,0.8135593220338982,single,male,lr,22,0.6555084745762711,0.031355932203389836,,
gray_hair,0.8786008230452675,0.9594808483697372,single,male,lr,22,0.882716049382716,-0.00411522633744843,,
heavy_makeup,0.5270473031667061,0.5815367606412383,single,male,lr,22,0.5494353628681987,-0.022388059701492602,,
high_cheekbones,0.5098625954198474,0.46430534351145036,single,male,lr,22,0.5442137404580153,-0.03435114503816794,,
male,0.984375,0.98712158203125,single,male,lr,22,0.98828125,-0.00390625,,
mouth_slightly_open,0.5375880012243649,0.5348025711662076,single,male,lr,22,0.5284664830119375,0.009121518212427349,,
mustache,0.6885593220338984,0.7673728813559322,single,male,lr,22,0.6991525423728814,-0.010593220338983023,,
narrow_eyes,0.5807217473884141,0.5302310857866415,single,male,lr,22,0.5463754352643242,0.034346312124089895,,
no_beard,0.5662907772855417,0.5564236810310108,single,male,lr,22,0.5427305678614579,0.023560209424083767,,
oval_face,0.5061443932411674,0.4606758832565284,single,male,lr,22,0.5061443932411674,0.0,,
pale_skin,0.6097992916174735,0.7665289256198348,single,male,lr,22,0.613931523022432,-0.004132231404958553,,
pointy_nose,0.5071008593396653,0.5924016282225237,single,male,lr,22,0.49724106739032115,0.009859791949344165,,
receding_hairline,0.4955357142857143,0.5164620535714285,single,male,lr,22,0.5044642857142857,-0.008928571428571397,,
rosy_cheeks,0.6790548855525473,0.7447698744769874,single,male,lr,22,0.6265075067683977,0.05254737878414961,,
sideburns,0.6289424860853432,0.6359925788497217,single,male,lr,22,0.6473098330241187,-0.01836734693877551,,
smiling,0.8375336432591143,0.9574259848299487,single,male,lr,22,0.8375336432591143,0.0,,
straight_hair,0.5695238095238095,0.5625974025974027,single,male,lr,22,0.5695238095238095,0.0,,
wavy_hair,0.5266288688539827,0.5990333674133285,single,male,lr,22,0.5196579607770239,0.006970908076958882,,
wearing_earrings,0.6225237449118046,0.7220262324739937,single,male,lr,22,0.6630031659882406,-0.040479421076435984,,
wearing_hat,0.9092149798012883,0.9586199366743093,single,male,lr,22,0.9068675619609128,0.0023474178403755097,,
wearing_lipstick,0.5908447532651354,0.5806472366981921,single,male,lr,22,0.552306504535804,0.038538248729331426,,
wearing_necklace,0.5631544925662573,0.6108597285067873,single,male,lr,22,0.6044602456367163,-0.04130575307045903,,
wearing_necktie,0.5237068965517242,0.5197557471264367,single,male,lr,22,0.5150862068965517,0.008620689655172487,,
young,0.8706709956709957,0.9460903679653679,single,male,lr,22,0.8706709956709957,0.0,,
5_o_clock_shadow,0.4902508960573476,0.5136917562724014,single,male,lr,23,0.5625089605734768,-0.07225806451612915,,
arched_eyebrows,0.5801075268817204,0.6133640552995392,single,male,lr,23,0.5720430107526882,0.008064516129032251,,
attractive,0.4942714819427148,0.5855541718555417,single,male,lr,23,0.4942714819427148,0.0,,
bags_under_eyes,0.5264561645014196,0.4487653789899337,single,male,lr,23,0.5213800223694399,0.005076142131979711,,
bald,0.7310858923008456,0.8508010680907877,single,male,lr,23,0.7810413885180241,-0.04995549621717843,,
bangs,0.7005829358770534,0.8032591414944357,single,male,lr,23,0.7107843137254902,-0.010201377848436777,,
big_lips,0.47544642857142855,0.4817243303571429,single,male,lr,23,0.47544642857142855,0.0,,
big_nose,0.5974290961028361,0.6491192273685642,single,male,lr,23,0.6210977351560906,-0.023668639053254448,,
black_hair,0.7409529211571186,0.8915484968803176,single,male,lr,23,0.7409529211571186,0.0,,
blond_hair,0.8926253687315635,0.9333333333333333,single,male,lr,23,0.863716814159292,0.028908554572271483,,
blurry,0.6788617886178862,0.7597560975609756,single,male,lr,23,0.6747967479674797,0.004065040650406471,,
brown_hair,0.6580459770114943,0.798132183908046,single,male,lr,23,0.6602011494252874,-0.0021551724137931494,,
bushy_eyebrows,0.5187096774193548,0.4943369175627241,single,male,lr,23,0.5564874551971326,-0.0377777777777778,,
chubby,0.5967592592592592,0.6665509259259259,single,male,lr,23,0.5990740740740741,-0.0023148148148148806,,
double_chin,0.5646017699115045,0.6663716814159292,single,male,lr,23,0.5424778761061947,0.02212389380530977,,
eyeglasses,0.9099029126213591,0.9833009708737863,single,male,lr,23,0.9268932038834952,-0.016990291262136026,,
goatee,0.6932203389830508,0.833050847457627,single,male,lr,23,0.6555084745762711,0.03771186440677965,,
gray_hair,0.8724279835390947,0.949667616334283,single,male,lr,23,0.882716049382716,-0.010288065843621297,,
heavy_makeup,0.5568980494353628,0.6105978046276553,single,male,lr,23,0.5494353628681987,0.00746268656716409,,
high_cheekbones,0.532763358778626,0.46106870229007635,single,male,lr,23,0.5442137404580153,-0.011450381679389277,,
male,0.6171875,0.90625,single,male,lr,23,0.98828125,-0.37109375,,
mouth_slightly_open,0.5375880012243649,0.5280685644322007,single,male,lr,23,0.5284664830119375,0.009121518212427349,,
mustache,0.6699152542372881,0.7338983050847457,single,male,lr,23,0.6991525423728814,-0.02923728813559323,,
narrow_eyes,0.5848369737258626,0.5273820829376386,single,male,lr,23,0.5463754352643242,0.038461538461538436,,
no_beard,0.5921465968586388,0.6364075714861055,single,male,lr,23,0.5427305678614579,0.049416028997180894,,
oval_face,0.5061443932411674,0.45537634408602146,single,male,lr,23,0.5061443932411674,0.0,,
pale_skin,0.6159976387249114,0.769185360094451,single,male,lr,23,0.613931523022432,0.0020661157024793875,,
pointy_nose,0.5095884215287201,0.5924920850293984,single,male,lr,23,0.49724106739032115,0.012347354138398936,,
receding_hairline,0.48660714285714285,0.48228236607142855,single,male,lr,23,0.5044642857142857,-0.01785714285714285,,
rosy_cheeks,0.6853310361801624,0.7378784149643121,single,male,lr,23,0.6265075067683977,0.05882352941176472,,
sideburns,0.6309833024118738,0.6170686456400742,single,male,lr,23,0.6473098330241187,-0.01632653061224487,,
smiling,0.8453633471984341,0.9549792023489112,single,male,lr,23,0.8375336432591143,0.00782970393931981,,
straight_hair,0.5181818181818182,0.5684848484848485,single,male,lr,23,0.5695238095238095,-0.051341991341991355,,
wavy_hair,0.531554977228367,0.6073055116646529,single,male,lr,23,0.5196579607770239,0.011897016451343112,,
wearing_earrings,0.626729986431479,0.687019448213478,single,male,lr,23,0.6630031659882406,-0.03627317955676157,,
wearing_hat,0.9092149798012883,0.948793536412272,single,male,lr,23,0.9068675619609128,0.0023474178403755097,,
wearing_lipstick,0.6413498037701859,0.7079714340860839,single,male,lr,23,0.552306504535804,0.08904329923438192,,
wearing_necklace,0.5692307692307692,0.5861667744020684,single,male,lr,23,0.6044602456367163,-0.03522947640594709,,
wearing_necktie,0.5150862068965517,0.5326867816091954,single,male,lr,23,0.5150862068965517,0.0,,
young,0.856060606060606,0.9408143939393939,single,male,lr,23,0.8706709956709957,-0.01461038961038974,,
5_o_clock_shadow,0.5625089605734768,0.5853763440860215,single,male,pclarc,0,0.5625089605734768,0.0,,
arched_eyebrows,0.5747311827956989,0.6253456221198157,single,male,pclarc,0,0.5720430107526882,0.0026881720430107503,,
attractive,0.4942714819427148,0.574159402241594,single,male,pclarc,0,0.4942714819427148,0.0,,
bags_under_eyes,0.51884195130345,0.4374946227307923,single,male,pclarc,0,0.5213800223694399,-0.002538071065989911,,
bald,0.7691366266132622,0.8810636404094347,single,male,pclarc,0,0.7810413885180241,-0.011904761904761862,,
bangs,0.7130365659777425,0.8261791202967673,single,male,pclarc,0,0.7107843137254902,0.0022522522522522292,,
big_lips,0.47767857142857145,0.48311941964285715,single,male,pclarc,0,0.47544642857142855,0.0022321428571429047,,
big_nose,0.6240563150377474,0.6822417193769978,single,male,pclarc,0,0.6210977351560906,0.00295857988165682,,
black_hair,0.7386273397617698,0.8917753828701077,single,male,pclarc,0,0.7409529211571186,-0.0023255813953488857,,
blond_hair,0.863716814159292,0.9162241887905604,single,male,pclarc,0,0.863716814159292,0.0,,
blurry,0.6727642276422765,0.7597560975609756,single,male,pclarc,0,0.6747967479674797,-0.00203252032520318,,
brown_hair,0.6623563218390804,0.7970545977011494,single,male,pclarc,0,0.6602011494252874,0.0021551724137930384,,
bushy_eyebrows,0.5564874551971326,0.5539784946236559,single,male,pclarc,0,0.5564874551971326,0.0,,
chubby,0.5990740740740741,0.6809027777777779,single,male,pclarc,0,0.5990740740740741,0.0,,
double_chin,0.5402654867256637,0.6520648967551623,single,male,pclarc,0,0.5424778761061947,-0.0022123893805310324,,
eyeglasses,0.9268932038834952,0.9864077669902912,single,male,pclarc,0,0.9268932038834952,0.0,,
goatee,0.6533898305084747,0.7739406779661017,single,male,pclarc,0,0.6555084745762711,-0.0021186440677964935,,
gray_hair,0.8806584362139918,0.9632795188350743,single,male,pclarc,0,0.882716049382716,-0.002057613168724215,,
heavy_makeup,0.5520808655137013,0.5910131880281134,single,male,pclarc,0,0.5494353628681987,0.002645502645502562,,
high_cheekbones,0.5402137404580153,0.44690076335877865,single,male,pclarc,0,0.5442137404580153,-0.0040000000000000036,,
male,0.98828125,0.98907470703125,single,male,pclarc,0,0.98828125,0.0,,
mouth_slightly_open,0.5284664830119375,0.5365166819712274,single,male,pclarc,0,0.5284664830119375,0.0,,
mustache,0.7241525423728814,0.8014830508474576,single,male,pclarc,0,0.6991525423728814,0.025000000000000022,,
narrow_eyes,0.5504906616017727,0.529281418170307,single,male,pclarc,0,0.5463754352643242,0.004115226337448541,,
no_beard,0.5453483689085783,0.47788964961739827,single,male,pclarc,0,0.5427305678614579,0.002617801047120394,,
oval_face,0.5088325652841782,0.4557603686635945,single,male,pclarc,0,0.5061443932411674,0.0026881720430107503,,
pale_skin,0.613931523022432,0.7423258559622196,single,male,pclarc,0,0.613931523022432,0.0,,
pointy_nose,0.49724106739032115,0.5597467209407507,single,male,pclarc,0,0.49724106739032115,0.0,,
receding_hairline,0.5089285714285714,0.5297154017857142,single,male,pclarc,0,0.5044642857142857,0.004464285714285698,,
rosy_cheeks,0.6265075067683977,0.7236032488309131,single,male,pclarc,0,0.6265075067683977,0.0,,
sideburns,0.6493506493506493,0.6486085343228201,single,male,pclarc,0,0.6473098330241187,0.0020408163265306367,,
smiling,0.8416320039148519,0.9602397846831416,single,male,pclarc,0,0.8375336432591143,0.004098360655737654,,
straight_hair,0.5695238095238095,0.5572294372294373,single,male,pclarc,0,0.5695238095238095,0.0,,
wavy_hair,0.5196579607770239,0.5581373733618367,single,male,pclarc,0,0.5196579607770239,0.0,,
wearing_earrings,0.6630031659882406,0.7476255088195387,single,male,pclarc,0,0.6630031659882406,0.0,,
wearing_hat,0.9068675619609128,0.9611311278523856,single,male,pclarc,0,0.9068675619609128,0.0,,
wearing_lipstick,0.5554912179116,0.5444894807952132,single,male,pclarc,0,0.552306504535804,0.0031847133757960666,,
wearing_necklace,0.6089851325145443,0.6232708468002586,single,male,pclarc,0,0.6044602456367163,0.004524886877828038,,
wearing_necktie,0.5150862068965517,0.5073635057471264,single,male,pclarc,0,0.5150862068965517,0.0,,
young,0.8736471861471862,0.9470373376623377,single,male,pclarc,0,0.8706709956709957,0.0029761904761904656,,
5_o_clock_shadow,0.5602867383512544,0.5833691756272401,single,male,pclarc,1,0.5625089605734768,-0.0022222222222223476,,
arched_eyebrows,0.581874039938556,0.6244239631336407,single,male,pclarc,1,0.5720430107526882,0.009831029185867868,,
attractive,0.4942714819427148,0.5749688667496886,single,male,pclarc,1,0.4942714819427148,0.0,,
bags_under_eyes,0.5213800223694399,0.437064441194184,single,male,pclarc,1,0.5213800223694399,0.0,,
bald,0.7572318647085002,0.880173564753004,single,male,pclarc,1,0.7810413885180241,-0.023809523809523836,,
bangs,0.7152888182299947,0.8245892951775304,single,male,pclarc,1,0.7107843137254902,0.0045045045045044585,,
big_lips,0.4799107142857143,0.4822823660714286,single,male,pclarc,1,0.47544642857142855,0.004464285714285754,,
big_nose,0.6210977351560906,0.6810174794259676,single,male,pclarc,1,0.6210977351560906,0.0,,
black_hair,0.7409529211571186,0.8930232558139535,single,male,pclarc,1,0.7409529211571186,0.0,,
blond_hair,0.863716814159292,0.9160766961651917,single,male,pclarc,1,0.863716814159292,0.0,,
blurry,0.6747967479674797,0.7560975609756098,single,male,pclarc,1,0.6747967479674797,0.0,,
brown_hair,0.6623563218390804,0.7963362068965517,single,male,pclarc,1,0.6602011494252874,0.0021551724137930384,,
bushy_eyebrows,0.5564874551971326,0.5532616487455196,single,male,pclarc,1,0.5564874551971326,0.0,,
chubby,0.6013888888888889,0.6818287037037037,single,male,pclarc,1,0.5990740740740741,0.0023148148148147696,,
double_chin,0.5424778761061947,0.6532448377581122,single,male,pclarc,1,0.5424778761061947,0.0,,
eyeglasses,0.9268932038834952,0.9866019417475728,single,male,pclarc,1,0.9268932038834952,0.0,,
goatee,0.6826271186440678,0.774364406779661,single,male,pclarc,1,0.6555084745762711,0.027118644067796627,,
gray_hair,0.8806584362139918,0.9632795188350745,single,male,pclarc,1,0.882716049382716,-0.002057613168724215,,
heavy_makeup,0.5520808655137013,0.5922767116796969,single,male,pclarc,1,0.5494353628681987,0.002645502645502562,,
high_cheekbones,0.5442137404580153,0.4464732824427481,single,male,pclarc,1,0.5442137404580153,0.0,,
male,0.98828125,0.98907470703125,single,male,pclarc,1,0.98828125,0.0,,
mouth_slightly_open,0.5284664830119375,0.5360269360269361,single,male,pclarc,1,0.5284664830119375,0.0,,
mustache,0.7241525423728814,0.8025423728813559,single,male,pclarc,1,0.6991525423728814,0.025000000000000022,,
narrow_eyes,0.5484330484330484,0.5286483064260843,single,male,pclarc,1,0.5463754352643242,0.002057613168724215,,
no_beard,0.5427305678614579,0.47732581554571074,single,male,pclarc,1,0.5427305678614579,0.0,,
oval_face,0.5088325652841782,0.45483870967741935,single,male,pclarc,1,0.5061443932411674,0.0026881720430107503,,
pale_skin,0.613931523022432,0.744982290436836,single,male,pclarc,1,0.613931523022432,0.0,,
pointy_nose,0.5063319764812302,0.5601085481682497,single,male,pclarc,1,0.49724106739032115,0.009090909090909038,,
receding_hairline,0.5066964285714286,0.5308314732142857,single,male,pclarc,1,0.5044642857142857,0.0022321428571429047,,
rosy_cheeks,0.6265075067683977,0.7236032488309131,single,male,pclarc,1,0.6265075067683977,0.0,,
sideburns,0.6493506493506493,0.6493506493506493,single,male,pclarc,1,0.6473098330241187,0.0020408163265306367,,
smiling,0.8375336432591143,0.9598115977489601,single,male,pclarc,1,0.8375336432591143,0.0,,
straight_hair,0.5695238095238095,0.5598268398268398,single,male,pclarc,1,0.5695238095238095,0.0,,
wavy_hair,0.5196579607770239,0.5576726461567061,single,male,pclarc,1,0.5196579607770239,0.0,,
wearing_earrings,0.660515603799186,0.7473541383989146,single,male,pclarc,1,0.6630031659882406,-0.0024875621890546595,,
wearing_hat,0.9068675619609128,0.9615678567529206,single,male,pclarc,1,0.9068675619609128,0.0,,
wearing_lipstick,0.5491217911600077,0.5434600784919256,single,male,pclarc,1,0.552306504535804,-0.0031847133757962887,,
wearing_necklace,0.592436974789916,0.6227537168713639,single,male,pclarc,1,0.6044602456367163,-0.012023270846800327,,
wearing_necktie,0.5150862068965517,0.5091594827586207,single,male,pclarc,1,0.5150862068965517,0.0,,
young,0.8706709956709957,0.9471049783549783,single,male,pclarc,1,0.8706709956709957,0.0,,
5_o_clock_shadow,0.5625089605734768,0.5843727598566308,single,male,pclarc,2,0.5625089605734768,0.0,,
arched_eyebrows,0.5774193548387097,0.6257296466973886,single,male,pclarc,2,0.5720430107526882,0.005376344086021501,,
attractive,0.4942714819427148,0.576214196762142,single,male,pclarc,2,0.4942714819427148,0.0,,
bags_under_eyes,0.5213800223694399,0.437322550116149,single,male,pclarc,2,0.5213800223694399,0.0,,
bald,0.7572318647085002,0.8799510458388964,single,male,pclarc,2,0.7810413885180241,-0.023809523809523836,,
bangs,0.7107843137254902,0.8248542660307365,single,male,pclarc,2,0.7107843137254902,0.0,,
big_lips,0.48214285714285715,0.48339843750000006,single,male,pclarc,2,0.47544642857142855,0.006696428571428603,,
big_nose,0.6210977351560906,0.6825817860300619,single,male,pclarc,2,0.6210977351560906,0.0,,
black_hair,0.7409529211571186,0.8915484968803176,single,male,pclarc,2,0.7409529211571186,0.0,,
blond_hair,0.863716814159292,0.9157817109144542,single,male,pclarc,2,0.863716814159292,0.0,,
blurry,0.6747967479674797,0.7601626016260163,single,male,pclarc,2,0.6747967479674797,0.0,,
brown_hair,0.6623563218390804,0.7957974137931034,single,male,pclarc,2,0.6602011494252874,0.0021551724137930384,,
bushy_eyebrows,0.5564874551971326,0.5531182795698925,single,male,pclarc,2,0.5564874551971326,0.0,,
chubby,0.6013888888888889,0.6826388888888888,single,male,pclarc,2,0.5990740740740741,0.0023148148148147696,,
double_chin,0.5402654867256637,0.6539823008849558,single,male,pclarc,2,0.5424778761061947,-0.0022123893805310324,,
eyeglasses,0.9268932038834952,0.9863106796116505,single,male,pclarc,2,0.9268932038834952,0.0,,
goatee,0.6576271186440679,0.7754237288135593,single,male,pclarc,2,0.6555084745762711,0.0021186440677967155,,
gray_hair,0.8806584362139918,0.9639126305792972,single,male,pclarc,2,0.882716049382716,-0.002057613168724215,,
heavy_makeup,0.554726368159204,0.5925925925925926,single,male,pclarc,2,0.5494353628681987,0.005291005291005235,,
high_cheekbones,0.5480305343511451,0.4481221374045802,single,male,pclarc,2,0.5442137404580153,0.003816793893129833,,
male,0.98828125,0.98907470703125,single,male,pclarc,2,0.98828125,0.0,,
mouth_slightly_open,0.5284664830119375,0.5370064279155188,single,male,pclarc,2,0.5284664830119375,0.0,,
mustache,0.7241525423728814,0.8027542372881356,single,male,pclarc,2,0.6991525423728814,0.025000000000000022,,
narrow_eyes,0.5463754352643242,0.52769863880975,single,male,pclarc,2,0.5463754352643242,0.0,,
no_beard,0.5427305678614579,0.4782923882400322,single,male,pclarc,2,0.5427305678614579,0.0,,
oval_face,0.5088325652841782,0.45529953917050686,single,male,pclarc,2,0.5061443932411674,0.0026881720430107503,,
pale_skin,0.613931523022432,0.7423258559622196,single,male,pclarc,2,0.613931523022432,0.0,,
pointy_nose,0.5063319764812302,0.5608322026232473,single,male,pclarc,2,0.49724106739032115,0.009090909090909038,,
receding_hairline,0.5066964285714286,0.5316685267857143,single,male,pclarc,2,0.5044642857142857,0.0022321428571429047,,
rosy_cheeks,0.6265075067683977,0.7248338666010338,single,male,pclarc,2,0.6265075067683977,0.0,,
sideburns,0.6493506493506493,0.651948051948052,single,male,pclarc,2,0.6473098330241187,0.0020408163265306367,,
smiling,0.8375336432591143,0.959872767310986,single,male,pclarc,2,0.8375336432591143,0.0,,
straight_hair,0.5716883116883117,0.557056277056277,single,male,pclarc,2,0.5695238095238095,0.0021645021645021467,,
wavy_hair,0.5196579607770239,0.5575797007156799,single,male,pclarc,2,0.5196579607770239,0.0,,
wearing_earrings,0.6630031659882406,0.744640434192673,single,male,pclarc,2,0.6630031659882406,0.0,,
wearing_hat,0.9068675619609128,0.9614586745277869,single,male,pclarc,2,0.9068675619609128,0.0,,
wearing_lipstick,0.5554912179116,0.5429453773402817,single,male,pclarc,2,0.552306504535804,0.0031847133757960666,,
wearing_necklace,0.590174531351002,0.6221073044602456,single,male,pclarc,2,0.6044602456367163,-0.014285714285714346,,
wearing_necktie,0.5129310344827587,0.5102370689655172,single,male,pclarc,2,0.5150862068965517,-0.0021551724137930384,,
young,0.8736471861471862,0.9471726190476191,single,male,pclarc,2,0.8706709956709957,0.0029761904761904656,,
5_o_clock_shadow,0.5602867383512544,0.5843727598566308,single,male,pclarc,3,0.5625089605734768,-0.0022222222222223476,,
arched_eyebrows,0.5774193548387097,0.6254224270353302,single,male,pclarc,3,0.5720430107526882,0.005376344086021501,,
attractive,0.4942714819427148,0.5761519302615193,single,male,pclarc,3,0.4942714819427148,0.0,,
bags_under_eyes,0.5213800223694399,0.43783876796007914,single,male,pclarc,3,0.5213800223694399,0.0,,
bald,0.7691366266132622,0.880841121495327,single,male,pclarc,3,0.7810413885180241,-0.011904761904761862,,
bangs,0.7130365659777425,0.8247217806041336,single,male,pclarc,3,0.7107843137254902,0.0022522522522522292,,
big_lips,0.48214285714285715,0.4833984375,single,male,pclarc,3,0.47544642857142855,0.006696428571428603,,
big_nose,0.6210977351560906,0.6823097327076106,single,male,pclarc,3,0.6210977351560906,0.0,,
black_hair,0.7409529211571186,0.892229154849688,single,male,pclarc,3,0.7409529211571186,0.0,,
blond_hair,0.8615044247787611,0.9166666666666666,single,male,pclarc,3,0.863716814159292,-0.0022123893805309214,,
blurry,0.6727642276422765,0.7589430894308943,single,male,pclarc,3,0.6747967479674797,-0.00203252032520318,,
brown_hair,0.6602011494252874,0.7979525862068966,single,male,pclarc,3,0.6602011494252874,0.0,,
bushy_eyebrows,0.5564874551971326,0.5515412186379929,single,male,pclarc,3,0.5564874551971326,0.0,,
chubby,0.6013888888888889,0.6818287037037037,single,male,pclarc,3,0.5990740740740741,0.0023148148148147696,,
double_chin,0.5424778761061947,0.6542772861356931,single,male,pclarc,3,0.5424778761061947,0.0,,
eyeglasses,0.9268932038834952,0.9863106796116504,single,male,pclarc,3,0.9268932038834952,0.0,,
goatee,0.6533898305084747,0.7741525423728813,single,male,pclarc,3,0.6555084745762711,-0.0021186440677964935,,
gray_hair,0.882716049382716,0.9642291864514088,single,male,pclarc,3,0.882716049382716,0.0,,
heavy_makeup,0.554726368159204,0.5929084735054884,single,male,pclarc,3,0.5494353628681987,0.005291005291005235,,
high_cheekbones,0.5480305343511451,0.44818320610687024,single,male,pclarc,3,0.5442137404580153,0.003816793893129833,,
male,0.98828125,0.98907470703125,single,male,pclarc,3,0.98828125,0.0,,
mouth_slightly_open,0.5284664830119375,0.537618610345883,single,male,pclarc,3,0.5284664830119375,0.0,,
mustache,0.6991525423728814,0.8025423728813559,single,male,pclarc,3,0.6991525423728814,0.0,,
narrow_eyes,0.5463754352643242,0.5311807534029757,single,male,pclarc,3,0.5463754352643242,0.0,,
no_beard,0.5427305678614579,0.47885622231171965,single,male,pclarc,3,0.5427305678614579,0.0,,
oval_face,0.5088325652841782,0.45622119815668205,single,male,pclarc,3,0.5061443932411674,0.0026881720430107503,,
pale_skin,0.6159976387249114,0.7423258559622196,single,male,pclarc,3,0.613931523022432,0.0020661157024793875,,
pointy_nose,0.5063319764812302,0.5601085481682496,single,male,pclarc,3,0.49724106739032115,0.009090909090909038,,
receding_hairline,0.5044642857142857,0.5302734375,single,male,pclarc,3,0.5044642857142857,0.0,,
rosy_cheeks,0.6265075067683977,0.7226187546148167,single,male,pclarc,3,0.6265075067683977,0.0,,
sideburns,0.6473098330241187,0.6489795918367347,single,male,pclarc,3,0.6473098330241187,0.0,,
smiling,0.8334352826033766,0.9601786151211157,single,male,pclarc,3,0.8375336432591143,-0.004098360655737654,,
straight_hair,0.5716883116883117,0.5582683982683982,single,male,pclarc,3,0.5695238095238095,0.0021645021645021467,,
wavy_hair,0.5196579607770239,0.5578585370387583,single,male,pclarc,3,0.5196579607770239,0.0,,
wearing_earrings,0.6580280416101312,0.7463591135232926,single,male,pclarc,3,0.6630031659882406,-0.00497512437810943,,
wearing_hat,0.9068675619609128,0.9612403100775193,single,male,pclarc,3,0.9068675619609128,0.0,,
wearing_lipstick,0.552306504535804,0.543653091423792,single,male,pclarc,3,0.552306504535804,0.0,,
wearing_necklace,0.5758888170652876,0.622753716871364,single,male,pclarc,3,0.6044602456367163,-0.028571428571428692,,
wearing_necktie,0.5129310344827587,0.5089798850574712,single,male,pclarc,3,0.5150862068965517,-0.0021551724137930384,,
young,0.8706709956709957,0.9471726190476191,single,male,pclarc,3,0.8706709956709957,0.0,,
5_o_clock_shadow,0.5602867383512544,0.5846594982078852,single,male,pclarc,4,0.5625089605734768,-0.0022222222222223476,,
arched_eyebrows,0.5845622119815668,0.6236559139784945,single,male,pclarc,4,0.5720430107526882,0.012519201228878618,,
attractive,0.4942714819427148,0.5741594022415941,single,male,pclarc,4,0.4942714819427148,0.0,,
bags_under_eyes,0.5213800223694399,0.43732255011614896,single,male,pclarc,4,0.5213800223694399,0.0,,
bald,0.7691366266132622,0.8807298620382731,single,male,pclarc,4,0.7810413885180241,-0.011904761904761862,,
bangs,0.7107843137254902,0.8245892951775303,single,male,pclarc,4,0.7107843137254902,0.0,,
big_lips,0.4799107142857143,0.48311941964285715,single,male,pclarc,4,0.47544642857142855,0.004464285714285754,,
big_nose,0.6210977351560906,0.6810174794259675,single,male,pclarc,4,0.6210977351560906,0.0,,
black_hair,0.7432785025524674,0.8923425978445831,single,male,pclarc,4,0.7409529211571186,0.0023255813953487747,,
blond_hair,0.863716814159292,0.9162241887905606,single,male,pclarc,4,0.863716814159292,0.0,,
blurry,0.6768292682926829,0.7577235772357724,single,male,pclarc,4,0.6747967479674797,0.00203252032520318,,
brown_hair,0.6602011494252874,0.7974137931034483,single,male,pclarc,4,0.6602011494252874,0.0,,
bushy_eyebrows,0.5564874551971326,0.5539784946236559,single,male,pclarc,4,0.5564874551971326,0.0,,
chubby,0.5990740740740741,0.6815972222222222,single,male,pclarc,4,0.5990740740740741,0.0,,
double_chin,0.5446902654867256,0.6529498525073747,single,male,pclarc,4,0.5424778761061947,0.0022123893805309214,,
eyeglasses,0.9268932038834952,0.986019417475728,single,male,pclarc,4,0.9268932038834952,0.0,,
goatee,0.6555084745762711,0.775,single,male,pclarc,4,0.6555084745762711,0.0,,
gray_hair,0.8806584362139918,0.9642291864514088,single,male,pclarc,4,0.882716049382716,-0.002057613168724215,,
heavy_makeup,0.5520808655137013,0.5908552475716654,single,male,pclarc,4,0.5494353628681987,0.002645502645502562,,
high_cheekbones,0.5480305343511451,0.44836641221374046,single,male,pclarc,4,0.5442137404580153,0.003816793893129833,,
male,0.98828125,0.98907470703125,single,male,pclarc,4,0.98828125,0.0,,
mouth_slightly_open,0.5330272421181512,0.5365779002142639,single,male,pclarc,4,0.5284664830119375,0.004560759106213674,,
mustache,0.6991525423728814,0.8019067796610169,single,male,pclarc,4,0.6991525423728814,0.0,,
narrow_eyes,0.5443178220955999,0.5280151946818614,single,male,pclarc,4,0.5463754352643242,-0.002057613168724326,,
no_beard,0.5453483689085783,0.47893677003624646,single,male,pclarc,4,0.5427305678614579,0.002617801047120394,,
oval_face,0.5088325652841782,0.4559139784946236,single,male,pclarc,4,0.5061443932411674,0.0026881720430107503,,
pale_skin,0.613931523022432,0.7411452184179457,single,male,pclarc,4,0.613931523022432,0.0,,
pointy_nose,0.5038444142921755,0.5594753505201266,single,male,pclarc,4,0.49724106739032115,0.006603346901854379,,
receding_hairline,0.5044642857142857,0.5302734374999999,single,male,pclarc,4,0.5044642857142857,0.0,,
rosy_cheeks,0.6265075067683977,0.7228648781688407,single,male,pclarc,4,0.6265075067683977,0.0,,
sideburns,0.6473098330241187,0.64860853432282,single,male,pclarc,4,0.6473098330241187,0.0,,
smiling,0.8375336432591143,0.9599951064350379,single,male,pclarc,4,0.8375336432591143,0.0,,
straight_hair,0.5716883116883117,0.5574025974025973,single,male,pclarc,4,0.5695238095238095,0.0021645021645021467,,
wavy_hair,0.5196579607770239,0.5580444279208105,single,male,pclarc,4,0.5196579607770239,0.0,,
wearing_earrings,0.6580280416101312,0.745635459068295,single,male,pclarc,4,0.6630031659882406,-0.00497512437810943,,
wearing_hat,0.9068675619609128,0.9621137678785893,single,male,pclarc,4,0.9068675619609128,0.0,,
wearing_lipstick,0.5554912179116,0.5439104419996139,single,male,pclarc,4,0.552306504535804,0.0031847133757960666,,
wearing_necklace,0.5758888170652876,0.6224951519069166,single,male,pclarc,4,0.6044602456367163,-0.028571428571428692,,
wearing_necktie,0.5150862068965517,0.505926724137931,single,male,pclarc,4,0.5150862068965517,0.0,,
young,0.8736471861471862,0.9466314935064934,single,male,pclarc,4,0.8706709956709957,0.0029761904761904656,,
5_o_clock_shadow,0.5602867383512544,0.5840860215053764,single,male,pclarc,5,0.5625089605734768,-0.0022222222222223476,,
arched_eyebrows,0.581874039938556,0.6241167434715822,single,male,pclarc,5,0.5720430107526882,0.009831029185867868,,
attractive,0.4942714819427148,0.5742839352428394,single,male,pclarc,5,0.4942714819427148,0.0,,
bags_under_eyes,0.5213800223694399,0.43783876796007914,single,male,pclarc,5,0.5213800223694399,0.0,,
bald,0.7691366266132622,0.879394748553627,single,male,pclarc,5,0.7810413885180241,-0.011904761904761862,,
bangs,0.7107843137254902,0.8249867514573397,single,male,pclarc,5,0.7107843137254902,0.0,,
big_lips,0.47767857142857145,0.4799107142857143,single,male,pclarc,5,0.47544642857142855,0.0022321428571429047,,
big_nose,0.6210977351560906,0.6813575460790315,single,male,pclarc,5,0.6210977351560906,0.0,,
black_hair,0.7432785025524674,0.8905275099262621,single,male,pclarc,5,0.7409529211571186,0.0023255813953487747,,
blond_hair,0.863716814159292,0.9160766961651917,single,male,pclarc,5,0.863716814159292,0.0,,
blurry,0.6768292682926829,0.7544715447154472,single,male,pclarc,5,0.6747967479674797,0.00203252032520318,,
brown_hair,0.6602011494252874,0.7975933908045978,single,male,pclarc,5,0.6602011494252874,0.0,,
bushy_eyebrows,0.5564874551971326,0.5558422939068101,single,male,pclarc,5,0.5564874551971326,0.0,,
chubby,0.5990740740740741,0.6827546296296296,single,male,pclarc,5,0.5990740740740741,0.0,,
double_chin,0.5446902654867256,0.6542772861356932,single,male,pclarc,5,0.5424778761061947,0.0022123893805309214,,
eyeglasses,0.9293203883495146,0.986019417475728,single,male,pclarc,5,0.9268932038834952,0.0024271844660194164,,
goatee,0.6576271186440679,0.7756355932203389,single,male,pclarc,5,0.6555084745762711,0.0021186440677967155,,
gray_hair,0.882716049382716,0.9645457423235202,single,male,pclarc,5,0.882716049382716,0.0,,
heavy_makeup,0.5520808655137013,0.5896706941483061,single,male,pclarc,5,0.5494353628681987,0.002645502645502562,,
high_cheekbones,0.5480305343511451,0.44732824427480916,single,male,pclarc,5,0.5442137404580153,0.003816793893129833,,
male,0.98828125,0.98907470703125,single,male,pclarc,5,0.98828125,0.0,,
mouth_slightly_open,0.5330272421181512,0.5374349556167738,single,male,pclarc,5,0.5284664830119375,0.004560759106213674,,
mustache,0.6991525423728814,0.8006355932203391,single,male,pclarc,5,0.6991525423728814,0.0,,
narrow_eyes,0.5443178220955999,0.5299145299145299,single,male,pclarc,5,0.5463754352643242,-0.002057613168724326,,
no_beard,0.5427305678614579,0.47756745871929107,single,male,pclarc,5,0.5427305678614579,0.0,,
oval_face,0.5061443932411674,0.4564516129032258,single,male,pclarc,5,0.5061443932411674,0.0,,
pale_skin,0.613931523022432,0.7420306965761512,single,male,pclarc,5,0.613931523022432,0.0,,
pointy_nose,0.5038444142921755,0.560651289009498,single,male,pclarc,5,0.49724106739032115,0.006603346901854379,,
receding_hairline,0.5066964285714286,0.5304129464285714,single,male,pclarc,5,0.5044642857142857,0.0022321428571429047,,
rosy_cheeks,0.6244154565591927,0.7218803839527443,single,male,pclarc,5,0.6265075067683977,-0.0020920502092049986,,
sideburns,0.6493506493506493,0.649721706864564,single,male,pclarc,5,0.6473098330241187,0.0020408163265306367,,
smiling,0.8375336432591143,0.959933936873012,single,male,pclarc,5,0.8375336432591143,0.0,,
straight_hair,0.5695238095238095,0.5582683982683982,single,male,pclarc,5,0.5695238095238095,0.0,,
wavy_hair,0.5196579607770239,0.5576726461567061,single,male,pclarc,5,0.5196579607770239,0.0,,
wearing_earrings,0.660515603799186,0.7485300768882859,single,male,pclarc,5,0.6630031659882406,-0.0024875621890546595,,
wearing_hat,0.9068675619609128,0.9616770389780543,single,male,pclarc,5,0.9068675619609128,0.0,,
wearing_lipstick,0.5586759312873963,0.5441034549314804,single,male,pclarc,5,0.552306504535804,0.006369426751592355,,
wearing_necklace,0.5758888170652876,0.6246929541047188,single,male,pclarc,5,0.6044602456367163,-0.028571428571428692,,
wearing_necktie,0.5129310344827587,0.5070043103448276,single,male,pclarc,5,0.5150862068965517,-0.0021551724137930384,,
young,0.8736471861471862,0.9472402597402597,single,male,pclarc,5,0.8706709956709957,0.0029761904761904656,,
5_o_clock_shadow,0.5602867383512544,0.5863799283154123,single,male,pclarc,6,0.5625089605734768,-0.0022222222222223476,,
arched_eyebrows,0.5720430107526882,0.6231182795698925,single,male,pclarc,6,0.5720430107526882,0.0,,
attractive,0.4942714819427148,0.575653798256538,single,male,pclarc,6,0.4942714819427148,0.0,,
bags_under_eyes,0.51884195130345,0.4391293125699044,single,male,pclarc,6,0.5213800223694399,-0.002538071065989911,,
bald,0.7691366266132622,0.8779483756119271,single,male,pclarc,6,0.7810413885180241,-0.011904761904761862,,
bangs,0.7152888182299947,0.8240593534711182,single,male,pclarc,6,0.7107843137254902,0.0045045045045044585,,
big_lips,0.48214285714285715,0.48102678571428575,single,male,pclarc,6,0.47544642857142855,0.006696428571428603,,
big_nose,0.6240563150377474,0.6815615860708699,single,male,pclarc,6,0.6210977351560906,0.00295857988165682,,
black_hair,0.7432785025524674,0.8908678389109472,single,male,pclarc,6,0.7409529211571186,0.0023255813953487747,,
blond_hair,0.863716814159292,0.9156342182890856,single,male,pclarc,6,0.863716814159292,0.0,,
blurry,0.6747967479674797,0.7613821138211382,single,male,pclarc,6,0.6747967479674797,0.0,,
brown_hair,0.6623563218390804,0.7977729885057472,single,male,pclarc,6,0.6602011494252874,0.0021551724137930384,,
bushy_eyebrows,0.5564874551971326,0.555268817204301,single,male,pclarc,6,0.5564874551971326,0.0,,
chubby,0.5990740740740741,0.6844907407407407,single,male,pclarc,6,0.5990740740740741,0.0,,
double_chin,0.5446902654867256,0.6547197640117994,single,male,pclarc,6,0.5424778761061947,0.0022123893805309214,,
eyeglasses,0.9293203883495146,0.9862135922330095,single,male,pclarc,6,0.9268932038834952,0.0024271844660194164,,
goatee,0.6555084745762711,0.7762711864406779,single,male,pclarc,6,0.6555084745762711,0.0,,
gray_hair,0.882716049382716,0.9635960747071859,single,male,pclarc,6,0.882716049382716,0.0,,
heavy_makeup,0.5520808655137013,0.5895917239200822,single,male,pclarc,6,0.5494353628681987,0.002645502645502562,,
high_cheekbones,0.5442137404580153,0.44683969465648854,single,male,pclarc,6,0.5442137404580153,0.0,,
male,0.98828125,0.98907470703125,single,male,pclarc,6,0.98828125,0.0,,
mouth_slightly_open,0.5325987144168962,0.5366391184573003,single,male,pclarc,6,0.5284664830119375,0.004132231404958664,,
mustache,0.7241525423728814,0.8038135593220338,single,male,pclarc,6,0.6991525423728814,0.025000000000000022,,
narrow_eyes,0.5443178220955999,0.5305476416587527,single,male,pclarc,6,0.5463754352643242,-0.002057613168724326,,
no_beard,0.5427305678614579,0.47893677003624646,single,male,pclarc,6,0.5427305678614579,0.0,,
oval_face,0.5061443932411674,0.45675883256528416,single,male,pclarc,6,0.5061443932411674,0.0,,
pale_skin,0.613931523022432,0.7446871310507674,single,male,pclarc,6,0.613931523022432,0.0,,
pointy_nose,0.5063319764812302,0.5615558570782452,single,male,pclarc,6,0.49724106739032115,0.009090909090909038,,
receding_hairline,0.5066964285714286,0.5302734375,single,male,pclarc,6,0.5044642857142857,0.0022321428571429047,,
rosy_cheeks,0.6265075067683977,0.7216342603987203,single,male,pclarc,6,0.6265075067683977,0.0,,
sideburns,0.6493506493506493,0.6478664192949908,single,male,pclarc,6,0.6473098330241187,0.0020408163265306367,,
smiling,0.8375336432591143,0.9596892586249083,single,male,pclarc,6,0.8375336432591143,0.0,,
straight_hair,0.5695238095238095,0.5579220779220779,single,male,pclarc,6,0.5695238095238095,0.0,,
wavy_hair,0.5196579607770239,0.558416209684915,single,male,pclarc,6,0.5196579607770239,0.0,,
wearing_earrings,0.6630031659882406,0.7490728177295342,single,male,pclarc,6,0.6630031659882406,0.0,,
wearing_hat,0.9068675619609128,0.9621137678785894,single,male,pclarc,6,0.9068675619609128,0.0,,
wearing_lipstick,0.5586759312873963,0.543653091423792,single,male,pclarc,6,0.552306504535804,0.006369426751592355,,
wearing_necklace,0.590174531351002,0.6248222365869425,single,male,pclarc,6,0.6044602456367163,-0.014285714285714346,,
wearing_necktie,0.5129310344827587,0.5111350574712643,single,male,pclarc,6,0.5150862068965517,-0.0021551724137930384,,
young,0.8736471861471862,0.9469020562770563,single,male,pclarc,6,0.8706709956709957,0.0029761904761904656,,
5_o_clock_shadow,0.5602867383512544,0.5842293906810037,single,male,pclarc,7,0.5625089605734768,-0.0022222222222223476,,
arched_eyebrows,0.5747311827956989,0.6251920122887865,single,male,pclarc,7,0.5720430107526882,0.0026881720430107503,,
attractive,0.4942714819427148,0.5763387297633873,single,male,pclarc,7,0.4942714819427148,0.0,,
bags_under_eyes,0.51884195130345,0.43723651380882733,single,male,pclarc,7,0.5213800223694399,-0.002538071065989911,,
bald,0.7691366266132622,0.8792834890965732,single,male,pclarc,7,0.7810413885180241,-0.011904761904761862,,
bangs,0.7130365659777425,0.8244568097509274,single,male,pclarc,7,0.7107843137254902,0.0022522522522522292,,
big_lips,0.47767857142857145,0.4814453125,single,male,pclarc,7,0.47544642857142855,0.0022321428571429047,,
big_nose,0.6210977351560906,0.6823097327076107,single,male,pclarc,7,0.6210977351560906,0.0,,
black_hair,0.7432785025524674,0.8901871809415769,single,male,pclarc,7,0.7409529211571186,0.0023255813953487747,,
blond_hair,0.863716814159292,0.9157817109144544,single,male,pclarc,7,0.863716814159292,0.0,,
blurry,0.6727642276422765,0.7613821138211382,single,male,pclarc,7,0.6747967479674797,-0.00203252032520318,,
brown_hair,0.6602011494252874,0.7966954022988506,single,male,pclarc,7,0.6602011494252874,0.0,,
bushy_eyebrows,0.5564874551971326,0.554695340501792,single,male,pclarc,7,0.5564874551971326,0.0,,
chubby,0.5990740740740741,0.6820601851851852,single,male,pclarc,7,0.5990740740740741,0.0,,
double_chin,0.5446902654867256,0.654424778761062,single,male,pclarc,7,0.5424778761061947,0.0022123893805309214,,
eyeglasses,0.9268932038834952,0.9861165048543689,single,male,pclarc,7,0.9268932038834952,0.0,,
goatee,0.6555084745762711,0.7783898305084747,single,male,pclarc,7,0.6555084745762711,0.0,,
gray_hair,0.882716049382716,0.9645457423235202,single,male,pclarc,7,0.882716049382716,0.0,,
heavy_makeup,0.5520808655137013,0.5891179025507384,single,male,pclarc,7,0.5494353628681987,0.002645502645502562,,
high_cheekbones,0.5442137404580153,0.44745038167938933,single,male,pclarc,7,0.5442137404580153,0.0,,
male,0.98828125,0.98919677734375,single,male,pclarc,7,0.98828125,0.0,,
mouth_slightly_open,0.5325987144168962,0.5367615549433732,single,male,pclarc,7,0.5284664830119375,0.004132231404958664,,
mustache,0.7241525423728814,0.801906779661017,single,male,pclarc,7,0.6991525423728814,0.025000000000000022,,
narrow_eyes,0.5443178220955999,0.529281418170307,single,male,pclarc,7,0.5463754352643242,-0.002057613168724326,,
no_beard,0.5427305678614579,0.47780910189287157,single,male,pclarc,7,0.5427305678614579,0.0,,
oval_face,0.5061443932411674,0.456221198156682,single,male,pclarc,7,0.5061443932411674,0.0,,
pale_skin,0.613931523022432,0.7440968122786304,single,male,pclarc,7,0.613931523022432,0.0,,
pointy_nose,0.5063319764812302,0.5601990049751243,single,male,pclarc,7,0.49724106739032115,0.009090909090909038,,
receding_hairline,0.5066964285714286,0.5309709821428571,single,male,pclarc,7,0.5044642857142857,0.0022321428571429047,,
rosy_cheeks,0.6265075067683977,0.7206497661826237,single,male,pclarc,7,0.6265075067683977,0.0,,
sideburns,0.6493506493506493,0.649721706864564,single,male,pclarc,7,0.6473098330241187,0.0020408163265306367,,
smiling,0.8375336432591143,0.959872767310986,single,male,pclarc,7,0.8375336432591143,0.0,,
straight_hair,0.5716883116883117,0.5575757575757576,single,male,pclarc,7,0.5695238095238095,0.0021645021645021467,,
wavy_hair,0.5196579607770239,0.5587879914490195,single,male,pclarc,7,0.5196579607770239,0.0,,
wearing_earrings,0.660515603799186,0.7504296698326549,single,male,pclarc,7,0.6630031659882406,-0.0024875621890546595,,
wearing_hat,0.9068675619609128,0.9617862212031881,single,male,pclarc,7,0.9068675619609128,0.0,,
wearing_lipstick,0.5586759312873963,0.5431383902721483,single,male,pclarc,7,0.552306504535804,0.006369426751592355,,
wearing_necklace,0.590174531351002,0.6232708468002587,single,male,pclarc,7,0.6044602456367163,-0.014285714285714346,,
wearing_necktie,0.5107758620689655,0.5088002873563218,single,male,pclarc,7,0.5150862068965517,-0.004310344827586188,,
young,0.8736471861471862,0.9466991341991342,single,male,pclarc,7,0.8706709956709957,0.0029761904761904656,,
5_o_clock_shadow,0.5625089605734768,0.5859498207885304,single,male,pclarc,8,0.5625089605734768,0.0,,
arched_eyebrows,0.581874039938556,0.6236559139784946,single,male,pclarc,8,0.5720430107526882,0.009831029185867868,,
attractive,0.4942714819427148,0.5745952677459527,single,male,pclarc,8,0.4942714819427148,0.0,,
bags_under_eyes,0.5129054460982534,0.4397315667211563,single,male,pclarc,8,0.5213800223694399,-0.008474576271186529,,
bald,0.7691366266132622,0.8783934134401425,single,male,pclarc,8,0.7810413885180241,-0.011904761904761862,,
bangs,0.7152888182299947,0.8240593534711181,single,male,pclarc,8,0.7107843137254902,0.0045045045045044585,,
big_lips,0.47767857142857145,0.4823521205357143,single,male,pclarc,8,0.47544642857142855,0.0022321428571429047,,
big_nose,0.6210977351560906,0.6823777460382235,single,male,pclarc,8,0.6210977351560906,0.0,,
black_hair,0.7432785025524674,0.8905275099262621,single,male,pclarc,8,0.7409529211571186,0.0023255813953487747,,
blond_hair,0.863716814159292,0.9150442477876106,single,male,pclarc,8,0.863716814159292,0.0,,
blurry,0.6727642276422765,0.7544715447154472,single,male,pclarc,8,0.6747967479674797,-0.00203252032520318,,
brown_hair,0.6602011494252874,0.7966954022988506,single,male,pclarc,8,0.6602011494252874,0.0,,
bushy_eyebrows,0.5587096774193548,0.5545519713261648,single,male,pclarc,8,0.5564874551971326,0.0022222222222222365,,
chubby,0.5990740740740741,0.6828703703703702,single,male,pclarc,8,0.5990740740740741,0.0,,
double_chin,0.5469026548672566,0.6529498525073747,single,male,pclarc,8,0.5424778761061947,0.004424778761061954,,
eyeglasses,0.9268932038834952,0.9862135922330095,single,male,pclarc,8,0.9268932038834952,0.0,,
goatee,0.6533898305084747,0.7800847457627118,single,male,pclarc,8,0.6555084745762711,-0.0021186440677964935,,
gray_hair,0.8847736625514404,0.9645457423235202,single,male,pclarc,8,0.882716049382716,0.002057613168724437,,
heavy_makeup,0.5520808655137013,0.589907604832978,single,male,pclarc,8,0.5494353628681987,0.002645502645502562,,
high_cheekbones,0.5442137404580153,0.44732824427480916,single,male,pclarc,8,0.5442137404580153,0.0,,
male,0.98828125,0.98944091796875,single,male,pclarc,8,0.98828125,0.0,,
mouth_slightly_open,0.5288950107131926,0.5354759718396083,single,male,pclarc,8,0.5284664830119375,0.0004285277012550104,,
mustache,0.6991525423728814,0.8027542372881356,single,male,pclarc,8,0.6991525423728814,0.0,,
narrow_eyes,0.5443178220955999,0.5289648622981956,single,male,pclarc,8,0.5463754352643242,-0.002057613168724326,,
no_beard,0.5427305678614579,0.479500604107934,single,male,pclarc,8,0.5427305678614579,0.0,,
oval_face,0.5061443932411674,0.45629800307219665,single,male,pclarc,8,0.5061443932411674,0.0,,
pale_skin,0.6159976387249114,0.7455726092089728,single,male,pclarc,8,0.613931523022432,0.0020661157024793875,,
pointy_nose,0.5063319764812302,0.5607417458163727,single,male,pclarc,8,0.49724106739032115,0.009090909090909038,,
receding_hairline,0.5111607142857143,0.5327845982142857,single,male,pclarc,8,0.5044642857142857,0.006696428571428603,,
rosy_cheeks,0.6265075067683977,0.7189269013044548,single,male,pclarc,8,0.6265075067683977,0.0,,
sideburns,0.6493506493506493,0.6482374768089054,single,male,pclarc,8,0.6473098330241187,0.0020408163265306367,,
smiling,0.8375336432591143,0.959933936873012,single,male,pclarc,8,0.8375336432591143,0.0,,
straight_hair,0.5695238095238095,0.5593073593073593,single,male,pclarc,8,0.5695238095238095,0.0,,
wavy_hair,0.5196579607770239,0.5619481364439074,single,male,pclarc,8,0.5196579607770239,0.0,,
wearing_earrings,0.6630031659882406,0.7509724106739033,single,male,pclarc,8,0.6630031659882406,0.0,,
wearing_hat,0.9068675619609128,0.9614586745277868,single,male,pclarc,8,0.9068675619609128,0.0,,
wearing_lipstick,0.5554912179116,0.5448111690149906,single,male,pclarc,8,0.552306504535804,0.0031847133757960666,,
wearing_necklace,0.590174531351002,0.6240465416936005,single,male,pclarc,8,0.6044602456367163,-0.014285714285714346,,
wearing_necktie,0.5150862068965517,0.5064655172413792,single,male,pclarc,8,0.5150862068965517,0.0,,
young,0.8736471861471862,0.9467667748917749,single,male,pclarc,8,0.8706709956709957,0.0029761904761904656,,
5_o_clock_shadow,0.5625089605734768,0.5843727598566308,single,male,pclarc,9,0.5625089605734768,0.0,,
arched_eyebrows,0.5863287250384025,0.6256528417818741,single,male,pclarc,9,0.5720430107526882,0.014285714285714346,,
attractive,0.4942714819427148,0.5747820672478207,single,male,pclarc,9,0.4942714819427148,0.0,,
bags_under_eyes,0.5103673750322636,0.4411081476383034,single,male,pclarc,9,0.5213800223694399,-0.011012647337176329,,
bald,0.7691366266132622,0.8785046728971962,single,male,pclarc,9,0.7810413885180241,-0.011904761904761862,,
bangs,0.7130365659777425,0.8248542660307366,single,male,pclarc,9,0.7107843137254902,0.0022522522522522292,,
big_lips,0.47767857142857145,0.4842354910714286,single,male,pclarc,9,0.47544642857142855,0.0022321428571429047,,
big_nose,0.6210977351560906,0.6824457593688363,single,male,pclarc,9,0.6210977351560906,0.0,,
black_hair,0.7432785025524674,0.8910947249007374,single,male,pclarc,9,0.7409529211571186,0.0023255813953487747,,
blond_hair,0.863716814159292,0.9151917404129792,single,male,pclarc,9,0.863716814159292,0.0,,
blurry,0.6768292682926829,0.7577235772357723,single,male,pclarc,9,0.6747967479674797,0.00203252032520318,,
brown_hair,0.6623563218390804,0.7963362068965517,single,male,pclarc,9,0.6602011494252874,0.0021551724137930384,,
bushy_eyebrows,0.5587096774193548,0.5538351254480287,single,male,pclarc,9,0.5564874551971326,0.0022222222222222365,,
chubby,0.5990740740740741,0.6836805555555556,single,male,pclarc,9,0.5990740740740741,0.0,,
double_chin,0.5469026548672566,0.6533923303834808,single,male,pclarc,9,0.5424778761061947,0.004424778761061954,,
eyeglasses,0.9244660194174756,0.986504854368932,single,male,pclarc,9,0.9268932038834952,-0.0024271844660195274,,
goatee,0.6555084745762711,0.7790254237288136,single,male,pclarc,9,0.6555084745762711,0.0,,
gray_hair,0.8806584362139918,0.9645457423235201,single,male,pclarc,9,0.882716049382716,-0.002057613168724215,,
heavy_makeup,0.5520808655137013,0.5899076048329779,single,male,pclarc,9,0.5494353628681987,0.002645502645502562,,
high_cheekbones,0.5442137404580153,0.4475114503816794,single,male,pclarc,9,0.5442137404580153,0.0,,
male,0.98828125,0.9893798828125,single,male,pclarc,9,0.98828125,0.0,,
mouth_slightly_open,0.5330272421181512,0.5361493725130089,single,male,pclarc,9,0.5284664830119375,0.004560759106213674,,
mustache,0.6970338983050848,0.8021186440677965,single,male,pclarc,9,0.6991525423728814,-0.0021186440677966045,,
narrow_eyes,0.5484330484330484,0.5299145299145298,single,male,pclarc,9,0.5463754352643242,0.002057613168724215,,
no_beard,0.5453483689085783,0.47748691099476437,single,male,pclarc,9,0.5427305678614579,0.002617801047120394,,
oval_face,0.5061443932411674,0.4565284178187404,single,male,pclarc,9,0.5061443932411674,0.0,,
pale_skin,0.6118654073199528,0.744391971664699,single,male,pclarc,9,0.613931523022432,-0.0020661157024792765,,
pointy_nose,0.5063319764812302,0.560018091361375,single,male,pclarc,9,0.49724106739032115,0.009090909090909038,,
receding_hairline,0.5089285714285714,0.5327845982142857,single,male,pclarc,9,0.5044642857142857,0.004464285714285698,,
rosy_cheeks,0.6265075067683977,0.719173024858479,single,male,pclarc,9,0.6265075067683977,0.0,,
sideburns,0.6452690166975881,0.6460111317254175,single,male,pclarc,9,0.6473098330241187,-0.0020408163265306367,,
smiling,0.8375336432591143,0.9601786151211157,single,male,pclarc,9,0.8375336432591143,0.0,,
straight_hair,0.5695238095238095,0.5575757575757576,single,male,pclarc,9,0.5695238095238095,0.0,,
wavy_hair,0.5196579607770239,0.5604610093874896,single,male,pclarc,9,0.5196579607770239,0.0,,
wearing_earrings,0.6630031659882406,0.750067842605156,single,male,pclarc,9,0.6630031659882406,0.0,,
wearing_hat,0.9068675619609128,0.9610219456272519,single,male,pclarc,9,0.9068675619609128,0.0,,
wearing_lipstick,0.5554912179116,0.5428167020523709,single,male,pclarc,9,0.552306504535804,0.0031847133757960666,,
wearing_necklace,0.590174531351002,0.6227537168713639,single,male,pclarc,9,0.6044602456367163,-0.014285714285714346,,
wearing_necktie,0.5129310344827587,0.5073635057471264,single,male,pclarc,9,0.5150862068965517,-0.0021551724137930384,,
young,0.8736471861471862,0.9466314935064934,single,male,pclarc,9,0.8706709956709957,0.0029761904761904656,,
5_o_clock_shadow,0.5602867383512544,0.5833691756272401,single,male,pclarc,10,0.5625089605734768,-0.0022222222222223476,,
arched_eyebrows,0.5791858678955453,0.6245007680491552,single,male,pclarc,10,0.5720430107526882,0.0071428571428571175,,
attractive,0.4942714819427148,0.5759028642590287,single,male,pclarc,10,0.4942714819427148,0.0,,
bags_under_eyes,0.5213800223694399,0.4393874214918696,single,male,pclarc,10,0.5213800223694399,0.0,,
bald,0.7572318647085002,0.87716955941255,single,male,pclarc,10,0.7810413885180241,-0.023809523809523836,,
bangs,0.7130365659777425,0.8248542660307366,single,male,pclarc,10,0.7107843137254902,0.0022522522522522292,,
big_lips,0.47544642857142855,0.4818638392857143,single,male,pclarc,10,0.47544642857142855,0.0,,
big_nose,0.6210977351560906,0.681901652723934,single,male,pclarc,10,0.6210977351560906,0.0,,
black_hair,0.7432785025524674,0.892002268859898,single,male,pclarc,10,0.7409529211571186,0.0023255813953487747,,
blond_hair,0.863716814159292,0.9148967551622419,single,male,pclarc,10,0.863716814159292,0.0,,
blurry,0.6768292682926829,0.7504065040650406,single,male,pclarc,10,0.6747967479674797,0.00203252032520318,,
brown_hair,0.6623563218390804,0.7940014367816092,single,male,pclarc,10,0.6602011494252874,0.0021551724137930384,,
bushy_eyebrows,0.5587096774193548,0.5515412186379928,single,male,pclarc,10,0.5564874551971326,0.0022222222222222365,,
chubby,0.5990740740740741,0.6839120370370371,single,male,pclarc,10,0.5990740740740741,0.0,,
double_chin,0.5446902654867256,0.6551622418879056,single,male,pclarc,10,0.5424778761061947,0.0022123893805309214,,
eyeglasses,0.9244660194174756,0.9862135922330095,single,male,pclarc,10,0.9268932038834952,-0.0024271844660195274,,
goatee,0.6555084745762711,0.7771186440677966,single,male,pclarc,10,0.6555084745762711,0.0,,
gray_hair,0.8806584362139918,0.965178854067743,single,male,pclarc,10,0.882716049382716,-0.002057613168724215,,
heavy_makeup,0.554726368159204,0.5906183368869936,single,male,pclarc,10,0.5494353628681987,0.005291005291005235,,
high_cheekbones,0.5442137404580153,0.44714503816793894,single,male,pclarc,10,0.5442137404580153,0.0,,
male,0.98828125,0.98919677734375,single,male,pclarc,10,0.98828125,0.0,,
mouth_slightly_open,0.5371594735231099,0.5352310988674626,single,male,pclarc,10,0.5284664830119375,0.008692990511172338,,
mustache,0.6991525423728814,0.8014830508474575,single,male,pclarc,10,0.6991525423728814,0.0,,
narrow_eyes,0.5422602089268755,0.531497309275087,single,male,pclarc,10,0.5463754352643242,-0.004115226337448652,,
no_beard,0.5427305678614579,0.47458719291180024,single,male,pclarc,10,0.5427305678614579,0.0,,
oval_face,0.5034562211981567,0.4557603686635945,single,male,pclarc,10,0.5061443932411674,-0.0026881720430107503,,
pale_skin,0.6097992916174735,0.7452774498229044,single,male,pclarc,10,0.613931523022432,-0.004132231404958553,,
pointy_nose,0.5063319764812302,0.5588421528720037,single,male,pclarc,10,0.49724106739032115,0.009090909090909038,,
receding_hairline,0.5111607142857143,0.5348772321428571,single,male,pclarc,10,0.5044642857142857,0.006696428571428603,,
rosy_cheeks,0.6265075067683977,0.7179424070883583,single,male,pclarc,10,0.6265075067683977,0.0,,
sideburns,0.6452690166975881,0.6448979591836735,single,male,pclarc,10,0.6473098330241187,-0.0020408163265306367,,
smiling,0.8334352826033766,0.9602397846831416,single,male,pclarc,10,0.8375336432591143,-0.004098360655737654,,
straight_hair,0.5695238095238095,0.5575757575757576,single,male,pclarc,10,0.5695238095238095,0.0,,
wavy_hair,0.5196579607770239,0.5605539548285157,single,male,pclarc,10,0.5196579607770239,0.0,,
wearing_earrings,0.6630031659882406,0.7491632745364089,single,male,pclarc,10,0.6630031659882406,0.0,,
wearing_hat,0.9068675619609128,0.9616770389780543,single,male,pclarc,10,0.9068675619609128,0.0,,
wearing_lipstick,0.5586759312873963,0.5408222350897509,single,male,pclarc,10,0.552306504535804,0.006369426751592355,,
wearing_necklace,0.5713639301874596,0.6232708468002586,single,male,pclarc,10,0.6044602456367163,-0.03309631544925673,,
wearing_necktie,0.5107758620689655,0.5077227011494253,single,male,pclarc,10,0.5150862068965517,-0.004310344827586188,,
young,0.8736471861471862,0.9465638528138528,single,male,pclarc,10,0.8706709956709957,0.0029761904761904656,,
5_o_clock_shadow,0.5580645161290323,0.5870967741935483,single,male,pclarc,11,0.5625089605734768,-0.004444444444444473,,
arched_eyebrows,0.5774193548387097,0.6254224270353302,single,male,pclarc,11,0.5720430107526882,0.005376344086021501,,
attractive,0.49769613947696134,0.5793275217932752,single,male,pclarc,11,0.4942714819427148,0.0034246575342465335,,
bags_under_eyes,0.5222403854426568,0.44351716424331067,single,male,pclarc,11,0.5213800223694399,0.0008603630732169076,,
bald,0.7572318647085002,0.878727191811304,single,male,pclarc,11,0.7810413885180241,-0.023809523809523836,,
bangs,0.7130365659777425,0.8245892951775304,single,male,pclarc,11,0.7107843137254902,0.0022522522522522292,,
big_lips,0.47767857142857145,0.4835379464285714,single,male,pclarc,11,0.47544642857142855,0.0022321428571429047,,
big_nose,0.6210977351560906,0.6814255594096443,single,male,pclarc,11,0.6210977351560906,0.0,,
black_hair,0.7409529211571186,0.8926829268292683,single,male,pclarc,11,0.7409529211571186,0.0,,
blond_hair,0.8615044247787611,0.9141592920353981,single,male,pclarc,11,0.863716814159292,-0.0022123893805309214,,
blurry,0.6788617886178862,0.7577235772357724,single,male,pclarc,11,0.6747967479674797,0.004065040650406471,,
brown_hair,0.6602011494252874,0.7918462643678161,single,male,pclarc,11,0.6602011494252874,0.0,,
bushy_eyebrows,0.5564874551971326,0.5521146953405017,single,male,pclarc,11,0.5564874551971326,0.0,,
chubby,0.5990740740740741,0.6824074074074074,single,male,pclarc,11,0.5990740740740741,0.0,,
double_chin,0.5402654867256637,0.6589970501474927,single,male,pclarc,11,0.5424778761061947,-0.0022123893805310324,,
eyeglasses,0.9268932038834952,0.9866019417475727,single,male,pclarc,11,0.9268932038834952,0.0,,
goatee,0.6783898305084746,0.7826271186440678,single,male,pclarc,11,0.6555084745762711,0.022881355932203418,,
gray_hair,0.8786008230452675,0.9654954099398544,single,male,pclarc,11,0.882716049382716,-0.00411522633744843,,
heavy_makeup,0.5520808655137013,0.5910131880281134,single,male,pclarc,11,0.5494353628681987,0.002645502645502562,,
high_cheekbones,0.5442137404580153,0.4483664122137404,single,male,pclarc,11,0.5442137404580153,0.0,,
male,0.98828125,0.98919677734375,single,male,pclarc,11,0.98828125,0.0,,
mouth_slightly_open,0.5210590756045301,0.537312519130701,single,male,pclarc,11,0.5284664830119375,-0.007407407407407418,,
mustache,0.7470338983050847,0.8082627118644068,single,male,pclarc,11,0.6991525423728814,0.04788135593220333,,
narrow_eyes,0.5463754352643242,0.5340297562519785,single,male,pclarc,11,0.5463754352643242,0.0,,
no_beard,0.5453483689085783,0.47732581554571085,single,male,pclarc,11,0.5427305678614579,0.002617801047120394,,
oval_face,0.5061443932411674,0.4553763440860215,single,male,pclarc,11,0.5061443932411674,0.0,,
pale_skin,0.6159976387249114,0.7497048406139315,single,male,pclarc,11,0.613931523022432,0.0020661157024793875,,
pointy_nose,0.5038444142921755,0.5599276345545002,single,male,pclarc,11,0.49724106739032115,0.006603346901854379,,
receding_hairline,0.5133928571428572,0.5336216517857143,single,male,pclarc,11,0.5044642857142857,0.008928571428571508,,
rosy_cheeks,0.6244154565591927,0.7159734186561655,single,male,pclarc,11,0.6265075067683977,-0.0020920502092049986,,
sideburns,0.6493506493506493,0.6482374768089053,single,male,pclarc,11,0.6473098330241187,0.0020408163265306367,,
smiling,0.8375336432591143,0.960973819427453,single,male,pclarc,11,0.8375336432591143,0.0,,
straight_hair,0.5673593073593073,0.5574025974025973,single,male,pclarc,11,0.5695238095238095,-0.0021645021645022577,,
wavy_hair,0.522121014964216,0.5613904637977507,single,male,pclarc,11,0.5196579607770239,0.0024630541871921707,,
wearing_earrings,0.669606512890095,0.7501582994120307,single,male,pclarc,11,0.6630031659882406,0.006603346901854379,,
wearing_hat,0.9068675619609128,0.9616770389780543,single,male,pclarc,11,0.9068675619609128,0.0,,
wearing_lipstick,0.552306504535804,0.541079585665573,single,male,pclarc,11,0.552306504535804,0.0,,
wearing_necklace,0.5811247575953459,0.6236586942469295,single,male,pclarc,11,0.6044602456367163,-0.023335488041370422,,
wearing_necktie,0.5129310344827587,0.515625,single,male,pclarc,11,0.5150862068965517,-0.0021551724137930384,,
young,0.8766233766233766,0.9473079004329004,single,male,pclarc,11,0.8706709956709957,0.005952380952380931,,
5_o_clock_shadow,0.5580645161290323,0.5881003584229391,single,male,pclarc,12,0.5625089605734768,-0.004444444444444473,,
arched_eyebrows,0.5801075268817204,0.6238095238095238,single,male,pclarc,12,0.5720430107526882,0.008064516129032251,,
attractive,0.49769613947696134,0.5754047322540473,single,male,pclarc,12,0.4942714819427148,0.0034246575342465335,,
bags_under_eyes,0.5247784565086466,0.44325905532134563,single,male,pclarc,12,0.5213800223694399,0.0033984341392067074,,
bald,0.7691366266132622,0.8776145972407654,single,male,pclarc,12,0.7810413885180241,-0.011904761904761862,,
bangs,0.7107843137254902,0.8248542660307366,single,male,pclarc,12,0.7107843137254902,0.0,,
big_lips,0.4799107142857143,0.4832589285714286,single,male,pclarc,12,0.47544642857142855,0.004464285714285754,,
big_nose,0.6240563150377474,0.682173706046385,single,male,pclarc,12,0.6210977351560906,0.00295857988165682,,
black_hair,0.7409529211571186,0.8934770277935338,single,male,pclarc,12,0.7409529211571186,0.0,,
blond_hair,0.863716814159292,0.9147492625368732,single,male,pclarc,12,0.863716814159292,0.0,,
blurry,0.6747967479674797,0.7552845528455285,single,male,pclarc,12,0.6747967479674797,0.0,,
brown_hair,0.6602011494252874,0.7923850574712644,single,male,pclarc,12,0.6602011494252874,0.0,,
bushy_eyebrows,0.5587096774193548,0.5519713261648745,single,male,pclarc,12,0.5564874551971326,0.0022222222222222365,,
chubby,0.5990740740740741,0.6827546296296296,single,male,pclarc,12,0.5990740740740741,0.0,,
double_chin,0.5446902654867256,0.6594395280235988,single,male,pclarc,12,0.5424778761061947,0.0022123893805309214,,
eyeglasses,0.931747572815534,0.9866019417475727,single,male,pclarc,12,0.9268932038834952,0.004854368932038833,,
goatee,0.6783898305084746,0.7779661016949152,single,male,pclarc,12,0.6555084745762711,0.022881355932203418,,
gray_hair,0.8806584362139918,0.9661285216840773,single,male,pclarc,12,0.882716049382716,-0.002057613168724215,,
heavy_makeup,0.5494353628681987,0.591565979625681,single,male,pclarc,12,0.5494353628681987,0.0,,
high_cheekbones,0.5442137404580153,0.4470839694656489,single,male,pclarc,12,0.5442137404580153,0.0,,
male,0.98828125,0.989013671875,single,male,pclarc,12,0.98828125,0.0,,
mouth_slightly_open,0.5408631772268135,0.5362718089990818,single,male,pclarc,12,0.5284664830119375,0.012396694214875992,,
mustache,0.7491525423728813,0.8052966101694915,single,male,pclarc,12,0.6991525423728814,0.04999999999999993,,
narrow_eyes,0.5504906616017727,0.5299145299145299,single,male,pclarc,12,0.5463754352643242,0.004115226337448541,,
no_beard,0.5427305678614579,0.4755537656061216,single,male,pclarc,12,0.5427305678614579,0.0,,
oval_face,0.5061443932411674,0.45552995391705065,single,male,pclarc,12,0.5061443932411674,0.0,,
pale_skin,0.6159976387249114,0.7461629279811097,single,male,pclarc,12,0.613931523022432,0.0020661157024793875,,
pointy_nose,0.5063319764812302,0.5589326096788783,single,male,pclarc,12,0.49724106739032115,0.009090909090909038,,
receding_hairline,0.5111607142857143,0.5364118303571428,single,male,pclarc,12,0.5044642857142857,0.006696428571428603,,
rosy_cheeks,0.6244154565591927,0.7206497661826237,single,male,pclarc,12,0.6265075067683977,-0.0020920502092049986,,
sideburns,0.6493506493506493,0.6486085343228201,single,male,pclarc,12,0.6473098330241187,0.0020408163265306367,,
smiling,0.8416320039148519,0.9604844629312453,single,male,pclarc,12,0.8375336432591143,0.004098360655737654,,
straight_hair,0.5716883116883117,0.5582683982683982,single,male,pclarc,12,0.5695238095238095,0.0021645021645021467,,
wavy_hair,0.5196579607770239,0.5604610093874896,single,male,pclarc,12,0.5196579607770239,0.0,,
wearing_earrings,0.6671189507010402,0.7503392130257802,single,male,pclarc,12,0.6630031659882406,0.004115784712799608,,
wearing_hat,0.9068675619609128,0.9606943989518506,single,male,pclarc,12,0.9068675619609128,0.0,,
wearing_lipstick,0.5586759312873963,0.5430097149842372,single,male,pclarc,12,0.552306504535804,0.006369426751592355,,
wearing_necklace,0.5811247575953459,0.6244343891402715,single,male,pclarc,12,0.6044602456367163,-0.023335488041370422,,
wearing_necktie,0.5150862068965517,0.5150862068965517,single,male,pclarc,12,0.5150862068965517,0.0,,
young,0.8736471861471862,0.9473079004329004,single,male,pclarc,12,0.8706709956709957,0.0029761904761904656,,
5_o_clock_shadow,0.5602867383512544,0.5832258064516129,single,male,pclarc,13,0.5625089605734768,-0.0022222222222223476,,
arched_eyebrows,0.5845622119815668,0.6246543778801843,single,male,pclarc,13,0.5720430107526882,0.012519201228878618,,
attractive,0.49769613947696134,0.572478206724782,single,male,pclarc,13,0.4942714819427148,0.0034246575342465335,,
bags_under_eyes,0.5298545986406263,0.44024778456508645,single,male,pclarc,13,0.5213800223694399,0.008474576271186418,,
bald,0.7810413885180241,0.8795060080106809,single,male,pclarc,13,0.7810413885180241,0.0,,
bangs,0.7130365659777425,0.8251192368839427,single,male,pclarc,13,0.7107843137254902,0.0022522522522522292,,
big_lips,0.47767857142857145,0.48116629464285715,single,male,pclarc,13,0.47544642857142855,0.0022321428571429047,,
big_nose,0.6240563150377474,0.6809494660953547,single,male,pclarc,13,0.6210977351560906,0.00295857988165682,,
black_hair,0.7432785025524674,0.892229154849688,single,male,pclarc,13,0.7409529211571186,0.0023255813953487747,,
blond_hair,0.8615044247787611,0.915339233038348,single,male,pclarc,13,0.863716814159292,-0.0022123893805309214,,
blurry,0.6768292682926829,0.7601626016260162,single,male,pclarc,13,0.6747967479674797,0.00203252032520318,,
brown_hair,0.6602011494252874,0.7940014367816093,single,male,pclarc,13,0.6602011494252874,0.0,,
bushy_eyebrows,0.5587096774193548,0.549820788530466,single,male,pclarc,13,0.5564874551971326,0.0022222222222222365,,
chubby,0.5990740740740741,0.6848379629629631,single,male,pclarc,13,0.5990740740740741,0.0,,
double_chin,0.5446902654867256,0.656047197640118,single,male,pclarc,13,0.5424778761061947,0.0022123893805309214,,
eyeglasses,0.9293203883495146,0.9866990291262134,single,male,pclarc,13,0.9268932038834952,0.0024271844660194164,,
goatee,0.6555084745762711,0.7788135593220338,single,male,pclarc,13,0.6555084745762711,0.0,,
gray_hair,0.8806584362139918,0.9626464070908516,single,male,pclarc,13,0.882716049382716,-0.002057613168724215,,
heavy_makeup,0.554726368159204,0.5925925925925926,single,male,pclarc,13,0.5494353628681987,0.005291005291005235,,
high_cheekbones,0.5442137404580153,0.44751145038167933,single,male,pclarc,13,0.5442137404580153,0.0,,
male,0.98828125,0.98919677734375,single,male,pclarc,13,0.98828125,0.0,,
mouth_slightly_open,0.5288950107131926,0.5362718089990817,single,male,pclarc,13,0.5284664830119375,0.0004285277012550104,,
mustache,0.7491525423728813,0.8074152542372882,single,male,pclarc,13,0.6991525423728814,0.04999999999999993,,
narrow_eyes,0.5443178220955999,0.5349794238683128,single,male,pclarc,13,0.5463754352643242,-0.002057613168724326,,
no_beard,0.5427305678614579,0.47515102698348766,single,male,pclarc,13,0.5427305678614579,0.0,,
oval_face,0.5061443932411674,0.45821812596006145,single,male,pclarc,13,0.5061443932411674,0.0,,
pale_skin,0.613931523022432,0.7423258559622196,single,male,pclarc,13,0.613931523022432,0.0,,
pointy_nose,0.5063319764812302,0.5592944369063771,single,male,pclarc,13,0.49724106739032115,0.009090909090909038,,
receding_hairline,0.5111607142857143,0.5333426339285714,single,male,pclarc,13,0.5044642857142857,0.006696428571428603,,
rosy_cheeks,0.6244154565591927,0.7199113955205514,single,male,pclarc,13,0.6265075067683977,-0.0020920502092049986,,
sideburns,0.6493506493506493,0.6497217068645641,single,male,pclarc,13,0.6473098330241187,0.0020408163265306367,,
smiling,0.8334352826033766,0.9602397846831416,single,male,pclarc,13,0.8375336432591143,-0.004098360655737654,,
straight_hair,0.5695238095238095,0.5568831168831169,single,male,pclarc,13,0.5695238095238095,0.0,,
wavy_hair,0.5196579607770239,0.5581373733618366,single,male,pclarc,13,0.5196579607770239,0.0,,
wearing_earrings,0.669606512890095,0.7498869289914065,single,male,pclarc,13,0.6630031659882406,0.006603346901854379,,
wearing_hat,0.9068675619609128,0.9602576700513156,single,male,pclarc,13,0.9068675619609128,0.0,,
wearing_lipstick,0.5554912179116,0.5445538184391687,single,male,pclarc,13,0.552306504535804,0.0031847133757960666,,
wearing_necklace,0.5856496444731739,0.6231415643180349,single,male,pclarc,13,0.6044602456367163,-0.018810601163542384,,
wearing_necktie,0.5193965517241379,0.5098778735632183,single,male,pclarc,13,0.5150862068965517,0.004310344827586188,,
young,0.8706709956709957,0.9472402597402598,single,male,pclarc,13,0.8706709956709957,0.0,,
5_o_clock_shadow,0.5602867383512544,0.5868100358422939,single,male,pclarc,14,0.5625089605734768,-0.0022222222222223476,,
arched_eyebrows,0.5872503840245775,0.6258064516129033,single,male,pclarc,14,0.5720430107526882,0.015207373271889368,,
attractive,0.49769613947696134,0.5728518057285181,single,male,pclarc,14,0.4942714819427148,0.0034246575342465335,,
bags_under_eyes,0.5298545986406263,0.4436892368579541,single,male,pclarc,14,0.5213800223694399,0.008474576271186418,,
bald,0.7691366266132622,0.8788384512683577,single,male,pclarc,14,0.7810413885180241,-0.011904761904761862,,
bangs,0.7107843137254902,0.8252517223105458,single,male,pclarc,14,0.7107843137254902,0.0,,
big_lips,0.4799107142857143,0.4839564732142857,single,male,pclarc,14,0.47544642857142855,0.004464285714285754,,
big_nose,0.6210977351560906,0.6836699993198668,single,male,pclarc,14,0.6210977351560906,0.0,,
black_hair,0.7432785025524674,0.8916619398752127,single,male,pclarc,14,0.7409529211571186,0.0023255813953487747,,
blond_hair,0.863716814159292,0.915929203539823,single,male,pclarc,14,0.863716814159292,0.0,,
blurry,0.6747967479674797,0.7597560975609756,single,male,pclarc,14,0.6747967479674797,0.0,,
brown_hair,0.6602011494252874,0.7954382183908046,single,male,pclarc,14,0.6602011494252874,0.0,,
bushy_eyebrows,0.5587096774193548,0.5478136200716845,single,male,pclarc,14,0.5564874551971326,0.0022222222222222365,,
chubby,0.5990740740740741,0.684375,single,male,pclarc,14,0.5990740740740741,0.0,,
double_chin,0.5424778761061947,0.6557522123893805,single,male,pclarc,14,0.5424778761061947,0.0,,
eyeglasses,0.9268932038834952,0.9869902912621358,single,male,pclarc,14,0.9268932038834952,0.0,,
goatee,0.6826271186440678,0.7796610169491525,single,male,pclarc,14,0.6555084745762711,0.027118644067796627,,
gray_hair,0.8806584362139918,0.9658119658119658,single,male,pclarc,14,0.882716049382716,-0.002057613168724215,,
heavy_makeup,0.554726368159204,0.5923556819079208,single,male,pclarc,14,0.5494353628681987,0.005291005291005235,,
high_cheekbones,0.5442137404580153,0.4490381679389313,single,male,pclarc,14,0.5442137404580153,0.0,,
male,0.98828125,0.98907470703125,single,male,pclarc,14,0.98828125,0.0,,
mouth_slightly_open,0.5371594735231099,0.5356596265687175,single,male,pclarc,14,0.5284664830119375,0.008692990511172338,,
mustache,0.7491525423728813,0.8069915254237289,single,male,pclarc,14,0.6991525423728814,0.04999999999999993,,
narrow_eyes,0.5463754352643242,0.5330800886356442,single,male,pclarc,14,0.5463754352643242,0.0,,
no_beard,0.5479661699556988,0.4771647200966572,single,male,pclarc,14,0.5427305678614579,0.005235602094240899,,
oval_face,0.5061443932411674,0.4605990783410138,single,male,pclarc,14,0.5061443932411674,0.0,,
pale_skin,0.6159976387249114,0.7417355371900827,single,male,pclarc,14,0.613931523022432,0.0020661157024793875,,
pointy_nose,0.5063319764812302,0.5608322026232474,single,male,pclarc,14,0.49724106739032115,0.009090909090909038,,
receding_hairline,0.5089285714285714,0.5329241071428571,single,male,pclarc,14,0.5044642857142857,0.004464285714285698,,
rosy_cheeks,0.6244154565591927,0.7218803839527442,single,male,pclarc,14,0.6265075067683977,-0.0020920502092049986,,
sideburns,0.6452690166975881,0.6493506493506493,single,male,pclarc,14,0.6473098330241187,-0.0020408163265306367,,
smiling,0.8375336432591143,0.9605456324932713,single,male,pclarc,14,0.8375336432591143,0.0,,
straight_hair,0.5695238095238095,0.5544588744588744,single,male,pclarc,14,0.5695238095238095,0.0,,
wavy_hair,0.5196579607770239,0.558509155125941,single,male,pclarc,14,0.5196579607770239,0.0,,
wearing_earrings,0.6720940750791498,0.750067842605156,single,male,pclarc,14,0.6630031659882406,0.00909090909090915,,
wearing_hat,0.9068675619609128,0.9600393056010481,single,male,pclarc,14,0.9068675619609128,0.0,,
wearing_lipstick,0.5554912179116,0.5447468313710353,single,male,pclarc,14,0.552306504535804,0.0031847133757960666,,
wearing_necklace,0.5999353587588881,0.6257272139625081,single,male,pclarc,14,0.6044602456367163,-0.004524886877828149,,
wearing_necktie,0.5193965517241379,0.5141882183908046,single,male,pclarc,14,0.5150862068965517,0.004310344827586188,,
young,0.8706709956709957,0.9479843073593074,single,male,pclarc,14,0.8706709956709957,0.0,,
5_o_clock_shadow,0.5441577060931899,0.5837992831541219,single,male,pclarc,15,0.5625089605734768,-0.01835125448028685,,
arched_eyebrows,0.5845622119815668,0.6245007680491551,single,male,pclarc,15,0.5720430107526882,0.012519201228878618,,
attractive,0.4942714819427148,0.5583437110834372,single,male,pclarc,15,0.4942714819427148,0.0,,
bags_under_eyes,0.49595629355588056,0.43723651380882733,single,male,pclarc,15,0.5213800223694399,-0.025423728813559365,,
bald,0.7810413885180241,0.8810636404094349,single,male,pclarc,15,0.7810413885180241,0.0,,
bangs,0.708532061473238,0.8232644409114998,single,male,pclarc,15,0.7107843137254902,-0.0022522522522522292,,
big_lips,0.48214285714285715,0.48535156250000006,single,male,pclarc,15,0.47544642857142855,0.006696428571428603,,
big_nose,0.6240563150377474,0.6852343059239611,single,male,pclarc,15,0.6210977351560906,0.00295857988165682,,
black_hair,0.753148043108338,0.8920022688598979,single,male,pclarc,15,0.7409529211571186,0.012195121951219412,,
blond_hair,0.8615044247787611,0.9154867256637168,single,male,pclarc,15,0.863716814159292,-0.0022123893805309214,,
blurry,0.6727642276422765,0.7585365853658537,single,male,pclarc,15,0.6747967479674797,-0.00203252032520318,,
brown_hair,0.6602011494252874,0.7931034482758621,single,male,pclarc,15,0.6602011494252874,0.0,,
bushy_eyebrows,0.5587096774193548,0.5455197132616487,single,male,pclarc,15,0.5564874551971326,0.0022222222222222365,,
chubby,0.5990740740740741,0.690625,single,male,pclarc,15,0.5990740740740741,0.0,,
double_chin,0.5469026548672566,0.6523598820058998,single,male,pclarc,15,0.5424778761061947,0.004424778761061954,,
eyeglasses,0.9268932038834952,0.9872815533980581,single,male,pclarc,15,0.9268932038834952,0.0,,
goatee,0.6826271186440678,0.7868644067796611,single,male,pclarc,15,0.6555084745762711,0.027118644067796627,,
gray_hair,0.8786008230452675,0.9645457423235201,single,male,pclarc,15,0.882716049382716,-0.00411522633744843,,
heavy_makeup,0.554726368159204,0.5891179025507384,single,male,pclarc,15,0.5494353628681987,0.005291005291005235,,
high_cheekbones,0.5442137404580153,0.4478167938931298,single,male,pclarc,15,0.5442137404580153,0.0,,
male,0.98828125,0.989013671875,single,male,pclarc,15,0.98828125,0.0,,
mouth_slightly_open,0.549556167737986,0.5370676461585553,single,male,pclarc,15,0.5284664830119375,0.02108968472604844,,
mustache,0.751271186440678,0.8161016949152542,single,male,pclarc,15,0.6991525423728814,0.05211864406779665,,
narrow_eyes,0.5443178220955999,0.5346628679962013,single,male,pclarc,15,0.5463754352643242,-0.002057613168724326,,
no_beard,0.5453483689085783,0.47990334273056784,single,male,pclarc,15,0.5427305678614579,0.002617801047120394,,
oval_face,0.5061443932411674,0.4564516129032258,single,male,pclarc,15,0.5061443932411674,0.0,,
pale_skin,0.613931523022432,0.7390791027154664,single,male,pclarc,15,0.613931523022432,0.0,,
pointy_nose,0.5013568521031208,0.5578471279963817,single,male,pclarc,15,0.49724106739032115,0.004115784712799608,,
receding_hairline,0.5089285714285714,0.5274832589285714,single,male,pclarc,15,0.5044642857142857,0.004464285714285698,,
rosy_cheeks,0.6244154565591927,0.7186807777504308,single,male,pclarc,15,0.6265075067683977,-0.0020920502092049986,,
sideburns,0.6493506493506493,0.650834879406308,single,male,pclarc,15,0.6473098330241187,0.0020408163265306367,,
smiling,0.8416320039148519,0.9602397846831416,single,male,pclarc,15,0.8375336432591143,0.004098360655737654,,
straight_hair,0.5495238095238095,0.5574025974025975,single,male,pclarc,15,0.5695238095238095,-0.020000000000000018,,
wavy_hair,0.5196579607770239,0.5538618830746351,single,male,pclarc,15,0.5196579607770239,0.0,,
wearing_earrings,0.6654907281772953,0.7526006331976481,single,male,pclarc,15,0.6630031659882406,0.0024875621890546595,,
wearing_hat,0.918495468937657,0.9608035811769844,single,male,pclarc,15,0.9068675619609128,0.011627906976744207,,
wearing_lipstick,0.552306504535804,0.5417872997490832,single,male,pclarc,15,0.552306504535804,0.0,,
wearing_necklace,0.6021978021978023,0.6297349709114415,single,male,pclarc,15,0.6044602456367163,-0.002262443438914019,,
wearing_necktie,0.5172413793103449,0.5082614942528736,single,male,pclarc,15,0.5150862068965517,0.0021551724137931494,,
young,0.8706709956709957,0.9481195887445888,single,male,pclarc,15,0.8706709956709957,0.0,,
5_o_clock_shadow,0.5463799283154123,0.5859498207885304,single,male,pclarc,16,0.5625089605734768,-0.016129032258064502,,
arched_eyebrows,0.5890168970814132,0.6242703533026114,single,male,pclarc,16,0.5720430107526882,0.016973886328725096,,
attractive,0.4942714819427148,0.5558530510585306,single,male,pclarc,16,0.4942714819427148,0.0,,
bags_under_eyes,0.4934182224898907,0.4376666953454358,single,male,pclarc,16,0.5213800223694399,-0.02796179987954922,,
bald,0.7810413885180241,0.8820649755229194,single,male,pclarc,16,0.7810413885180241,0.0,,
bangs,0.7107843137254902,0.8226020137784843,single,male,pclarc,16,0.7107843137254902,0.0,,
big_lips,0.47767857142857145,0.4839564732142857,single,male,pclarc,16,0.47544642857142855,0.0022321428571429047,,
big_nose,0.6240563150377474,0.6830578793443515,single,male,pclarc,16,0.6210977351560906,0.00295857988165682,,
black_hair,0.7432785025524674,0.8929098128190585,single,male,pclarc,16,0.7409529211571186,0.0023255813953487747,,
blond_hair,0.8615044247787611,0.9150442477876105,single,male,pclarc,16,0.863716814159292,-0.0022123893805309214,,
blurry,0.6768292682926829,0.7540650406504065,single,male,pclarc,16,0.6747967479674797,0.00203252032520318,,
brown_hair,0.6558908045977012,0.7920258620689655,single,male,pclarc,16,0.6602011494252874,-0.004310344827586188,,
bushy_eyebrows,0.5587096774193548,0.5463799283154122,single,male,pclarc,16,0.5564874551971326,0.0022222222222222365,,
chubby,0.5990740740740741,0.6902777777777778,single,male,pclarc,16,0.5990740740740741,0.0,,
double_chin,0.5535398230088495,0.6467551622418879,single,male,pclarc,16,0.5424778761061947,0.011061946902654829,,
eyeglasses,0.9293203883495146,0.9866019417475727,single,male,pclarc,16,0.9268932038834952,0.0024271844660194164,,
goatee,0.6576271186440679,0.7847457627118644,single,male,pclarc,16,0.6555084745762711,0.0021186440677967155,,
gray_hair,0.882716049382716,0.962962962962963,single,male,pclarc,16,0.882716049382716,0.0,,
heavy_makeup,0.5520808655137013,0.5828002842928216,single,male,pclarc,16,0.5494353628681987,0.002645502645502562,,
high_cheekbones,0.5442137404580153,0.4467175572519084,single,male,pclarc,16,0.5442137404580153,0.0,,
male,0.98828125,0.98895263671875,single,male,pclarc,16,0.98828125,0.0,,
mouth_slightly_open,0.5454239363330272,0.5346189164370982,single,male,pclarc,16,0.5284664830119375,0.016957453321089666,,
mustache,0.7283898305084746,0.8139830508474576,single,male,pclarc,16,0.6991525423728814,0.02923728813559323,,
narrow_eyes,0.5443178220955999,0.5346628679962013,single,male,pclarc,16,0.5463754352643242,-0.002057613168724326,,
no_beard,0.5479661699556988,0.4771647200966573,single,male,pclarc,16,0.5427305678614579,0.005235602094240899,,
oval_face,0.5034562211981567,0.4552227342549923,single,male,pclarc,16,0.5061443932411674,-0.0026881720430107503,,
pale_skin,0.6118654073199528,0.7367178276269185,single,male,pclarc,16,0.613931523022432,-0.0020661157024792765,,
pointy_nose,0.5013568521031208,0.5594753505201268,single,male,pclarc,16,0.49724106739032115,0.004115784712799608,,
receding_hairline,0.5066964285714286,0.5249720982142858,single,male,pclarc,16,0.5044642857142857,0.0022321428571429047,,
rosy_cheeks,0.6181393059315776,0.7125276888998278,single,male,pclarc,16,0.6265075067683977,-0.008368200836820106,,
sideburns,0.6554730983302413,0.6515769944341373,single,male,pclarc,16,0.6473098330241187,0.008163265306122547,,
smiling,0.8334352826033766,0.9603621238071935,single,male,pclarc,16,0.8375336432591143,-0.004098360655737654,,
straight_hair,0.5473593073593073,0.5565367965367966,single,male,pclarc,16,0.5695238095238095,-0.022164502164502276,,
wavy_hair,0.5196579607770239,0.5515382470489822,single,male,pclarc,16,0.5196579607770239,0.0,,
wearing_earrings,0.6745816372682044,0.7527815468113975,single,male,pclarc,16,0.6630031659882406,0.011578471279963809,,
wearing_hat,0.918495468937657,0.9594933944753793,single,male,pclarc,16,0.9068675619609128,0.011627906976744207,,
wearing_lipstick,0.5554912179116,0.546741298333655,single,male,pclarc,16,0.552306504535804,0.0031847133757960666,,
wearing_necklace,0.6044602456367163,0.6299935358758888,single,male,pclarc,16,0.6044602456367163,0.0,,
wearing_necktie,0.48204022988505746,0.494073275862069,single,male,pclarc,16,0.5150862068965517,-0.033045977011494254,,
young,0.8736471861471862,0.9473079004329005,single,male,pclarc,16,0.8706709956709957,0.0029761904761904656,,
5_o_clock_shadow,0.5441577060931899,0.5822222222222222,single,male,pclarc,17,0.5625089605734768,-0.01835125448028685,,
arched_eyebrows,0.5782642089093702,0.6209677419354839,single,male,pclarc,17,0.5720430107526882,0.006221198156682095,,
attractive,0.4942714819427148,0.5493773349937734,single,male,pclarc,17,0.4942714819427148,0.0,,
bags_under_eyes,0.4984943646218704,0.4363761507356104,single,male,pclarc,17,0.5213800223694399,-0.02288565774756951,,
bald,0.7691366266132622,0.8796172674677347,single,male,pclarc,17,0.7810413885180241,-0.011904761904761862,,
bangs,0.708532061473238,0.8233969263381028,single,male,pclarc,17,0.7107843137254902,-0.0022522522522522292,,
big_lips,0.47544642857142855,0.48828125,single,male,pclarc,17,0.47544642857142855,0.0,,
big_nose,0.6183091886009658,0.6807454261035163,single,male,pclarc,17,0.6210977351560906,-0.002788546555124727,,
black_hair,0.7409529211571186,0.8932501418037436,single,male,pclarc,17,0.7409529211571186,0.0,,
blond_hair,0.863716814159292,0.9144542772861357,single,male,pclarc,17,0.863716814159292,0.0,,
blurry,0.6727642276422765,0.7560975609756098,single,male,pclarc,17,0.6747967479674797,-0.00203252032520318,,
brown_hair,0.6558908045977012,0.7925646551724137,single,male,pclarc,17,0.6602011494252874,-0.004310344827586188,,
bushy_eyebrows,0.5609318996415771,0.5488172043010753,single,male,pclarc,17,0.5564874551971326,0.004444444444444473,,
chubby,0.5990740740740741,0.6820601851851853,single,male,pclarc,17,0.5990740740740741,0.0,,
double_chin,0.5390855457227138,0.6436578171091445,single,male,pclarc,17,0.5424778761061947,-0.003392330383480857,,
eyeglasses,0.9244660194174756,0.9866019417475728,single,male,pclarc,17,0.9268932038834952,-0.0024271844660195274,,
goatee,0.6847457627118644,0.7870762711864407,single,male,pclarc,17,0.6555084745762711,0.02923728813559323,,
gray_hair,0.8868312757201646,0.9632795188350745,single,male,pclarc,17,0.882716049382716,0.004115226337448652,,
heavy_makeup,0.546789860222696,0.574350469872858,single,male,pclarc,17,0.5494353628681987,-0.002645502645502673,,
high_cheekbones,0.5445801526717557,0.4457404580152672,single,male,pclarc,17,0.5442137404580153,0.0003664122137404524,,
male,0.98828125,0.98895263671875,single,male,pclarc,17,0.98828125,0.0,,
mouth_slightly_open,0.5582491582491582,0.5335169880624426,single,male,pclarc,17,0.5284664830119375,0.029782675237220668,,
mustache,0.7283898305084746,0.8114406779661016,single,male,pclarc,17,0.6991525423728814,0.02923728813559323,,
narrow_eyes,0.5463754352643242,0.5324469768914213,single,male,pclarc,17,0.5463754352643242,0.0,,
no_beard,0.5453483689085783,0.48111155859846955,single,male,pclarc,17,0.5427305678614579,0.002617801047120394,,
oval_face,0.5034562211981567,0.4579877112135177,single,male,pclarc,17,0.5061443932411674,-0.0026881720430107503,,
pale_skin,0.613931523022432,0.7358323494687131,single,male,pclarc,17,0.613931523022432,0.0,,
pointy_nose,0.5079601990049751,0.5578471279963817,single,male,pclarc,17,0.49724106739032115,0.010719131614653987,,
receding_hairline,0.5044642857142857,0.5258091517857142,single,male,pclarc,17,0.5044642857142857,0.0,,
rosy_cheeks,0.6223234063499876,0.7179424070883583,single,male,pclarc,17,0.6265075067683977,-0.004184100418410108,,
sideburns,0.6534322820037106,0.6556586270871985,single,male,pclarc,17,0.6473098330241187,0.00612244897959191,,
smiling,0.8293369219476389,0.9597504281869342,single,male,pclarc,17,0.8375336432591143,-0.008196721311475419,,
straight_hair,0.5495238095238095,0.5568831168831169,single,male,pclarc,17,0.5695238095238095,-0.020000000000000018,,
wavy_hair,0.5196579607770239,0.5499581745515383,single,male,pclarc,17,0.5196579607770239,0.0,,
wearing_earrings,0.669606512890095,0.7525101763907734,single,male,pclarc,17,0.6630031659882406,0.006603346901854379,,
wearing_hat,0.918495468937657,0.9598209411507806,single,male,pclarc,17,0.9068675619609128,0.011627906976744207,,
wearing_lipstick,0.552306504535804,0.5370906517403333,single,male,pclarc,17,0.552306504535804,0.0,,
wearing_necklace,0.6021978021978023,0.6293471234647705,single,male,pclarc,17,0.6044602456367163,-0.002262443438914019,,
wearing_necktie,0.5007183908045977,0.5001795977011494,single,male,pclarc,17,0.5150862068965517,-0.014367816091954033,,
young,0.8679653679653679,0.9473079004329004,single,male,pclarc,17,0.8706709956709957,-0.0027056277056277667,,
5_o_clock_shadow,0.5441577060931899,0.5800716845878137,single,male,pclarc,18,0.5625089605734768,-0.01835125448028685,,
arched_eyebrows,0.5622119815668203,0.6165898617511519,single,male,pclarc,18,0.5720430107526882,-0.009831029185867868,,
attractive,0.4942714819427148,0.5459526774595267,single,male,pclarc,18,0.4942714819427148,0.0,,
bags_under_eyes,0.5010324356878603,0.43267658952077775,single,male,pclarc,18,0.5213800223694399,-0.020347586681579655,,
bald,0.7691366266132622,0.8770582999554962,single,male,pclarc,18,0.7810413885180241,-0.011904761904761862,,
bangs,0.7062798092209857,0.8264440911499735,single,male,pclarc,18,0.7107843137254902,-0.0045045045045045695,,
big_lips,0.47098214285714285,0.48758370535714296,single,male,pclarc,18,0.47544642857142855,-0.004464285714285698,,
big_nose,0.6183091886009658,0.6776168128953275,single,male,pclarc,18,0.6210977351560906,-0.002788546555124727,,
black_hair,0.7310833806012479,0.8929098128190583,single,male,pclarc,18,0.7409529211571186,-0.009869540555870748,,
blond_hair,0.8615044247787611,0.9148967551622418,single,male,pclarc,18,0.863716814159292,-0.0022123893805309214,,
blurry,0.6768292682926829,0.7654471544715447,single,male,pclarc,18,0.6747967479674797,0.00203252032520318,,
brown_hair,0.6558908045977012,0.7983117816091954,single,male,pclarc,18,0.6602011494252874,-0.004310344827586188,,
bushy_eyebrows,0.5631541218637992,0.5463799283154122,single,male,pclarc,18,0.5564874551971326,0.006666666666666599,,
chubby,0.6013888888888889,0.6754629629629629,single,male,pclarc,18,0.5990740740740741,0.0023148148148147696,,
double_chin,0.5412979351032448,0.6464601769911504,single,male,pclarc,18,0.5424778761061947,-0.0011799410029499358,,
eyeglasses,0.9268932038834952,0.9864077669902911,single,male,pclarc,18,0.9268932038834952,0.0,,
goatee,0.6597457627118644,0.7798728813559321,single,male,pclarc,18,0.6555084745762711,0.004237288135593209,,
gray_hair,0.8930041152263375,0.9648622981956315,single,male,pclarc,18,0.882716049382716,0.010288065843621519,,
heavy_makeup,0.546789860222696,0.5679538813867172,single,male,pclarc,18,0.5494353628681987,-0.002645502645502673,,
high_cheekbones,0.5403969465648855,0.44458015267175577,single,male,pclarc,18,0.5442137404580153,-0.003816793893129833,,
male,0.98828125,0.98870849609375,single,male,pclarc,18,0.98828125,0.0,,
mouth_slightly_open,0.5582491582491582,0.5364554637281911,single,male,pclarc,18,0.5284664830119375,0.029782675237220668,,
mustache,0.751271186440678,0.8088983050847457,single,male,pclarc,18,0.6991525423728814,0.05211864406779665,,
narrow_eyes,0.5546058879392213,0.5286483064260842,single,male,pclarc,18,0.5463754352643242,0.008230452674897082,,
no_beard,0.5427305678614579,0.48272251308900527,single,male,pclarc,18,0.5427305678614579,0.0,,
oval_face,0.500768049155146,0.4573732718894009,single,male,pclarc,18,0.5061443932411674,-0.005376344086021501,,
pale_skin,0.6159976387249114,0.7346517119244391,single,male,pclarc,18,0.613931523022432,0.0020661157024793875,,
pointy_nose,0.5129353233830846,0.5559475350520127,single,male,pclarc,18,0.49724106739032115,0.015694255992763417,,
receding_hairline,0.5022321428571428,0.5231584821428571,single,male,pclarc,18,0.5044642857142857,-0.0022321428571429047,,
rosy_cheeks,0.6160472557223726,0.7132660595619001,single,male,pclarc,18,0.6265075067683977,-0.010460251046025104,,
sideburns,0.65139146567718,0.6612244897959183,single,male,pclarc,18,0.6473098330241187,0.004081632653061273,,
smiling,0.8293369219476389,0.9591387325666748,single,male,pclarc,18,0.8375336432591143,-0.008196721311475419,,
straight_hair,0.5538528138528138,0.5598268398268398,single,male,pclarc,18,0.5695238095238095,-0.015670995670995724,,
wavy_hair,0.5196579607770239,0.546612138674598,single,male,pclarc,18,0.5196579607770239,0.0,,
wearing_earrings,0.6712347354138399,0.7496155585707824,single,male,pclarc,18,0.6630031659882406,0.008231569425599328,,
wearing_hat,0.918495468937657,0.9596025767005132,single,male,pclarc,18,0.9068675619609128,0.011627906976744207,,
wearing_lipstick,0.5491217911600077,0.5323940037315833,single,male,pclarc,18,0.552306504535804,-0.0031847133757962887,,
wearing_necklace,0.6044602456367163,0.6275371687136394,single,male,pclarc,18,0.6044602456367163,0.0,,
wearing_necktie,0.47772988505747127,0.49766522988505746,single,male,pclarc,18,0.5150862068965517,-0.03735632183908044,,
young,0.8768939393939394,0.9463609307359307,single,male,pclarc,18,0.8706709956709957,0.006222943722943741,,
5_o_clock_shadow,0.5235842293906809,0.5772043010752688,single,male,pclarc,19,0.5625089605734768,-0.038924731182795824,,
arched_eyebrows,0.5720430107526882,0.612826420890937,single,male,pclarc,19,0.5720430107526882,0.0,,
attractive,0.4942714819427148,0.5367995018679951,single,male,pclarc,19,0.4942714819427148,0.0,,
bags_under_eyes,0.5095070119590467,0.43293469844274274,single,male,pclarc,19,0.5213800223694399,-0.011873010410393237,,
bald,0.7453271028037383,0.8718291054739653,single,male,pclarc,19,0.7810413885180241,-0.03571428571428581,,
bangs,0.7107843137254902,0.8228669846316905,single,male,pclarc,19,0.7107843137254902,0.0,,
big_lips,0.47544642857142855,0.49135044642857145,single,male,pclarc,19,0.47544642857142855,0.0,,
big_nose,0.615350608719309,0.6749642930014282,single,male,pclarc,19,0.6210977351560906,-0.005747126436781547,,
black_hair,0.7432785025524674,0.8937039137833238,single,male,pclarc,19,0.7409529211571186,0.0023255813953487747,,
blond_hair,0.8592920353982301,0.9147492625368732,single,male,pclarc,19,0.863716814159292,-0.004424778761061954,,
blurry,0.6747967479674797,0.7715447154471544,single,male,pclarc,19,0.6747967479674797,0.0,,
brown_hair,0.6602011494252874,0.7975933908045978,single,male,pclarc,19,0.6602011494252874,0.0,,
bushy_eyebrows,0.5375627240143369,0.5311827956989248,single,male,pclarc,19,0.5564874551971326,-0.018924731182795695,,
chubby,0.6013888888888889,0.6751157407407407,single,male,pclarc,19,0.5990740740740741,0.0023148148148147696,,
double_chin,0.5368731563421829,0.6474926253687316,single,male,pclarc,19,0.5424778761061947,-0.0056047197640117785,,
eyeglasses,0.9244660194174756,0.9859223300970873,single,male,pclarc,19,0.9268932038834952,-0.0024271844660195274,,
goatee,0.6576271186440679,0.7766949152542372,single,male,pclarc,19,0.6555084745762711,0.0021186440677967155,,
gray_hair,0.897119341563786,0.9667616334283001,single,male,pclarc,19,0.882716049382716,0.01440329218107006,,
heavy_makeup,0.5335623469951828,0.5634525783779515,single,male,pclarc,19,0.5494353628681987,-0.015873015873015928,,
high_cheekbones,0.5443969465648855,0.4458625954198473,single,male,pclarc,19,0.5442137404580153,0.0001832061068701707,,
male,0.98828125,0.98822021484375,single,male,pclarc,19,0.98828125,0.0,,
mouth_slightly_open,0.5628099173553719,0.5355984083256811,single,male,pclarc,19,0.5284664830119375,0.03434343434343434,,
mustache,0.751271186440678,0.809957627118644,single,male,pclarc,19,0.6991525423728814,0.05211864406779665,,
narrow_eyes,0.5525482747704971,0.5289648622981957,single,male,pclarc,19,0.5463754352643242,0.006172839506172867,,
no_beard,0.5427305678614579,0.4849778493757551,single,male,pclarc,19,0.5427305678614579,0.0,,
oval_face,0.500768049155146,0.4632872503840245,single,male,pclarc,19,0.5061443932411674,-0.005376344086021501,,
pale_skin,0.6159976387249114,0.7364226682408501,single,male,pclarc,19,0.613931523022432,0.0020661157024793875,,
pointy_nose,0.5154228855721393,0.5547715965626413,single,male,pclarc,19,0.49724106739032115,0.018181818181818188,,
receding_hairline,0.515625,0.5294363839285714,single,male,pclarc,19,0.5044642857142857,0.011160714285714302,,
rosy_cheeks,0.6160472557223726,0.7122815653458036,single,male,pclarc,19,0.6265075067683977,-0.010460251046025104,,
sideburns,0.6493506493506493,0.6634508348794064,single,male,pclarc,19,0.6473098330241187,0.0020408163265306367,,
smiling,0.8334352826033766,0.9596892586249082,single,male,pclarc,19,0.8375336432591143,-0.004098360655737654,,
straight_hair,0.5668398268398268,0.5731601731601732,single,male,pclarc,19,0.5695238095238095,-0.002683982683982733,,
wavy_hair,0.5122687982154476,0.5367599219258296,single,male,pclarc,19,0.5196579607770239,-0.00738916256157629,,
wearing_earrings,0.6563093622795115,0.7521483491632746,single,male,pclarc,19,0.6630031659882406,-0.006693803708729074,,
wearing_hat,0.918495468937657,0.9598209411507806,single,male,pclarc,19,0.9068675619609128,0.011627906976744207,,
wearing_lipstick,0.5592228012610179,0.5370263140963778,single,male,pclarc,19,0.552306504535804,0.006916296725213877,,
wearing_necklace,0.5908855850032321,0.622365869424693,single,male,pclarc,19,0.6044602456367163,-0.013574660633484226,,
wearing_necktie,0.4942528735632184,0.5120330459770115,single,male,pclarc,19,0.5150862068965517,-0.020833333333333315,,
young,0.865530303030303,0.9448051948051948,single,male,pclarc,19,0.8706709956709957,-0.005140692640692723,,
5_o_clock_shadow,0.5419354838709678,0.5751971326164874,single,male,pclarc,20,0.5625089605734768,-0.020573476702508975,,
arched_eyebrows,0.5720430107526882,0.6118279569892473,single,male,pclarc,20,0.5720430107526882,0.0,,
attractive,0.4942714819427148,0.5326276463262766,single,male,pclarc,20,0.4942714819427148,0.0,,
bags_under_eyes,0.5086466488858298,0.42476124924718234,single,male,pclarc,20,0.5213800223694399,-0.012733373483610144,,
bald,0.7476635514018692,0.8663773920783265,single,male,pclarc,20,0.7810413885180241,-0.03337783711615483,,
bangs,0.7130365659777425,0.8191573926868044,single,male,pclarc,20,0.7107843137254902,0.0022522522522522292,,
big_lips,0.47098214285714285,0.4892578125,single,male,pclarc,20,0.47544642857142855,-0.004464285714285698,,
big_nose,0.6097735156090593,0.6670747466503434,single,male,pclarc,20,0.6210977351560906,-0.011324219547031222,,
black_hair,0.7334089619965967,0.8944980147475894,single,male,pclarc,20,0.7409529211571186,-0.007543959160521974,,
blond_hair,0.8570796460176991,0.9153392330383481,single,male,pclarc,20,0.863716814159292,-0.006637168141592875,,
blurry,0.6788617886178862,0.7857723577235773,single,male,pclarc,20,0.6747967479674797,0.004065040650406471,,
brown_hair,0.6623563218390804,0.8033405172413793,single,male,pclarc,20,0.6602011494252874,0.0021551724137930384,,
bushy_eyebrows,0.5258781362007169,0.5320430107526881,single,male,pclarc,20,0.5564874551971326,-0.030609318996415724,,
chubby,0.6013888888888889,0.6765046296296295,single,male,pclarc,20,0.5990740740740741,0.0023148148148147696,,
double_chin,0.5412979351032448,0.6482300884955753,single,male,pclarc,20,0.5424778761061947,-0.0011799410029499358,,
eyeglasses,0.9268932038834952,0.986019417475728,single,male,pclarc,20,0.9268932038834952,0.0,,
goatee,0.6576271186440679,0.7815677966101694,single,male,pclarc,20,0.6555084745762711,0.0021186440677967155,,
gray_hair,0.9012345679012346,0.9610636277302943,single,male,pclarc,20,0.882716049382716,0.0185185185185186,,
heavy_makeup,0.5208086551370134,0.5544499723604202,single,male,pclarc,20,0.5494353628681987,-0.028626707731185363,,
high_cheekbones,0.5402137404580153,0.44256488549618317,single,male,pclarc,20,0.5442137404580153,-0.0040000000000000036,,
male,0.98828125,0.9879150390625,single,male,pclarc,20,0.98828125,0.0,,
mouth_slightly_open,0.5632384450566269,0.5386593204775023,single,male,pclarc,20,0.5284664830119375,0.03477196204468935,,
mustache,0.7283898305084746,0.8161016949152543,single,male,pclarc,20,0.6991525423728814,0.02923728813559323,,
narrow_eyes,0.5463754352643242,0.5318138651471984,single,male,pclarc,20,0.5463754352643242,0.0,,
no_beard,0.5427305678614579,0.4858638743455497,single,male,pclarc,20,0.5427305678614579,0.0,,
oval_face,0.5132872503840246,0.4654377880184331,single,male,pclarc,20,0.5061443932411674,0.0071428571428571175,,
pale_skin,0.6097992916174735,0.7355371900826446,single,male,pclarc,20,0.613931523022432,-0.004132231404958553,,
pointy_nose,0.5195386702849389,0.5589326096788784,single,male,pclarc,20,0.49724106739032115,0.022297602894617796,,
receding_hairline,0.5066964285714286,0.5376674107142857,single,male,pclarc,20,0.5044642857142857,0.0022321428571429047,,
rosy_cheeks,0.6223234063499876,0.7206497661826237,single,male,pclarc,20,0.6265075067683977,-0.004184100418410108,,
sideburns,0.65139146567718,0.6645640074211504,single,male,pclarc,20,0.6473098330241187,0.004081632653061273,,
smiling,0.8375336432591143,0.9607291411793492,single,male,pclarc,20,0.8375336432591143,0.0,,
straight_hair,0.5668398268398268,0.576969696969697,single,male,pclarc,20,0.5695238095238095,-0.002683982683982733,,
wavy_hair,0.5098057440282554,0.5378752672181429,single,male,pclarc,20,0.5196579607770239,-0.009852216748768461,,
wearing_earrings,0.6885572139303483,0.7545002261420172,single,male,pclarc,20,0.6630031659882406,0.025554047942107694,,
wearing_hat,0.9301233759144012,0.9600393056010481,single,male,pclarc,20,0.9068675619609128,0.023255813953488413,,
wearing_lipstick,0.5541722962105128,0.5443608055073024,single,male,pclarc,20,0.552306504535804,0.0018657916747087944,,
wearing_necklace,0.588623141564318,0.6201680672268908,single,male,pclarc,20,0.6044602456367163,-0.015837104072398245,,
wearing_necktie,0.49856321839080464,0.5136494252873562,single,male,pclarc,20,0.5150862068965517,-0.01652298850574707,,
young,0.865530303030303,0.9458874458874459,single,male,pclarc,20,0.8706709956709957,-0.005140692640692723,,
5_o_clock_shadow,0.5391397849462366,0.5602867383512545,single,male,pclarc,21,0.5625089605734768,-0.02336917562724017,,
arched_eyebrows,0.5738095238095238,0.6142857142857143,single,male,pclarc,21,0.5720430107526882,0.0017665130568356169,,
attractive,0.4942714819427148,0.5524595267745953,single,male,pclarc,21,0.4942714819427148,0.0,,
bags_under_eyes,0.5137227910178095,0.4211477243396713,single,male,pclarc,21,0.5213800223694399,-0.0076572313516304336,,
bald,0.7238540275923454,0.8601468624833111,single,male,pclarc,21,0.7810413885180241,-0.057187360925678665,,
bangs,0.6848171701112877,0.8125331213566508,single,male,pclarc,21,0.7107843137254902,-0.025967143614202493,,
big_lips,0.46875,0.4923270089285714,single,male,pclarc,21,0.47544642857142855,-0.006696428571428548,,
big_nose,0.601237842617153,0.6568727470584235,single,male,pclarc,21,0.6210977351560906,-0.019859892538937607,,
black_hair,0.7357345433919456,0.8946114577424844,single,male,pclarc,21,0.7409529211571186,-0.005218377765173088,,
blond_hair,0.8548672566371682,0.9165191740412979,single,male,pclarc,21,0.863716814159292,-0.008849557522123797,,
blurry,0.6788617886178862,0.7780487804878049,single,male,pclarc,21,0.6747967479674797,0.004065040650406471,,
brown_hair,0.6580459770114943,0.805316091954023,single,male,pclarc,21,0.6602011494252874,-0.0021551724137931494,,
bushy_eyebrows,0.5113978494623657,0.5165591397849463,single,male,pclarc,21,0.5564874551971326,-0.04508960573476695,,
chubby,0.5935185185185186,0.664699074074074,single,male,pclarc,21,0.5990740740740741,-0.005555555555555536,,
double_chin,0.5457227138643068,0.644985250737463,single,male,pclarc,21,0.5424778761061947,0.003244837758112129,,
eyeglasses,0.9268932038834952,0.9866019417475727,single,male,pclarc,21,0.9268932038834952,0.0,,
goatee,0.6555084745762711,0.7834745762711863,single,male,pclarc,21,0.6555084745762711,0.0,,
gray_hair,0.8812915479582146,0.9591642924976258,single,male,pclarc,21,0.882716049382716,-0.0014245014245013454,,
heavy_makeup,0.5335623469951828,0.5652688936271025,single,male,pclarc,21,0.5494353628681987,-0.015873015873015928,,
high_cheekbones,0.5403969465648855,0.44177099236641226,single,male,pclarc,21,0.5442137404580153,-0.003816793893129833,,
male,0.96875,0.9859619140625,single,male,pclarc,21,0.98828125,-0.01953125,,
mouth_slightly_open,0.5677992041628406,0.5361493725130089,single,male,pclarc,21,0.5284664830119375,0.03933272115090303,,
mustache,0.6991525423728814,0.8042372881355931,single,male,pclarc,21,0.6991525423728814,0.0,,
narrow_eyes,0.5628363406141184,0.5356125356125356,single,male,pclarc,21,0.5463754352643242,0.016460905349794164,,
no_beard,0.5427305678614579,0.49762384212645994,single,male,pclarc,21,0.5427305678614579,0.0,,
oval_face,0.5061443932411674,0.46344086021505376,single,male,pclarc,21,0.5061443932411674,0.0,,
pale_skin,0.6180637544273908,0.7458677685950412,single,male,pclarc,21,0.613931523022432,0.004132231404958775,,
pointy_nose,0.5038444142921755,0.5659882406151063,single,male,pclarc,21,0.49724106739032115,0.006603346901854379,,
receding_hairline,0.5,0.5210658482142857,single,male,pclarc,21,0.5044642857142857,-0.004464285714285698,,
rosy_cheeks,0.6202313561407826,0.7112970711297072,single,male,pclarc,21,0.6265075067683977,-0.006276150627615107,,
sideburns,0.65139146567718,0.6649350649350648,single,male,pclarc,21,0.6473098330241187,0.004081632653061273,,
smiling,0.8252385612919011,0.9621972106679717,single,male,pclarc,21,0.8375336432591143,-0.012295081967213184,,
straight_hair,0.5668398268398268,0.57004329004329,single,male,pclarc,21,0.5695238095238095,-0.002683982683982733,,
wavy_hair,0.5073426898410633,0.5456826842643369,single,male,pclarc,21,0.5196579607770239,-0.01231527093596052,,
wearing_earrings,0.6711442786069652,0.7376752600633197,single,male,pclarc,21,0.6630031659882406,0.008141112618724633,,
wearing_hat,0.9417512828911453,0.9605852167267169,single,male,pclarc,21,0.9068675619609128,0.03488372093023251,,
wearing_lipstick,0.5687769413884063,0.5560702567071993,single,male,pclarc,21,0.552306504535804,0.0164704368526023,,
wearing_necklace,0.579573367808662,0.6164188752424046,single,male,pclarc,21,0.6044602456367163,-0.02488687782805432,,
wearing_necktie,0.5337643678160919,0.5346623563218391,single,male,pclarc,21,0.5150862068965517,0.01867816091954022,,
young,0.8714826839826839,0.9446022727272727,single,male,pclarc,21,0.8706709956709957,0.0008116883116882079,,
5_o_clock_shadow,0.5480286738351254,0.566594982078853,single,male,pclarc,22,0.5625089605734768,-0.014480286738351333,,
arched_eyebrows,0.5639784946236559,0.6160522273425499,single,male,pclarc,22,0.5720430107526882,-0.008064516129032251,,
attractive,0.4988169364881694,0.5569115815691158,single,male,pclarc,22,0.4942714819427148,0.004545454545454575,,
bags_under_eyes,0.5289942355674094,0.4366342596575755,single,male,pclarc,22,0.5213800223694399,0.0076142131979695105,,
bald,0.6762349799732977,0.846128170894526,single,male,pclarc,22,0.7810413885180241,-0.10480640854472634,,
bangs,0.6938261791202968,0.7980922098569158,single,male,pclarc,22,0.7107843137254902,-0.016958134605193464,,
big_lips,0.46875,0.4885602678571428,single,male,pclarc,22,0.47544642857142855,-0.006696428571428548,,
big_nose,0.5982792627354961,0.6530640005441066,single,male,pclarc,22,0.6210977351560906,-0.022818472420594427,,
black_hair,0.7090187180941576,0.8920022688598979,single,male,pclarc,22,0.7409529211571186,-0.03193420306296102,,
blond_hair,0.865929203539823,0.9221238938053098,single,male,pclarc,22,0.863716814159292,0.0022123893805309214,,
blurry,0.6268292682926829,0.7540650406504065,single,male,pclarc,22,0.6747967479674797,-0.047967479674796754,,
brown_hair,0.6602011494252874,0.7979525862068966,single,male,pclarc,22,0.6602011494252874,0.0,,
bushy_eyebrows,0.5425089605734768,0.5030824372759857,single,male,pclarc,22,0.5564874551971326,-0.013978494623655857,,
chubby,0.5662037037037038,0.6575231481481482,single,male,pclarc,22,0.5990740740740741,-0.03287037037037033,,
double_chin,0.5368731563421829,0.6492625368731564,single,male,pclarc,22,0.5424778761061947,-0.0056047197640117785,,
eyeglasses,0.9196116504854368,0.9873786407766989,single,male,pclarc,22,0.9268932038834952,-0.00728155339805836,,
goatee,0.676271186440678,0.7980932203389831,single,male,pclarc,22,0.6555084745762711,0.020762711864406813,,
gray_hair,0.8716365938588161,0.9522000633111745,single,male,pclarc,22,0.882716049382716,-0.011079455523899884,,
heavy_makeup,0.5520808655137013,0.5760088446655611,single,male,pclarc,22,0.5494353628681987,0.002645502645502562,,
high_cheekbones,0.5400305343511451,0.4509312977099237,single,male,pclarc,22,0.5442137404580153,-0.004183206106870174,,
male,0.83984375,0.9854736328125,single,male,pclarc,22,0.98828125,-0.1484375,,
mouth_slightly_open,0.5455769819406183,0.537312519130701,single,male,pclarc,22,0.5284664830119375,0.017110498928680773,,
mustache,0.701271186440678,0.7877118644067798,single,male,pclarc,22,0.6991525423728814,0.0021186440677966045,,
narrow_eyes,0.5326052548274771,0.5128205128205128,single,male,pclarc,22,0.5463754352643242,-0.01377018043684708,,
no_beard,0.5581151832460733,0.5271043093032621,single,male,pclarc,22,0.5427305678614579,0.015384615384615441,,
oval_face,0.5034562211981567,0.46259600614439317,single,male,pclarc,22,0.5061443932411674,-0.0026881720430107503,,
pale_skin,0.6242621015348289,0.7609208972845337,single,male,pclarc,22,0.613931523022432,0.010330578512396826,,
pointy_nose,0.4922659430122117,0.5665309814563546,single,male,pclarc,22,0.49724106739032115,-0.00497512437810943,,
receding_hairline,0.5022321428571428,0.48716517857142855,single,male,pclarc,22,0.5044642857142857,-0.0022321428571429047,,
rosy_cheeks,0.6118631553039626,0.6975141521043564,single,male,pclarc,22,0.6265075067683977,-0.014644351464435101,,
sideburns,0.65139146567718,0.6619666048237476,single,male,pclarc,22,0.6473098330241187,0.004081632653061273,,
smiling,0.8375336432591143,0.9632370932224126,single,male,pclarc,22,0.8375336432591143,0.0,,
straight_hair,0.569004329004329,0.5620779220779222,single,male,pclarc,22,0.5695238095238095,-0.0005194805194805863,,
wavy_hair,0.522121014964216,0.5421507575053444,single,male,pclarc,22,0.5196579607770239,0.0024630541871921707,,
wearing_earrings,0.6653098145635459,0.7383989145183175,single,male,pclarc,22,0.6630031659882406,0.00230664857530527,,
wearing_hat,0.9417512828911453,0.9600393056010481,single,male,pclarc,22,0.9068675619609128,0.03488372093023251,,
wearing_lipstick,0.571414784790581,0.5830277295245447,single,male,pclarc,22,0.552306504535804,0.019108280254777066,,
wearing_necklace,0.5734970911441499,0.6067226890756302,single,male,pclarc,22,0.6044602456367163,-0.03096315449256637,,
wearing_necktie,0.5107758620689655,0.5377155172413793,single,male,pclarc,22,0.5150862068965517,-0.004310344827586188,,
young,0.851461038961039,0.9406114718614719,single,male,pclarc,22,0.8706709956709957,-0.019209956709956733,,
5_o_clock_shadow,0.49405017921146954,0.4894623655913979,single,male,pclarc,23,0.5625089605734768,-0.06845878136200723,,
arched_eyebrows,0.565668202764977,0.5915514592933948,single,male,pclarc,23,0.5720430107526882,-0.006374807987711173,,
attractive,0.4942714819427148,0.551120797011208,single,male,pclarc,23,0.4942714819427148,0.0,,
bags_under_eyes,0.5095070119590467,0.4364621870429321,single,male,pclarc,23,0.5213800223694399,-0.011873010410393237,,
bald,0.6048064085447263,0.8234312416555406,single,male,pclarc,23,0.7810413885180241,-0.17623497997329773,,
bangs,0.7017753047164812,0.8190249072602014,single,male,pclarc,23,0.7107843137254902,-0.009009009009009028,,
big_lips,0.4732142857142857,0.48521205357142855,single,male,pclarc,23,0.47544642857142855,-0.002232142857142849,,
big_nose,0.5552608311229001,0.6162687886825818,single,male,pclarc,23,0.6210977351560906,-0.06583690403319042,,
black_hair,0.7038003403289846,0.8895065229722064,single,male,pclarc,23,0.7409529211571186,-0.037152580828133996,,
blond_hair,0.870353982300885,0.9231563421828908,single,male,pclarc,23,0.863716814159292,0.006637168141592986,,
blurry,0.6829268292682926,0.7577235772357723,single,male,pclarc,23,0.6747967479674797,0.008130081300812941,,
brown_hair,0.6673850574712643,0.795617816091954,single,male,pclarc,23,0.6602011494252874,0.007183908045976906,,
bushy_eyebrows,0.498494623655914,0.45218637992831545,single,male,pclarc,23,0.5564874551971326,-0.05799283154121859,,
chubby,0.562962962962963,0.6528935185185185,single,male,pclarc,23,0.5990740740740741,-0.036111111111111094,,
double_chin,0.5390855457227138,0.646165191740413,single,male,pclarc,23,0.5424778761061947,-0.003392330383480857,,
eyeglasses,0.9196116504854368,0.986504854368932,single,male,pclarc,23,0.9268932038834952,-0.00728155339805836,,
goatee,0.6991525423728814,0.8120762711864407,single,male,pclarc,23,0.6555084745762711,0.04364406779661023,,
gray_hair,0.6092117758784426,0.8388730610952833,single,male,pclarc,23,0.882716049382716,-0.2735042735042734,,
heavy_makeup,0.5335623469951828,0.560609650161889,single,male,pclarc,23,0.5494353628681987,-0.015873015873015928,,
high_cheekbones,0.5592977099236641,0.4550229007633588,single,male,pclarc,23,0.5442137404580153,0.015083969465648828,,
male,0.50390625,0.6668701171875,single,male,pclarc,23,0.98828125,-0.484375,,
mouth_slightly_open,0.5205081114172023,0.5117845117845118,single,male,pclarc,23,0.5284664830119375,-0.007958371594735225,,
mustache,0.6245762711864407,0.713135593220339,single,male,pclarc,23,0.6991525423728814,-0.07457627118644072,,
narrow_eyes,0.5229503007280785,0.5134536245647356,single,male,pclarc,23,0.5463754352643242,-0.02342513453624573,,
no_beard,0.5913411196133709,0.6343938783729359,single,male,pclarc,23,0.5427305678614579,0.04861055175191298,,
oval_face,0.5079109062980031,0.4586021505376344,single,male,pclarc,23,0.5061443932411674,0.0017665130568356169,,
pale_skin,0.6325265643447462,0.7744982290436836,single,male,pclarc,23,0.613931523022432,0.018595041322314154,,
pointy_nose,0.4997286295793758,0.5653550429669832,single,male,pclarc,23,0.49724106739032115,0.0024875621890546595,,
receding_hairline,0.47544642857142855,0.42675781250000006,single,male,pclarc,23,0.5044642857142857,-0.02901785714285715,,
rosy_cheeks,0.5700221511198622,0.6517351710558701,single,male,pclarc,23,0.6265075067683977,-0.05648535564853552,,
sideburns,0.5701298701298702,0.5907235621521336,single,male,pclarc,23,0.6473098330241187,-0.07717996289424855,,
smiling,0.8334352826033766,0.9600562759970639,single,male,pclarc,23,0.8375336432591143,-0.004098360655737654,,
straight_hair,0.5554978354978355,0.5587878787878788,single,male,pclarc,23,0.5695238095238095,-0.014025974025974053,,
wavy_hair,0.5270471233386003,0.5727298076029371,single,male,pclarc,23,0.5196579607770239,0.007389162561576401,,
wearing_earrings,0.5989145183175033,0.6792401628222523,single,male,pclarc,23,0.6630031659882406,-0.0640886476707373,,
wearing_hat,0.9347090293700185,0.9447537940823234,single,male,pclarc,23,0.9068675619609128,0.027841467409105758,,
wearing_lipstick,0.5631795663642798,0.5856655729267194,single,male,pclarc,23,0.552306504535804,0.010873061828475805,,
wearing_necklace,0.5575307045895281,0.5793148028442145,single,male,pclarc,23,0.6044602456367163,-0.04692954104718816,,
wearing_necktie,0.5201149425287357,0.5714798850574713,single,male,pclarc,23,0.5150862068965517,0.005028735632183978,,
young,0.8317099567099567,0.9082792207792207,single,male,pclarc,23,0.8706709956709957,-0.038961038961038974,,
5_o_clock_shadow,0.4807885304659498,0.45103942652329754,sequential,male,diff_means,-1,0.5625089605734768,-0.08172043010752694,,
arched_eyebrows,0.5506912442396313,0.5741935483870968,sequential,male,diff_means,-1,0.5720430107526882,-0.021351766513056814,,
attractive,0.49769613947696134,0.5238480697384806,sequential,male,diff_means,-1,0.4942714819427148,0.0034246575342465335,,
bags_under_eyes,0.4858040092919212,0.4256216123203993,sequential,male,diff_means,-1,0.5213800223694399,-0.03557601307751873,,
bald,0.7334223408989764,0.8248776145972407,sequential,male,diff_means,-1,0.7810413885180241,-0.04761904761904767,,
bangs,0.7142289348171702,0.8082935877053524,sequential,male,diff_means,-1,0.7107843137254902,0.003444621091679978,,
big_lips,0.48660714285714285,0.4928850446428571,sequential,male,diff_means,-1,0.47544642857142855,0.011160714285714302,,
big_nose,0.5801877167924914,0.6185132285928042,sequential,male,diff_means,-1,0.6210977351560906,-0.0409100183635992,,
black_hair,0.7136698808848554,0.895519001701645,sequential,male,diff_means,-1,0.7409529211571186,-0.027283040272263248,,
blond_hair,0.8837758112094396,0.9221238938053097,sequential,male,diff_means,-1,0.863716814159292,0.020058997050147576,,
blurry,0.6890243902439024,0.7817073170731708,sequential,male,diff_means,-1,0.6747967479674797,0.014227642276422703,,
brown_hair,0.6501436781609196,0.7796336206896552,sequential,male,diff_means,-1,0.6602011494252874,-0.010057471264367845,,
bushy_eyebrows,0.45921146953405023,0.45835125448028674,sequential,male,diff_means,-1,0.5564874551971326,-0.09727598566308238,,
chubby,0.5773148148148148,0.6554398148148148,sequential,male,diff_means,-1,0.5990740740740741,-0.021759259259259256,,
double_chin,0.5402654867256637,0.6410029498525074,sequential,male,diff_means,-1,0.5424778761061947,-0.0022123893805310324,,
eyeglasses,0.9438834951456311,0.9875728155339805,sequential,male,diff_means,-1,0.9268932038834952,0.016990291262135915,,
goatee,0.6847457627118644,0.8127118644067797,sequential,male,diff_means,-1,0.6555084745762711,0.02923728813559323,,
gray_hair,0.6883507439062995,0.8284267173156061,sequential,male,diff_means,-1,0.882716049382716,-0.1943653054764165,,
heavy_makeup,0.4945510542525468,0.5265734817973623,sequential,male,diff_means,-1,0.5494353628681987,-0.05488430861565191,,
high_cheekbones,0.5291297709923664,0.44799999999999995,sequential,male,diff_means,-1,0.5442137404580153,-0.015083969465648939,,
male,0.54296875,0.6412353515625,sequential,male,diff_means,-1,0.98828125,-0.4453125,,
mouth_slightly_open,0.5565350474441384,0.5294153657790022,sequential,male,diff_means,-1,0.5284664830119375,0.02806856443220085,,
mustache,0.6885593220338984,0.7269067796610169,sequential,male,diff_means,-1,0.6991525423728814,-0.010593220338983023,,
narrow_eyes,0.566951566951567,0.5302310857866414,sequential,male,diff_means,-1,0.5463754352643242,0.020576131687242816,,
no_beard,0.5870720902134514,0.6454289166331051,sequential,male,diff_means,-1,0.5427305678614579,0.04434152235199351,,
oval_face,0.511520737327189,0.4609062980030722,sequential,male,diff_means,-1,0.5061443932411674,0.005376344086021501,,
pale_skin,0.6077331759149941,0.7789256198347108,sequential,male,diff_means,-1,0.613931523022432,-0.00619834710743794,,
pointy_nose,0.5162822252374492,0.5690637720488466,sequential,male,diff_means,-1,0.49724106739032115,0.01904115784712801,,
receding_hairline,0.4486607142857143,0.42857142857142855,sequential,male,diff_means,-1,0.5044642857142857,-0.0558035714285714,,
rosy_cheeks,0.5993108540487324,0.6628107309869555,sequential,male,diff_means,-1,0.6265075067683977,-0.027196652719665315,,
sideburns,0.65139146567718,0.5951762523191095,sequential,male,diff_means,-1,0.6473098330241187,0.004081632653061273,,
smiling,0.8375336432591143,0.9615855150477123,sequential,male,diff_means,-1,0.8375336432591143,0.0,,
straight_hair,0.5435497835497836,0.5587878787878788,sequential,male,diff_means,-1,0.5695238095238095,-0.025974025974025983,,
wavy_hair,0.534018031415559,0.5768194070080863,sequential,male,diff_means,-1,0.5196579607770239,0.014360070638535172,,
wearing_earrings,0.5705563093622795,0.6346449570330167,sequential,male,diff_means,-1,0.6630031659882406,-0.09244685662596108,,
wearing_hat,0.9092149798012883,0.9479200786112021,sequential,male,diff_means,-1,0.9068675619609128,0.0023474178403755097,,
wearing_lipstick,0.5536254262368911,0.5696454995818053,sequential,male,diff_means,-1,0.552306504535804,0.0013189217010871612,,
wearing_necklace,0.5533936651583711,0.5790562378797673,sequential,male,diff_means,-1,0.6044602456367163,-0.051066580478345225,,
wearing_necktie,0.5510057471264368,0.5551364942528736,sequential,male,diff_means,-1,0.5150862068965517,0.03591954022988508,,
young,0.8208874458874459,0.9038825757575758,sequential,male,diff_means,-1,0.8706709956709957,-0.04978354978354982,,
5_o_clock_shadow,0.48580645161290326,0.5081003584229391,sequential,male,lr,-1,0.5625089605734768,-0.07670250896057351,,
arched_eyebrows,0.5721198156682028,0.5911674347158218,sequential,male,lr,-1,0.5720430107526882,7.680491551464996e-05,,
attractive,0.4988169364881694,0.5537359900373598,sequential,male,lr,-1,0.4942714819427148,0.004545454545454575,,
bags_under_eyes,0.5027531618342941,0.4417104017895552,sequential,male,lr,-1,0.5213800223694399,-0.01862686053514584,,
bald,0.7429906542056075,0.8361148197596795,sequential,male,lr,-1,0.7810413885180241,-0.03805073431241657,,
bangs,0.6938261791202968,0.8175675675675675,sequential,male,lr,-1,0.7107843137254902,-0.016958134605193464,,
big_lips,0.46875,0.47739955357142855,sequential,male,lr,-1,0.47544642857142855,-0.006696428571428548,,
big_nose,0.5887233897843978,0.6429980276134122,sequential,male,lr,-1,0.6210977351560906,-0.032374345371692814,,
black_hair,0.7334089619965967,0.8943845717526943,sequential,male,lr,-1,0.7409529211571186,-0.007543959160521974,,
blond_hair,0.8882005899705014,0.9265486725663716,sequential,male,lr,-1,0.863716814159292,0.02448377581120942,,
blurry,0.6890243902439024,0.751219512195122,sequential,male,lr,-1,0.6747967479674797,0.014227642276422703,,
brown_hair,0.6602011494252874,0.7943606321839081,sequential,male,lr,-1,0.6602011494252874,0.0,,
bushy_eyebrows,0.5075985663082437,0.4837275985663082,sequential,male,lr,-1,0.5564874551971326,-0.04888888888888887,,
chubby,0.5898148148148148,0.6671296296296296,sequential,male,lr,-1,0.5990740740740741,-0.0092592592592593,,
double_chin,0.5646017699115045,0.6613569321533923,sequential,male,lr,-1,0.5424778761061947,0.02212389380530977,,
eyeglasses,0.9244660194174756,0.9844660194174757,sequential,male,lr,-1,0.9268932038834952,-0.0024271844660195274,,
goatee,0.7182203389830508,0.8266949152542373,sequential,male,lr,-1,0.6555084745762711,0.06271186440677967,,
gray_hair,0.8600823045267489,0.9325735992402658,sequential,male,lr,-1,0.882716049382716,-0.02263374485596703,,
heavy_makeup,0.5244018005212034,0.5613203822159046,sequential,male,lr,-1,0.5494353628681987,-0.025033562346995275,,
high_cheekbones,0.5251297709923664,0.45520610687022905,sequential,male,lr,-1,0.5442137404580153,-0.019083969465648942,,
male,0.59765625,0.82073974609375,sequential,male,lr,-1,0.98828125,-0.390625,,
mouth_slightly_open,0.5445668809305173,0.5270278543005815,sequential,male,lr,-1,0.5284664830119375,0.016100397918579756,,
mustache,0.6694915254237288,0.740042372881356,sequential,male,lr,-1,0.6991525423728814,-0.029661016949152574,,
narrow_eyes,0.5971826527382083,0.5242165242165242,sequential,male,lr,-1,0.5463754352643242,0.05080721747388406,,
no_beard,0.5947643979057592,0.6528393072895691,sequential,male,lr,-1,0.5427305678614579,0.05203383004430129,,
oval_face,0.5088325652841782,0.46543778801843316,sequential,male,lr,-1,0.5061443932411674,0.0026881720430107503,,
pale_skin,0.6118654073199528,0.7744982290436836,sequential,male,lr,-1,0.613931523022432,-0.0020661157024792765,,
pointy_nose,0.4980099502487563,0.5942107643600181,sequential,male,lr,-1,0.49724106739032115,0.000768882858435127,,
receding_hairline,0.4776785714285714,0.48130580357142855,sequential,male,lr,-1,0.5044642857142857,-0.0267857142857143,,
rosy_cheeks,0.6160472557223726,0.7098203298055623,sequential,male,lr,-1,0.6265075067683977,-0.010460251046025104,,
sideburns,0.624860853432282,0.6218923933209647,sequential,male,lr,-1,0.6473098330241187,-0.02244897959183667,,
smiling,0.8367996085148031,0.9579153413261561,sequential,male,lr,-1,0.8375336432591143,-0.0007340347443112183,,
straight_hair,0.5495238095238095,0.5625974025974025,sequential,male,lr,-1,0.5695238095238095,-0.020000000000000018,,
wavy_hair,0.5217027604795985,0.6039594757877127,sequential,male,lr,-1,0.5196579607770239,0.002044799702574651,,
wearing_earrings,0.5623247399366802,0.6509271822704659,sequential,male,lr,-1,0.6630031659882406,-0.10067842605156041,,
wearing_hat,0.9092149798012883,0.9470466208101321,sequential,male,lr,-1,0.9068675619609128,0.0023474178403755097,,
wearing_lipstick,0.6230135752428746,0.6335971176735506,sequential,male,lr,-1,0.552306504535804,0.07070707070707061,,
wearing_necklace,0.5241111829347123,0.5702650290885585,sequential,male,lr,-1,0.6044602456367163,-0.08034906270200404,,
wearing_necktie,0.5114942528735632,0.5441810344827587,sequential,male,lr,-1,0.5150862068965517,-0.0035919540229885083,,
young,0.8498376623376623,0.940611471861472,sequential,male,lr,-1,0.8706709956709957,-0.02083333333333337,,
5_o_clock_shadow,0.44788530465949816,0.4331182795698925,sequential,male,pclarc,-1,0.5625089605734768,-0.1146236559139786,,
arched_eyebrows,0.5486943164362519,0.5931643625192011,sequential,male,pclarc,-1,0.5720430107526882,-0.02334869431643627,,
attractive,0.49769613947696134,0.5363636363636364,sequential,male,pclarc,-1,0.4942714819427148,0.0034246575342465335,,
bags_under_eyes,0.5010324356878603,0.4306977544523789,sequential,male,pclarc,-1,0.5213800223694399,-0.020347586681579655,,
bald,0.6286159323542502,0.828437917222964,sequential,male,pclarc,-1,0.7810413885180241,-0.1524254561637739,,
bangs,0.6972708002119767,0.8016693163751987,sequential,male,pclarc,-1,0.7107843137254902,-0.013513513513513487,,
big_lips,0.4799107142857143,0.5207868303571428,sequential,male,pclarc,-1,0.47544642857142855,0.004464285714285754,,
big_nose,0.5611779908862138,0.6200775351968986,sequential,male,pclarc,-1,0.6210977351560906,-0.059919744269876785,,
black_hair,0.7038003403289846,0.8954055587067498,sequential,male,pclarc,-1,0.7409529211571186,-0.037152580828133996,,
blond_hair,0.870353982300885,0.9255162241887905,sequential,male,pclarc,-1,0.863716814159292,0.006637168141592986,,
blurry,0.6869918699186992,0.7841463414634147,sequential,male,pclarc,-1,0.6747967479674797,0.012195121951219523,,
brown_hair,0.6566091954022988,0.8001077586206897,sequential,male,pclarc,-1,0.6602011494252874,-0.0035919540229886193,,
bushy_eyebrows,0.47347670250896057,0.4483154121863799,sequential,male,pclarc,-1,0.5564874551971326,-0.08301075268817204,,
chubby,0.5824074074074074,0.6629629629629629,sequential,male,pclarc,-1,0.5990740740740741,-0.01666666666666672,,
double_chin,0.5601769911504424,0.6541297935103245,sequential,male,pclarc,-1,0.5424778761061947,0.017699115044247704,,
eyeglasses,0.9244660194174756,0.9882524271844659,sequential,male,pclarc,-1,0.9268932038834952,-0.0024271844660195274,,
goatee,0.6533898305084747,0.8133474576271187,sequential,male,pclarc,-1,0.6555084745762711,-0.0021186440677964935,,
gray_hair,0.6737891737891738,0.8762266540044317,sequential,male,pclarc,-1,0.882716049382716,-0.20892687559354217,,
heavy_makeup,0.5287451630735213,0.5593461265103056,sequential,male,pclarc,-1,0.5494353628681987,-0.020690199794677455,,
high_cheekbones,0.5434809160305344,0.447145038167939,sequential,male,pclarc,-1,0.5442137404580153,-0.0007328244274809048,,
male,0.5,0.66046142578125,sequential,male,pclarc,-1,0.98828125,-0.48828125,,
mouth_slightly_open,0.5200795837159473,0.525068870523416,sequential,male,pclarc,-1,0.5284664830119375,-0.008386899295990236,,
mustache,0.6330508474576271,0.7385593220338984,sequential,male,pclarc,-1,0.6991525423728814,-0.0661016949152543,,
narrow_eyes,0.5208926875593543,0.5248496359607471,sequential,male,pclarc,-1,0.5463754352643242,-0.025482747704969944,,
no_beard,0.5834877164720097,0.6283527990334273,sequential,male,pclarc,-1,0.5427305678614579,0.0407571486105518,,
oval_face,0.5034562211981567,0.4586021505376344,sequential,male,pclarc,-1,0.5061443932411674,-0.0026881720430107503,,
pale_skin,0.6345926800472255,0.7718417945690673,sequential,male,pclarc,-1,0.613931523022432,0.02066115702479343,,
pointy_nose,0.50719131614654,0.5884215287200362,sequential,male,pclarc,-1,0.49724106739032115,0.00995024875621886,,
receding_hairline,0.5044642857142857,0.43331473214285715,sequential,male,pclarc,-1,0.5044642857142857,0.0,,
rosy_cheeks,0.5700221511198622,0.6473049470834359,sequential,male,pclarc,-1,0.6265075067683977,-0.05648535564853552,,
sideburns,0.5823747680890538,0.612987012987013,sequential,male,pclarc,-1,0.6473098330241187,-0.06493506493506496,,
smiling,0.8330682652312209,0.9630535845363347,sequential,male,pclarc,-1,0.8375336432591143,-0.004465378027893374,,
straight_hair,0.5333333333333333,0.5638095238095239,sequential,male,pclarc,-1,0.5695238095238095,-0.03619047619047622,,
wavy_hair,0.5364810856027512,0.5561855191002881,sequential,male,pclarc,-1,0.5196579607770239,0.016823124825727342,,
wearing_earrings,0.6179556761646314,0.6849389416553595,sequential,male,pclarc,-1,0.6630031659882406,-0.04504748982360918,,
wearing_hat,0.9276667758488918,0.9452997052079922,sequential,male,pclarc,-1,0.9068675619609128,0.020799213887979007,,
wearing_lipstick,0.581515794891591,0.5890754680563598,sequential,male,pclarc,-1,0.552306504535804,0.02920929035578701,,
wearing_necklace,0.550743374272786,0.5949579831932773,sequential,male,pclarc,-1,0.6044602456367163,-0.05371687136393033,,
wearing_necktie,0.5474137931034483,0.5987787356321839,sequential,male,pclarc,-1,0.5150862068965517,0.032327586206896575,,
young,0.8433441558441559,0.9216044372294373,sequential,male,pclarc,-1,0.8706709956709957,-0.02732683982683981,,
5_o_clock_shadow,0.5286021505376344,0.5703225806451614,iterative,male,lr,12,0.5625089605734768,-0.033906810035842394,5.0,
arched_eyebrows,0.5899385560675883,0.6166666666666667,iterative,male,lr,12,0.5720430107526882,0.01789554531490012,5.0,
attractive,0.49769613947696134,0.5954545454545455,iterative,male,lr,12,0.4942714819427148,0.0034246575342465335,5.0,
bags_under_eyes,0.4867073905187989,0.44910952421922057,iterative,male,lr,12,0.5213800223694399,-0.03467263185064101,5.0,
bald,0.7595683133066311,0.8732754784156653,iterative,male,lr,12,0.7810413885180241,-0.021473075211392967,5.0,
bangs,0.7062798092209857,0.8097509273979863,iterative,male,lr,12,0.7107843137254902,-0.0045045045045045695,5.0,
big_lips,0.5089285714285714,0.5163225446428572,iterative,male,lr,12,0.47544642857142855,0.03348214285714285,5.0,
big_nose,0.6209277018295586,0.6870026525198939,iterative,male,lr,12,0.6210977351560906,-0.000170033326531982,5.0,
black_hair,0.7624503686897334,0.8947249007373794,iterative,male,lr,12,0.7409529211571186,0.021497447532614733,5.0,
blond_hair,0.8803834808259587,0.9106194690265488,iterative,male,lr,12,0.863716814159292,0.01666666666666672,5.0,
blurry,0.6991869918699187,0.8008130081300813,iterative,male,lr,12,0.6747967479674797,0.024390243902439046,5.0,
brown_hair,0.6767241379310345,0.7586206896551724,iterative,male,lr,12,0.6602011494252874,0.01652298850574707,5.0,
bushy_eyebrows,0.5748387096774193,0.5622939068100358,iterative,male,lr,12,0.5564874551971326,0.01835125448028674,5.0,
chubby,0.5912037037037037,0.6729166666666667,iterative,male,lr,12,0.5990740740740741,-0.007870370370370416,5.0,
double_chin,0.5292035398230088,0.6883480825958702,iterative,male,lr,12,0.5424778761061947,-0.013274336283185861,5.0,
eyeglasses,0.9390291262135922,0.9883495145631067,iterative,male,lr,12,0.9268932038834952,0.012135922330097082,5.0,
goatee,0.6533898305084747,0.763135593220339,iterative,male,lr,12,0.6555084745762711,-0.0021186440677964935,5.0,
gray_hair,0.8786008230452675,0.9686609686609686,iterative,male,lr,12,0.882716049382716,-0.00411522633744843,5.0,
heavy_makeup,0.5600173734502093,0.6017531390665719,iterative,male,lr,12,0.5494353628681987,0.010582010582010581,5.0,
high_cheekbones,0.5323969465648855,0.4519083969465648,iterative,male,lr,12,0.5442137404580153,-0.01181679389312984,5.0,
male,0.98828125,0.9932861328125,iterative,male,lr,12,0.98828125,0.0,5.0,
mouth_slightly_open,0.5384450566268748,0.5496786042240589,iterative,male,lr,12,0.5284664830119375,0.009978573614937258,5.0,
mustache,0.6970338983050848,0.7894067796610169,iterative,male,lr,12,0.6991525423728814,-0.0021186440677966045,5.0,
narrow_eyes,0.5807217473884141,0.5121874010762899,iterative,male,lr,12,0.5463754352643242,0.034346312124089895,5.0,
no_beard,0.5376560612162706,0.5024567055980669,iterative,male,lr,12,0.5427305678614579,-0.005074506645187271,5.0,
oval_face,0.511520737327189,0.4450076804915514,iterative,male,lr,12,0.5061443932411674,0.005376344086021501,5.0,
pale_skin,0.5844155844155844,0.7978158205430933,iterative,male,lr,12,0.613931523022432,-0.029515938606847647,5.0,
pointy_nose,0.5038444142921755,0.5501582994120308,iterative,male,lr,12,0.49724106739032115,0.006603346901854379,5.0,
receding_hairline,0.48214285714285715,0.5322265625,iterative,male,lr,12,0.5044642857142857,-0.022321428571428548,5.0,
rosy_cheeks,0.645459020428255,0.727295102141275,iterative,male,lr,12,0.6265075067683977,0.018951513659857255,5.0,
sideburns,0.6452690166975881,0.6567717996289425,iterative,male,lr,12,0.6473098330241187,-0.0020408163265306367,5.0,
smiling,0.8539270858820651,0.9601786151211157,iterative,male,lr,12,0.8375336432591143,0.016393442622950838,5.0,
straight_hair,0.49922077922077923,0.5243290043290044,iterative,male,lr,12,0.5695238095238095,-0.07030303030303031,5.0,
wavy_hair,0.5245840691514081,0.5663165721721349,iterative,male,lr,12,0.5196579607770239,0.0049261083743842304,5.0,
wearing_earrings,0.6877883310719132,0.761917684305744,iterative,male,lr,12,0.6630031659882406,0.024785165083672567,5.0,
wearing_hat,0.8928922371437931,0.9743421770935692,iterative,male,lr,12,0.9068675619609128,-0.013975324817119716,5.0,
wearing_lipstick,0.5339702760084926,0.5361899247249566,iterative,male,lr,12,0.552306504535804,-0.018336228527311427,5.0,
wearing_necklace,0.5931480284421461,0.6376212023270847,iterative,male,lr,12,0.6044602456367163,-0.011312217194570207,5.0,
wearing_necktie,0.5984195402298851,0.6045258620689655,iterative,male,lr,12,0.5150862068965517,0.08333333333333337,5.0,
young,0.8676948051948052,0.9496753246753247,iterative,male,lr,12,0.8706709956709957,-0.0029761904761904656,5.0,
5_o_clock_shadow,0.5330465949820788,0.5650179211469534,iterative,male,pclarc,12,0.5625089605734768,-0.02946236559139792,5.0,
arched_eyebrows,0.592626728110599,0.6169738863287251,iterative,male,pclarc,12,0.5720430107526882,0.02058371735791087,5.0,
attractive,0.49769613947696134,0.5925280199252803,iterative,male,pclarc,12,0.4942714819427148,0.0034246575342465335,5.0,
bags_under_eyes,0.47483438010840573,0.4396455304138347,iterative,male,pclarc,12,0.5213800223694399,-0.04654564226103419,5.0,
bald,0.7595683133066311,0.8726079216733422,iterative,male,pclarc,12,0.7810413885180241,-0.021473075211392967,5.0,
bangs,0.7017753047164812,0.8073661897191309,iterative,male,pclarc,12,0.7107843137254902,-0.009009009009009028,5.0,
big_lips,0.5133928571428572,0.5263671875,iterative,male,pclarc,12,0.47544642857142855,0.03794642857142866,5.0,
big_nose,0.6064748690743386,0.6830578793443515,iterative,male,pclarc,12,0.6210977351560906,-0.014622866081752006,5.0,
black_hair,0.7624503686897334,0.8951786727169597,iterative,male,pclarc,12,0.7409529211571186,0.021497447532614733,5.0,
blond_hair,0.8781710914454277,0.9116519174041298,iterative,male,pclarc,12,0.863716814159292,0.014454277286135686,5.0,
blurry,0.6951219512195121,0.7955284552845528,iterative,male,pclarc,12,0.6747967479674797,0.020325203252032464,5.0,
brown_hair,0.6810344827586207,0.7645474137931034,iterative,male,pclarc,12,0.6602011494252874,0.02083333333333326,5.0,
bushy_eyebrows,0.5770609318996416,0.5667383512544804,iterative,male,pclarc,12,0.5564874551971326,0.020573476702508975,5.0,
chubby,0.5912037037037037,0.6717592592592593,iterative,male,pclarc,12,0.5990740740740741,-0.007870370370370416,5.0,
double_chin,0.5446902654867256,0.6812684365781712,iterative,male,pclarc,12,0.5424778761061947,0.0022123893805309214,5.0,
eyeglasses,0.9341747572815534,0.9890291262135922,iterative,male,pclarc,12,0.9268932038834952,0.007281553398058249,5.0,
goatee,0.6576271186440679,0.7565677966101695,iterative,male,pclarc,12,0.6555084745762711,0.0021186440677967155,5.0,
gray_hair,0.882716049382716,0.9683444127888572,iterative,male,pclarc,12,0.882716049382716,0.0,5.0,
heavy_makeup,0.537155492379373,0.597646687198926,iterative,male,pclarc,12,0.5494353628681987,-0.012279870488825728,5.0,
high_cheekbones,0.5323969465648855,0.45135877862595425,iterative,male,pclarc,12,0.5442137404580153,-0.01181679389312984,5.0,
male,0.98828125,0.99322509765625,iterative,male,pclarc,12,0.98828125,0.0,5.0,
mouth_slightly_open,0.5380165289256198,0.5478420569329662,iterative,male,pclarc,12,0.5284664830119375,0.009550045913682248,5.0,
mustache,0.6991525423728814,0.7908898305084745,iterative,male,pclarc,12,0.6991525423728814,0.0,5.0,
narrow_eyes,0.5827793605571383,0.5153529597974043,iterative,male,pclarc,12,0.5463754352643242,0.03640392529281411,5.0,
no_beard,0.5376560612162706,0.49850986709625456,iterative,male,pclarc,12,0.5427305678614579,-0.005074506645187271,5.0,
oval_face,0.5168970814132104,0.44692780337941623,iterative,male,pclarc,12,0.5061443932411674,0.010752688172043001,5.0,
pale_skin,0.5844155844155844,0.7871900826446281,iterative,male,pclarc,12,0.613931523022432,-0.029515938606847647,5.0,
pointy_nose,0.49724106739032115,0.5527815468113976,iterative,male,pclarc,12,0.49724106739032115,0.0,5.0,
receding_hairline,0.4910714285714286,0.5285993303571429,iterative,male,pclarc,12,0.5044642857142857,-0.013392857142857095,5.0,
rosy_cheeks,0.6517351710558701,0.7280334728033473,iterative,male,pclarc,12,0.6265075067683977,0.025227664287472362,5.0,
sideburns,0.6493506493506493,0.6545454545454545,iterative,male,pclarc,12,0.6473098330241187,0.0020408163265306367,5.0,
smiling,0.8539270858820651,0.9621972106679717,iterative,male,pclarc,12,0.8375336432591143,0.016393442622950838,5.0,
straight_hair,0.4857142857142857,0.5298701298701298,iterative,male,pclarc,12,0.5695238095238095,-0.08380952380952383,5.0,
wavy_hair,0.5245840691514081,0.5739380983362765,iterative,male,pclarc,12,0.5196579607770239,0.0049261083743842304,5.0,
wearing_earrings,0.669606512890095,0.7603799185888738,iterative,male,pclarc,12,0.6630031659882406,0.006603346901854379,5.0,
wearing_hat,0.9045201441205373,0.9739054481930343,iterative,male,pclarc,12,0.9068675619609128,-0.0023474178403755097,5.0,
wearing_lipstick,0.5390207810589976,0.5413369362413949,iterative,male,pclarc,12,0.552306504535804,-0.013285723476806344,5.0,
wearing_necklace,0.6074337427278604,0.6434389140271494,iterative,male,pclarc,12,0.6044602456367163,0.0029734970911441394,5.0,
wearing_necktie,0.6214080459770115,0.5887212643678161,iterative,male,pclarc,12,0.5150862068965517,0.10632183908045978,5.0,
young,0.8676948051948052,0.9492694805194806,iterative,male,pclarc,12,0.8706709956709957,-0.0029761904761904656,5.0,
5_o_clock_shadow,0.5625089605734768,0.588673835125448,fixed_multi,male,diff_means,6,0.5625089605734768,0.0,,6.0
arched_eyebrows,0.5791858678955453,0.622273425499232,fixed_multi,male,diff_means,6,0.5720430107526882,0.0071428571428571175,,6.0
attractive,0.4942714819427148,0.5769613947696139,fixed_multi,male,diff_means,6,0.4942714819427148,0.0,,6.0
bags_under_eyes,0.4993547276950873,0.43912931256990456,fixed_multi,male,diff_means,6,0.5213800223694399,-0.022025294674352602,,6.0
bald,0.7691366266132622,0.8779483756119271,fixed_multi,male,diff_means,6,0.7810413885180241,-0.011904761904761862,,6.0
bangs,0.7130365659777425,0.8253842077371489,fixed_multi,male,diff_means,6,0.7107843137254902,0.0022522522522522292,,6.0
big_lips,0.4799107142857143,0.48074776785714285,fixed_multi,male,diff_means,6,0.47544642857142855,0.004464285714285754,,6.0
big_nose,0.615350608719309,0.6842821192953819,fixed_multi,male,diff_means,6,0.6210977351560906,-0.005747126436781547,,6.0
black_hair,0.7432785025524674,0.8915484968803176,fixed_multi,male,diff_means,6,0.7409529211571186,0.0023255813953487747,,6.0
blond_hair,0.8615044247787611,0.9150442477876106,fixed_multi,male,diff_means,6,0.863716814159292,-0.0022123893805309214,,6.0
blurry,0.6727642276422765,0.755691056910569,fixed_multi,male,diff_means,6,0.6747967479674797,-0.00203252032520318,,6.0
brown_hair,0.6602011494252874,0.7974137931034483,fixed_multi,male,diff_means,6,0.6602011494252874,0.0,,6.0
bushy_eyebrows,0.5542652329749104,0.5554121863799283,fixed_multi,male,diff_means,6,0.5564874551971326,-0.0022222222222222365,,6.0
chubby,0.5990740740740741,0.6865740740740741,fixed_multi,male,diff_means,6,0.5990740740740741,0.0,,6.0
double_chin,0.5446902654867256,0.6556047197640118,fixed_multi,male,diff_means,6,0.5424778761061947,0.0022123893805309214,,6.0
eyeglasses,0.9244660194174756,0.9862135922330096,fixed_multi,male,diff_means,6,0.9268932038834952,-0.0024271844660195274,,6.0
goatee,0.6597457627118644,0.7752118644067797,fixed_multi,male,diff_means,6,0.6555084745762711,0.004237288135593209,,6.0
gray_hair,0.882716049382716,0.965178854067743,fixed_multi,male,diff_means,6,0.882716049382716,0.0,,6.0
heavy_makeup,0.546789860222696,0.5903024559740978,fixed_multi,male,diff_means,6,0.5494353628681987,-0.002645502645502673,,6.0
high_cheekbones,0.5480305343511451,0.4468396946564886,fixed_multi,male,diff_means,6,0.5442137404580153,0.003816793893129833,,6.0
male,0.98828125,0.9893798828125,fixed_multi,male,diff_means,6,0.98828125,0.0,,6.0
mouth_slightly_open,0.5330272421181512,0.5361493725130089,fixed_multi,male,diff_means,6,0.5284664830119375,0.004560759106213674,,6.0
mustache,0.7220338983050847,0.7989406779661017,fixed_multi,male,diff_means,6,0.6991525423728814,0.022881355932203307,,6.0
narrow_eyes,0.5443178220955999,0.5245330800886356,fixed_multi,male,diff_means,6,0.5463754352643242,-0.002057613168724326,,6.0
no_beard,0.5453483689085783,0.4778091018928715,fixed_multi,male,diff_means,6,0.5427305678614579,0.002617801047120394,,6.0
oval_face,0.5034562211981567,0.4565284178187404,fixed_multi,male,diff_means,6,0.5061443932411674,-0.0026881720430107503,,6.0
pale_skin,0.6118654073199528,0.7461629279811098,fixed_multi,male,diff_means,6,0.613931523022432,-0.0020661157024792765,,6.0
pointy_nose,0.49724106739032115,0.5599276345545002,fixed_multi,male,diff_means,6,0.49724106739032115,0.0,,6.0
receding_hairline,0.5044642857142857,0.5326450892857143,fixed_multi,male,diff_means,6,0.5044642857142857,0.0,,6.0
rosy_cheeks,0.6223234063499876,0.7201575190745755,fixed_multi,male,diff_means,6,0.6265075067683977,-0.004184100418410108,,6.0
sideburns,0.6473098330241187,0.6493506493506493,fixed_multi,male,diff_means,6,0.6473098330241187,0.0,,6.0
smiling,0.8334352826033766,0.9601174455590898,fixed_multi,male,diff_means,6,0.8375336432591143,-0.004098360655737654,,6.0
straight_hair,0.5673593073593073,0.5589610389610389,fixed_multi,male,diff_means,6,0.5695238095238095,-0.0021645021645022577,,6.0
wavy_hair,0.522121014964216,0.5595315549772283,fixed_multi,male,diff_means,6,0.5196579607770239,0.0024630541871921707,,6.0
wearing_earrings,0.6630031659882406,0.7493441881501584,fixed_multi,male,diff_means,6,0.6630031659882406,0.0,,6.0
wearing_hat,0.918495468937657,0.963096407904793,fixed_multi,male,diff_means,6,0.9068675619609128,0.011627906976744207,,6.0
wearing_lipstick,0.5586759312873963,0.5417872997490831,fixed_multi,male,diff_means,6,0.552306504535804,0.006369426751592355,,6.0
wearing_necklace,0.5879120879120879,0.6221073044602456,fixed_multi,male,diff_means,6,0.6044602456367163,-0.016548157724628365,,6.0
wearing_necktie,0.5107758620689655,0.5118534482758621,fixed_multi,male,diff_means,6,0.5150862068965517,-0.004310344827586188,,6.0
young,0.8736471861471862,0.9471726190476191,fixed_multi,male,diff_means,6,0.8706709956709957,0.0029761904761904656,,6.0
5_o_clock_shadow,0.5463799283154123,0.5859498207885305,fixed_multi,male,lr,6,0.5625089605734768,-0.016129032258064502,,6.0
arched_eyebrows,0.5791858678955453,0.6203533026113671,fixed_multi,male,lr,6,0.5720430107526882,0.0071428571428571175,,6.0
attractive,0.4942714819427148,0.5787671232876712,fixed_multi,male,lr,6,0.4942714819427148,0.0,,6.0
bags_under_eyes,0.5018927987610772,0.44377527316527576,fixed_multi,male,lr,6,0.5213800223694399,-0.019487223608362747,,6.0
bald,0.7691366266132622,0.87572318647085,fixed_multi,male,lr,6,0.7810413885180241,-0.011904761904761862,,6.0
bangs,0.705087440381558,0.8279014308426073,fixed_multi,male,lr,6,0.7107843137254902,-0.005696873343932207,,6.0
big_lips,0.46205357142857145,0.47684151785714285,fixed_multi,male,lr,6,0.47544642857142855,-0.013392857142857095,,6.0
big_nose,0.6123920288376522,0.6858464258994763,fixed_multi,male,lr,6,0.6210977351560906,-0.008705706318438367,,6.0
black_hair,0.7409529211571186,0.8906409529211571,fixed_multi,male,lr,6,0.7409529211571186,0.0,,6.0
blond_hair,0.8548672566371682,0.9151917404129793,fixed_multi,male,lr,6,0.863716814159292,-0.008849557522123797,,6.0
blurry,0.6288617886178862,0.7528455284552846,fixed_multi,male,lr,6,0.6747967479674797,-0.04593495934959346,,6.0
brown_hair,0.6645114942528736,0.7889727011494253,fixed_multi,male,lr,6,0.6602011494252874,0.004310344827586188,,6.0
bushy_eyebrows,0.5542652329749104,0.5584229390681003,fixed_multi,male,lr,6,0.5564874551971326,-0.0022222222222222365,,6.0
chubby,0.5967592592592592,0.6865740740740741,fixed_multi,male,lr,6,0.5990740740740741,-0.0023148148148148806,,6.0
double_chin,0.5380530973451327,0.6523598820058997,fixed_multi,male,lr,6,0.5424778761061947,-0.004424778761061954,,6.0
eyeglasses,0.9293203883495146,0.9857281553398057,fixed_multi,male,lr,6,0.9268932038834952,0.0024271844660194164,,6.0
goatee,0.6741525423728814,0.7766949152542372,fixed_multi,male,lr,6,0.6555084745762711,0.01864406779661021,,6.0
gray_hair,0.882716049382716,0.9632795188350743,fixed_multi,male,lr,6,0.882716049382716,0.0,,6.0
heavy_makeup,0.5494353628681987,0.5945668482981916,fixed_multi,male,lr,6,0.5494353628681987,0.0,,6.0
high_cheekbones,0.5480305343511451,0.4510534351145038,fixed_multi,male,lr,6,0.5442137404580153,0.003816793893129833,,6.0
male,0.98828125,0.98944091796875,fixed_multi,male,lr,6,0.98828125,0.0,,6.0
mouth_slightly_open,0.5251913070094888,0.5374961738598103,fixed_multi,male,lr,6,0.5284664830119375,-0.003275176002448754,,6.0
mustache,0.7241525423728814,0.801906779661017,fixed_multi,male,lr,6,0.6991525423728814,0.025000000000000022,,6.0
narrow_eyes,0.5484330484330484,0.5232668566001899,fixed_multi,male,lr,6,0.5463754352643242,0.002057613168724215,,6.0
no_beard,0.5504228755537657,0.4771647200966572,fixed_multi,male,lr,6,0.5427305678614579,0.007692307692307776,,6.0
oval_face,0.5034562211981567,0.45430107526881724,fixed_multi,male,lr,6,0.5061443932411674,-0.0026881720430107503,,6.0
pale_skin,0.6097992916174735,0.7544273907910272,fixed_multi,male,lr,6,0.613931523022432,-0.004132231404958553,,6.0
pointy_nose,0.49724106739032115,0.5608322026232474,fixed_multi,male,lr,6,0.49724106739032115,0.0,,6.0
receding_hairline,0.5133928571428572,0.5283203124999999,fixed_multi,male,lr,6,0.5044642857142857,0.008928571428571508,,6.0
rosy_cheeks,0.6139552055131676,0.716957912872262,fixed_multi,male,lr,6,0.6265075067683977,-0.012552301255230103,,6.0
sideburns,0.6411873840445269,0.6463821892393321,fixed_multi,male,lr,6,0.6473098330241187,-0.006122448979591799,,6.0
smiling,0.8457303645705897,0.9610961585515048,fixed_multi,male,lr,6,0.8375336432591143,0.008196721311475419,,6.0
straight_hair,0.5673593073593073,0.5568831168831169,fixed_multi,male,lr,6,0.5695238095238095,-0.0021645021645022577,,6.0
wavy_hair,0.5196579607770239,0.55757970071568,fixed_multi,male,lr,6,0.5196579607770239,0.0,,6.0
wearing_earrings,0.6646313885119856,0.7436454093170511,fixed_multi,male,lr,6,0.6630031659882406,0.0016282225237449488,,6.0
wearing_hat,0.918495468937657,0.9659351457582706,fixed_multi,male,lr,6,0.9068675619609128,0.011627906976744207,,6.0
wearing_lipstick,0.5605417229621051,0.5414012738853503,fixed_multi,male,lr,6,0.552306504535804,0.00823521842630115,,6.0
wearing_necklace,0.5856496444731739,0.6195216548157724,fixed_multi,male,lr,6,0.6044602456367163,-0.018810601163542384,,6.0
wearing_necktie,0.4964080459770115,0.5107758620689655,fixed_multi,male,lr,6,0.5150862068965517,-0.01867816091954022,,6.0
young,0.8706709956709957,0.9470373376623376,fixed_multi,male,lr,6,0.8706709956709957,0.0,,6.0
5_o_clock_shadow,0.5625089605734768,0.5839426523297492,fixed_multi,male,pclarc,6,0.5625089605734768,0.0,,6.0
arched_eyebrows,0.581874039938556,0.62357910906298,fixed_multi,male,pclarc,6,0.5720430107526882,0.009831029185867868,,6.0
attractive,0.49769613947696134,0.5742216687422167,fixed_multi,male,pclarc,6,0.4942714819427148,0.0034246575342465335,,6.0
bags_under_eyes,0.5264561645014196,0.4360320055063237,fixed_multi,male,pclarc,6,0.5213800223694399,0.005076142131979711,,6.0
bald,0.7691366266132622,0.8786159323542502,fixed_multi,male,pclarc,6,0.7810413885180241,-0.011904761904761862,,6.0
bangs,0.7107843137254902,0.8232644409114998,fixed_multi,male,pclarc,6,0.7107843137254902,0.0,,6.0
big_lips,0.484375,0.4810267857142857,fixed_multi,male,pclarc,6,0.47544642857142855,0.008928571428571452,,6.0
big_nose,0.6123920288376522,0.680881452764742,fixed_multi,male,pclarc,6,0.6210977351560906,-0.008705706318438367,,6.0
black_hair,0.7432785025524674,0.8914350538854225,fixed_multi,male,pclarc,6,0.7409529211571186,0.0023255813953487747,,6.0
blond_hair,0.863716814159292,0.9154867256637167,fixed_multi,male,pclarc,6,0.863716814159292,0.0,,6.0
blurry,0.6747967479674797,0.7630081300813009,fixed_multi,male,pclarc,6,0.6747967479674797,0.0,,6.0
brown_hair,0.6645114942528736,0.7988505747126438,fixed_multi,male,pclarc,6,0.6602011494252874,0.004310344827586188,,6.0
bushy_eyebrows,0.5564874551971326,0.5534050179211469,fixed_multi,male,pclarc,6,0.5564874551971326,0.0,,6.0
chubby,0.5990740740740741,0.6839120370370371,fixed_multi,male,pclarc,6,0.5990740740740741,0.0,,6.0
double_chin,0.5469026548672566,0.6550147492625369,fixed_multi,male,pclarc,6,0.5424778761061947,0.004424778761061954,,6.0
eyeglasses,0.9268932038834952,0.9857281553398057,fixed_multi,male,pclarc,6,0.9268932038834952,0.0,,6.0
goatee,0.6576271186440679,0.775635593220339,fixed_multi,male,pclarc,6,0.6555084745762711,0.0021186440677967155,,6.0
gray_hair,0.8847736625514404,0.9635960747071858,fixed_multi,male,pclarc,6,0.882716049382716,0.002057613168724437,,6.0
heavy_makeup,0.546789860222696,0.5894337834636342,fixed_multi,male,pclarc,6,0.5494353628681987,-0.002645502645502673,,6.0
high_cheekbones,0.5402137404580153,0.44610687022900763,fixed_multi,male,pclarc,6,0.5442137404580153,-0.0040000000000000036,,6.0
male,0.98828125,0.9891357421875,fixed_multi,male,pclarc,6,0.98828125,0.0,,6.0
mouth_slightly_open,0.5284664830119375,0.5365779002142639,fixed_multi,male,pclarc,6,0.5284664830119375,0.0,,6.0
mustache,0.7241525423728814,0.8021186440677965,fixed_multi,male,pclarc,6,0.6991525423728814,0.025000000000000022,,6.0
narrow_eyes,0.5422602089268755,0.5295979740424185,fixed_multi,male,pclarc,6,0.5463754352643242,-0.004115226337448652,,6.0
no_beard,0.5427305678614579,0.47813129279097866,fixed_multi,male,pclarc,6,0.5427305678614579,0.0,,6.0
oval_face,0.5088325652841782,0.456605222734255,fixed_multi,male,pclarc,6,0.5061443932411674,0.0026881720430107503,,6.0
pale_skin,0.613931523022432,0.7420306965761511,fixed_multi,male,pclarc,6,0.613931523022432,0.0,,6.0
pointy_nose,0.5038444142921755,0.5601990049751243,fixed_multi,male,pclarc,6,0.49724106739032115,0.006603346901854379,,6.0
receding_hairline,0.5022321428571428,0.5284598214285714,fixed_multi,male,pclarc,6,0.5044642857142857,-0.0022321428571429047,,6.0
rosy_cheeks,0.6306916071868078,0.7231110017228649,fixed_multi,male,pclarc,6,0.6265075067683977,0.004184100418410108,,6.0
sideburns,0.65139146567718,0.6445269016697588,fixed_multi,male,pclarc,6,0.6473098330241187,0.004081632653061273,,6.0
smiling,0.8375336432591143,0.9600562759970639,fixed_multi,male,pclarc,6,0.8375336432591143,0.0,,6.0
straight_hair,0.5716883116883117,0.5582683982683982,fixed_multi,male,pclarc,6,0.5695238095238095,0.0021645021645021467,,6.0
wavy_hair,0.5171949065898318,0.5583232642438888,fixed_multi,male,pclarc,6,0.5196579607770239,-0.0024630541871920597,,6.0
wearing_earrings,0.660515603799186,0.7490728177295342,fixed_multi,male,pclarc,6,0.6630031659882406,-0.0024875621890546595,,6.0
wearing_hat,0.9068675619609128,0.9600393056010481,fixed_multi,male,pclarc,6,0.9068675619609128,0.0,,6.0
wearing_lipstick,0.5536254262368911,0.5432027279161038,fixed_multi,male,pclarc,6,0.552306504535804,0.0013189217010871612,,6.0
wearing_necklace,0.59469941822883,0.6258564964447317,fixed_multi,male,pclarc,6,0.6044602456367163,-0.009760827407886308,,6.0
wearing_necktie,0.5150862068965517,0.5098778735632183,fixed_multi,male,pclarc,6,0.5150862068965517,0.0,,6.0
young,0.8736471861471862,0.9475108225108225,fixed_multi,male,pclarc,6,0.8706709956709957,0.0029761904761904656,,6.0
5_o_clock_shadow,0.5602867383512544,0.5856630824372759,iterative_all_layers,male,lr,0,0.5625089605734768,-0.0022222222222223476,2.0,
arched_eyebrows,0.5747311827956989,0.6256528417818741,iterative_all_layers,male,lr,0,0.5720430107526882,0.0026881720430107503,2.0,
attractive,0.4942714819427148,0.5733499377334994,iterative_all_layers,male,lr,0,0.4942714819427148,0.0,2.0,
bags_under_eyes,0.5213800223694399,0.43930138518454787,iterative_all_layers,male,lr,0,0.5213800223694399,0.0,2.0,
bald,0.7691366266132622,0.8795060080106809,iterative_all_layers,male,lr,0,0.7810413885180241,-0.011904761904761862,2.0,
bangs,0.7130365659777425,0.8248542660307366,iterative_all_layers,male,lr,0,0.7107843137254902,0.0022522522522522292,2.0,
big_lips,0.47098214285714285,0.4859095982142857,iterative_all_layers,male,lr,0,0.47544642857142855,-0.004464285714285698,2.0,
big_nose,0.6123920288376522,0.678092906209617,iterative_all_layers,male,lr,0,0.6210977351560906,-0.008705706318438367,2.0,
black_hair,0.7432785025524674,0.8913216108905275,iterative_all_layers,male,lr,0,0.7409529211571186,0.0023255813953487747,2.0,
blond_hair,0.863716814159292,0.9168141592920354,iterative_all_layers,male,lr,0,0.863716814159292,0.0,2.0,
blurry,0.6788617886178862,0.7593495934959349,iterative_all_layers,male,lr,0,0.6747967479674797,0.004065040650406471,2.0,
brown_hair,0.6666666666666667,0.7954382183908046,iterative_all_layers,male,lr,0,0.6602011494252874,0.006465517241379337,2.0,
bushy_eyebrows,0.5564874551971326,0.5535483870967741,iterative_all_layers,male,lr,0,0.5564874551971326,0.0,2.0,
chubby,0.5990740740740741,0.6809027777777777,iterative_all_layers,male,lr,0,0.5990740740740741,0.0,2.0,
double_chin,0.5446902654867256,0.6529498525073747,iterative_all_layers,male,lr,0,0.5424778761061947,0.0022123893805309214,2.0,
eyeglasses,0.9268932038834952,0.986504854368932,iterative_all_layers,male,lr,0,0.9268932038834952,0.0,2.0,
goatee,0.6576271186440679,0.7747881355932204,iterative_all_layers,male,lr,0,0.6555084745762711,0.0021186440677967155,2.0,
gray_hair,0.8806584362139918,0.9632795188350745,iterative_all_layers,male,lr,0,0.882716049382716,-0.002057613168724215,2.0,
heavy_makeup,0.5520808655137013,0.5906183368869936,iterative_all_layers,male,lr,0,0.5494353628681987,0.002645502645502562,2.0,
high_cheekbones,0.5480305343511451,0.4478167938931298,iterative_all_layers,male,lr,0,0.5442137404580153,0.003816793893129833,2.0,
male,0.98828125,0.98919677734375,iterative_all_layers,male,lr,0,0.98828125,0.0,2.0,
mouth_slightly_open,0.5284664830119375,0.5385368839914295,iterative_all_layers,male,lr,0,0.5284664830119375,0.0,2.0,
mustache,0.726271186440678,0.8027542372881356,iterative_all_layers,male,lr,0,0.6991525423728814,0.027118644067796627,2.0,
narrow_eyes,0.5463754352643242,0.5188350743906299,iterative_all_layers,male,lr,0,0.5463754352643242,0.0,2.0,
no_beard,0.5427305678614579,0.4794200563834072,iterative_all_layers,male,lr,0,0.5427305678614579,0.0,2.0,
oval_face,0.5088325652841782,0.45514592933947773,iterative_all_layers,male,lr,0,0.5061443932411674,0.0026881720430107503,2.0,
pale_skin,0.613931523022432,0.7405548996458087,iterative_all_layers,male,lr,0,0.613931523022432,0.0,2.0,
pointy_nose,0.49724106739032115,0.5599276345545002,iterative_all_layers,male,lr,0,0.49724106739032115,0.0,2.0,
receding_hairline,0.5044642857142857,0.5308314732142858,iterative_all_layers,male,lr,0,0.5044642857142857,0.0,2.0,
rosy_cheeks,0.6285995569776028,0.7226187546148167,iterative_all_layers,male,lr,0,0.6265075067683977,0.0020920502092051096,2.0,
sideburns,0.65139146567718,0.6556586270871985,iterative_all_layers,male,lr,0,0.6473098330241187,0.004081632653061273,2.0,
smiling,0.8334352826033766,0.9604232933692195,iterative_all_layers,male,lr,0,0.8375336432591143,-0.004098360655737654,2.0,
straight_hair,0.5738528138528138,0.5577489177489178,iterative_all_layers,male,lr,0,0.5695238095238095,0.0043290043290042934,2.0,
wavy_hair,0.5171949065898318,0.5551631192490009,iterative_all_layers,male,lr,0,0.5196579607770239,-0.0024630541871920597,2.0,
wearing_earrings,0.660515603799186,0.745273631840796,iterative_all_layers,male,lr,0,0.6630031659882406,-0.0024875621890546595,2.0,
wearing_hat,0.9068675619609128,0.9616770389780543,iterative_all_layers,male,lr,0,0.9068675619609128,0.0,2.0,
wearing_lipstick,0.557357009586309,0.5457118960303675,iterative_all_layers,male,lr,0,0.552306504535804,0.005050505050504972,2.0,
wearing_necklace,0.592436974789916,0.6231415643180349,iterative_all_layers,male,lr,0,0.6044602456367163,-0.012023270846800327,2.0,
wearing_necktie,0.5172413793103449,0.5032327586206896,iterative_all_layers,male,lr,0,0.5150862068965517,0.0021551724137931494,2.0,
young,0.8706709956709957,0.9466314935064936,iterative_all_layers,male,lr,0,0.8706709956709957,0.0,2.0,
5_o_clock_shadow,0.5602867383512544,0.5817921146953405,iterative_all_layers,male,lr,1,0.5625089605734768,-0.0022222222222223476,2.0,
arched_eyebrows,0.5720430107526882,0.627188940092166,iterative_all_layers,male,lr,1,0.5720430107526882,0.0,2.0,
attractive,0.4942714819427148,0.573785803237858,iterative_all_layers,male,lr,1,0.4942714819427148,0.0,2.0,
bags_under_eyes,0.5239180934354297,0.43938742149186955,iterative_all_layers,male,lr,1,0.5213800223694399,0.0025380710659898,2.0,
bald,0.7691366266132622,0.8792834890965731,iterative_all_layers,male,lr,1,0.7810413885180241,-0.011904761904761862,2.0,
bangs,0.6983306836248013,0.8251192368839427,iterative_all_layers,male,lr,1,0.7107843137254902,-0.012453630100688895,2.0,
big_lips,0.47544642857142855,0.4783761160714286,iterative_all_layers,male,lr,1,0.47544642857142855,0.0,2.0,
big_nose,0.6123920288376522,0.6785009861932939,iterative_all_layers,male,lr,1,0.6210977351560906,-0.008705706318438367,2.0,
black_hair,0.7432785025524674,0.8934770277935338,iterative_all_layers,male,lr,1,0.7409529211571186,0.0023255813953487747,2.0,
blond_hair,0.8615044247787611,0.9166666666666666,iterative_all_layers,male,lr,1,0.863716814159292,-0.0022123893805309214,2.0,
blurry,0.6768292682926829,0.765040650406504,iterative_all_layers,male,lr,1,0.6747967479674797,0.00203252032520318,2.0,
brown_hair,0.6666666666666667,0.7988505747126438,iterative_all_layers,male,lr,1,0.6602011494252874,0.006465517241379337,2.0,
bushy_eyebrows,0.5564874551971326,0.5521146953405017,iterative_all_layers,male,lr,1,0.5564874551971326,0.0,2.0,
chubby,0.5990740740740741,0.6811342592592593,iterative_all_layers,male,lr,1,0.5990740740740741,0.0,2.0,
double_chin,0.5446902654867256,0.6525073746312685,iterative_all_layers,male,lr,1,0.5424778761061947,0.0022123893805309214,2.0,
eyeglasses,0.9268932038834952,0.986504854368932,iterative_all_layers,male,lr,1,0.9268932038834952,0.0,2.0,
goatee,0.6555084745762711,0.7771186440677965,iterative_all_layers,male,lr,1,0.6555084745762711,0.0,2.0,
gray_hair,0.8806584362139918,0.9635960747071858,iterative_all_layers,male,lr,1,0.882716049382716,-0.002057613168724215,2.0,
heavy_makeup,0.5494353628681987,0.5914080391692331,iterative_all_layers,male,lr,1,0.5494353628681987,0.0,2.0,
high_cheekbones,0.5440305343511451,0.4467786259541985,iterative_all_layers,male,lr,1,0.5442137404580153,-0.0001832061068701707,2.0,
male,0.98828125,0.989501953125,iterative_all_layers,male,lr,1,0.98828125,0.0,2.0,
mouth_slightly_open,0.5247627793082339,0.5375573921028466,iterative_all_layers,male,lr,1,0.5284664830119375,-0.0037037037037036535,2.0,
mustache,0.751271186440678,0.8031779661016949,iterative_all_layers,male,lr,1,0.6991525423728814,0.05211864406779665,2.0,
narrow_eyes,0.5443178220955999,0.529281418170307,iterative_all_layers,male,lr,1,0.5463754352643242,-0.002057613168724326,2.0,
no_beard,0.5453483689085783,0.4795811518324607,iterative_all_layers,male,lr,1,0.5427305678614579,0.002617801047120394,2.0,
oval_face,0.5061443932411674,0.4554531490015361,iterative_all_layers,male,lr,1,0.5061443932411674,0.0,2.0,
pale_skin,0.6159976387249114,0.7387839433293979,iterative_all_layers,male,lr,1,0.613931523022432,0.0020661157024793875,2.0,
pointy_nose,0.4947535052012664,0.5590230664857531,iterative_all_layers,male,lr,1,0.49724106739032115,-0.0024875621890547706,2.0,
receding_hairline,0.5044642857142857,0.5283203125,iterative_all_layers,male,lr,1,0.5044642857142857,0.0,2.0,
rosy_cheeks,0.6285995569776028,0.7260644843711543,iterative_all_layers,male,lr,1,0.6265075067683977,0.0020920502092051096,2.0,
sideburns,0.6534322820037106,0.6545454545454544,iterative_all_layers,male,lr,1,0.6473098330241187,0.00612244897959191,2.0,
smiling,0.8375336432591143,0.9602397846831416,iterative_all_layers,male,lr,1,0.8375336432591143,0.0,2.0,
straight_hair,0.5473593073593073,0.5582683982683982,iterative_all_layers,male,lr,1,0.5695238095238095,-0.022164502164502276,2.0,
wavy_hair,0.5196579607770239,0.5551631192490007,iterative_all_layers,male,lr,1,0.5196579607770239,0.0,2.0,
wearing_earrings,0.6555404794210764,0.7468113975576662,iterative_all_layers,male,lr,1,0.6630031659882406,-0.007462686567164201,2.0,
wearing_hat,0.9068675619609128,0.9630964079047931,iterative_all_layers,male,lr,1,0.9068675619609128,0.0,2.0,
wearing_lipstick,0.557357009586309,0.5459049089622338,iterative_all_layers,male,lr,1,0.552306504535804,0.005050505050504972,2.0,
wearing_necklace,0.590174531351002,0.6230122818358113,iterative_all_layers,male,lr,1,0.6044602456367163,-0.014285714285714346,2.0,
wearing_necktie,0.5172413793103449,0.5017959770114941,iterative_all_layers,male,lr,1,0.5150862068965517,0.0021551724137931494,2.0,
young,0.8736471861471862,0.9469020562770563,iterative_all_layers,male,lr,1,0.8706709956709957,0.0029761904761904656,2.0,
5_o_clock_shadow,0.5580645161290323,0.5783512544802867,iterative_all_layers,male,lr,2,0.5625089605734768,-0.004444444444444473,2.0,
arched_eyebrows,0.564900153609831,0.6279569892473118,iterative_all_layers,male,lr,2,0.5720430107526882,-0.0071428571428571175,2.0,
attractive,0.4942714819427148,0.5732876712328767,iterative_all_layers,male,lr,2,0.4942714819427148,0.0,2.0,
bags_under_eyes,0.5069689408930569,0.4405058934870515,iterative_all_layers,male,lr,2,0.5213800223694399,-0.014411081476383036,2.0,
bald,0.7691366266132622,0.8781708945260347,iterative_all_layers,male,lr,2,0.7810413885180241,-0.011904761904761862,2.0,
bangs,0.7130365659777425,0.825649178590355,iterative_all_layers,male,lr,2,0.7107843137254902,0.0022522522522522292,2.0,
big_lips,0.47544642857142855,0.48032924107142855,iterative_all_layers,male,lr,2,0.47544642857142855,0.0,2.0,
big_nose,0.6094334489559954,0.67816091954023,iterative_all_layers,male,lr,2,0.6210977351560906,-0.011664286200095186,2.0,
black_hair,0.7456040839478162,0.8940442427680091,iterative_all_layers,male,lr,2,0.7409529211571186,0.0046511627906975495,2.0,
blond_hair,0.8615044247787611,0.916519174041298,iterative_all_layers,male,lr,2,0.863716814159292,-0.0022123893805309214,2.0,
blurry,0.6788617886178862,0.7536585365853659,iterative_all_layers,male,lr,2,0.6747967479674797,0.004065040650406471,2.0,
brown_hair,0.6666666666666667,0.7952586206896551,iterative_all_layers,male,lr,2,0.6602011494252874,0.006465517241379337,2.0,
bushy_eyebrows,0.5564874551971326,0.552831541218638,iterative_all_layers,male,lr,2,0.5564874551971326,0.0,2.0,
chubby,0.611574074074074,0.6826388888888889,iterative_all_layers,male,lr,2,0.5990740740740741,0.012499999999999956,2.0,
double_chin,0.5469026548672566,0.6554572271386431,iterative_all_layers,male,lr,2,0.5424778761061947,0.004424778761061954,2.0,
eyeglasses,0.9341747572815534,0.9860194174757281,iterative_all_layers,male,lr,2,0.9268932038834952,0.007281553398058249,2.0,
goatee,0.6533898305084747,0.7701271186440678,iterative_all_layers,male,lr,2,0.6555084745762711,-0.0021186440677964935,2.0,
gray_hair,0.8806584362139918,0.9645457423235202,iterative_all_layers,male,lr,2,0.882716049382716,-0.002057613168724215,2.0,
heavy_makeup,0.5494353628681987,0.5924346521361447,iterative_all_layers,male,lr,2,0.5494353628681987,0.0,2.0,
high_cheekbones,0.5402137404580153,0.44769465648854967,iterative_all_layers,male,lr,2,0.5442137404580153,-0.0040000000000000036,2.0,
male,0.98828125,0.98883056640625,iterative_all_layers,male,lr,2,0.98828125,0.0,2.0,
mouth_slightly_open,0.5325987144168962,0.5392715029078665,iterative_all_layers,male,lr,2,0.5284664830119375,0.004132231404958664,2.0,
mustache,0.7491525423728813,0.7991525423728814,iterative_all_layers,male,lr,2,0.6991525423728814,0.04999999999999993,2.0,
narrow_eyes,0.5422602089268755,0.5343463121240899,iterative_all_layers,male,lr,2,0.5463754352643242,-0.004115226337448652,2.0,
no_beard,0.5401127668143375,0.479500604107934,iterative_all_layers,male,lr,2,0.5427305678614579,-0.002617801047120394,2.0,
oval_face,0.5061443932411674,0.454147465437788,iterative_all_layers,male,lr,2,0.5061443932411674,0.0,2.0,
pale_skin,0.6118654073199528,0.7302243211334121,iterative_all_layers,male,lr,2,0.613931523022432,-0.0020661157024792765,2.0,
pointy_nose,0.5063319764812302,0.5620081411126187,iterative_all_layers,male,lr,2,0.49724106739032115,0.009090909090909038,2.0,
receding_hairline,0.5111607142857143,0.5269252232142857,iterative_all_layers,male,lr,2,0.5044642857142857,0.006696428571428603,2.0,
rosy_cheeks,0.6285995569776028,0.7336943145459021,iterative_all_layers,male,lr,2,0.6265075067683977,0.0020920502092051096,2.0,
sideburns,0.6554730983302413,0.6575139146567718,iterative_all_layers,male,lr,2,0.6473098330241187,0.008163265306122547,2.0,
smiling,0.8375336432591143,0.9606679716173232,iterative_all_layers,male,lr,2,0.8375336432591143,0.0,2.0,
straight_hair,0.5495238095238095,0.557056277056277,iterative_all_layers,male,lr,2,0.5695238095238095,-0.020000000000000018,2.0,
wavy_hair,0.5077609443256809,0.5594386095362023,iterative_all_layers,male,lr,2,0.5196579607770239,-0.011897016451343001,2.0,
wearing_earrings,0.6514246947082768,0.7430122116689281,iterative_all_layers,male,lr,2,0.6630031659882406,-0.011578471279963809,2.0,
wearing_hat,0.8952396549841686,0.9639698657058631,iterative_all_layers,male,lr,2,0.9068675619609128,-0.011627906976744207,2.0,
wearing_lipstick,0.5637264363379013,0.5473846747732098,iterative_all_layers,male,lr,2,0.552306504535804,0.011419931802097327,2.0,
wearing_necklace,0.59469941822883,0.62120232708468,iterative_all_layers,male,lr,2,0.6044602456367163,-0.009760827407886308,2.0,
wearing_necktie,0.5193965517241379,0.4980244252873563,iterative_all_layers,male,lr,2,0.5150862068965517,0.004310344827586188,2.0,
young,0.8676948051948052,0.9469020562770563,iterative_all_layers,male,lr,2,0.8706709956709957,-0.0029761904761904656,2.0,
5_o_clock_shadow,0.5602867383512544,0.5780645161290323,iterative_all_layers,male,lr,3,0.5625089605734768,-0.0022222222222223476,2.0,
arched_eyebrows,0.5622119815668203,0.6280337941628263,iterative_all_layers,male,lr,3,0.5720430107526882,-0.009831029185867868,2.0,
attractive,0.4942714819427148,0.5712328767123287,iterative_all_layers,male,lr,3,0.4942714819427148,0.0,2.0,
bags_under_eyes,0.5069689408930569,0.44007571195044304,iterative_all_layers,male,lr,3,0.5213800223694399,-0.014411081476383036,2.0,
bald,0.7691366266132622,0.8775033377837117,iterative_all_layers,male,lr,3,0.7810413885180241,-0.011904761904761862,2.0,
bangs,0.7152888182299947,0.8245892951775304,iterative_all_layers,male,lr,3,0.7107843137254902,0.0045045045045044585,2.0,
big_lips,0.47767857142857145,0.4790736607142857,iterative_all_layers,male,lr,3,0.47544642857142855,0.0022321428571429047,2.0,
big_nose,0.6094334489559954,0.677752839556553,iterative_all_layers,male,lr,3,0.6210977351560906,-0.011664286200095186,2.0,
black_hair,0.7456040839478162,0.8940442427680091,iterative_all_layers,male,lr,3,0.7409529211571186,0.0046511627906975495,2.0,
blond_hair,0.8615044247787611,0.9169616519174041,iterative_all_layers,male,lr,3,0.863716814159292,-0.0022123893805309214,2.0,
blurry,0.6727642276422765,0.7597560975609756,iterative_all_layers,male,lr,3,0.6747967479674797,-0.00203252032520318,2.0,
brown_hair,0.6666666666666667,0.7952586206896551,iterative_all_layers,male,lr,3,0.6602011494252874,0.006465517241379337,2.0,
bushy_eyebrows,0.5564874551971326,0.5529749103942652,iterative_all_layers,male,lr,3,0.5564874551971326,0.0,2.0,
chubby,0.5990740740740741,0.6829861111111111,iterative_all_layers,male,lr,3,0.5990740740740741,0.0,2.0,
double_chin,0.5491150442477876,0.6542772861356932,iterative_all_layers,male,lr,3,0.5424778761061947,0.006637168141592875,2.0,
eyeglasses,0.9390291262135922,0.9859223300970873,iterative_all_layers,male,lr,3,0.9268932038834952,0.012135922330097082,2.0,
goatee,0.6512711864406779,0.7692796610169491,iterative_all_layers,male,lr,3,0.6555084745762711,-0.004237288135593209,2.0,
gray_hair,0.882716049382716,0.9645457423235202,iterative_all_layers,male,lr,3,0.882716049382716,0.0,2.0,
heavy_makeup,0.546789860222696,0.5948827292110873,iterative_all_layers,male,lr,3,0.5494353628681987,-0.002645502645502673,2.0,
high_cheekbones,0.5363969465648855,0.44934351145038165,iterative_all_layers,male,lr,3,0.5442137404580153,-0.007816793893129836,2.0,
male,0.98828125,0.989013671875,iterative_all_layers,male,lr,3,0.98828125,0.0,2.0,
mouth_slightly_open,0.5288950107131926,0.5415365779002143,iterative_all_layers,male,lr,3,0.5284664830119375,0.0004285277012550104,2.0,
mustache,0.7241525423728814,0.7966101694915254,iterative_all_layers,male,lr,3,0.6991525423728814,0.025000000000000022,2.0,
narrow_eyes,0.5443178220955999,0.5308641975308641,iterative_all_layers,male,lr,3,0.5463754352643242,-0.002057613168724326,2.0,
no_beard,0.5401127668143375,0.48135320177204993,iterative_all_layers,male,lr,3,0.5427305678614579,-0.002617801047120394,2.0,
oval_face,0.5088325652841782,0.4525345622119815,iterative_all_layers,male,lr,3,0.5061443932411674,0.0026881720430107503,2.0,
pale_skin,0.6118654073199528,0.7322904368358913,iterative_all_layers,male,lr,3,0.613931523022432,-0.0020661157024792765,2.0,
pointy_nose,0.5038444142921755,0.5618272274988693,iterative_all_layers,male,lr,3,0.49724106739032115,0.006603346901854379,2.0,
receding_hairline,0.5111607142857143,0.5265066964285714,iterative_all_layers,male,lr,3,0.5044642857142857,0.006696428571428603,2.0,
rosy_cheeks,0.6306916071868078,0.7312330790056608,iterative_all_layers,male,lr,3,0.6265075067683977,0.004184100418410108,2.0,
sideburns,0.6534322820037106,0.650834879406308,iterative_all_layers,male,lr,3,0.6473098330241187,0.00612244897959191,2.0,
smiling,0.8375336432591143,0.9604232933692195,iterative_all_layers,male,lr,3,0.8375336432591143,0.0,2.0,
straight_hair,0.5695238095238095,0.5586147186147186,iterative_all_layers,male,lr,3,0.5695238095238095,0.0,2.0,
wavy_hair,0.5102239985128729,0.5609257365926201,iterative_all_layers,male,lr,3,0.5196579607770239,-0.009433962264150941,2.0,
wearing_earrings,0.6423337856173676,0.7429217548620534,iterative_all_layers,male,lr,3,0.6630031659882406,-0.02066938037087296,2.0,
wearing_hat,0.9068675619609128,0.9647341412817992,iterative_all_layers,male,lr,3,0.9068675619609128,0.0,2.0,
wearing_lipstick,0.5687769413884063,0.5478350382808983,iterative_all_layers,male,lr,3,0.552306504535804,0.0164704368526023,2.0,
wearing_necklace,0.5879120879120879,0.6186166774402069,iterative_all_layers,male,lr,3,0.6044602456367163,-0.016548157724628365,2.0,
wearing_necktie,0.521551724137931,0.4960488505747126,iterative_all_layers,male,lr,3,0.5150862068965517,0.006465517241379337,2.0,
young,0.8706709956709957,0.9462932900432901,iterative_all_layers,male,lr,3,0.8706709956709957,0.0,2.0,
5_o_clock_shadow,0.5580645161290323,0.5777777777777777,iterative_all_layers,male,lr,4,0.5625089605734768,-0.004444444444444473,2.0,
arched_eyebrows,0.581874039938556,0.6272657450076806,iterative_all_layers,male,lr,4,0.5720430107526882,0.009831029185867868,2.0,
attractive,0.49769613947696134,0.5696139476961395,iterative_all_layers,male,lr,4,0.4942714819427148,0.0034246575342465335,2.0,
bags_under_eyes,0.5247784565086466,0.4500559235997591,iterative_all_layers,male,lr,4,0.5213800223694399,0.0033984341392067074,2.0,
bald,0.7691366266132622,0.8780596350689809,iterative_all_layers,male,lr,4,0.7810413885180241,-0.011904761904761862,2.0,
bangs,0.7152888182299947,0.8248542660307365,iterative_all_layers,male,lr,4,0.7107843137254902,0.0045045045045044585,2.0,
big_lips,0.4575892857142857,0.47712053571428575,iterative_all_layers,male,lr,4,0.47544642857142855,-0.01785714285714285,2.0,
big_nose,0.6123920288376522,0.6781609195402298,iterative_all_layers,male,lr,4,0.6210977351560906,-0.008705706318438367,2.0,
black_hair,0.7577992058990357,0.8961996596710153,iterative_all_layers,male,lr,4,0.7409529211571186,0.016846284741917072,2.0,
blond_hair,0.8615044247787611,0.9172566371681415,iterative_all_layers,male,lr,4,0.863716814159292,-0.0022123893805309214,2.0,
blurry,0.6768292682926829,0.7552845528455284,iterative_all_layers,male,lr,4,0.6747967479674797,0.00203252032520318,2.0,
brown_hair,0.6623563218390804,0.7970545977011494,iterative_all_layers,male,lr,4,0.6602011494252874,0.0021551724137930384,2.0,
bushy_eyebrows,0.5564874551971326,0.5555555555555556,iterative_all_layers,male,lr,4,0.5564874551971326,0.0,2.0,
chubby,0.6037037037037037,0.6820601851851852,iterative_all_layers,male,lr,4,0.5990740740740741,0.00462962962962965,2.0,
double_chin,0.5446902654867256,0.6585545722713865,iterative_all_layers,male,lr,4,0.5424778761061947,0.0022123893805309214,2.0,
eyeglasses,0.9341747572815534,0.9852427184466019,iterative_all_layers,male,lr,4,0.9268932038834952,0.007281553398058249,2.0,
goatee,0.6491525423728814,0.7663135593220338,iterative_all_layers,male,lr,4,0.6555084745762711,-0.0063559322033897026,2.0,
gray_hair,0.8847736625514404,0.9639126305792972,iterative_all_layers,male,lr,4,0.882716049382716,0.002057613168724437,2.0,
heavy_makeup,0.5393271736555318,0.5955144910368791,iterative_all_layers,male,lr,4,0.5494353628681987,-0.010108189212666874,2.0,
high_cheekbones,0.5362137404580153,0.45178625954198476,iterative_all_layers,male,lr,4,0.5442137404580153,-0.008000000000000007,2.0,
male,0.98828125,0.98883056640625,iterative_all_layers,male,lr,4,0.98828125,0.0,2.0,
mouth_slightly_open,0.5284664830119375,0.5431282522191614,iterative_all_layers,male,lr,4,0.5284664830119375,0.0,2.0,
mustache,0.7241525423728814,0.7963983050847457,iterative_all_layers,male,lr,4,0.6991525423728814,0.025000000000000022,2.0,
narrow_eyes,0.5422602089268755,0.52769863880975,iterative_all_layers,male,lr,4,0.5463754352643242,-0.004115226337448652,2.0,
no_beard,0.5427305678614579,0.4806282722513089,iterative_all_layers,male,lr,4,0.5427305678614579,0.0,2.0,
oval_face,0.5088325652841782,0.45414746543778806,iterative_all_layers,male,lr,4,0.5061443932411674,0.0026881720430107503,2.0,
pale_skin,0.613931523022432,0.7305194805194806,iterative_all_layers,male,lr,4,0.613931523022432,0.0,2.0,
pointy_nose,0.5013568521031208,0.5639077340569878,iterative_all_layers,male,lr,4,0.49724106739032115,0.004115784712799608,2.0,
receding_hairline,0.5089285714285714,0.525390625,iterative_all_layers,male,lr,4,0.5044642857142857,0.004464285714285698,2.0,
rosy_cheeks,0.6244154565591927,0.7334481909918779,iterative_all_layers,male,lr,4,0.6265075067683977,-0.0020920502092049986,2.0,
sideburns,0.6534322820037106,0.6434137291280148,iterative_all_layers,male,lr,4,0.6473098330241187,0.00612244897959191,2.0,
smiling,0.8375336432591143,0.9607903107413751,iterative_all_layers,male,lr,4,0.8375336432591143,0.0,2.0,
straight_hair,0.5651948051948052,0.560865800865801,iterative_all_layers,male,lr,4,0.5695238095238095,-0.0043290043290042934,2.0,
wavy_hair,0.5102239985128729,0.5617622455618552,iterative_all_layers,male,lr,4,0.5196579607770239,-0.009433962264150941,2.0,
wearing_earrings,0.6448213478064224,0.7380370872908186,iterative_all_layers,male,lr,4,0.6630031659882406,-0.018181818181818188,2.0,
wearing_hat,0.9068675619609128,0.9664810568839393,iterative_all_layers,male,lr,4,0.9068675619609128,0.0,2.0,
wearing_lipstick,0.5738274464389115,0.5477063629929873,iterative_all_layers,male,lr,4,0.552306504535804,0.021520941903107493,2.0,
wearing_necklace,0.5736263736263736,0.6204266321913381,iterative_all_layers,male,lr,4,0.6044602456367163,-0.03083387201034271,2.0,
wearing_necktie,0.5193965517241379,0.5039511494252873,iterative_all_layers,male,lr,4,0.5150862068965517,0.004310344827586188,2.0,
young,0.8736471861471862,0.947172619047619,iterative_all_layers,male,lr,4,0.8706709956709957,0.0029761904761904656,2.0,
5_o_clock_shadow,0.5302508960573477,0.5696057347670251,iterative_all_layers,male,lr,5,0.5625089605734768,-0.032258064516129115,2.0,
arched_eyebrows,0.5872503840245775,0.6294930875576036,iterative_all_layers,male,lr,5,0.5720430107526882,0.015207373271889368,2.0,
attractive,0.49769613947696134,0.5729763387297634,iterative_all_layers,male,lr,5,0.4942714819427148,0.0034246575342465335,2.0,
bags_under_eyes,0.5129054460982534,0.4485072700679687,iterative_all_layers,male,lr,5,0.5213800223694399,-0.008474576271186529,2.0,
bald,0.7572318647085002,0.87716955941255,iterative_all_layers,male,lr,5,0.7810413885180241,-0.023809523809523836,2.0,
bangs,0.705087440381558,0.823794382617912,iterative_all_layers,male,lr,5,0.7107843137254902,-0.005696873343932207,2.0,
big_lips,0.47767857142857145,0.4779575892857143,iterative_all_layers,male,lr,5,0.47544642857142855,0.0022321428571429047,2.0,
big_nose,0.6123920288376522,0.6795891994830987,iterative_all_layers,male,lr,5,0.6210977351560906,-0.008705706318438367,2.0,
black_hair,0.750255246738514,0.8959727736812252,iterative_all_layers,male,lr,5,0.7409529211571186,0.009302325581395321,2.0,
blond_hair,0.8803834808259587,0.9143067846607669,iterative_all_layers,male,lr,5,0.863716814159292,0.01666666666666672,2.0,
blurry,0.6288617886178862,0.7548780487804878,iterative_all_layers,male,lr,5,0.6747967479674797,-0.04593495934959346,2.0,
brown_hair,0.6602011494252874,0.8008261494252873,iterative_all_layers,male,lr,5,0.6602011494252874,0.0,2.0,
bushy_eyebrows,0.5564874551971326,0.5624372759856631,iterative_all_layers,male,lr,5,0.5564874551971326,0.0,2.0,
chubby,0.6138888888888889,0.6812499999999999,iterative_all_layers,male,lr,5,0.5990740740740741,0.014814814814814836,2.0,
double_chin,0.5424778761061947,0.6551622418879056,iterative_all_layers,male,lr,5,0.5424778761061947,0.0,2.0,
eyeglasses,0.9293203883495146,0.9853398058252427,iterative_all_layers,male,lr,5,0.9268932038834952,0.0024271844660194164,2.0,
goatee,0.6470338983050847,0.758686440677966,iterative_all_layers,male,lr,5,0.6555084745762711,-0.008474576271186418,2.0,
gray_hair,0.882716049382716,0.9626464070908516,iterative_all_layers,male,lr,5,0.882716049382716,0.0,2.0,
heavy_makeup,0.541025033562347,0.5940140567006238,iterative_all_layers,male,lr,5,0.5494353628681987,-0.008410329305851727,2.0,
high_cheekbones,0.5363969465648855,0.45032061068702295,iterative_all_layers,male,lr,5,0.5442137404580153,-0.007816793893129836,2.0,
male,0.98828125,0.989501953125,iterative_all_layers,male,lr,5,0.98828125,0.0,2.0,
mouth_slightly_open,0.5330272421181512,0.547413529231711,iterative_all_layers,male,lr,5,0.5284664830119375,0.004560759106213674,2.0,
mustache,0.676271186440678,0.7898305084745763,iterative_all_layers,male,lr,5,0.6991525423728814,-0.022881355932203418,2.0,
narrow_eyes,0.5766065210509654,0.5295979740424185,iterative_all_layers,male,lr,5,0.5463754352643242,0.030231085786641243,2.0,
no_beard,0.5427305678614579,0.47507047925896095,iterative_all_layers,male,lr,5,0.5427305678614579,0.0,2.0,
oval_face,0.5088325652841782,0.4532258064516129,iterative_all_layers,male,lr,5,0.5061443932411674,0.0026881720430107503,2.0,
pale_skin,0.6118654073199528,0.7367178276269185,iterative_all_layers,male,lr,5,0.613931523022432,-0.0020661157024792765,2.0,
pointy_nose,0.48317503392130257,0.5643600180913615,iterative_all_layers,male,lr,5,0.49724106739032115,-0.01406603346901858,2.0,
receding_hairline,0.5044642857142857,0.5267857142857142,iterative_all_layers,male,lr,5,0.5044642857142857,0.0,2.0,
rosy_cheeks,0.6244154565591927,0.7371400443022398,iterative_all_layers,male,lr,5,0.6265075067683977,-0.0020920502092049986,2.0,
sideburns,0.6575139146567719,0.6419294990723563,iterative_all_layers,male,lr,5,0.6473098330241187,0.010204081632653184,2.0,
smiling,0.8416320039148519,0.9610961585515048,iterative_all_layers,male,lr,5,0.8375336432591143,0.004098360655737654,2.0,
straight_hair,0.5473593073593073,0.5643290043290042,iterative_all_layers,male,lr,5,0.5695238095238095,-0.022164502164502276,2.0,
wavy_hair,0.5290919230411748,0.5589738823310717,iterative_all_layers,male,lr,5,0.5196579607770239,0.009433962264150941,2.0,
wearing_earrings,0.658887381275441,0.7355042966983266,iterative_all_layers,male,lr,5,0.6630031659882406,-0.004115784712799608,2.0,
wearing_hat,0.9068675619609128,0.9659351457582706,iterative_all_layers,male,lr,5,0.9068675619609128,0.0,2.0,
wearing_lipstick,0.5687769413884063,0.5490574535160523,iterative_all_layers,male,lr,5,0.552306504535804,0.0164704368526023,2.0,
wearing_necklace,0.5856496444731739,0.6275371687136393,iterative_all_layers,male,lr,5,0.6044602456367163,-0.018810601163542384,2.0,
wearing_necktie,0.49856321839080464,0.5010775862068966,iterative_all_layers,male,lr,5,0.5150862068965517,-0.01652298850574707,2.0,
young,0.8795995670995671,0.9488636363636362,iterative_all_layers,male,lr,5,0.8706709956709957,0.008928571428571397,2.0,
5_o_clock_shadow,0.5330465949820788,0.5708960573476702,iterative_all_layers,male,lr,6,0.5625089605734768,-0.02946236559139792,2.0,
arched_eyebrows,0.5899385560675883,0.6300307219662058,iterative_all_layers,male,lr,6,0.5720430107526882,0.01789554531490012,2.0,
attractive,0.5022415940224159,0.5750933997509341,iterative_all_layers,male,lr,6,0.4942714819427148,0.007970112079701053,2.0,
bags_under_eyes,0.5120881011786974,0.44601221715563966,iterative_all_layers,male,lr,6,0.5213800223694399,-0.009291921190742514,2.0,
bald,0.7595683133066311,0.8756119270137962,iterative_all_layers,male,lr,6,0.7810413885180241,-0.021473075211392967,2.0,
bangs,0.7197933227344993,0.8239268680445151,iterative_all_layers,male,lr,6,0.7107843137254902,0.009009009009009028,2.0,
big_lips,0.46651785714285715,0.4743303571428571,iterative_all_layers,male,lr,6,0.47544642857142855,-0.008928571428571397,2.0,
big_nose,0.6063048357478066,0.6795891994830987,iterative_all_layers,male,lr,6,0.6210977351560906,-0.014792899408283988,2.0,
black_hair,0.7577992058990357,0.8951786727169597,iterative_all_layers,male,lr,6,0.7409529211571186,0.016846284741917072,2.0,
blond_hair,0.8803834808259587,0.9144542772861357,iterative_all_layers,male,lr,6,0.863716814159292,0.01666666666666672,2.0,
blurry,0.6390243902439025,0.7544715447154472,iterative_all_layers,male,lr,6,0.6747967479674797,-0.03577235772357723,2.0,
brown_hair,0.6580459770114943,0.8008261494252873,iterative_all_layers,male,lr,6,0.6602011494252874,-0.0021551724137931494,2.0,
bushy_eyebrows,0.5587096774193548,0.5579928315412186,iterative_all_layers,male,lr,6,0.5564874551971326,0.0022222222222222365,2.0,
chubby,0.6138888888888889,0.6833333333333333,iterative_all_layers,male,lr,6,0.5990740740740741,0.014814814814814836,2.0,
double_chin,0.5446902654867256,0.65929203539823,iterative_all_layers,male,lr,6,0.5424778761061947,0.0022123893805309214,2.0,
eyeglasses,0.931747572815534,0.9860679611650485,iterative_all_layers,male,lr,6,0.9268932038834952,0.004854368932038833,2.0,
goatee,0.6470338983050847,0.7652542372881356,iterative_all_layers,male,lr,6,0.6555084745762711,-0.008474576271186418,2.0,
gray_hair,0.882716049382716,0.9635960747071858,iterative_all_layers,male,lr,6,0.882716049382716,0.0,2.0,
heavy_makeup,0.5436705362078496,0.597804627655374,iterative_all_layers,male,lr,6,0.5494353628681987,-0.005764826660349165,2.0,
high_cheekbones,0.5325801526717557,0.451236641221374,iterative_all_layers,male,lr,6,0.5442137404580153,-0.011633587786259558,2.0,
male,0.98828125,0.98944091796875,iterative_all_layers,male,lr,6,0.98828125,0.0,2.0,
mouth_slightly_open,0.5288950107131926,0.5473523109886747,iterative_all_layers,male,lr,6,0.5284664830119375,0.0004285277012550104,2.0,
mustache,0.6741525423728814,0.7894067796610169,iterative_all_layers,male,lr,6,0.6991525423728814,-0.025000000000000022,2.0,
narrow_eyes,0.5868945868945868,0.5280151946818613,iterative_all_layers,male,lr,6,0.5463754352643242,0.04051915163026265,2.0,
no_beard,0.5425694724124044,0.47724526782118404,iterative_all_layers,male,lr,6,0.5427305678614579,-0.00016109544905351658,2.0,
oval_face,0.5070660522273426,0.4498463901689707,iterative_all_layers,male,lr,6,0.5061443932411674,0.0009216589861751334,2.0,
pale_skin,0.6118654073199528,0.7381936245572609,iterative_all_layers,male,lr,6,0.613931523022432,-0.0020661157024792765,2.0,
pointy_nose,0.4922659430122117,0.565309814563546,iterative_all_layers,male,lr,6,0.49724106739032115,-0.00497512437810943,2.0,
receding_hairline,0.5044642857142857,0.5262276785714285,iterative_all_layers,male,lr,6,0.5044642857142857,0.0,2.0,
rosy_cheeks,0.6202313561407826,0.7405857740585774,iterative_all_layers,male,lr,6,0.6265075067683977,-0.006276150627615107,2.0,
sideburns,0.6554730983302413,0.6311688311688312,iterative_all_layers,male,lr,6,0.6473098330241187,0.008163265306122547,2.0,
smiling,0.8498287252263275,0.9620137019818938,iterative_all_layers,male,lr,6,0.8375336432591143,0.012295081967213184,2.0,
straight_hair,0.5451948051948052,0.5558441558441558,iterative_all_layers,male,lr,6,0.5695238095238095,-0.02432900432900431,2.0,
wavy_hair,0.5151501068872572,0.5530253741054001,iterative_all_layers,male,lr,6,0.5196579607770239,-0.004507853889766711,2.0,
wearing_earrings,0.6630031659882406,0.7350520126639529,iterative_all_layers,male,lr,6,0.6630031659882406,0.0,2.0,
wearing_hat,0.9045201441205373,0.9691014302871492,iterative_all_layers,male,lr,6,0.9068675619609128,-0.0023474178403755097,2.0,
wearing_lipstick,0.5719616547642026,0.5515022839863604,iterative_all_layers,male,lr,6,0.552306504535804,0.019655150228398588,2.0,
wearing_necklace,0.5691014867485455,0.6351648351648351,iterative_all_layers,male,lr,6,0.6044602456367163,-0.03535875888817075,2.0,
wearing_necktie,0.4877873563218391,0.5244252873563218,iterative_all_layers,male,lr,6,0.5150862068965517,-0.027298850574712596,2.0,
young,0.8706709956709957,0.9483901515151515,iterative_all_layers,male,lr,6,0.8706709956709957,0.0,2.0,
5_o_clock_shadow,0.5258064516129032,0.5697491039426523,iterative_all_layers,male,lr,7,0.5625089605734768,-0.03670250896057359,2.0,
arched_eyebrows,0.5827956989247312,0.627188940092166,iterative_all_layers,male,lr,7,0.5720430107526882,0.010752688172043001,2.0,
attractive,0.5022415940224159,0.5798879202988793,iterative_all_layers,male,lr,7,0.4942714819427148,0.007970112079701053,2.0,
bags_under_eyes,0.503613524907511,0.44196851071152027,iterative_all_layers,male,lr,7,0.5213800223694399,-0.017766497461928932,2.0,
bald,0.7476635514018692,0.8778371161548733,iterative_all_layers,male,lr,7,0.7810413885180241,-0.03337783711615483,2.0,
bangs,0.7130365659777425,0.8194223635400106,iterative_all_layers,male,lr,7,0.7107843137254902,0.0022522522522522292,2.0,
big_lips,0.4575892857142857,0.4755859375,iterative_all_layers,male,lr,7,0.47544642857142855,-0.01785714285714285,2.0,
big_nose,0.6209277018295586,0.6803373461198394,iterative_all_layers,male,lr,7,0.6210977351560906,-0.000170033326531982,2.0,
black_hair,0.7380601247872944,0.8960862166761202,iterative_all_layers,male,lr,7,0.7409529211571186,-0.002892796369824202,2.0,
blond_hair,0.8825958702064897,0.9168141592920354,iterative_all_layers,male,lr,7,0.863716814159292,0.01887905604719764,2.0,
blurry,0.6451219512195122,0.7048780487804878,iterative_all_layers,male,lr,7,0.6747967479674797,-0.02967479674796747,2.0,
brown_hair,0.6558908045977012,0.7943606321839081,iterative_all_layers,male,lr,7,0.6602011494252874,-0.004310344827586188,2.0,
bushy_eyebrows,0.5542652329749104,0.5587096774193547,iterative_all_layers,male,lr,7,0.5564874551971326,-0.0022222222222222365,2.0,
chubby,0.6037037037037037,0.684837962962963,iterative_all_layers,male,lr,7,0.5990740740740741,0.00462962962962965,2.0,
double_chin,0.5513274336283186,0.6558997050147493,iterative_all_layers,male,lr,7,0.5424778761061947,0.008849557522123908,2.0,
eyeglasses,0.9293203883495146,0.9860194174757282,iterative_all_layers,male,lr,7,0.9268932038834952,0.0024271844660194164,2.0,
goatee,0.6491525423728814,0.7633474576271186,iterative_all_layers,male,lr,7,0.6555084745762711,-0.0063559322033897026,2.0,
gray_hair,0.8765432098765432,0.9645457423235202,iterative_all_layers,male,lr,7,0.882716049382716,-0.006172839506172756,2.0,
heavy_makeup,0.5436705362078496,0.6051488588802021,iterative_all_layers,male,lr,7,0.5494353628681987,-0.005764826660349165,2.0,
high_cheekbones,0.5363969465648855,0.45172519083969465,iterative_all_layers,male,lr,7,0.5442137404580153,-0.007816793893129836,2.0,
male,0.98828125,0.98931884765625,iterative_all_layers,male,lr,7,0.98828125,0.0,2.0,
mouth_slightly_open,0.5371594735231099,0.5430670339761249,iterative_all_layers,male,lr,7,0.5284664830119375,0.008692990511172338,2.0,
mustache,0.6970338983050848,0.7885593220338983,iterative_all_layers,male,lr,7,0.6991525423728814,-0.0021186440677966045,2.0,
narrow_eyes,0.5910098132320354,0.5283317505539727,iterative_all_layers,male,lr,7,0.5463754352643242,0.04463437796771119,2.0,
no_beard,0.5451872734595248,0.4802255336286749,iterative_all_layers,male,lr,7,0.5427305678614579,0.0024567055980668773,2.0,
oval_face,0.5070660522273426,0.4431643625192012,iterative_all_layers,male,lr,7,0.5061443932411674,0.0009216589861751334,2.0,
pale_skin,0.6118654073199528,0.7559031877213696,iterative_all_layers,male,lr,7,0.613931523022432,-0.0020661157024792765,2.0,
pointy_nose,0.488150158299412,0.5720488466757123,iterative_all_layers,male,lr,7,0.49724106739032115,-0.00909090909090915,2.0,
receding_hairline,0.5066964285714286,0.5327845982142857,iterative_all_layers,male,lr,7,0.5044642857142857,0.0022321428571429047,2.0,
rosy_cheeks,0.6181393059315776,0.7410780211666257,iterative_all_layers,male,lr,7,0.6265075067683977,-0.008368200836820106,2.0,
sideburns,0.6018552875695733,0.6300556586270871,iterative_all_layers,male,lr,7,0.6473098330241187,-0.045454545454545414,2.0,
smiling,0.8580254465378028,0.961830193295816,iterative_all_layers,male,lr,7,0.8375336432591143,0.020491803278688492,2.0,
straight_hair,0.5322077922077921,0.5523809523809524,iterative_all_layers,male,lr,7,0.5695238095238095,-0.037316017316017414,2.0,
wavy_hair,0.5245840691514081,0.5561855191002881,iterative_all_layers,male,lr,7,0.5196579607770239,0.0049261083743842304,2.0,
wearing_earrings,0.660515603799186,0.739846223428313,iterative_all_layers,male,lr,7,0.6630031659882406,-0.0024875621890546595,2.0,
wearing_hat,0.8952396549841686,0.9685555191614805,iterative_all_layers,male,lr,7,0.9068675619609128,-0.011627906976744207,2.0,
wearing_lipstick,0.5655922280126102,0.5513736086984494,iterative_all_layers,male,lr,7,0.552306504535804,0.013285723476806233,2.0,
wearing_necklace,0.5532643826761474,0.6327084680025856,iterative_all_layers,male,lr,7,0.6044602456367163,-0.05119586296056888,2.0,
wearing_necktie,0.4899425287356322,0.5337643678160919,iterative_all_layers,male,lr,7,0.5150862068965517,-0.025143678160919503,2.0,
young,0.8736471861471862,0.9476461038961038,iterative_all_layers,male,lr,7,0.8706709956709957,0.0029761904761904656,2.0,
5_o_clock_shadow,0.5146953405017921,0.5693189964157707,iterative_all_layers,male,lr,8,0.5625089605734768,-0.04781362007168466,2.0,
arched_eyebrows,0.5854838709677419,0.6166666666666667,iterative_all_layers,male,lr,8,0.5720430107526882,0.013440860215053752,2.0,
attractive,0.5022415940224159,0.5740348692403487,iterative_all_layers,male,lr,8,0.4942714819427148,0.007970112079701053,2.0,
bags_under_eyes,0.5264991826550804,0.43869913103329605,iterative_all_layers,male,lr,8,0.5213800223694399,0.005119160285640523,2.0,
bald,0.7476635514018692,0.8775033377837116,iterative_all_layers,male,lr,8,0.7810413885180241,-0.03337783711615483,2.0,
bangs,0.7107843137254902,0.8142554319024907,iterative_all_layers,male,lr,8,0.7107843137254902,0.0,2.0,
big_lips,0.47098214285714285,0.474609375,iterative_all_layers,male,lr,8,0.47544642857142855,-0.004464285714285698,2.0,
big_nose,0.6179691219479018,0.6774807862341019,iterative_all_layers,male,lr,8,0.6210977351560906,-0.003128613208188802,2.0,
black_hair,0.7456040839478162,0.8971072036301758,iterative_all_layers,male,lr,8,0.7409529211571186,0.0046511627906975495,2.0,
blond_hair,0.8848082595870206,0.9151917404129793,iterative_all_layers,male,lr,8,0.863716814159292,0.02109144542772856,2.0,
blurry,0.6552845528455284,0.6605691056910569,iterative_all_layers,male,lr,8,0.6747967479674797,-0.019512195121951237,2.0,
brown_hair,0.639367816091954,0.7873563218390804,iterative_all_layers,male,lr,8,0.6602011494252874,-0.02083333333333337,2.0,
bushy_eyebrows,0.5403584229390681,0.5608602150537634,iterative_all_layers,male,lr,8,0.5564874551971326,-0.016129032258064502,2.0,
chubby,0.6037037037037037,0.689699074074074,iterative_all_layers,male,lr,8,0.5990740740740741,0.00462962962962965,2.0,
double_chin,0.5469026548672566,0.6566371681415928,iterative_all_layers,male,lr,8,0.5424778761061947,0.004424778761061954,2.0,
eyeglasses,0.914757281553398,0.9855339805825243,iterative_all_layers,male,lr,8,0.9268932038834952,-0.012135922330097193,2.0,
goatee,0.6406779661016949,0.7546610169491526,iterative_all_layers,male,lr,8,0.6555084745762711,-0.014830508474576232,2.0,
gray_hair,0.8786008230452675,0.9654954099398545,iterative_all_layers,male,lr,8,0.882716049382716,-0.00411522633744843,2.0,
heavy_makeup,0.5564242280660191,0.6047540077390824,iterative_all_layers,male,lr,8,0.5494353628681987,0.006988865197820382,2.0,
high_cheekbones,0.5400305343511451,0.4550229007633588,iterative_all_layers,male,lr,8,0.5442137404580153,-0.004183206106870174,2.0,
male,0.98828125,0.98980712890625,iterative_all_layers,male,lr,8,0.98828125,0.0,2.0,
mouth_slightly_open,0.536730945821855,0.5431894704621977,iterative_all_layers,male,lr,8,0.5284664830119375,0.008264462809917439,2.0,
mustache,0.6970338983050848,0.7728813559322034,iterative_all_layers,male,lr,8,0.6991525423728814,-0.0021186440677966045,2.0,
narrow_eyes,0.518201962646407,0.5311807534029757,iterative_all_layers,male,lr,8,0.5463754352643242,-0.02817347261791714,2.0,
no_beard,0.5374949657672171,0.4846556584776481,iterative_all_layers,male,lr,8,0.5427305678614579,-0.005235602094240788,2.0,
oval_face,0.5124423963133641,0.44907834101382493,iterative_all_layers,male,lr,8,0.5061443932411674,0.006298003072196634,2.0,
pale_skin,0.6159976387249114,0.7526564344746163,iterative_all_layers,male,lr,8,0.613931523022432,0.0020661157024793875,2.0,
pointy_nose,0.4997286295793758,0.5711442786069652,iterative_all_layers,male,lr,8,0.49724106739032115,0.0024875621890546595,2.0,
receding_hairline,0.4955357142857143,0.5285993303571428,iterative_all_layers,male,lr,8,0.5044642857142857,-0.008928571428571397,2.0,
rosy_cheeks,0.6306916071868078,0.7408318976126015,iterative_all_layers,male,lr,8,0.6265075067683977,0.004184100418410108,2.0,
sideburns,0.6350649350649351,0.6367346938775511,iterative_all_layers,male,lr,8,0.6473098330241187,-0.012244897959183598,2.0,
smiling,0.8576584291656473,0.9642158062148276,iterative_all_layers,male,lr,8,0.8375336432591143,0.020124785906532994,2.0,
straight_hair,0.5435497835497836,0.5537662337662338,iterative_all_layers,male,lr,8,0.5695238095238095,-0.025974025974025983,2.0,
wavy_hair,0.5176131610744493,0.5480992657310159,iterative_all_layers,male,lr,8,0.5196579607770239,-0.00204479970257454,2.0,
wearing_earrings,0.6646313885119856,0.7509724106739031,iterative_all_layers,male,lr,8,0.6630031659882406,0.0016282225237449488,2.0,
wearing_hat,0.9045201441205373,0.9676820613604106,iterative_all_layers,male,lr,8,0.9068675619609128,-0.0023474178403755097,2.0,
wearing_lipstick,0.5833815865662999,0.5566492955027986,iterative_all_layers,male,lr,8,0.552306504535804,0.031075082030495915,2.0,
wearing_necklace,0.5668390433096315,0.6511958629605689,iterative_all_layers,male,lr,8,0.6044602456367163,-0.03762120232708477,2.0,
wearing_necktie,0.4877873563218391,0.5280172413793104,iterative_all_layers,male,lr,8,0.5150862068965517,-0.027298850574712596,2.0,
young,0.8736471861471862,0.9492018398268398,iterative_all_layers,male,lr,8,0.8706709956709957,0.0029761904761904656,2.0,
5_o_clock_shadow,0.5124731182795699,0.5585663082437275,iterative_all_layers,male,lr,9,0.5625089605734768,-0.050035842293906896,2.0,
arched_eyebrows,0.5935483870967742,0.6137480798771122,iterative_all_layers,male,lr,9,0.5720430107526882,0.021505376344086002,2.0,
attractive,0.5022415940224159,0.588293897882939,iterative_all_layers,male,lr,9,0.4942714819427148,0.007970112079701053,2.0,
bags_under_eyes,0.49260087757033466,0.4388712036479394,iterative_all_layers,male,lr,9,0.5213800223694399,-0.02877914479910526,2.0,
bald,0.7476635514018692,0.8762794837561193,iterative_all_layers,male,lr,9,0.7810413885180241,-0.03337783711615483,2.0,
bangs,0.708532061473238,0.8068362480127186,iterative_all_layers,male,lr,9,0.7107843137254902,-0.0022522522522522292,2.0,
big_lips,0.484375,0.47949218750000006,iterative_all_layers,male,lr,9,0.47544642857142855,0.008928571428571452,2.0,
big_nose,0.6266748282663401,0.6841460926341564,iterative_all_layers,male,lr,9,0.6210977351560906,0.005577093110249565,2.0,
black_hair,0.7676687464549063,0.8986954055587068,iterative_all_layers,male,lr,9,0.7409529211571186,0.02671582529778771,2.0,
blond_hair,0.8803834808259587,0.9138643067846607,iterative_all_layers,male,lr,9,0.863716814159292,0.01666666666666672,2.0,
blurry,0.6971544715447154,0.6788617886178862,iterative_all_layers,male,lr,9,0.6747967479674797,0.022357723577235755,2.0,
brown_hair,0.6788793103448276,0.7864583333333334,iterative_all_layers,male,lr,9,0.6602011494252874,0.01867816091954022,2.0,
bushy_eyebrows,0.5542652329749104,0.5545519713261648,iterative_all_layers,male,lr,9,0.5564874551971326,-0.0022222222222222365,2.0,
chubby,0.6083333333333333,0.6888888888888889,iterative_all_layers,male,lr,9,0.5990740740740741,0.00925925925925919,2.0,
double_chin,0.5424778761061947,0.6703539823008849,iterative_all_layers,male,lr,9,0.5424778761061947,0.0,2.0,
eyeglasses,0.9293203883495146,0.9866990291262137,iterative_all_layers,male,lr,9,0.9268932038834952,0.0024271844660194164,2.0,
goatee,0.6449152542372881,0.7540254237288135,iterative_all_layers,male,lr,9,0.6555084745762711,-0.010593220338983023,2.0,
gray_hair,0.8786008230452675,0.9648622981956315,iterative_all_layers,male,lr,9,0.882716049382716,-0.00411522633744843,2.0,
heavy_makeup,0.5494353628681987,0.6001737345020928,iterative_all_layers,male,lr,9,0.5494353628681987,0.0,2.0,
high_cheekbones,0.5438473282442748,0.4544732824427481,iterative_all_layers,male,lr,9,0.5442137404580153,-0.0003664122137404524,2.0,
male,0.98828125,0.99041748046875,iterative_all_layers,male,lr,9,0.98828125,0.0,2.0,
mouth_slightly_open,0.5491276400367309,0.5385368839914295,iterative_all_layers,male,lr,9,0.5284664830119375,0.02066115702479332,2.0,
mustache,0.6991525423728814,0.7847457627118644,iterative_all_layers,male,lr,9,0.6991525423728814,0.0,2.0,
narrow_eyes,0.5546058879392213,0.5251661918328585,iterative_all_layers,male,lr,9,0.5463754352643242,0.008230452674897082,2.0,
no_beard,0.5427305678614579,0.48103101087394284,iterative_all_layers,male,lr,9,0.5427305678614579,0.0,2.0,
oval_face,0.5097542242703533,0.44769585253456223,iterative_all_layers,male,lr,9,0.5061443932411674,0.0036098310291858837,2.0,
pale_skin,0.5823494687131051,0.7523612750885478,iterative_all_layers,male,lr,9,0.613931523022432,-0.031582054309326923,2.0,
pointy_nose,0.4997286295793758,0.5615558570782451,iterative_all_layers,male,lr,9,0.49724106739032115,0.0024875621890546595,2.0,
receding_hairline,0.4888392857142857,0.5252511160714285,iterative_all_layers,male,lr,9,0.5044642857142857,-0.015625,2.0,
rosy_cheeks,0.6244154565591927,0.7432931331528427,iterative_all_layers,male,lr,9,0.6265075067683977,-0.0020920502092049986,2.0,
sideburns,0.5875695732838591,0.6385899814471243,iterative_all_layers,male,lr,9,0.6473098330241187,-0.05974025974025965,2.0,
smiling,0.8498287252263275,0.9625030584781014,iterative_all_layers,male,lr,9,0.8375336432591143,0.012295081967213184,2.0,
straight_hair,0.5165367965367965,0.5471861471861472,iterative_all_layers,male,lr,9,0.5695238095238095,-0.05298701298701303,2.0,
wavy_hair,0.5270471233386003,0.5548842829259225,iterative_all_layers,male,lr,9,0.5196579607770239,0.007389162561576401,2.0,
wearing_earrings,0.6836725463591136,0.7500678426051561,iterative_all_layers,male,lr,9,0.6630031659882406,0.02066938037087296,2.0,
wearing_hat,0.9045201441205373,0.9727044437165628,iterative_all_layers,male,lr,9,0.9068675619609128,-0.0023474178403755097,2.0,
wearing_lipstick,0.5554912179116,0.5483497394325421,iterative_all_layers,male,lr,9,0.552306504535804,0.0031847133757960666,2.0,
wearing_necklace,0.5931480284421461,0.6595992243051065,iterative_all_layers,male,lr,9,0.6044602456367163,-0.011312217194570207,2.0,
wearing_necktie,0.5402298850574713,0.5360991379310345,iterative_all_layers,male,lr,9,0.5150862068965517,0.025143678160919558,2.0,
young,0.8706709956709957,0.9483901515151516,iterative_all_layers,male,lr,9,0.8706709956709957,0.0,2.0,
5_o_clock_shadow,0.5146953405017921,0.5622939068100359,iterative_all_layers,male,lr,10,0.5625089605734768,-0.04781362007168466,2.0,
arched_eyebrows,0.5881720430107527,0.6142857142857143,iterative_all_layers,male,lr,10,0.5720430107526882,0.016129032258064502,2.0,
attractive,0.49769613947696134,0.5909090909090908,iterative_all_layers,male,lr,10,0.4942714819427148,0.0034246575342465335,2.0,
bags_under_eyes,0.46717714875677535,0.42871891938398,iterative_all_layers,male,lr,10,0.5213800223694399,-0.05420287361266457,2.0,
bald,0.7595683133066311,0.8762794837561193,iterative_all_layers,male,lr,10,0.7810413885180241,-0.021473075211392967,2.0,
bangs,0.696078431372549,0.8024642289348172,iterative_all_layers,male,lr,10,0.7107843137254902,-0.014705882352941235,2.0,
big_lips,0.5044642857142857,0.5129743303571428,iterative_all_layers,male,lr,10,0.47544642857142855,0.02901785714285715,2.0,
big_nose,0.6266748282663401,0.6819016527239339,iterative_all_layers,male,lr,10,0.6210977351560906,0.005577093110249565,2.0,
black_hair,0.7479296653431651,0.8965399886557005,iterative_all_layers,male,lr,10,0.7409529211571186,0.006976744186046435,2.0,
blond_hair,0.868141592920354,0.9087020648967552,iterative_all_layers,male,lr,10,0.863716814159292,0.004424778761061954,2.0,
blurry,0.6491869918699187,0.7260162601626017,iterative_all_layers,male,lr,10,0.6747967479674797,-0.025609756097561,2.0,
brown_hair,0.6767241379310345,0.7726293103448276,iterative_all_layers,male,lr,10,0.6602011494252874,0.01652298850574707,2.0,
bushy_eyebrows,0.5564874551971326,0.5571326164874552,iterative_all_layers,male,lr,10,0.5564874551971326,0.0,2.0,
chubby,0.6106481481481482,0.6799768518518519,iterative_all_layers,male,lr,10,0.5990740740740741,0.01157407407407407,2.0,
double_chin,0.5469026548672566,0.68023598820059,iterative_all_layers,male,lr,10,0.5424778761061947,0.004424778761061954,2.0,
eyeglasses,0.9341747572815534,0.9869902912621359,iterative_all_layers,male,lr,10,0.9268932038834952,0.007281553398058249,2.0,
goatee,0.6555084745762711,0.7601694915254238,iterative_all_layers,male,lr,10,0.6555084745762711,0.0,2.0,
gray_hair,0.8786008230452675,0.9654954099398543,iterative_all_layers,male,lr,10,0.882716049382716,-0.00411522633744843,2.0,
heavy_makeup,0.564360736002527,0.6039643054568428,iterative_all_layers,male,lr,10,0.5494353628681987,0.01492537313432829,2.0,
high_cheekbones,0.5363969465648855,0.45355725190839696,iterative_all_layers,male,lr,10,0.5442137404580153,-0.007816793893129836,2.0,
male,0.98828125,0.99151611328125,iterative_all_layers,male,lr,10,0.98828125,0.0,2.0,
mouth_slightly_open,0.5375880012243649,0.5372513008876646,iterative_all_layers,male,lr,10,0.5284664830119375,0.009121518212427349,2.0,
mustache,0.6847457627118644,0.7983050847457628,iterative_all_layers,male,lr,10,0.6991525423728814,-0.014406779661017,2.0,
narrow_eyes,0.5381449825894271,0.5153529597974043,iterative_all_layers,male,lr,10,0.5463754352643242,-0.008230452674897082,2.0,
no_beard,0.5428916633105114,0.4787756745871929,iterative_all_layers,male,lr,10,0.5427305678614579,0.00016109544905351658,2.0,
oval_face,0.5124423963133641,0.45476190476190476,iterative_all_layers,male,lr,10,0.5061443932411674,0.006298003072196634,2.0,
pale_skin,0.5761511216056671,0.7488193624557261,iterative_all_layers,male,lr,10,0.613931523022432,-0.037780401416764975,2.0,
pointy_nose,0.47905924920850296,0.5553143374038896,iterative_all_layers,male,lr,10,0.49724106739032115,-0.018181818181818188,2.0,
receding_hairline,0.48660714285714285,0.5252511160714286,iterative_all_layers,male,lr,10,0.5044642857142857,-0.01785714285714285,2.0,
rosy_cheeks,0.6496431208466651,0.7391090327344327,iterative_all_layers,male,lr,10,0.6265075067683977,0.023135614078267364,2.0,
sideburns,0.6534322820037106,0.6571428571428571,iterative_all_layers,male,lr,10,0.6473098330241187,0.00612244897959191,2.0,
smiling,0.8539270858820651,0.9621972106679716,iterative_all_layers,male,lr,10,0.8375336432591143,0.016393442622950838,2.0,
straight_hair,0.4943722943722944,0.5383549783549784,iterative_all_layers,male,lr,10,0.5695238095238095,-0.07515151515151514,2.0,
wavy_hair,0.5270471233386003,0.5638070452644298,iterative_all_layers,male,lr,10,0.5196579607770239,0.007389162561576401,2.0,
wearing_earrings,0.6720940750791498,0.7586612392582541,iterative_all_layers,male,lr,10,0.6630031659882406,0.00909090909090915,2.0,
wearing_hat,0.9045201441205373,0.971830985915493,iterative_all_layers,male,lr,10,0.9068675619609128,-0.0023474178403755097,2.0,
wearing_lipstick,0.5491217911600077,0.5425593514765489,iterative_all_layers,male,lr,10,0.552306504535804,-0.0031847133757962887,2.0,
wearing_necklace,0.6051712992889464,0.6642533936651585,iterative_all_layers,male,lr,10,0.6044602456367163,0.0007110536522301203,2.0,
wearing_necktie,0.5589080459770115,0.5414870689655172,iterative_all_layers,male,lr,10,0.5150862068965517,0.04382183908045978,2.0,
young,0.8766233766233766,0.9504870129870129,iterative_all_layers,male,lr,10,0.8706709956709957,0.005952380952380931,2.0,
5_o_clock_shadow,0.5330465949820788,0.5698924731182795,iterative_all_layers,male,lr,11,0.5625089605734768,-0.02946236559139792,2.0,
arched_eyebrows,0.592626728110599,0.6138248847926269,iterative_all_layers,male,lr,11,0.5720430107526882,0.02058371735791087,2.0,
attractive,0.49769613947696134,0.5997509339975093,iterative_all_layers,male,lr,11,0.4942714819427148,0.0034246575342465335,2.0,
bags_under_eyes,0.46382173277122946,0.45220683128280137,iterative_all_layers,male,lr,11,0.5213800223694399,-0.057558289598210466,2.0,
bald,0.771473075211393,0.8726079216733422,iterative_all_layers,male,lr,11,0.7810413885180241,-0.009568313306631104,2.0,
bangs,0.6983306836248013,0.8051139374668785,iterative_all_layers,male,lr,11,0.7107843137254902,-0.012453630100688895,2.0,
big_lips,0.5133928571428572,0.5333426339285715,iterative_all_layers,male,lr,11,0.47544642857142855,0.03794642857142866,2.0,
big_nose,0.6266748282663401,0.6893831190913419,iterative_all_layers,male,lr,11,0.6210977351560906,0.005577093110249565,2.0,
black_hair,0.7334089619965967,0.8888258650028361,iterative_all_layers,male,lr,11,0.7409529211571186,-0.007543959160521974,2.0,
blond_hair,0.865929203539823,0.9085545722713864,iterative_all_layers,male,lr,11,0.863716814159292,0.0022123893805309214,2.0,
blurry,0.7012195121951219,0.769918699186992,iterative_all_layers,male,lr,11,0.6747967479674797,0.026422764227642226,2.0,
brown_hair,0.6831896551724138,0.774066091954023,iterative_all_layers,male,lr,11,0.6602011494252874,0.02298850574712641,2.0,
bushy_eyebrows,0.5726164874551971,0.5610035842293906,iterative_all_layers,male,lr,11,0.5564874551971326,0.016129032258064502,2.0,
chubby,0.5958333333333333,0.6666666666666666,iterative_all_layers,male,lr,11,0.5990740740740741,-0.0032407407407407662,2.0,
double_chin,0.5446902654867256,0.690117994100295,iterative_all_layers,male,lr,11,0.5424778761061947,0.0022123893805309214,2.0,
eyeglasses,0.9366019417475728,0.9892233009708737,iterative_all_layers,male,lr,11,0.9268932038834952,0.009708737864077666,2.0,
goatee,0.6533898305084747,0.7648305084745762,iterative_all_layers,male,lr,11,0.6555084745762711,-0.0021186440677964935,2.0,
gray_hair,0.882716049382716,0.9683444127888573,iterative_all_layers,male,lr,11,0.882716049382716,0.0,2.0,
heavy_makeup,0.5520808655137013,0.6024638711205875,iterative_all_layers,male,lr,11,0.5494353628681987,0.002645502645502562,2.0,
high_cheekbones,0.5554809160305343,0.4557557251908397,iterative_all_layers,male,lr,11,0.5442137404580153,0.011267175572518995,2.0,
male,0.98828125,0.99237060546875,iterative_all_layers,male,lr,11,0.98828125,0.0,2.0,
mouth_slightly_open,0.5343128252219161,0.5393327211509029,iterative_all_layers,male,lr,11,0.5284664830119375,0.0058463422099785944,2.0,
mustache,0.7283898305084746,0.8101694915254237,iterative_all_layers,male,lr,11,0.6991525423728814,0.02923728813559323,2.0,
narrow_eyes,0.5443178220955999,0.5118708452041785,iterative_all_layers,male,lr,11,0.5463754352643242,-0.002057613168724326,2.0,
no_beard,0.5376560612162706,0.49343536045106723,iterative_all_layers,male,lr,11,0.5427305678614579,-0.005074506645187271,2.0,
oval_face,0.5124423963133641,0.4611367127496159,iterative_all_layers,male,lr,11,0.5061443932411674,0.006298003072196634,2.0,
pale_skin,0.5823494687131051,0.7833530106257379,iterative_all_layers,male,lr,11,0.613931523022432,-0.031582054309326923,2.0,
pointy_nose,0.48566259611035734,0.5390321121664405,iterative_all_layers,male,lr,11,0.49724106739032115,-0.011578471279963809,2.0,
receding_hairline,0.5044642857142857,0.5182756696428571,iterative_all_layers,male,lr,11,0.5044642857142857,0.0,2.0,
rosy_cheeks,0.6475510706374601,0.7292640905734679,iterative_all_layers,male,lr,11,0.6265075067683977,0.021043563869062365,2.0,
sideburns,0.6473098330241187,0.6456400742115028,iterative_all_layers,male,lr,11,0.6473098330241187,0.0,2.0,
smiling,0.8498287252263275,0.9622583802299975,iterative_all_layers,male,lr,11,0.8375336432591143,0.012295081967213184,2.0,
straight_hair,0.5100432900432901,0.5326406926406926,iterative_all_layers,male,lr,11,0.5695238095238095,-0.05948051948051947,2.0,
wavy_hair,0.5245840691514081,0.581373733618366,iterative_all_layers,male,lr,11,0.5196579607770239,0.0049261083743842304,2.0,
wearing_earrings,0.6762098597919494,0.7545002261420172,iterative_all_layers,male,lr,11,0.6630031659882406,0.013206693803708758,2.0,
wearing_hat,0.9045201441205373,0.9725952614914293,iterative_all_layers,male,lr,11,0.9068675619609128,-0.0023474178403755097,2.0,
wearing_lipstick,0.5554912179116,0.5424950138325935,iterative_all_layers,male,lr,11,0.552306504535804,0.0031847133757960666,2.0,
wearing_necklace,0.6051712992889464,0.6571428571428571,iterative_all_layers,male,lr,11,0.6044602456367163,0.0007110536522301203,2.0,
wearing_necktie,0.5797413793103449,0.5739942528735632,iterative_all_layers,male,lr,11,0.5150862068965517,0.06465517241379315,2.0,
young,0.8736471861471862,0.9492694805194805,iterative_all_layers,male,lr,11,0.8706709956709957,0.0029761904761904656,2.0,
5_o_clock_shadow,0.5330465949820788,0.5681720430107526,iterative_all_layers,male,lr,12,0.5625089605734768,-0.02946236559139792,2.0,
arched_eyebrows,0.5899385560675883,0.617357910906298,iterative_all_layers,male,lr,12,0.5720430107526882,0.01789554531490012,2.0,
attractive,0.49769613947696134,0.5912204234122043,iterative_all_layers,male,lr,12,0.4942714819427148,0.0034246575342465335,2.0,
bags_under_eyes,0.4824485933063753,0.44196851071152027,iterative_all_layers,male,lr,12,0.5213800223694399,-0.038931429063064626,2.0,
bald,0.7595683133066311,0.8716065865598576,iterative_all_layers,male,lr,12,0.7810413885180241,-0.021473075211392967,2.0,
bangs,0.699523052464229,0.8048489666136724,iterative_all_layers,male,lr,12,0.7107843137254902,-0.011261261261261257,2.0,
big_lips,0.5066964285714286,0.529296875,iterative_all_layers,male,lr,12,0.47544642857142855,0.031250000000000056,2.0,
big_nose,0.6122219955111202,0.6827858260219003,iterative_all_layers,male,lr,12,0.6210977351560906,-0.008875739644970349,2.0,
black_hair,0.7479296653431651,0.8940442427680091,iterative_all_layers,male,lr,12,0.7409529211571186,0.006976744186046435,2.0,
blond_hair,0.8803834808259587,0.9106194690265487,iterative_all_layers,male,lr,12,0.863716814159292,0.01666666666666672,2.0,
blurry,0.693089430894309,0.7971544715447154,iterative_all_layers,male,lr,12,0.6747967479674797,0.018292682926829285,2.0,
brown_hair,0.6810344827586207,0.7667025862068966,iterative_all_layers,male,lr,12,0.6602011494252874,0.02083333333333326,2.0,
bushy_eyebrows,0.5748387096774193,0.5665949820788531,iterative_all_layers,male,lr,12,0.5564874551971326,0.01835125448028674,2.0,
chubby,0.5912037037037037,0.6716435185185186,iterative_all_layers,male,lr,12,0.5990740740740741,-0.007870370370370416,2.0,
double_chin,0.5424778761061947,0.681858407079646,iterative_all_layers,male,lr,12,0.5424778761061947,0.0,2.0,
eyeglasses,0.9366019417475728,0.9886407766990292,iterative_all_layers,male,lr,12,0.9268932038834952,0.009708737864077666,2.0,
goatee,0.6555084745762711,0.7555084745762712,iterative_all_layers,male,lr,12,0.6555084745762711,0.0,2.0,
gray_hair,0.8806584362139918,0.9667616334283002,iterative_all_layers,male,lr,12,0.882716049382716,-0.002057613168724215,2.0,
heavy_makeup,0.5419726763010345,0.599463002448077,iterative_all_layers,male,lr,12,0.5494353628681987,-0.007462686567164201,2.0,
high_cheekbones,0.5285801526717557,0.4512366412213741,iterative_all_layers,male,lr,12,0.5442137404580153,-0.015633587786259562,2.0,
male,0.98828125,0.9931640625,iterative_all_layers,male,lr,12,0.98828125,0.0,2.0,
mouth_slightly_open,0.5380165289256198,0.5474747474747474,iterative_all_layers,male,lr,12,0.5284664830119375,0.009550045913682248,2.0,
mustache,0.6991525423728814,0.7879237288135593,iterative_all_layers,male,lr,12,0.6991525423728814,0.0,2.0,
narrow_eyes,0.5443178220955999,0.511554289332067,iterative_all_layers,male,lr,12,0.5463754352643242,-0.002057613168724326,2.0,
no_beard,0.5402738622633911,0.49963753523962945,iterative_all_layers,male,lr,12,0.5427305678614579,-0.0024567055980667662,2.0,
oval_face,0.5168970814132104,0.4447004608294931,iterative_all_layers,male,lr,12,0.5061443932411674,0.010752688172043001,2.0,
pale_skin,0.5844155844155844,0.7848288075560803,iterative_all_layers,male,lr,12,0.613931523022432,-0.029515938606847647,2.0,
pointy_nose,0.49724106739032115,0.5485300768882858,iterative_all_layers,male,lr,12,0.49724106739032115,0.0,2.0,
receding_hairline,0.4910714285714286,0.5294363839285715,iterative_all_layers,male,lr,12,0.5044642857142857,-0.013392857142857095,2.0,
rosy_cheeks,0.6517351710558701,0.7243416194929855,iterative_all_layers,male,lr,12,0.6265075067683977,0.025227664287472362,2.0,
sideburns,0.6493506493506493,0.6500927643784787,iterative_all_layers,male,lr,12,0.6473098330241187,0.0020408163265306367,2.0,
smiling,0.8539270858820651,0.9623807193540493,iterative_all_layers,male,lr,12,0.8375336432591143,0.016393442622950838,2.0,
straight_hair,0.49004329004329006,0.5305627705627706,iterative_all_layers,male,lr,12,0.5695238095238095,-0.07948051948051948,2.0,
wavy_hair,0.5245840691514081,0.579793661120922,iterative_all_layers,male,lr,12,0.5196579607770239,0.0049261083743842304,2.0,
wearing_earrings,0.6671189507010402,0.7611940298507462,iterative_all_layers,male,lr,12,0.6630031659882406,0.004115784712799608,2.0,
wearing_hat,0.9045201441205373,0.9737962659679005,iterative_all_layers,male,lr,12,0.9068675619609128,-0.0023474178403755097,2.0,
wearing_lipstick,0.5390207810589976,0.5434600784919257,iterative_all_layers,male,lr,12,0.552306504535804,-0.013285723476806344,2.0,
wearing_necklace,0.6239819004524887,0.6448610213316095,iterative_all_layers,male,lr,12,0.6044602456367163,0.019521654815772393,2.0,
wearing_necktie,0.6235632183908046,0.5957255747126438,iterative_all_layers,male,lr,12,0.5150862068965517,0.10847701149425293,2.0,
young,0.8676948051948052,0.9497429653679654,iterative_all_layers,male,lr,12,0.8706709956709957,-0.0029761904761904656,2.0,
5_o_clock_shadow,0.5441577060931899,0.5592831541218638,iterative_all_layers,male,lr,13,0.5625089605734768,-0.01835125448028685,2.0,
arched_eyebrows,0.5854838709677419,0.6233486943164362,iterative_all_layers,male,lr,13,0.5720430107526882,0.013440860215053752,2.0,
attractive,0.49769613947696134,0.5948941469489415,iterative_all_layers,male,lr,13,0.4942714819427148,0.0034246575342465335,2.0,
bags_under_eyes,0.4773724511743956,0.4394734577991912,iterative_all_layers,male,lr,13,0.5213800223694399,-0.04400757119504434,2.0,
bald,0.7572318647085002,0.8770582999554961,iterative_all_layers,male,lr,13,0.7810413885180241,-0.023809523809523836,2.0,
bangs,0.699523052464229,0.8047164811870694,iterative_all_layers,male,lr,13,0.7107843137254902,-0.011261261261261257,2.0,
big_lips,0.515625,0.5219029017857143,iterative_all_layers,male,lr,13,0.47544642857142855,0.04017857142857145,2.0,
big_nose,0.6122219955111202,0.6827178126912875,iterative_all_layers,male,lr,13,0.6210977351560906,-0.008875739644970349,2.0,
black_hair,0.7456040839478162,0.892002268859898,iterative_all_layers,male,lr,13,0.7409529211571186,0.0046511627906975495,2.0,
blond_hair,0.8803834808259587,0.9122418879056047,iterative_all_layers,male,lr,13,0.863716814159292,0.01666666666666672,2.0,
blurry,0.693089430894309,0.801219512195122,iterative_all_layers,male,lr,13,0.6747967479674797,0.018292682926829285,2.0,
brown_hair,0.6810344827586207,0.7706537356321839,iterative_all_layers,male,lr,13,0.6602011494252874,0.02083333333333326,2.0,
bushy_eyebrows,0.5631541218637992,0.555268817204301,iterative_all_layers,male,lr,13,0.5564874551971326,0.006666666666666599,2.0,
chubby,0.5958333333333333,0.6714120370370371,iterative_all_layers,male,lr,13,0.5990740740740741,-0.0032407407407407662,2.0,
double_chin,0.5336283185840708,0.6731563421828909,iterative_all_layers,male,lr,13,0.5424778761061947,-0.008849557522123908,2.0,
eyeglasses,0.9366019417475728,0.9882524271844659,iterative_all_layers,male,lr,13,0.9268932038834952,0.009708737864077666,2.0,
goatee,0.6533898305084747,0.7523305084745763,iterative_all_layers,male,lr,13,0.6555084745762711,-0.0021186440677964935,2.0,
gray_hair,0.8786008230452675,0.9683444127888573,iterative_all_layers,male,lr,13,0.882716049382716,-0.00411522633744843,2.0,
heavy_makeup,0.5398009950248757,0.6018321092947959,iterative_all_layers,male,lr,13,0.5494353628681987,-0.009634367843323055,2.0,
high_cheekbones,0.5285801526717557,0.4498320610687023,iterative_all_layers,male,lr,13,0.5442137404580153,-0.015633587786259562,2.0,
male,0.98828125,0.9932861328125,iterative_all_layers,male,lr,13,0.98828125,0.0,2.0,
mouth_slightly_open,0.5417202326293236,0.546985001530456,iterative_all_layers,male,lr,13,0.5284664830119375,0.013253749617386013,2.0,
mustache,0.726271186440678,0.7862288135593221,iterative_all_layers,male,lr,13,0.6991525423728814,0.027118644067796627,2.0,
narrow_eyes,0.49556821779044,0.5004748338081672,iterative_all_layers,male,lr,13,0.5463754352643242,-0.05080721747388417,2.0,
no_beard,0.5402738622633911,0.49504631494160284,iterative_all_layers,male,lr,13,0.5427305678614579,-0.0024567055980667662,2.0,
oval_face,0.5142089093701997,0.44162826420890944,iterative_all_layers,male,lr,13,0.5061443932411674,0.008064516129032251,2.0,
pale_skin,0.5844155844155844,0.7848288075560803,iterative_all_layers,male,lr,13,0.613931523022432,-0.029515938606847647,2.0,
pointy_nose,0.4947535052012664,0.5432835820895523,iterative_all_layers,male,lr,13,0.49724106739032115,-0.0024875621890547706,2.0,
receding_hairline,0.49776785714285715,0.5231584821428572,iterative_all_layers,male,lr,13,0.5044642857142857,-0.006696428571428548,2.0,
rosy_cheeks,0.6517351710558701,0.7181885306423824,iterative_all_layers,male,lr,13,0.6265075067683977,0.025227664287472362,2.0,
sideburns,0.65139146567718,0.6497217068645642,iterative_all_layers,male,lr,13,0.6473098330241187,0.004081632653061273,2.0,
smiling,0.8412649865426964,0.9610349889894789,iterative_all_layers,male,lr,13,0.8375336432591143,0.003731343283582156,2.0,
straight_hair,0.4987012987012987,0.5361038961038961,iterative_all_layers,male,lr,13,0.5695238095238095,-0.07082251082251084,2.0,
wavy_hair,0.5196579607770239,0.5804442792081048,iterative_all_layers,male,lr,13,0.5196579607770239,0.0,2.0,
wearing_earrings,0.6943916779737676,0.7706015377657168,iterative_all_layers,male,lr,13,0.6630031659882406,0.031388511985526946,2.0,
wearing_hat,0.9045201441205373,0.9743421770935692,iterative_all_layers,male,lr,13,0.9068675619609128,-0.0023474178403755097,2.0,
wearing_lipstick,0.5491217911600077,0.5482210641446311,iterative_all_layers,male,lr,13,0.552306504535804,-0.0031847133757962887,2.0,
wearing_necklace,0.6239819004524887,0.6511958629605689,iterative_all_layers,male,lr,13,0.6044602456367163,0.019521654815772393,2.0,
wearing_necktie,0.584051724137931,0.5912356321839081,iterative_all_layers,male,lr,13,0.5150862068965517,0.06896551724137934,2.0,
young,0.8676948051948052,0.950487012987013,iterative_all_layers,male,lr,13,0.8706709956709957,-0.0029761904761904656,2.0,
5_o_clock_shadow,0.5397132616487454,0.5575627240143369,iterative_all_layers,male,lr,14,0.5625089605734768,-0.022795698924731322,2.0,
arched_eyebrows,0.5980030721966205,0.6271121351766513,iterative_all_layers,male,lr,14,0.5720430107526882,0.02596006144393237,2.0,
attractive,0.49769613947696134,0.6003113325031132,iterative_all_layers,male,lr,14,0.4942714819427148,0.0034246575342465335,2.0,
bags_under_eyes,0.4773724511743956,0.4406779661016949,iterative_all_layers,male,lr,14,0.5213800223694399,-0.04400757119504434,2.0,
bald,0.7572318647085002,0.8790609701824655,iterative_all_layers,male,lr,14,0.7810413885180241,-0.023809523809523836,2.0,
bangs,0.6972708002119767,0.8057763645998941,iterative_all_layers,male,lr,14,0.7107843137254902,-0.013513513513513487,2.0,
big_lips,0.49330357142857145,0.5189732142857143,iterative_all_layers,male,lr,14,0.47544642857142855,0.017857142857142905,2.0,
big_nose,0.6063048357478066,0.6859824525607019,iterative_all_layers,male,lr,14,0.6210977351560906,-0.014792899408283988,2.0,
black_hair,0.7432785025524674,0.8899602949517867,iterative_all_layers,male,lr,14,0.7409529211571186,0.0023255813953487747,2.0,
blond_hair,0.8803834808259587,0.9141592920353983,iterative_all_layers,male,lr,14,0.863716814159292,0.01666666666666672,2.0,
blurry,0.6951219512195121,0.8040650406504065,iterative_all_layers,male,lr,14,0.6747967479674797,0.020325203252032464,2.0,
brown_hair,0.6918103448275862,0.7755028735632183,iterative_all_layers,male,lr,14,0.6602011494252874,0.031609195402298784,2.0,
bushy_eyebrows,0.5653763440860214,0.5582795698924731,iterative_all_layers,male,lr,14,0.5564874551971326,0.008888888888888835,2.0,
chubby,0.5810185185185186,0.6724537037037037,iterative_all_layers,male,lr,14,0.5990740740740741,-0.01805555555555549,2.0,
double_chin,0.5402654867256637,0.6738938053097345,iterative_all_layers,male,lr,14,0.5424778761061947,-0.0022123893805310324,2.0,
eyeglasses,0.931747572815534,0.9904854368932039,iterative_all_layers,male,lr,14,0.9268932038834952,0.004854368932038833,2.0,
goatee,0.6576271186440679,0.7550847457627119,iterative_all_layers,male,lr,14,0.6555084745762711,0.0021186440677967155,2.0,
gray_hair,0.882716049382716,0.9686609686609686,iterative_all_layers,male,lr,14,0.882716049382716,0.0,2.0,
heavy_makeup,0.5525546868830451,0.6051488588802022,iterative_all_layers,male,lr,14,0.5494353628681987,0.0031193240148463808,2.0,
high_cheekbones,0.5325801526717557,0.4524580152671756,iterative_all_layers,male,lr,14,0.5442137404580153,-0.011633587786259558,2.0,
male,0.98828125,0.99322509765625,iterative_all_layers,male,lr,14,0.98828125,0.0,2.0,
mouth_slightly_open,0.5417202326293236,0.5460055096418733,iterative_all_layers,male,lr,14,0.5284664830119375,0.013253749617386013,2.0,
mustache,0.726271186440678,0.7845338983050848,iterative_all_layers,male,lr,14,0.6991525423728814,0.027118644067796627,2.0,
narrow_eyes,0.49968344412788857,0.49635960747071856,iterative_all_layers,male,lr,14,0.5463754352643242,-0.04669199113643563,2.0,
no_beard,0.5376560612162706,0.4923076923076922,iterative_all_layers,male,lr,14,0.5427305678614579,-0.005074506645187271,2.0,
oval_face,0.511520737327189,0.44454685099846386,iterative_all_layers,male,lr,14,0.5061443932411674,0.005376344086021501,2.0,
pale_skin,0.5844155844155844,0.7860094451003542,iterative_all_layers,male,lr,14,0.613931523022432,-0.029515938606847647,2.0,
pointy_nose,0.4997286295793758,0.5444595205789237,iterative_all_layers,male,lr,14,0.49724106739032115,0.0024875621890546595,2.0,
receding_hairline,0.48660714285714285,0.5252511160714286,iterative_all_layers,male,lr,14,0.5044642857142857,-0.01785714285714285,2.0,
rosy_cheeks,0.6496431208466651,0.7199113955205514,iterative_all_layers,male,lr,14,0.6265075067683977,0.023135614078267364,2.0,
sideburns,0.65139146567718,0.6500927643784786,iterative_all_layers,male,lr,14,0.6473098330241187,0.004081632653061273,2.0,
smiling,0.8453633471984341,0.9615855150477122,iterative_all_layers,male,lr,14,0.8375336432591143,0.00782970393931981,2.0,
straight_hair,0.5208658008658009,0.5414718614718614,iterative_all_layers,male,lr,14,0.5695238095238095,-0.04865800865800862,2.0,
wavy_hair,0.522121014964216,0.5858351147876197,iterative_all_layers,male,lr,14,0.5196579607770239,0.0024630541871921707,2.0,
wearing_earrings,0.7068294889190412,0.7677973767526006,iterative_all_layers,male,lr,14,0.6630031659882406,0.043826322930800576,2.0,
wearing_hat,0.9045201441205373,0.9753248171197729,iterative_all_layers,male,lr,14,0.9068675619609128,-0.0023474178403755097,2.0,
wearing_lipstick,0.5390207810589976,0.5515666216303159,iterative_all_layers,male,lr,14,0.552306504535804,-0.013285723476806344,2.0,
wearing_necklace,0.6119586296056885,0.6511958629605689,iterative_all_layers,male,lr,14,0.6044602456367163,0.007498383968972178,2.0,
wearing_necktie,0.6070402298850575,0.586566091954023,iterative_all_layers,male,lr,14,0.5150862068965517,0.09195402298850575,2.0,
young,0.8676948051948052,0.950487012987013,iterative_all_layers,male,lr,14,0.8706709956709957,-0.0029761904761904656,2.0,
5_o_clock_shadow,0.5486021505376344,0.5577060931899641,iterative_all_layers,male,lr,15,0.5625089605734768,-0.013906810035842376,2.0,
arched_eyebrows,0.5845622119815668,0.6385560675883256,iterative_all_layers,male,lr,15,0.5720430107526882,0.012519201228878618,2.0,
attractive,0.5011207970112079,0.5939601494396015,iterative_all_layers,male,lr,15,0.4942714819427148,0.0068493150684931225,2.0,
bags_under_eyes,0.47483438010840573,0.44059192979437317,iterative_all_layers,male,lr,15,0.5213800223694399,-0.04654564226103419,2.0,
bald,0.7548954161103694,0.8866266132621273,iterative_all_layers,male,lr,15,0.7810413885180241,-0.026145972407654705,2.0,
bangs,0.6780604133545309,0.800476947535771,iterative_all_layers,male,lr,15,0.7107843137254902,-0.03272390037095929,2.0,
big_lips,0.48214285714285715,0.5131138392857143,iterative_all_layers,male,lr,15,0.47544642857142855,0.006696428571428603,2.0,
big_nose,0.6181391552744337,0.6982928654016187,iterative_all_layers,male,lr,15,0.6210977351560906,-0.00295857988165682,2.0,
black_hair,0.7554736245036868,0.8899602949517867,iterative_all_layers,male,lr,15,0.7409529211571186,0.014520703346568187,2.0,
blond_hair,0.8759587020648968,0.9150442477876106,iterative_all_layers,male,lr,15,0.863716814159292,0.012241887905604765,2.0,
blurry,0.6951219512195121,0.7764227642276422,iterative_all_layers,male,lr,15,0.6747967479674797,0.020325203252032464,2.0,
brown_hair,0.6875,0.7850215517241379,iterative_all_layers,male,lr,15,0.6602011494252874,0.027298850574712596,2.0,
bushy_eyebrows,0.5631541218637992,0.5605734767025089,iterative_all_layers,male,lr,15,0.5564874551971326,0.006666666666666599,2.0,
chubby,0.5810185185185186,0.6826388888888889,iterative_all_layers,male,lr,15,0.5990740740740741,-0.01805555555555549,2.0,
double_chin,0.5358407079646017,0.6638643067846608,iterative_all_layers,male,lr,15,0.5424778761061947,-0.006637168141592986,2.0,
eyeglasses,0.931747572815534,0.9901941747572816,iterative_all_layers,male,lr,15,0.9268932038834952,0.004854368932038833,2.0,
goatee,0.6576271186440679,0.7555084745762712,iterative_all_layers,male,lr,15,0.6555084745762711,0.0021186440677967155,2.0,
gray_hair,0.8868312757201646,0.9715099715099714,iterative_all_layers,male,lr,15,0.882716049382716,0.004115226337448652,2.0,
heavy_makeup,0.5494353628681987,0.5978046276553739,iterative_all_layers,male,lr,15,0.5494353628681987,0.0,2.0,
high_cheekbones,0.5362137404580153,0.4550229007633587,iterative_all_layers,male,lr,15,0.5442137404580153,-0.008000000000000007,2.0,
male,0.98828125,0.99267578125,iterative_all_layers,male,lr,15,0.98828125,0.0,2.0,
mouth_slightly_open,0.5384450566268748,0.5484542393633303,iterative_all_layers,male,lr,15,0.5284664830119375,0.009978573614937258,2.0,
mustache,0.7033898305084746,0.7961864406779661,iterative_all_layers,male,lr,15,0.6991525423728814,0.004237288135593209,2.0,
narrow_eyes,0.5058562836340614,0.4751503640392529,iterative_all_layers,male,lr,15,0.5463754352643242,-0.04051915163026276,2.0,
no_beard,0.5348771647200966,0.49254933548127267,iterative_all_layers,male,lr,15,0.5427305678614579,-0.007853403141361293,2.0,
oval_face,0.511520737327189,0.4418586789554531,iterative_all_layers,male,lr,15,0.5061443932411674,0.005376344086021501,2.0,
pale_skin,0.5823494687131051,0.7886658795749705,iterative_all_layers,male,lr,15,0.613931523022432,-0.031582054309326923,2.0,
pointy_nose,0.48566259611035734,0.5216644052464948,iterative_all_layers,male,lr,15,0.49724106739032115,-0.011578471279963809,2.0,
receding_hairline,0.4888392857142857,0.5269252232142857,iterative_all_layers,male,lr,15,0.5044642857142857,-0.015625,2.0,
rosy_cheeks,0.6748707851341373,0.7238493723849373,iterative_all_layers,male,lr,15,0.6265075067683977,0.048363278365739615,2.0,
sideburns,0.6391465677179963,0.6404452690166976,iterative_all_layers,male,lr,15,0.6473098330241187,-0.008163265306122436,2.0,
smiling,0.8416320039148519,0.9622583802299975,iterative_all_layers,male,lr,15,0.8375336432591143,0.004098360655737654,2.0,
straight_hair,0.5387012987012987,0.5466666666666666,iterative_all_layers,male,lr,15,0.5695238095238095,-0.030822510822510862,2.0,
wavy_hair,0.534018031415559,0.5757040617157729,iterative_all_layers,male,lr,15,0.5196579607770239,0.014360070638535172,2.0,
wearing_earrings,0.6828132066938037,0.7655359565807327,iterative_all_layers,male,lr,15,0.6630031659882406,0.019810040705563137,2.0,
wearing_hat,0.9161480510972814,0.9775084616224479,iterative_all_layers,male,lr,15,0.9068675619609128,0.009280489136368586,2.0,
wearing_lipstick,0.5687769413884063,0.5504728816830728,iterative_all_layers,male,lr,15,0.552306504535804,0.0164704368526023,2.0,
wearing_necklace,0.6171945701357466,0.650808015513898,iterative_all_layers,male,lr,15,0.6044602456367163,0.012734324499030336,2.0,
wearing_necktie,0.5567528735632183,0.5727370689655172,iterative_all_layers,male,lr,15,0.5150862068965517,0.04166666666666663,2.0,
young,0.8736471861471862,0.9538014069264069,iterative_all_layers,male,lr,15,0.8706709956709957,0.0029761904761904656,2.0,
5_o_clock_shadow,0.5369175627240144,0.5518279569892472,iterative_all_layers,male,lr,16,0.5625089605734768,-0.025591397849462405,2.0,
arched_eyebrows,0.5854838709677419,0.6406298003072197,iterative_all_layers,male,lr,16,0.5720430107526882,0.013440860215053752,2.0,
attractive,0.5045454545454545,0.6006849315068493,iterative_all_layers,male,lr,16,0.4942714819427148,0.010273972602739712,2.0,
bags_under_eyes,0.4663598038372193,0.4503140325217242,iterative_all_layers,male,lr,16,0.5213800223694399,-0.05502021853222061,2.0,
bald,0.7548954161103694,0.8925233644859814,iterative_all_layers,male,lr,16,0.7810413885180241,-0.026145972407654705,2.0,
bangs,0.6713036565977742,0.7922628510863805,iterative_all_layers,male,lr,16,0.7107843137254902,-0.03948065712771598,2.0,
big_lips,0.4642857142857143,0.5050223214285714,iterative_all_layers,male,lr,16,0.47544642857142855,-0.011160714285714246,2.0,
big_nose,0.6210977351560906,0.6906073590423724,iterative_all_layers,male,lr,16,0.6210977351560906,0.0,2.0,
black_hair,0.7432785025524674,0.8906409529211571,iterative_all_layers,male,lr,16,0.7409529211571186,0.0023255813953487747,2.0,
blond_hair,0.8948377581120943,0.9128318584070796,iterative_all_layers,male,lr,16,0.863716814159292,0.031120943952802294,2.0,
blurry,0.6471544715447155,0.775609756097561,iterative_all_layers,male,lr,16,0.6747967479674797,-0.027642276422764178,2.0,
brown_hair,0.6831896551724138,0.7889727011494252,iterative_all_layers,male,lr,16,0.6602011494252874,0.02298850574712641,2.0,
bushy_eyebrows,0.5381362007168459,0.55584229390681,iterative_all_layers,male,lr,16,0.5564874551971326,-0.01835125448028674,2.0,
chubby,0.5856481481481481,0.6819444444444445,iterative_all_layers,male,lr,16,0.5990740740740741,-0.013425925925925952,2.0,
double_chin,0.5402654867256637,0.6584070796460177,iterative_all_layers,male,lr,16,0.5424778761061947,-0.0022123893805310324,2.0,
eyeglasses,0.9268932038834952,0.9900970873786408,iterative_all_layers,male,lr,16,0.9268932038834952,0.0,2.0,
goatee,0.6889830508474576,0.7559322033898305,iterative_all_layers,male,lr,16,0.6555084745762711,0.03347457627118644,2.0,
gray_hair,0.8888888888888888,0.9680278569167458,iterative_all_layers,male,lr,16,0.882716049382716,0.006172839506172867,2.0,
heavy_makeup,0.5393271736555318,0.5965411040037906,iterative_all_layers,male,lr,16,0.5494353628681987,-0.010108189212666874,2.0,
high_cheekbones,0.5362137404580153,0.4494656488549619,iterative_all_layers,male,lr,16,0.5442137404580153,-0.008000000000000007,2.0,
male,0.98828125,0.99224853515625,iterative_all_layers,male,lr,16,0.98828125,0.0,2.0,
mouth_slightly_open,0.5388735843281298,0.5452096724823998,iterative_all_layers,male,lr,16,0.5284664830119375,0.010407101316192269,2.0,
mustache,0.7076271186440678,0.7976694915254237,iterative_all_layers,male,lr,16,0.6991525423728814,0.008474576271186418,2.0,
narrow_eyes,0.46122190566635013,0.461855017410573,iterative_all_layers,male,lr,16,0.5463754352643242,-0.08515352959797406,2.0,
no_beard,0.553040676600886,0.48038662907772856,iterative_all_layers,male,lr,16,0.5427305678614579,0.010310108739428059,2.0,
oval_face,0.4999231950844854,0.44654377880184337,iterative_all_layers,male,lr,16,0.5061443932411674,-0.00622119815668204,2.0,
pale_skin,0.5823494687131051,0.762987012987013,iterative_all_layers,male,lr,16,0.613931523022432,-0.031582054309326923,2.0,
pointy_nose,0.48566259611035734,0.520940750791497,iterative_all_layers,male,lr,16,0.49724106739032115,-0.011578471279963809,2.0,
receding_hairline,0.5111607142857143,0.5281808035714286,iterative_all_layers,male,lr,16,0.5044642857142857,0.006696428571428603,2.0,
rosy_cheeks,0.6769628353433423,0.7275412256952991,iterative_all_layers,male,lr,16,0.6265075067683977,0.05045532857494461,2.0,
sideburns,0.6473098330241187,0.643413729128015,iterative_all_layers,male,lr,16,0.6473098330241187,0.0,2.0,
smiling,0.8453633471984341,0.9638487888426719,iterative_all_layers,male,lr,16,0.8375336432591143,0.00782970393931981,2.0,
straight_hair,0.5387012987012987,0.5497835497835498,iterative_all_layers,male,lr,16,0.5695238095238095,-0.030822510822510862,2.0,
wavy_hair,0.5171949065898318,0.5698484989311274,iterative_all_layers,male,lr,16,0.5196579607770239,-0.0024630541871920597,2.0,
wearing_earrings,0.6853007688828585,0.7642695612844866,iterative_all_layers,male,lr,16,0.6630031659882406,0.022297602894617907,2.0,
wearing_hat,0.9138006332569057,0.9780543727481166,iterative_all_layers,male,lr,16,0.9068675619609128,0.006933071295992965,2.0,
wearing_lipstick,0.5541722962105128,0.5546548285401789,iterative_all_layers,male,lr,16,0.552306504535804,0.0018657916747087944,2.0,
wearing_necklace,0.6330316742081448,0.6564964447317388,iterative_all_layers,male,lr,16,0.6044602456367163,0.02857142857142847,2.0,
wearing_necktie,0.5883620689655172,0.5405890804597702,iterative_all_layers,male,lr,16,0.5150862068965517,0.07327586206896552,2.0,
young,0.8706709956709957,0.9563041125541125,iterative_all_layers,male,lr,16,0.8706709956709957,0.0,2.0,
5_o_clock_shadow,0.5213620071684588,0.5412186379928315,iterative_all_layers,male,lr,17,0.5625089605734768,-0.04114695340501795,2.0,
arched_eyebrows,0.6078341013824885,0.6480798771121352,iterative_all_layers,male,lr,17,0.5720430107526882,0.03579109062980035,2.0,
attractive,0.5045454545454545,0.5968866749688667,iterative_all_layers,male,lr,17,0.4942714819427148,0.010273972602739712,2.0,
bags_under_eyes,0.4985373827755313,0.45556224726834726,iterative_all_layers,male,lr,17,0.5213800223694399,-0.022842639593908642,2.0,
bald,0.7548954161103694,0.8934134401424121,iterative_all_layers,male,lr,17,0.7810413885180241,-0.026145972407654705,2.0,
bangs,0.6543455219925809,0.7816640169581346,iterative_all_layers,male,lr,17,0.7107843137254902,-0.05643879173290933,2.0,
big_lips,0.4732142857142857,0.49023437500000006,iterative_all_layers,male,lr,17,0.47544642857142855,-0.002232142857142849,2.0,
big_nose,0.6038563558457457,0.6802693327892266,iterative_all_layers,male,lr,17,0.6210977351560906,-0.017241379310344862,2.0,
black_hair,0.7363017583664209,0.888825865002836,iterative_all_layers,male,lr,17,0.7409529211571186,-0.0046511627906977715,2.0,
blond_hair,0.870353982300885,0.9122418879056048,iterative_all_layers,male,lr,17,0.863716814159292,0.006637168141592986,2.0,
blurry,0.6471544715447155,0.7731707317073171,iterative_all_layers,male,lr,17,0.6747967479674797,-0.027642276422764178,2.0,
brown_hair,0.6896551724137931,0.7835847701149425,iterative_all_layers,male,lr,17,0.6602011494252874,0.029454022988505746,2.0,
bushy_eyebrows,0.5220071684587814,0.5529749103942653,iterative_all_layers,male,lr,17,0.5564874551971326,-0.03448028673835124,2.0,
chubby,0.5833333333333333,0.6734953703703703,iterative_all_layers,male,lr,17,0.5990740740740741,-0.015740740740740833,2.0,
double_chin,0.522566371681416,0.6581120943952803,iterative_all_layers,male,lr,17,0.5424778761061947,-0.019911504424778736,2.0,
eyeglasses,0.9293203883495146,0.9914563106796116,iterative_all_layers,male,lr,17,0.9268932038834952,0.0024271844660194164,2.0,
goatee,0.6618644067796611,0.7620762711864406,iterative_all_layers,male,lr,17,0.6555084745762711,0.006355932203389925,2.0,
gray_hair,0.8483697372586262,0.9639126305792973,iterative_all_layers,male,lr,17,0.882716049382716,-0.034346312124089784,2.0,
heavy_makeup,0.5212824765063571,0.580036326304983,iterative_all_layers,male,lr,17,0.5494353628681987,-0.028152886361841656,2.0,
high_cheekbones,0.5323969465648855,0.46051908396946567,iterative_all_layers,male,lr,17,0.5442137404580153,-0.01181679389312984,2.0,
male,0.98828125,0.99139404296875,iterative_all_layers,male,lr,17,0.98828125,0.0,2.0,
mouth_slightly_open,0.5438628711355984,0.5369452096724824,iterative_all_layers,male,lr,17,0.5284664830119375,0.015396388123660842,2.0,
mustache,0.7055084745762712,0.8082627118644067,iterative_all_layers,male,lr,17,0.6991525423728814,0.006355932203389814,2.0,
narrow_eyes,0.5257993035770814,0.4757834757834758,iterative_all_layers,male,lr,17,0.5463754352643242,-0.020576131687242816,2.0,
no_beard,0.553040676600886,0.48135320177204993,iterative_all_layers,male,lr,17,0.5427305678614579,0.010310108739428059,2.0,
oval_face,0.5142089093701997,0.43993855606758836,iterative_all_layers,male,lr,17,0.5061443932411674,0.008064516129032251,2.0,
pale_skin,0.5802833530106257,0.7378984651711924,iterative_all_layers,male,lr,17,0.613931523022432,-0.03364817001180631,2.0,
pointy_nose,0.48566259611035734,0.5013568521031208,iterative_all_layers,male,lr,17,0.49724106739032115,-0.011578471279963809,2.0,
receding_hairline,0.515625,0.5272042410714286,iterative_all_layers,male,lr,17,0.5044642857142857,0.011160714285714302,2.0,
rosy_cheeks,0.6559192714742801,0.7327098203298056,iterative_all_layers,male,lr,17,0.6265075067683977,0.02941176470588236,2.0,
sideburns,0.6493506493506493,0.6326530612244897,iterative_all_layers,male,lr,17,0.6473098330241187,0.0020408163265306367,2.0,
smiling,0.8367996085148031,0.9574259848299486,iterative_all_layers,male,lr,17,0.8375336432591143,-0.0007340347443112183,2.0,
straight_hair,0.5143722943722944,0.5451082251082251,iterative_all_layers,male,lr,17,0.5695238095238095,-0.055151515151515174,2.0,
wavy_hair,0.522121014964216,0.5555349010131053,iterative_all_layers,male,lr,17,0.5196579607770239,0.0024630541871921707,2.0,
wearing_earrings,0.7109452736318408,0.782722749886929,iterative_all_layers,male,lr,17,0.6630031659882406,0.047942107643600185,2.0,
wearing_hat,0.9161480510972814,0.9773992793973142,iterative_all_layers,male,lr,17,0.9068675619609128,0.009280489136368586,2.0,
wearing_lipstick,0.5599948529884835,0.5387634304831757,iterative_all_layers,male,lr,17,0.552306504535804,0.0076883484526795165,2.0,
wearing_necklace,0.6239819004524887,0.6601163542340013,iterative_all_layers,male,lr,17,0.6044602456367163,0.019521654815772393,2.0,
wearing_necktie,0.5754310344827587,0.5290948275862069,iterative_all_layers,male,lr,17,0.5150862068965517,0.06034482758620696,2.0,
young,0.8617424242424242,0.9525838744588744,iterative_all_layers,male,lr,17,0.8706709956709957,-0.008928571428571508,2.0,
5_o_clock_shadow,0.5213620071684588,0.552258064516129,iterative_all_layers,male,lr,18,0.5625089605734768,-0.04114695340501795,2.0,
arched_eyebrows,0.5962365591397849,0.6521505376344087,iterative_all_layers,male,lr,18,0.5720430107526882,0.024193548387096753,2.0,
attractive,0.5045454545454545,0.5808219178082192,iterative_all_layers,male,lr,18,0.4942714819427148,0.010273972602739712,2.0,
bags_under_eyes,0.49767701970231437,0.43835498580400933,iterative_all_layers,male,lr,18,0.5213800223694399,-0.02370300266712555,2.0,
bald,0.7787049399198932,0.8964174454828661,iterative_all_layers,male,lr,18,0.7810413885180241,-0.002336448598130869,2.0,
bangs,0.6611022787493376,0.762453630100689,iterative_all_layers,male,lr,18,0.7107843137254902,-0.049682034976152645,2.0,
big_lips,0.48660714285714285,0.4953962053571429,iterative_all_layers,male,lr,18,0.47544642857142855,0.011160714285714302,2.0,
big_nose,0.6094334489559954,0.6739440930422362,iterative_all_layers,male,lr,18,0.6210977351560906,-0.011664286200095186,2.0,
black_hair,0.7508224617129893,0.8908678389109472,iterative_all_layers,male,lr,18,0.7409529211571186,0.009869540555870637,2.0,
blond_hair,0.8514749262536874,0.9078171091445428,iterative_all_layers,male,lr,18,0.863716814159292,-0.012241887905604654,2.0,
blurry,0.6012195121951219,0.7504065040650406,iterative_all_layers,male,lr,18,0.6747967479674797,-0.07357723577235775,2.0,
brown_hair,0.6810344827586207,0.7843031609195402,iterative_all_layers,male,lr,18,0.6602011494252874,0.02083333333333326,2.0,
bushy_eyebrows,0.5270250896057348,0.5555555555555556,iterative_all_layers,male,lr,18,0.5564874551971326,-0.02946236559139781,2.0,
chubby,0.5958333333333333,0.6725694444444444,iterative_all_layers,male,lr,18,0.5990740740740741,-0.0032407407407407662,2.0,
double_chin,0.5203539823008849,0.6432153392330384,iterative_all_layers,male,lr,18,0.5424778761061947,-0.02212389380530977,2.0,
eyeglasses,0.9341747572815534,0.9904854368932039,iterative_all_layers,male,lr,18,0.9268932038834952,0.007281553398058249,2.0,
goatee,0.6826271186440678,0.7538135593220339,iterative_all_layers,male,lr,18,0.6555084745762711,0.027118644067796627,2.0,
gray_hair,0.8421968977524533,0.9569484013928459,iterative_all_layers,male,lr,18,0.882716049382716,-0.04051915163026265,2.0,
heavy_makeup,0.5313906657190239,0.5794835347074153,iterative_all_layers,male,lr,18,0.5494353628681987,-0.018044697149174782,2.0,
high_cheekbones,0.5245801526717557,0.46351145038167935,iterative_all_layers,male,lr,18,0.5442137404580153,-0.019633587786259565,2.0,
male,0.98828125,0.98895263671875,iterative_all_layers,male,lr,18,0.98828125,0.0,2.0,
mouth_slightly_open,0.5401591674318947,0.530700948882767,iterative_all_layers,male,lr,18,0.5284664830119375,0.011692684419957189,2.0,
mustache,0.7097457627118644,0.8084745762711864,iterative_all_layers,male,lr,18,0.6991525423728814,0.010593220338983023,2.0,
narrow_eyes,0.5443178220955999,0.5077556188667299,iterative_all_layers,male,lr,18,0.5463754352643242,-0.002057613168724326,2.0,
no_beard,0.5582762786951269,0.48296415626258554,iterative_all_layers,male,lr,18,0.5427305678614579,0.015545710833668958,2.0,
oval_face,0.49723502304147466,0.4327572964669739,iterative_all_layers,male,lr,18,0.5061443932411674,-0.00890937019969279,2.0,
pale_skin,0.5823494687131051,0.7054309327036599,iterative_all_layers,male,lr,18,0.613931523022432,-0.031582054309326923,2.0,
pointy_nose,0.5047037539574853,0.4967887833559475,iterative_all_layers,male,lr,18,0.49724106739032115,0.007462686567164201,2.0,
receding_hairline,0.515625,0.5235770089285715,iterative_all_layers,male,lr,18,0.5044642857142857,0.011160714285714302,2.0,
rosy_cheeks,0.6517351710558701,0.7199113955205514,iterative_all_layers,male,lr,18,0.6265075067683977,0.025227664287472362,2.0,
sideburns,0.6554730983302413,0.6304267161410018,iterative_all_layers,male,lr,18,0.6473098330241187,0.008163265306122547,2.0,
smiling,0.8528260337655982,0.9577318326400783,iterative_all_layers,male,lr,18,0.8375336432591143,0.0152923905064839,2.0,
straight_hair,0.5922077922077922,0.5653679653679654,iterative_all_layers,male,lr,18,0.5695238095238095,0.02268398268398264,2.0,
wavy_hair,0.5245840691514081,0.5737522074542244,iterative_all_layers,male,lr,18,0.5196579607770239,0.0049261083743842304,2.0,
wearing_earrings,0.7043419267299864,0.7826322930800542,iterative_all_layers,male,lr,18,0.6630031659882406,0.041338760741745806,2.0,
wearing_hat,0.9161480510972814,0.9771809149470467,iterative_all_layers,male,lr,18,0.9068675619609128,0.009280489136368586,2.0,
wearing_lipstick,0.5467091295116773,0.5417229621051278,iterative_all_layers,male,lr,18,0.552306504535804,-0.005597375024126716,2.0,
wearing_necklace,0.6217194570135747,0.6711053652230123,iterative_all_layers,male,lr,18,0.6044602456367163,0.017259211376858374,2.0,
wearing_necktie,0.5459770114942529,0.4969468390804598,iterative_all_layers,male,lr,18,0.5150862068965517,0.030890804597701216,2.0,
young,0.8471320346320346,0.9483225108225107,iterative_all_layers,male,lr,18,0.8706709956709957,-0.023538961038961137,2.0,
5_o_clock_shadow,0.5858781362007168,0.556989247311828,iterative_all_layers,male,lr,19,0.5625089605734768,0.023369175627240057,2.0,
arched_eyebrows,0.5962365591397849,0.6457757296466974,iterative_all_layers,male,lr,19,0.5720430107526882,0.024193548387096753,2.0,
attractive,0.5045454545454545,0.5587173100871732,iterative_all_layers,male,lr,19,0.4942714819427148,0.010273972602739712,2.0,
bags_under_eyes,0.4917405144971178,0.4486793426826121,iterative_all_layers,male,lr,19,0.5213800223694399,-0.029639507872322113,2.0,
bald,0.7668001780151313,0.8917445482866044,iterative_all_layers,male,lr,19,0.7810413885180241,-0.014241210502892732,2.0,
bangs,0.6667991520932697,0.7605988341282459,iterative_all_layers,male,lr,19,0.7107843137254902,-0.04398516163222055,2.0,
big_lips,0.49330357142857145,0.513671875,iterative_all_layers,male,lr,19,0.47544642857142855,0.017857142857142905,2.0,
big_nose,0.586104876555805,0.6668026933278923,iterative_all_layers,male,lr,19,0.6210977351560906,-0.03499285860028556,2.0,
black_hair,0.7357345433919456,0.8841747022121385,iterative_all_layers,male,lr,19,0.7409529211571186,-0.005218377765173088,2.0,
blond_hair,0.8492625368731563,0.9022123893805312,iterative_all_layers,male,lr,19,0.863716814159292,-0.014454277286135686,2.0,
blurry,0.5869918699186992,0.751219512195122,iterative_all_layers,male,lr,19,0.6747967479674797,-0.08780487804878045,2.0,
brown_hair,0.6666666666666667,0.7661637931034483,iterative_all_layers,male,lr,19,0.6602011494252874,0.006465517241379337,2.0,
bushy_eyebrows,0.5364874551971326,0.5400716845878136,iterative_all_layers,male,lr,19,0.5564874551971326,-0.020000000000000018,2.0,
chubby,0.587962962962963,0.6645833333333333,iterative_all_layers,male,lr,19,0.5990740740740741,-0.011111111111111072,2.0,
double_chin,0.5348082595870206,0.6213864306784661,iterative_all_layers,male,lr,19,0.5424778761061947,-0.007669616519174083,2.0,
eyeglasses,0.9341747572815534,0.9876699029126215,iterative_all_layers,male,lr,19,0.9268932038834952,0.007281553398058249,2.0,
goatee,0.6783898305084746,0.7521186440677966,iterative_all_layers,male,lr,19,0.6555084745762711,0.022881355932203418,2.0,
gray_hair,0.8930041152263375,0.9591642924976258,iterative_all_layers,male,lr,19,0.882716049382716,0.010288065843621519,2.0,
heavy_makeup,0.4923793729763879,0.560530679933665,iterative_all_layers,male,lr,19,0.5494353628681987,-0.05705598989181082,2.0,
high_cheekbones,0.5325801526717557,0.48781679389312976,iterative_all_layers,male,lr,19,0.5442137404580153,-0.011633587786259558,2.0,
male,0.98828125,0.99176025390625,iterative_all_layers,male,lr,19,0.98828125,0.0,2.0,
mouth_slightly_open,0.5216406489133762,0.5277624732170187,iterative_all_layers,male,lr,19,0.5284664830119375,-0.006825834098561301,2.0,
mustache,0.7347457627118644,0.8173728813559322,iterative_all_layers,male,lr,19,0.6991525423728814,0.035593220338983045,2.0,
narrow_eyes,0.5299145299145299,0.5175688509021843,iterative_all_layers,male,lr,19,0.5463754352643242,-0.016460905349794275,2.0,
no_beard,0.5376560612162706,0.45896093435360447,iterative_all_layers,male,lr,19,0.5427305678614579,-0.005074506645187271,2.0,
oval_face,0.5043778801843318,0.41889400921658987,iterative_all_layers,male,lr,19,0.5061443932411674,-0.0017665130568356169,2.0,
pale_skin,0.5823494687131051,0.6945100354191263,iterative_all_layers,male,lr,19,0.613931523022432,-0.031582054309326923,2.0,
pointy_nose,0.4625961103573044,0.4784260515603799,iterative_all_layers,male,lr,19,0.49724106739032115,-0.03464495703301673,2.0,
receding_hairline,0.5044642857142857,0.5259486607142858,iterative_all_layers,male,lr,19,0.5044642857142857,0.0,2.0,
rosy_cheeks,0.6559192714742801,0.7469849864632045,iterative_all_layers,male,lr,19,0.6265075067683977,0.02941176470588236,2.0,
sideburns,0.661595547309833,0.647495361781076,iterative_all_layers,male,lr,19,0.6473098330241187,0.014285714285714346,2.0,
smiling,0.8286028872033275,0.9464766332273061,iterative_all_layers,male,lr,19,0.8375336432591143,-0.008930756055786748,2.0,
straight_hair,0.5657142857142857,0.5837229437229438,iterative_all_layers,male,lr,19,0.5695238095238095,-0.003809523809523818,2.0,
wavy_hair,0.5126870527000651,0.5515382470489822,iterative_all_layers,male,lr,19,0.5196579607770239,-0.006970908076958771,2.0,
wearing_earrings,0.7142921754862054,0.7752148349163275,iterative_all_layers,male,lr,19,0.6630031659882406,0.05128900949796478,2.0,
wearing_hat,0.8881974014630418,0.9779451905229828,iterative_all_layers,male,lr,19,0.9068675619609128,-0.018670160497870958,2.0,
wearing_lipstick,0.54539020781059,0.5206202148877308,iterative_all_layers,male,lr,19,0.552306504535804,-0.006916296725213988,2.0,
wearing_necklace,0.6217194570135747,0.6562378797672915,iterative_all_layers,male,lr,19,0.6044602456367163,0.017259211376858374,2.0,
wearing_necktie,0.5610632183908046,0.5260416666666667,iterative_all_layers,male,lr,19,0.5150862068965517,0.04597701149425293,2.0,
young,0.8411796536796536,0.9391233766233766,iterative_all_layers,male,lr,19,0.8706709956709957,-0.029491341991342068,2.0,
5_o_clock_shadow,0.5647311827956989,0.5786379928315413,iterative_all_layers,male,lr,20,0.5625089605734768,0.0022222222222221255,2.0,
arched_eyebrows,0.5890937019969278,0.6222734254992319,iterative_all_layers,male,lr,20,0.5720430107526882,0.017050691244239635,2.0,
attractive,0.5045454545454545,0.5528642590286426,iterative_all_layers,male,lr,20,0.4942714819427148,0.010273972602739712,2.0,
bags_under_eyes,0.4900628065043448,0.4204594338810978,iterative_all_layers,male,lr,20,0.5213800223694399,-0.031317215865095116,2.0,
bald,0.7548954161103694,0.891967067200712,iterative_all_layers,male,lr,20,0.7810413885180241,-0.026145972407654705,2.0,
bangs,0.6815050344462109,0.7599364069952305,iterative_all_layers,male,lr,20,0.7107843137254902,-0.029279279279279313,2.0,
big_lips,0.47098214285714285,0.5318080357142857,iterative_all_layers,male,lr,20,0.47544642857142855,-0.004464285714285698,2.0,
big_nose,0.5888934231109297,0.6544242671563628,iterative_all_layers,male,lr,20,0.6210977351560906,-0.03220431204516083,2.0,
black_hair,0.7310833806012479,0.8893930799773114,iterative_all_layers,male,lr,20,0.7409529211571186,-0.009869540555870748,2.0,
blond_hair,0.870353982300885,0.9011799410029498,iterative_all_layers,male,lr,20,0.863716814159292,0.006637168141592986,2.0,
blurry,0.5869918699186992,0.744308943089431,iterative_all_layers,male,lr,20,0.6747967479674797,-0.08780487804878045,2.0,
brown_hair,0.6602011494252874,0.7334770114942529,iterative_all_layers,male,lr,20,0.6602011494252874,0.0,2.0,
bushy_eyebrows,0.5893189964157706,0.5383512544802868,iterative_all_layers,male,lr,20,0.5564874551971326,0.03283154121863796,2.0,
chubby,0.562962962962963,0.6748842592592592,iterative_all_layers,male,lr,20,0.5990740740740741,-0.036111111111111094,2.0,
double_chin,0.5436578171091445,0.6113569321533924,iterative_all_layers,male,lr,20,0.5424778761061947,0.0011799410029498247,2.0,
eyeglasses,0.9366019417475728,0.9860194174757282,iterative_all_layers,male,lr,20,0.9268932038834952,0.009708737864077666,2.0,
goatee,0.6847457627118644,0.7707627118644067,iterative_all_layers,male,lr,20,0.6555084745762711,0.02923728813559323,2.0,
gray_hair,0.9074074074074074,0.9572649572649573,iterative_all_layers,male,lr,20,0.882716049382716,0.024691358024691468,2.0,
heavy_makeup,0.4514727947563768,0.5312327252625759,iterative_all_layers,male,lr,20,0.5494353628681987,-0.09796256811182191,2.0,
high_cheekbones,0.5282137404580153,0.4958778625954198,iterative_all_layers,male,lr,20,0.5442137404580153,-0.016000000000000014,2.0,
male,0.98828125,0.99139404296875,iterative_all_layers,male,lr,20,0.98828125,0.0,2.0,
mouth_slightly_open,0.51010101010101,0.5329048056320784,iterative_all_layers,male,lr,20,0.5284664830119375,-0.018365472910927494,2.0,
mustache,0.7389830508474576,0.8120762711864407,iterative_all_layers,male,lr,20,0.6991525423728814,0.039830508474576254,2.0,
narrow_eyes,0.5463754352643242,0.5314973092750871,iterative_all_layers,male,lr,20,0.5463754352643242,0.0,2.0,
no_beard,0.527184857027789,0.46524365686669344,iterative_all_layers,male,lr,20,0.5427305678614579,-0.015545710833668958,2.0,
oval_face,0.5088325652841782,0.4317972350230415,iterative_all_layers,male,lr,20,0.5061443932411674,0.0026881720430107503,2.0,
pale_skin,0.5487012987012987,0.6688311688311688,iterative_all_layers,male,lr,20,0.613931523022432,-0.06523022432113335,2.0,
pointy_nose,0.4758028041610131,0.48439620081411133,iterative_all_layers,male,lr,20,0.49724106739032115,-0.02143826322930803,2.0,
receding_hairline,0.5200892857142857,0.5309709821428572,iterative_all_layers,male,lr,20,0.5044642857142857,0.015625,2.0,
rosy_cheeks,0.6369677578144228,0.7546148166379523,iterative_all_layers,male,lr,20,0.6265075067683977,0.010460251046025104,2.0,
sideburns,0.6677179962894249,0.6333951762523191,iterative_all_layers,male,lr,20,0.6473098330241187,0.020408163265306145,2.0,
smiling,0.8043797406410571,0.9401149987766088,iterative_all_layers,male,lr,20,0.8375336432591143,-0.033153902618057174,2.0,
straight_hair,0.5257142857142857,0.5672727272727273,iterative_all_layers,male,lr,20,0.5695238095238095,-0.043809523809523854,2.0,
wavy_hair,0.500790036248722,0.5573938098336277,iterative_all_layers,male,lr,20,0.5196579607770239,-0.018867924528301883,2.0,
wearing_earrings,0.7201266395296246,0.7786521935775668,iterative_all_layers,male,lr,20,0.6630031659882406,0.05712347354138403,2.0,
wearing_hat,0.9114532154165302,0.9777268260727154,iterative_all_layers,male,lr,20,0.9068675619609128,0.0045856534556174555,2.0,
wearing_lipstick,0.5206845525316863,0.5058868944219264,iterative_all_layers,male,lr,20,0.552306504535804,-0.03162195200411766,2.0,
wearing_necklace,0.6044602456367163,0.654557207498384,iterative_all_layers,male,lr,20,0.6044602456367163,0.0,2.0,
wearing_necktie,0.5653735632183908,0.5075431034482758,iterative_all_layers,male,lr,20,0.5150862068965517,0.050287356321839116,2.0,
young,0.8441558441558441,0.939055735930736,iterative_all_layers,male,lr,20,0.8706709956709957,-0.026515151515151603,2.0,
5_o_clock_shadow,0.5580645161290323,0.5621505376344086,iterative_all_layers,male,lr,21,0.5625089605734768,-0.004444444444444473,2.0,
arched_eyebrows,0.5676651305683563,0.628110599078341,iterative_all_layers,male,lr,21,0.5720430107526882,-0.004377880184331828,2.0,
attractive,0.5,0.5374221668742217,iterative_all_layers,male,lr,21,0.4942714819427148,0.005728518057285192,2.0,
bags_under_eyes,0.471435945969199,0.4054891164071238,iterative_all_layers,male,lr,21,0.5213800223694399,-0.0499440764002409,2.0,
bald,0.7668001780151313,0.9003115264797507,iterative_all_layers,male,lr,21,0.7810413885180241,-0.014241210502892732,2.0,
bangs,0.6678590355060943,0.7656332803391627,iterative_all_layers,male,lr,21,0.7107843137254902,-0.04292527821939596,2.0,
big_lips,0.46205357142857145,0.5022321428571428,iterative_all_layers,male,lr,21,0.47544642857142855,-0.013392857142857095,2.0,
big_nose,0.5800176834659594,0.618581241923417,iterative_all_layers,male,lr,21,0.6210977351560906,-0.04108005169013118,2.0,
black_hair,0.7142370958593307,0.8881452070334657,iterative_all_layers,male,lr,21,0.7409529211571186,-0.026715825297787932,2.0,
blond_hair,0.8404129793510324,0.8952802359882006,iterative_all_layers,male,lr,21,0.863716814159292,-0.023303834808259594,2.0,
blurry,0.5849593495934959,0.7463414634146341,iterative_all_layers,male,lr,21,0.6747967479674797,-0.08983739837398375,2.0,
brown_hair,0.6537356321839081,0.707794540229885,iterative_all_layers,male,lr,21,0.6602011494252874,-0.006465517241379337,2.0,
bushy_eyebrows,0.5848745519713261,0.533189964157706,iterative_all_layers,male,lr,21,0.5564874551971326,0.028387096774193488,2.0,
chubby,0.549074074074074,0.6644675925925926,iterative_all_layers,male,lr,21,0.5990740740740741,-0.050000000000000044,2.0,
double_chin,0.5448377581120945,0.5882005899705014,iterative_all_layers,male,lr,21,0.5424778761061947,0.0023598820058997605,2.0,
eyeglasses,0.9271844660194175,0.9866990291262137,iterative_all_layers,male,lr,21,0.9268932038834952,0.0002912621359223433,2.0,
goatee,0.6661016949152543,0.7550847457627119,iterative_all_layers,male,lr,21,0.6555084745762711,0.010593220338983134,2.0,
gray_hair,0.8442545109211776,0.9313073757518202,iterative_all_layers,male,lr,21,0.882716049382716,-0.038461538461538325,2.0,
heavy_makeup,0.5051330648345573,0.5109373766090184,iterative_all_layers,male,lr,21,0.5494353628681987,-0.044302298033641385,2.0,
high_cheekbones,0.5356641221374046,0.5002748091603054,iterative_all_layers,male,lr,21,0.5442137404580153,-0.008549618320610741,2.0,
male,0.98828125,0.99310302734375,iterative_all_layers,male,lr,21,0.98828125,0.0,2.0,
mouth_slightly_open,0.4920110192837466,0.5220691766146311,iterative_all_layers,male,lr,21,0.5284664830119375,-0.03645546372819097,2.0,
mustache,0.7076271186440678,0.8218220338983051,iterative_all_layers,male,lr,21,0.6991525423728814,0.008474576271186418,2.0,
narrow_eyes,0.5751820196264641,0.560303893637227,iterative_all_layers,male,lr,21,0.5463754352643242,0.028806584362139898,2.0,
no_beard,0.5327426500201369,0.4544502617801048,iterative_all_layers,male,lr,21,0.5427305678614579,-0.009987917841321026,2.0,
oval_face,0.4981566820276498,0.417741935483871,iterative_all_layers,male,lr,21,0.5061443932411674,-0.007987711213517656,2.0,
pale_skin,0.5864817001180638,0.6676505312868949,iterative_all_layers,male,lr,21,0.613931523022432,-0.02744982290436826,2.0,
pointy_nose,0.46834011759384897,0.4660334690185437,iterative_all_layers,male,lr,21,0.49724106739032115,-0.028900949796472175,2.0,
receding_hairline,0.5223214285714286,0.5248325892857143,iterative_all_layers,male,lr,21,0.5044642857142857,0.017857142857142905,2.0,
rosy_cheeks,0.6096480433177456,0.6999753876445977,iterative_all_layers,male,lr,21,0.6265075067683977,-0.016859463450652146,2.0,
sideburns,0.6079777365491651,0.6282003710575139,iterative_all_layers,male,lr,21,0.6473098330241187,-0.039332096474953615,2.0,
smiling,0.7141546366528015,0.8035233667726939,iterative_all_layers,male,lr,21,0.8375336432591143,-0.12337900660631274,2.0,
straight_hair,0.5700432900432901,0.5897835497835497,iterative_all_layers,male,lr,21,0.5695238095238095,0.0005194805194805863,2.0,
wavy_hair,0.5032530904359142,0.580630170090157,iterative_all_layers,male,lr,21,0.5196579607770239,-0.016404870341109712,2.0,
wearing_earrings,0.686250565355043,0.7561284486657621,iterative_all_layers,male,lr,21,0.6630031659882406,0.023247399366802424,2.0,
wearing_hat,0.9370564472103942,0.9786002838737853,iterative_all_layers,male,lr,21,0.9068675619609128,0.03018888524948138,2.0,
wearing_lipstick,0.47818953869909286,0.4746187994595638,iterative_all_layers,male,lr,21,0.552306504535804,-0.07411696583671112,2.0,
wearing_necklace,0.6368455074337427,0.662055591467356,iterative_all_layers,male,lr,21,0.6044602456367163,0.03238526179702639,2.0,
wearing_necktie,0.6005747126436781,0.5465158045977011,iterative_all_layers,male,lr,21,0.5150862068965517,0.08548850574712641,2.0,
young,0.8244047619047619,0.8926542207792207,iterative_all_layers,male,lr,21,0.8706709956709957,-0.046266233766233844,2.0,
5_o_clock_shadow,0.5586379928315413,0.5668817204301075,iterative_all_layers,male,lr,22,0.5625089605734768,-0.003870967741935516,2.0,
arched_eyebrows,0.5765745007680492,0.586405529953917,iterative_all_layers,male,lr,22,0.5720430107526882,0.004531490015361017,2.0,
attractive,0.4965753424657534,0.5301992528019925,iterative_all_layers,male,lr,22,0.4942714819427148,0.0023038605230386033,2.0,
bags_under_eyes,0.4731136539619719,0.44472167254581435,iterative_all_layers,male,lr,22,0.5213800223694399,-0.04826636840746801,2.0,
bald,0.7548954161103694,0.8736092567868269,iterative_all_layers,male,lr,22,0.7810413885180241,-0.026145972407654705,2.0,
bangs,0.7154213036565977,0.8064387917329093,iterative_all_layers,male,lr,22,0.7107843137254902,0.004636989931107505,2.0,
big_lips,0.5,0.5362723214285714,iterative_all_layers,male,lr,22,0.47544642857142855,0.024553571428571452,2.0,
big_nose,0.5514520846085833,0.5825341766986329,iterative_all_layers,male,lr,22,0.6210977351560906,-0.06964565054750727,2.0,
black_hair,0.7264322178105502,0.874758933635848,iterative_all_layers,male,lr,22,0.7409529211571186,-0.014520703346568409,2.0,
blond_hair,0.8626843657817109,0.9056047197640118,iterative_all_layers,male,lr,22,0.863716814159292,-0.0010324483775810966,2.0,
blurry,0.6369918699186992,0.7264227642276423,iterative_all_layers,male,lr,22,0.6747967479674797,-0.03780487804878052,2.0,
brown_hair,0.6637931034482758,0.6695402298850575,iterative_all_layers,male,lr,22,0.6602011494252874,0.0035919540229883973,2.0,
bushy_eyebrows,0.5108960573476703,0.497921146953405,iterative_all_layers,male,lr,22,0.5564874551971326,-0.04559139784946231,2.0,
chubby,0.5185185185185186,0.627662037037037,iterative_all_layers,male,lr,22,0.5990740740740741,-0.08055555555555549,2.0,
double_chin,0.5679941002949852,0.5899705014749262,iterative_all_layers,male,lr,22,0.5424778761061947,0.025516224188790515,2.0,
eyeglasses,0.8559223300970873,0.953009708737864,iterative_all_layers,male,lr,22,0.9268932038834952,-0.07097087378640787,2.0,
goatee,0.6453389830508475,0.7129237288135594,iterative_all_layers,male,lr,22,0.6555084745762711,-0.01016949152542368,2.0,
gray_hair,0.7996201329534662,0.8740107628996518,iterative_all_layers,male,lr,22,0.882716049382716,-0.08309591642924974,2.0,
heavy_makeup,0.47311063728974173,0.5114901682065861,iterative_all_layers,male,lr,22,0.5494353628681987,-0.07632472557845699,2.0,
high_cheekbones,0.5174961832061069,0.4649770992366413,iterative_all_layers,male,lr,22,0.5442137404580153,-0.026717557251908386,2.0,
male,0.98046875,0.98828125,iterative_all_layers,male,lr,22,0.98828125,-0.0078125,2.0,
mouth_slightly_open,0.5233547597183961,0.5123354759718397,iterative_all_layers,male,lr,22,0.5284664830119375,-0.005111723293541481,2.0,
mustache,0.6970338983050848,0.7786016949152542,iterative_all_layers,male,lr,22,0.6991525423728814,-0.0021186440677966045,2.0,
narrow_eyes,0.5834124723013612,0.597974042418487,iterative_all_layers,male,lr,22,0.5463754352643242,0.03703703703703698,2.0,
no_beard,0.5327426500201369,0.45928312525171167,iterative_all_layers,male,lr,22,0.5427305678614579,-0.009987917841321026,2.0,
oval_face,0.4856374807987711,0.4331797235023041,iterative_all_layers,male,lr,22,0.5061443932411674,-0.02050691244239633,2.0,
pale_skin,0.5404368358913814,0.6688311688311688,iterative_all_layers,male,lr,22,0.613931523022432,-0.07349468713105067,2.0,
pointy_nose,0.4872908186341022,0.45689733152419715,iterative_all_layers,male,lr,22,0.49724106739032115,-0.009950248756218971,2.0,
receding_hairline,0.5535714285714286,0.5146484375,iterative_all_layers,male,lr,22,0.5044642857142857,0.049107142857142905,2.0,
rosy_cheeks,0.6223234063499876,0.7071129707112971,iterative_all_layers,male,lr,22,0.6265075067683977,-0.004184100418410108,2.0,
sideburns,0.5569573283858998,0.5955473098330242,iterative_all_layers,male,lr,22,0.6473098330241187,-0.09035250463821887,2.0,
smiling,0.7383777832150722,0.8341081477856619,iterative_all_layers,male,lr,22,0.8375336432591143,-0.09915586004404209,2.0,
straight_hair,0.5857142857142856,0.5845887445887447,iterative_all_layers,male,lr,22,0.5695238095238095,0.01619047619047609,2.0,
wavy_hair,0.5524677014592434,0.604238312110791,iterative_all_layers,male,lr,22,0.5196579607770239,0.032809740682219535,2.0,
wearing_earrings,0.6126639529624605,0.6642243328810493,iterative_all_layers,male,lr,22,0.6630031659882406,-0.05033921302578015,2.0,
wearing_hat,0.9276667758488918,0.9786002838737854,iterative_all_layers,male,lr,22,0.9068675619609128,0.020799213887979007,2.0,
wearing_lipstick,0.4694074502991701,0.4482403654378177,iterative_all_layers,male,lr,22,0.552306504535804,-0.0828990542366339,2.0,
wearing_necklace,0.6248222365869425,0.647317388493859,iterative_all_layers,male,lr,22,0.6044602456367163,0.020361990950226172,2.0,
wearing_necktie,0.5524425287356323,0.5199353448275863,iterative_all_layers,male,lr,22,0.5150862068965517,0.03735632183908055,2.0,
young,0.6910173160173161,0.7797619047619048,iterative_all_layers,male,lr,22,0.8706709956709957,-0.17965367965367962,2.0,
5_o_clock_shadow,0.5453046594982078,0.5187096774193548,iterative_all_layers,male,lr,23,0.5625089605734768,-0.017204301075268935,2.0,
arched_eyebrows,0.48179723502304145,0.44539170506912446,iterative_all_layers,male,lr,23,0.5720430107526882,-0.0902457757296467,2.0,
attractive,0.5056662515566624,0.500747198007472,iterative_all_layers,male,lr,23,0.4942714819427148,0.011394769613947642,2.0,
bags_under_eyes,0.5018927987610772,0.5274886001892799,iterative_all_layers,male,lr,23,0.5213800223694399,-0.019487223608362747,2.0,
bald,0.4439252336448598,0.3475745438362261,iterative_all_layers,male,lr,23,0.7810413885180241,-0.33711615487316426,2.0,
bangs,0.4868839427662957,0.47111817700053,iterative_all_layers,male,lr,23,0.7107843137254902,-0.22390037095919452,2.0,
big_lips,0.49776785714285715,0.4665178571428571,iterative_all_layers,male,lr,23,0.47544642857142855,0.022321428571428603,2.0,
big_nose,0.47259062776304156,0.44147452900768547,iterative_all_layers,male,lr,23,0.6210977351560906,-0.148507107393049,2.0,
black_hair,0.5423142370958594,0.5366988088485536,iterative_all_layers,male,lr,23,0.7409529211571186,-0.19863868406125929,2.0,
blond_hair,0.4606194690265487,0.5134218289085546,iterative_all_layers,male,lr,23,0.863716814159292,-0.4030973451327433,2.0,
blurry,0.5686991869918699,0.5040650406504065,iterative_all_layers,male,lr,23,0.6747967479674797,-0.10609756097560974,2.0,
brown_hair,0.5352011494252874,0.5677083333333334,iterative_all_layers,male,lr,23,0.6602011494252874,-0.125,2.0,
bushy_eyebrows,0.4747670250896058,0.45318996415770607,iterative_all_layers,male,lr,23,0.5564874551971326,-0.08172043010752683,2.0,
chubby,0.4486111111111111,0.4158564814814815,iterative_all_layers,male,lr,23,0.5990740740740741,-0.15046296296296297,2.0,
double_chin,0.4513274336283186,0.48141592920353987,iterative_all_layers,male,lr,23,0.5424778761061947,-0.09115044247787607,2.0,
eyeglasses,0.5419417475728155,0.5333009708737864,iterative_all_layers,male,lr,23,0.9268932038834952,-0.3849514563106796,2.0,
goatee,0.476271186440678,0.4629237288135593,iterative_all_layers,male,lr,23,0.6555084745762711,-0.17923728813559314,2.0,
gray_hair,0.5118708452041785,0.43463121240899016,iterative_all_layers,male,lr,23,0.882716049382716,-0.3708452041785375,2.0,
heavy_makeup,0.45846165995419724,0.4566848298191582,iterative_all_layers,male,lr,23,0.5494353628681987,-0.09097370291400148,2.0,
high_cheekbones,0.47022900763358777,0.4315725190839695,iterative_all_layers,male,lr,23,0.5442137404580153,-0.07398473282442752,2.0,
male,0.54296875,0.655029296875,iterative_all_layers,male,lr,23,0.98828125,-0.4453125,2.0,
mouth_slightly_open,0.4905723905723906,0.4602387511478421,iterative_all_layers,male,lr,23,0.5284664830119375,-0.037894092439546945,2.0,
mustache,0.44872881355932204,0.5673728813559322,iterative_all_layers,male,lr,23,0.6991525423728814,-0.25042372881355934,2.0,
narrow_eyes,0.5402025957581513,0.5720164609053497,iterative_all_layers,male,lr,23,0.5463754352643242,-0.006172839506172867,2.0,
no_beard,0.4710430930326218,0.4908578332662102,iterative_all_layers,male,lr,23,0.5427305678614579,-0.07168747482883608,2.0,
oval_face,0.4990015360983103,0.5329493087557604,iterative_all_layers,male,lr,23,0.5061443932411674,-0.0071428571428571175,2.0,
pale_skin,0.5026564344746163,0.505017709563164,iterative_all_layers,male,lr,23,0.613931523022432,-0.11127508854781576,2.0,
pointy_nose,0.5161917684305745,0.5211216644052464,iterative_all_layers,male,lr,23,0.49724106739032115,0.018950701040253315,2.0,
receding_hairline,0.3995535714285714,0.42034040178571425,iterative_all_layers,male,lr,23,0.5044642857142857,-0.1049107142857143,2.0,
rosy_cheeks,0.4900319960620231,0.49077036672409546,iterative_all_layers,male,lr,23,0.6265075067683977,-0.13647551070637465,2.0,
sideburns,0.38534322820037104,0.38070500927643786,iterative_all_layers,male,lr,23,0.6473098330241187,-0.2619666048237477,2.0,
smiling,0.5198801076584292,0.49168093956447273,iterative_all_layers,male,lr,23,0.8375336432591143,-0.3176535356006851,2.0,
straight_hair,0.5181818181818182,0.5139393939393939,iterative_all_layers,male,lr,23,0.5695238095238095,-0.051341991341991355,2.0,
wavy_hair,0.5385258853053257,0.48210800260247233,iterative_all_layers,male,lr,23,0.5196579607770239,0.018867924528301883,2.0,
wearing_earrings,0.4770691994572592,0.4610583446404342,iterative_all_layers,male,lr,23,0.6630031659882406,-0.18593396653098143,2.0,
wearing_hat,0.5318812097390545,0.5999563271099464,iterative_all_layers,male,lr,23,0.9068675619609128,-0.3749863522218583,2.0,
wearing_lipstick,0.4684102168178601,0.433764395547835,iterative_all_layers,male,lr,23,0.552306504535804,-0.08389628771794388,2.0,
wearing_necklace,0.5624434389140271,0.540917905623788,iterative_all_layers,male,lr,23,0.6044602456367163,-0.04201680672268915,2.0,
wearing_necktie,0.5905172413793103,0.6153017241379309,iterative_all_layers,male,lr,23,0.5150862068965517,0.07543103448275856,2.0,
young,0.41747835497835495,0.4333739177489178,iterative_all_layers,male,lr,23,0.8706709956709957,-0.45319264069264076,2.0,
5_o_clock_shadow,0.5602867383512544,0.5848028673835125,iterative_all_layers,male,pclarc,0,0.5625089605734768,-0.0022222222222223476,2.0,
arched_eyebrows,0.5747311827956989,0.6256528417818741,iterative_all_layers,male,pclarc,0,0.5720430107526882,0.0026881720430107503,2.0,
attractive,0.49769613947696134,0.5732876712328768,iterative_all_layers,male,pclarc,0,0.4942714819427148,0.0034246575342465335,2.0,
bags_under_eyes,0.5154435171642433,0.4386130947259744,iterative_all_layers,male,pclarc,0,0.5213800223694399,-0.005936505205196618,2.0,
bald,0.7810413885180241,0.8798397863818426,iterative_all_layers,male,pclarc,0,0.7810413885180241,0.0,2.0,
bangs,0.7130365659777425,0.8243243243243242,iterative_all_layers,male,pclarc,0,0.7107843137254902,0.0022522522522522292,2.0,
big_lips,0.47767857142857145,0.48465401785714285,iterative_all_layers,male,pclarc,0,0.47544642857142855,0.0022321428571429047,2.0,
big_nose,0.6123920288376522,0.6795211861524859,iterative_all_layers,male,pclarc,0,0.6210977351560906,-0.008705706318438367,2.0,
black_hair,0.7409529211571186,0.8925694838343732,iterative_all_layers,male,pclarc,0,0.7409529211571186,0.0,2.0,
blond_hair,0.863716814159292,0.916519174041298,iterative_all_layers,male,pclarc,0,0.863716814159292,0.0,2.0,
blurry,0.6788617886178862,0.7609756097560976,iterative_all_layers,male,pclarc,0,0.6747967479674797,0.004065040650406471,2.0,
brown_hair,0.6666666666666667,0.7984913793103448,iterative_all_layers,male,pclarc,0,0.6602011494252874,0.006465517241379337,2.0,
bushy_eyebrows,0.5564874551971326,0.552831541218638,iterative_all_layers,male,pclarc,0,0.5564874551971326,0.0,2.0,
chubby,0.5990740740740741,0.679513888888889,iterative_all_layers,male,pclarc,0,0.5990740740740741,0.0,2.0,
double_chin,0.5424778761061947,0.6532448377581122,iterative_all_layers,male,pclarc,0,0.5424778761061947,0.0,2.0,
eyeglasses,0.9268932038834952,0.9866019417475728,iterative_all_layers,male,pclarc,0,0.9268932038834952,0.0,2.0,
goatee,0.6597457627118644,0.7756355932203389,iterative_all_layers,male,pclarc,0,0.6555084745762711,0.004237288135593209,2.0,
gray_hair,0.8786008230452675,0.9626464070908516,iterative_all_layers,male,pclarc,0,0.882716049382716,-0.00411522633744843,2.0,
heavy_makeup,0.5494353628681987,0.5898286346047541,iterative_all_layers,male,pclarc,0,0.5494353628681987,0.0,2.0,
high_cheekbones,0.5440305343511451,0.4475725190839695,iterative_all_layers,male,pclarc,0,0.5442137404580153,-0.0001832061068701707,2.0,
male,0.98828125,0.9891357421875,iterative_all_layers,male,pclarc,0,0.98828125,0.0,2.0,
mouth_slightly_open,0.5325987144168962,0.5367615549433732,iterative_all_layers,male,pclarc,0,0.5284664830119375,0.004132231404958664,2.0,
mustache,0.726271186440678,0.8027542372881356,iterative_all_layers,male,pclarc,0,0.6991525423728814,0.027118644067796627,2.0,
narrow_eyes,0.5463754352643242,0.5207344096232985,iterative_all_layers,male,pclarc,0,0.5463754352643242,0.0,2.0,
no_beard,0.5427305678614579,0.47966169955698745,iterative_all_layers,male,pclarc,0,0.5427305678614579,0.0,2.0,
oval_face,0.5088325652841782,0.4562980030721966,iterative_all_layers,male,pclarc,0,0.5061443932411674,0.0026881720430107503,2.0,
pale_skin,0.613931523022432,0.7408500590318772,iterative_all_layers,male,pclarc,0,0.613931523022432,0.0,2.0,
pointy_nose,0.5038444142921755,0.5605608322026232,iterative_all_layers,male,pclarc,0,0.49724106739032115,0.006603346901854379,2.0,
receding_hairline,0.5044642857142857,0.5305524553571428,iterative_all_layers,male,pclarc,0,0.5044642857142857,0.0,2.0,
rosy_cheeks,0.6265075067683977,0.7223726310607926,iterative_all_layers,male,pclarc,0,0.6265075067683977,0.0,2.0,
sideburns,0.65139146567718,0.6564007421150277,iterative_all_layers,male,pclarc,0,0.6473098330241187,0.004081632653061273,2.0,
smiling,0.8375336432591143,0.9600562759970638,iterative_all_layers,male,pclarc,0,0.8375336432591143,0.0,2.0,
straight_hair,0.5695238095238095,0.5587878787878788,iterative_all_layers,male,pclarc,0,0.5695238095238095,0.0,2.0,
wavy_hair,0.5171949065898318,0.555256064690027,iterative_all_layers,male,pclarc,0,0.5196579607770239,-0.0024630541871920597,2.0,
wearing_earrings,0.6580280416101312,0.746540027137042,iterative_all_layers,male,pclarc,0,0.6630031659882406,-0.00497512437810943,2.0,
wearing_hat,0.9068675619609128,0.9616770389780543,iterative_all_layers,male,pclarc,0,0.9068675619609128,0.0,2.0,
wearing_lipstick,0.557357009586309,0.5449398443029017,iterative_all_layers,male,pclarc,0,0.552306504535804,0.005050505050504972,2.0,
wearing_necklace,0.5781512605042016,0.6226244343891403,iterative_all_layers,male,pclarc,0,0.6044602456367163,-0.026308985132514673,2.0,
wearing_necktie,0.5172413793103449,0.5001795977011494,iterative_all_layers,male,pclarc,0,0.5150862068965517,0.0021551724137931494,2.0,
young,0.8706709956709957,0.9466314935064934,iterative_all_layers,male,pclarc,0,0.8706709956709957,0.0,2.0,
5_o_clock_shadow,0.5602867383512544,0.5830824372759857,iterative_all_layers,male,pclarc,1,0.5625089605734768,-0.0022222222222223476,2.0,
arched_eyebrows,0.5720430107526882,0.6266513056835638,iterative_all_layers,male,pclarc,1,0.5720430107526882,0.0,2.0,
attractive,0.4942714819427148,0.571917808219178,iterative_all_layers,male,pclarc,1,0.4942714819427148,0.0,2.0,
bags_under_eyes,0.5289942355674094,0.4391293125699045,iterative_all_layers,male,pclarc,1,0.5213800223694399,0.0076142131979695105,2.0,
bald,0.7691366266132622,0.8792834890965732,iterative_all_layers,male,pclarc,1,0.7810413885180241,-0.011904761904761862,2.0,
bangs,0.6983306836248013,0.8244568097509274,iterative_all_layers,male,pclarc,1,0.7107843137254902,-0.012453630100688895,2.0,
big_lips,0.47544642857142855,0.47670200892857145,iterative_all_layers,male,pclarc,1,0.47544642857142855,0.0,2.0,
big_nose,0.6094334489559954,0.6785689995239067,iterative_all_layers,male,pclarc,1,0.6210977351560906,-0.011664286200095186,2.0,
black_hair,0.7432785025524674,0.8924560408394782,iterative_all_layers,male,pclarc,1,0.7409529211571186,0.0023255813953487747,2.0,
blond_hair,0.8615044247787611,0.9163716814159293,iterative_all_layers,male,pclarc,1,0.863716814159292,-0.0022123893805309214,2.0,
blurry,0.6788617886178862,0.7646341463414634,iterative_all_layers,male,pclarc,1,0.6747967479674797,0.004065040650406471,2.0,
brown_hair,0.6645114942528736,0.7979525862068966,iterative_all_layers,male,pclarc,1,0.6602011494252874,0.004310344827586188,2.0,
bushy_eyebrows,0.5564874551971326,0.5536917562724014,iterative_all_layers,male,pclarc,1,0.5564874551971326,0.0,2.0,
chubby,0.6013888888888889,0.6809027777777777,iterative_all_layers,male,pclarc,1,0.5990740740740741,0.0023148148148147696,2.0,
double_chin,0.5424778761061947,0.6510324483775811,iterative_all_layers,male,pclarc,1,0.5424778761061947,0.0,2.0,
eyeglasses,0.9268932038834952,0.986504854368932,iterative_all_layers,male,pclarc,1,0.9268932038834952,0.0,2.0,
goatee,0.6555084745762711,0.7754237288135594,iterative_all_layers,male,pclarc,1,0.6555084745762711,0.0,2.0,
gray_hair,0.8806584362139918,0.9626464070908516,iterative_all_layers,male,pclarc,1,0.882716049382716,-0.002057613168724215,2.0,
heavy_makeup,0.5494353628681987,0.5906183368869936,iterative_all_layers,male,pclarc,1,0.5494353628681987,0.0,2.0,
high_cheekbones,0.5440305343511451,0.44647328244274803,iterative_all_layers,male,pclarc,1,0.5442137404580153,-0.0001832061068701707,2.0,
male,0.98828125,0.98956298828125,iterative_all_layers,male,pclarc,1,0.98828125,0.0,2.0,
mouth_slightly_open,0.5284664830119375,0.5367615549433732,iterative_all_layers,male,pclarc,1,0.5284664830119375,0.0,2.0,
mustache,0.726271186440678,0.8019067796610169,iterative_all_layers,male,pclarc,1,0.6991525423728814,0.027118644067796627,2.0,
narrow_eyes,0.5443178220955999,0.5267489711934157,iterative_all_layers,male,pclarc,1,0.5463754352643242,-0.002057613168724326,2.0,
no_beard,0.5453483689085783,0.4807088199758357,iterative_all_layers,male,pclarc,1,0.5427305678614579,0.002617801047120394,2.0,
oval_face,0.5061443932411674,0.4556067588325653,iterative_all_layers,male,pclarc,1,0.5061443932411674,0.0,2.0,
pale_skin,0.6118654073199528,0.7399645808736718,iterative_all_layers,male,pclarc,1,0.613931523022432,-0.0020661157024792765,2.0,
pointy_nose,0.5038444142921755,0.5601990049751244,iterative_all_layers,male,pclarc,1,0.49724106739032115,0.006603346901854379,2.0,
receding_hairline,0.5066964285714286,0.5285993303571428,iterative_all_layers,male,pclarc,1,0.5044642857142857,0.0022321428571429047,2.0,
rosy_cheeks,0.6244154565591927,0.7245877430470096,iterative_all_layers,male,pclarc,1,0.6265075067683977,-0.0020920502092049986,2.0,
sideburns,0.65139146567718,0.6552875695732839,iterative_all_layers,male,pclarc,1,0.6473098330241187,0.004081632653061273,2.0,
smiling,0.8334352826033766,0.9597504281869341,iterative_all_layers,male,pclarc,1,0.8375336432591143,-0.004098360655737654,2.0,
straight_hair,0.5473593073593073,0.5619047619047619,iterative_all_layers,male,pclarc,1,0.5695238095238095,-0.022164502164502276,2.0,
wavy_hair,0.5196579607770239,0.5554419555720792,iterative_all_layers,male,pclarc,1,0.5196579607770239,0.0,2.0,
wearing_earrings,0.660515603799186,0.7469923111714156,iterative_all_layers,male,pclarc,1,0.6630031659882406,-0.0024875621890546595,2.0,
wearing_hat,0.9068675619609128,0.9626596790042581,iterative_all_layers,male,pclarc,1,0.9068675619609128,0.0,2.0,
wearing_lipstick,0.557357009586309,0.5450685195908126,iterative_all_layers,male,pclarc,1,0.552306504535804,0.005050505050504972,2.0,
wearing_necklace,0.590174531351002,0.6232708468002586,iterative_all_layers,male,pclarc,1,0.6044602456367163,-0.014285714285714346,2.0,
wearing_necktie,0.5172413793103449,0.5021551724137931,iterative_all_layers,male,pclarc,1,0.5150862068965517,0.0021551724137931494,2.0,
young,0.8706709956709957,0.9463609307359307,iterative_all_layers,male,pclarc,1,0.8706709956709957,0.0,2.0,
5_o_clock_shadow,0.5625089605734768,0.5807885304659498,iterative_all_layers,male,pclarc,2,0.5625089605734768,0.0,2.0,
arched_eyebrows,0.564900153609831,0.6282642089093702,iterative_all_layers,male,pclarc,2,0.5720430107526882,-0.0071428571428571175,2.0,
attractive,0.4942714819427148,0.5727895392278954,iterative_all_layers,male,pclarc,2,0.4942714819427148,0.0,2.0,
bags_under_eyes,0.5069689408930569,0.4379248042674009,iterative_all_layers,male,pclarc,2,0.5213800223694399,-0.014411081476383036,2.0,
bald,0.7691366266132622,0.8786159323542501,iterative_all_layers,male,pclarc,2,0.7810413885180241,-0.011904761904761862,2.0,
bangs,0.7130365659777425,0.8249867514573397,iterative_all_layers,male,pclarc,2,0.7107843137254902,0.0022522522522522292,2.0,
big_lips,0.47544642857142855,0.48088727678571425,iterative_all_layers,male,pclarc,2,0.47544642857142855,0.0,2.0,
big_nose,0.6064748690743386,0.6776848262259403,iterative_all_layers,male,pclarc,2,0.6210977351560906,-0.014622866081752006,2.0,
black_hair,0.7577992058990357,0.8943845717526944,iterative_all_layers,male,pclarc,2,0.7409529211571186,0.016846284741917072,2.0,
blond_hair,0.8615044247787611,0.9163716814159293,iterative_all_layers,male,pclarc,2,0.863716814159292,-0.0022123893805309214,2.0,
blurry,0.6829268292682926,0.7585365853658537,iterative_all_layers,male,pclarc,2,0.6747967479674797,0.008130081300812941,2.0,
brown_hair,0.6645114942528736,0.795617816091954,iterative_all_layers,male,pclarc,2,0.6602011494252874,0.004310344827586188,2.0,
bushy_eyebrows,0.5564874551971326,0.5538351254480287,iterative_all_layers,male,pclarc,2,0.5564874551971326,0.0,2.0,
chubby,0.6013888888888889,0.6825231481481482,iterative_all_layers,male,pclarc,2,0.5990740740740741,0.0023148148148147696,2.0,
double_chin,0.5424778761061947,0.6542772861356931,iterative_all_layers,male,pclarc,2,0.5424778761061947,0.0,2.0,
eyeglasses,0.931747572815534,0.9859223300970873,iterative_all_layers,male,pclarc,2,0.9268932038834952,0.004854368932038833,2.0,
goatee,0.6576271186440679,0.7701271186440678,iterative_all_layers,male,pclarc,2,0.6555084745762711,0.0021186440677967155,2.0,
gray_hair,0.8786008230452675,0.965178854067743,iterative_all_layers,male,pclarc,2,0.882716049382716,-0.00411522633744843,2.0,
heavy_makeup,0.5520808655137013,0.5929084735054884,iterative_all_layers,male,pclarc,2,0.5494353628681987,0.002645502645502562,2.0,
high_cheekbones,0.5402137404580153,0.44903816793893125,iterative_all_layers,male,pclarc,2,0.5442137404580153,-0.0040000000000000036,2.0,
male,0.98828125,0.9891357421875,iterative_all_layers,male,pclarc,2,0.98828125,0.0,2.0,
mouth_slightly_open,0.5288950107131926,0.5385981022344659,iterative_all_layers,male,pclarc,2,0.5284664830119375,0.0004285277012550104,2.0,
mustache,0.751271186440678,0.7970338983050848,iterative_all_layers,male,pclarc,2,0.6991525423728814,0.05211864406779665,2.0,
narrow_eyes,0.5443178220955999,0.5299145299145299,iterative_all_layers,male,pclarc,2,0.5463754352643242,-0.002057613168724326,2.0,
no_beard,0.5401127668143375,0.482078131292791,iterative_all_layers,male,pclarc,2,0.5427305678614579,-0.002617801047120394,2.0,
oval_face,0.5088325652841782,0.4523809523809524,iterative_all_layers,male,pclarc,2,0.5061443932411674,0.0026881720430107503,2.0,
pale_skin,0.613931523022432,0.7328807556080283,iterative_all_layers,male,pclarc,2,0.613931523022432,0.0,2.0,
pointy_nose,0.5063319764812302,0.5600180913613749,iterative_all_layers,male,pclarc,2,0.49724106739032115,0.009090909090909038,2.0,
receding_hairline,0.5066964285714286,0.5267857142857143,iterative_all_layers,male,pclarc,2,0.5044642857142857,0.0022321428571429047,2.0,
rosy_cheeks,0.6285995569776028,0.7324636967757814,iterative_all_layers,male,pclarc,2,0.6265075067683977,0.0020920502092051096,2.0,
sideburns,0.6575139146567719,0.6582560296846011,iterative_all_layers,male,pclarc,2,0.6473098330241187,0.010204081632653184,2.0,
smiling,0.8375336432591143,0.9602397846831416,iterative_all_layers,male,pclarc,2,0.8375336432591143,0.0,2.0,
straight_hair,0.5738528138528138,0.5567099567099567,iterative_all_layers,male,pclarc,2,0.5695238095238095,0.0043290043290042934,2.0,
wavy_hair,0.5102239985128729,0.5588809368900456,iterative_all_layers,male,pclarc,2,0.5196579607770239,-0.009433962264150941,2.0,
wearing_earrings,0.6555404794210764,0.7442786069651741,iterative_all_layers,male,pclarc,2,0.6630031659882406,-0.007462686567164201,2.0,
wearing_hat,0.9068675619609128,0.9641882301561306,iterative_all_layers,male,pclarc,2,0.9068675619609128,0.0,2.0,
wearing_lipstick,0.5706427330631152,0.5462909348259667,iterative_all_layers,male,pclarc,2,0.552306504535804,0.018336228527311205,2.0,
wearing_necklace,0.592436974789916,0.6217194570135747,iterative_all_layers,male,pclarc,2,0.6044602456367163,-0.012023270846800327,2.0,
wearing_necktie,0.5150862068965517,0.4967672413793104,iterative_all_layers,male,pclarc,2,0.5150862068965517,0.0,2.0,
young,0.8676948051948052,0.9473079004329005,iterative_all_layers,male,pclarc,2,0.8706709956709957,-0.0029761904761904656,2.0,
5_o_clock_shadow,0.5625089605734768,0.5774910394265232,iterative_all_layers,male,pclarc,3,0.5625089605734768,0.0,2.0,
arched_eyebrows,0.5622119815668203,0.6287250384024577,iterative_all_layers,male,pclarc,3,0.5720430107526882,-0.009831029185867868,2.0,
attractive,0.4942714819427148,0.5717932752179328,iterative_all_layers,male,pclarc,3,0.4942714819427148,0.0,2.0,
bags_under_eyes,0.5069689408930569,0.44041985717972987,iterative_all_layers,male,pclarc,3,0.5213800223694399,-0.014411081476383036,2.0,
bald,0.7691366266132622,0.8782821539830885,iterative_all_layers,male,pclarc,3,0.7810413885180241,-0.011904761904761862,2.0,
bangs,0.7152888182299947,0.8251192368839428,iterative_all_layers,male,pclarc,3,0.7107843137254902,0.0045045045045044585,2.0,
big_lips,0.4732142857142857,0.48018973214285715,iterative_all_layers,male,pclarc,3,0.47544642857142855,-0.002232142857142849,2.0,
big_nose,0.6094334489559954,0.6783649595320683,iterative_all_layers,male,pclarc,3,0.6210977351560906,-0.011664286200095186,2.0,
black_hair,0.7456040839478162,0.8948383437322746,iterative_all_layers,male,pclarc,3,0.7409529211571186,0.0046511627906975495,2.0,
blond_hair,0.8615044247787611,0.9168141592920355,iterative_all_layers,male,pclarc,3,0.863716814159292,-0.0022123893805309214,2.0,
blurry,0.6747967479674797,0.759349593495935,iterative_all_layers,male,pclarc,3,0.6747967479674797,0.0,2.0,
brown_hair,0.6645114942528736,0.7947198275862069,iterative_all_layers,male,pclarc,3,0.6602011494252874,0.004310344827586188,2.0,
bushy_eyebrows,0.5564874551971326,0.5532616487455198,iterative_all_layers,male,pclarc,3,0.5564874551971326,0.0,2.0,
chubby,0.5990740740740741,0.6834490740740742,iterative_all_layers,male,pclarc,3,0.5990740740740741,0.0,2.0,
double_chin,0.5513274336283186,0.6551622418879056,iterative_all_layers,male,pclarc,3,0.5424778761061947,0.008849557522123908,2.0,
eyeglasses,0.9390291262135922,0.9860194174757281,iterative_all_layers,male,pclarc,3,0.9268932038834952,0.012135922330097082,2.0,
goatee,0.6512711864406779,0.771186440677966,iterative_all_layers,male,pclarc,3,0.6555084745762711,-0.004237288135593209,2.0,
gray_hair,0.882716049382716,0.9661285216840773,iterative_all_layers,male,pclarc,3,0.882716049382716,0.0,2.0,
heavy_makeup,0.5494353628681987,0.5951196398957593,iterative_all_layers,male,pclarc,3,0.5494353628681987,0.0,2.0,
high_cheekbones,0.5363969465648855,0.4493435114503817,iterative_all_layers,male,pclarc,3,0.5442137404580153,-0.007816793893129836,2.0,
male,0.98828125,0.98907470703125,iterative_all_layers,male,pclarc,3,0.98828125,0.0,2.0,
mouth_slightly_open,0.5288950107131926,0.5411692684419958,iterative_all_layers,male,pclarc,3,0.5284664830119375,0.0004285277012550104,2.0,
mustache,0.7241525423728814,0.7976694915254237,iterative_all_layers,male,pclarc,3,0.6991525423728814,0.025000000000000022,2.0,
narrow_eyes,0.5463754352643242,0.5273820829376386,iterative_all_layers,male,pclarc,3,0.5463754352643242,0.0,2.0,
no_beard,0.5401127668143375,0.4807088199758357,iterative_all_layers,male,pclarc,3,0.5427305678614579,-0.002617801047120394,2.0,
oval_face,0.5088325652841782,0.4522273425499232,iterative_all_layers,male,pclarc,3,0.5061443932411674,0.0026881720430107503,2.0,
pale_skin,0.6118654073199528,0.7349468713105076,iterative_all_layers,male,pclarc,3,0.613931523022432,-0.0020661157024792765,2.0,
pointy_nose,0.5038444142921755,0.5609226594301222,iterative_all_layers,male,pclarc,3,0.49724106739032115,0.006603346901854379,2.0,
receding_hairline,0.5066964285714286,0.5270647321428572,iterative_all_layers,male,pclarc,3,0.5044642857142857,0.0022321428571429047,2.0,
rosy_cheeks,0.6265075067683977,0.7329559438838296,iterative_all_layers,male,pclarc,3,0.6265075067683977,0.0,2.0,
sideburns,0.6575139146567719,0.6504638218923934,iterative_all_layers,male,pclarc,3,0.6473098330241187,0.010204081632653184,2.0,
smiling,0.8375336432591143,0.9604844629312455,iterative_all_layers,male,pclarc,3,0.8375336432591143,0.0,2.0,
straight_hair,0.5673593073593073,0.5591341991341992,iterative_all_layers,male,pclarc,3,0.5695238095238095,-0.0021645021645022577,2.0,
wavy_hair,0.5102239985128729,0.5597174458592806,iterative_all_layers,male,pclarc,3,0.5196579607770239,-0.009433962264150941,2.0,
wearing_earrings,0.6539122568973315,0.7443690637720488,iterative_all_layers,male,pclarc,3,0.6630031659882406,-0.00909090909090915,2.0,
wearing_hat,0.9068675619609128,0.9647341412817994,iterative_all_layers,male,pclarc,3,0.9068675619609128,0.0,2.0,
wearing_lipstick,0.5687769413884063,0.5477063629929873,iterative_all_layers,male,pclarc,3,0.552306504535804,0.0164704368526023,2.0,
wearing_necklace,0.5879120879120879,0.6192630898513252,iterative_all_layers,male,pclarc,3,0.6044602456367163,-0.016548157724628365,2.0,
wearing_necktie,0.5193965517241379,0.496228448275862,iterative_all_layers,male,pclarc,3,0.5150862068965517,0.004310344827586188,2.0,
young,0.8736471861471862,0.9456168831168832,iterative_all_layers,male,pclarc,3,0.8706709956709957,0.0029761904761904656,2.0,
5_o_clock_shadow,0.5647311827956989,0.5774910394265234,iterative_all_layers,male,pclarc,4,0.5625089605734768,0.0022222222222221255,2.0,
arched_eyebrows,0.5774193548387097,0.6293394777265746,iterative_all_layers,male,pclarc,4,0.5720430107526882,0.005376344086021501,2.0,
attractive,0.49769613947696134,0.5701743462017435,iterative_all_layers,male,pclarc,4,0.4942714819427148,0.0034246575342465335,2.0,
bags_under_eyes,0.5222403854426568,0.4485933063752904,iterative_all_layers,male,pclarc,4,0.5213800223694399,0.0008603630732169076,2.0,
bald,0.7691366266132622,0.8779483756119268,iterative_all_layers,male,pclarc,4,0.7810413885180241,-0.011904761904761862,2.0,
bangs,0.7152888182299947,0.8257816640169581,iterative_all_layers,male,pclarc,4,0.7107843137254902,0.0045045045045044585,2.0,
big_lips,0.4575892857142857,0.47795758928571425,iterative_all_layers,male,pclarc,4,0.47544642857142855,-0.01785714285714285,2.0,
big_nose,0.615350608719309,0.6776848262259404,iterative_all_layers,male,pclarc,4,0.6210977351560906,-0.005747126436781547,2.0,
black_hair,0.7601247872943846,0.8961996596710153,iterative_all_layers,male,pclarc,4,0.7409529211571186,0.019171866137265958,2.0,
blond_hair,0.8615044247787611,0.9174041297935103,iterative_all_layers,male,pclarc,4,0.863716814159292,-0.0022123893805309214,2.0,
blurry,0.6768292682926829,0.751219512195122,iterative_all_layers,male,pclarc,4,0.6747967479674797,0.00203252032520318,2.0,
brown_hair,0.6602011494252874,0.7961566091954023,iterative_all_layers,male,pclarc,4,0.6602011494252874,0.0,2.0,
bushy_eyebrows,0.5564874551971326,0.5549820788530465,iterative_all_layers,male,pclarc,4,0.5564874551971326,0.0,2.0,
chubby,0.6037037037037037,0.6818287037037037,iterative_all_layers,male,pclarc,4,0.5990740740740741,0.00462962962962965,2.0,
double_chin,0.5446902654867256,0.6578171091445428,iterative_all_layers,male,pclarc,4,0.5424778761061947,0.0022123893805309214,2.0,
eyeglasses,0.931747572815534,0.9855339805825243,iterative_all_layers,male,pclarc,4,0.9268932038834952,0.004854368932038833,2.0,
goatee,0.6512711864406779,0.7652542372881356,iterative_all_layers,male,pclarc,4,0.6555084745762711,-0.004237288135593209,2.0,
gray_hair,0.8868312757201646,0.9639126305792973,iterative_all_layers,male,pclarc,4,0.882716049382716,0.004115226337448652,2.0,
heavy_makeup,0.5419726763010345,0.5951591250098711,iterative_all_layers,male,pclarc,4,0.5494353628681987,-0.007462686567164201,2.0,
high_cheekbones,0.5402137404580153,0.45166412213740453,iterative_all_layers,male,pclarc,4,0.5442137404580153,-0.0040000000000000036,2.0,
male,0.98828125,0.98883056640625,iterative_all_layers,male,pclarc,4,0.98828125,0.0,2.0,
mouth_slightly_open,0.5247627793082339,0.5438016528925621,iterative_all_layers,male,pclarc,4,0.5284664830119375,-0.0037037037037036535,2.0,
mustache,0.6991525423728814,0.7934322033898304,iterative_all_layers,male,pclarc,4,0.6991525423728814,0.0,2.0,
narrow_eyes,0.5422602089268755,0.5273820829376384,iterative_all_layers,male,pclarc,4,0.5463754352643242,-0.004115226337448652,2.0,
no_beard,0.5401127668143375,0.47950060410793394,iterative_all_layers,male,pclarc,4,0.5427305678614579,-0.002617801047120394,2.0,
oval_face,0.511520737327189,0.45556835637480797,iterative_all_layers,male,pclarc,4,0.5061443932411674,0.005376344086021501,2.0,
pale_skin,0.613931523022432,0.7287485242030696,iterative_all_layers,male,pclarc,4,0.613931523022432,0.0,2.0,
pointy_nose,0.5038444142921755,0.5658073270013568,iterative_all_layers,male,pclarc,4,0.49724106739032115,0.006603346901854379,2.0,
receding_hairline,0.5089285714285714,0.5272042410714286,iterative_all_layers,male,pclarc,4,0.5044642857142857,0.004464285714285698,2.0,
rosy_cheeks,0.6265075067683977,0.7344326852079744,iterative_all_layers,male,pclarc,4,0.6265075067683977,0.0,2.0,
sideburns,0.6534322820037106,0.6434137291280149,iterative_all_layers,male,pclarc,4,0.6473098330241187,0.00612244897959191,2.0,
smiling,0.8375336432591143,0.960912649865427,iterative_all_layers,male,pclarc,4,0.8375336432591143,0.0,2.0,
straight_hair,0.5651948051948052,0.5615584415584416,iterative_all_layers,male,pclarc,4,0.5695238095238095,-0.0043290043290042934,2.0,
wavy_hair,0.5102239985128729,0.5619481364439074,iterative_all_layers,male,pclarc,4,0.5196579607770239,-0.009433962264150941,2.0,
wearing_earrings,0.6473089099954772,0.7376752600633198,iterative_all_layers,male,pclarc,4,0.6630031659882406,-0.015694255992763417,2.0,
wearing_hat,0.9068675619609128,0.9664810568839393,iterative_all_layers,male,pclarc,4,0.9068675619609128,0.0,2.0,
wearing_lipstick,0.5738274464389115,0.5484140770764975,iterative_all_layers,male,pclarc,4,0.552306504535804,0.021520941903107493,2.0,
wearing_necklace,0.5736263736263736,0.6209437621202327,iterative_all_layers,male,pclarc,4,0.6044602456367163,-0.03083387201034271,2.0,
wearing_necktie,0.5172413793103449,0.5061063218390804,iterative_all_layers,male,pclarc,4,0.5150862068965517,0.0021551724137931494,2.0,
young,0.8736471861471862,0.9475108225108224,iterative_all_layers,male,pclarc,4,0.8706709956709957,0.0029761904761904656,2.0,
5_o_clock_shadow,0.5213620071684588,0.571899641577061,iterative_all_layers,male,pclarc,5,0.5625089605734768,-0.04114695340501795,2.0,
arched_eyebrows,0.5881720430107527,0.6287250384024576,iterative_all_layers,male,pclarc,5,0.5720430107526882,0.016129032258064502,2.0,
attractive,0.49769613947696134,0.571917808219178,iterative_all_layers,male,pclarc,5,0.4942714819427148,0.0034246575342465335,2.0,
bags_under_eyes,0.5137658091714704,0.4497117783704724,iterative_all_layers,male,pclarc,5,0.5213800223694399,-0.0076142131979695105,2.0,
bald,0.7572318647085002,0.8783934134401424,iterative_all_layers,male,pclarc,5,0.7810413885180241,-0.023809523809523836,2.0,
bangs,0.7197933227344993,0.8243243243243243,iterative_all_layers,male,pclarc,5,0.7107843137254902,0.009009009009009028,2.0,
big_lips,0.453125,0.48214285714285715,iterative_all_layers,male,pclarc,5,0.47544642857142855,-0.022321428571428548,2.0,
big_nose,0.6094334489559954,0.6774127729034891,iterative_all_layers,male,pclarc,5,0.6210977351560906,-0.011664286200095186,2.0,
black_hair,0.7479296653431651,0.8977878615995463,iterative_all_layers,male,pclarc,5,0.7409529211571186,0.006976744186046435,2.0,
blond_hair,0.8825958702064897,0.9169616519174041,iterative_all_layers,male,pclarc,5,0.863716814159292,0.01887905604719764,2.0,
blurry,0.6329268292682927,0.751219512195122,iterative_all_layers,male,pclarc,5,0.6747967479674797,-0.04186991869918699,2.0,
brown_hair,0.6602011494252874,0.8001077586206896,iterative_all_layers,male,pclarc,5,0.6602011494252874,0.0,2.0,
bushy_eyebrows,0.5564874551971326,0.5595698924731183,iterative_all_layers,male,pclarc,5,0.5564874551971326,0.0,2.0,
chubby,0.6162037037037037,0.6825231481481482,iterative_all_layers,male,pclarc,5,0.5990740740740741,0.017129629629629606,2.0,
double_chin,0.5513274336283186,0.6579646017699116,iterative_all_layers,male,pclarc,5,0.5424778761061947,0.008849557522123908,2.0,
eyeglasses,0.9341747572815534,0.9851456310679612,iterative_all_layers,male,pclarc,5,0.9268932038834952,0.007281553398058249,2.0,
goatee,0.6470338983050847,0.7597457627118644,iterative_all_layers,male,pclarc,5,0.6555084745762711,-0.008474576271186418,2.0,
gray_hair,0.8765432098765432,0.9629629629629629,iterative_all_layers,male,pclarc,5,0.882716049382716,-0.006172839506172756,2.0,
heavy_makeup,0.5436705362078496,0.5974097765142541,iterative_all_layers,male,pclarc,5,0.5494353628681987,-0.005764826660349165,2.0,
high_cheekbones,0.5363969465648855,0.4522748091603053,iterative_all_layers,male,pclarc,5,0.5442137404580153,-0.007816793893129836,2.0,
male,0.98828125,0.98931884765625,iterative_all_layers,male,pclarc,5,0.98828125,0.0,2.0,
mouth_slightly_open,0.5330272421181512,0.5466176920722375,iterative_all_layers,male,pclarc,5,0.5284664830119375,0.004560759106213674,2.0,
mustache,0.676271186440678,0.7841101694915255,iterative_all_layers,male,pclarc,5,0.6991525423728814,-0.022881355932203418,2.0,
narrow_eyes,0.5848369737258626,0.5264324153213042,iterative_all_layers,male,pclarc,5,0.5463754352643242,0.038461538461538436,2.0,
no_beard,0.5374949657672171,0.47829238824003223,iterative_all_layers,male,pclarc,5,0.5427305678614579,-0.005235602094240788,2.0,
oval_face,0.5142089093701997,0.45268817204301076,iterative_all_layers,male,pclarc,5,0.5061443932411674,0.008064516129032251,2.0,
pale_skin,0.613931523022432,0.7417355371900827,iterative_all_layers,male,pclarc,5,0.613931523022432,0.0,2.0,
pointy_nose,0.4947535052012664,0.5670737222976029,iterative_all_layers,male,pclarc,5,0.49724106739032115,-0.0024875621890547706,2.0,
receding_hairline,0.5,0.5263671875,iterative_all_layers,male,pclarc,5,0.5044642857142857,-0.004464285714285698,2.0,
rosy_cheeks,0.6265075067683977,0.739847403396505,iterative_all_layers,male,pclarc,5,0.6265075067683977,0.0,2.0,
sideburns,0.6554730983302413,0.6393320964749537,iterative_all_layers,male,pclarc,5,0.6473098330241187,0.008163265306122547,2.0,
smiling,0.8416320039148519,0.961830193295816,iterative_all_layers,male,pclarc,5,0.8375336432591143,0.004098360655737654,2.0,
straight_hair,0.5408658008658009,0.5646753246753247,iterative_all_layers,male,pclarc,5,0.5695238095238095,-0.028658008658008605,2.0,
wavy_hair,0.5102239985128729,0.556092573659262,iterative_all_layers,male,pclarc,5,0.5196579607770239,-0.009433962264150941,2.0,
wearing_earrings,0.6563998190863862,0.7364993215739484,iterative_all_layers,male,pclarc,5,0.6630031659882406,-0.006603346901854379,2.0,
wearing_hat,0.9068675619609128,0.9660443279834043,iterative_all_layers,male,pclarc,5,0.9068675619609128,0.0,2.0,
wearing_lipstick,0.5719616547642026,0.5506015569709837,iterative_all_layers,male,pclarc,5,0.552306504535804,0.019655150228398588,2.0,
wearing_necklace,0.5811247575953459,0.6243051066580478,iterative_all_layers,male,pclarc,5,0.6044602456367163,-0.023335488041370422,2.0,
wearing_necktie,0.4877873563218391,0.5089798850574713,iterative_all_layers,male,pclarc,5,0.5150862068965517,-0.027298850574712596,2.0,
young,0.8736471861471862,0.9483225108225108,iterative_all_layers,male,pclarc,5,0.8706709956709957,0.0029761904761904656,2.0,
5_o_clock_shadow,0.5280286738351254,0.5694623655913977,iterative_all_layers,male,pclarc,6,0.5625089605734768,-0.03448028673835135,2.0,
arched_eyebrows,0.5872503840245775,0.6303379416282642,iterative_all_layers,male,pclarc,6,0.5720430107526882,0.015207373271889368,2.0,
attractive,0.5022415940224159,0.574719800747198,iterative_all_layers,male,pclarc,6,0.4942714819427148,0.007970112079701053,2.0,
bags_under_eyes,0.5281768906478534,0.4465284349995698,iterative_all_layers,male,pclarc,6,0.5213800223694399,0.006796868278413526,2.0,
bald,0.7595683133066311,0.8768357810413885,iterative_all_layers,male,pclarc,6,0.7810413885180241,-0.021473075211392967,2.0,
bangs,0.7152888182299947,0.822204557498675,iterative_all_layers,male,pclarc,6,0.7107843137254902,0.0045045045045044585,2.0,
big_lips,0.46875,0.4810267857142857,iterative_all_layers,male,pclarc,6,0.47544642857142855,-0.006696428571428548,2.0,
big_nose,0.6035162891926817,0.6780929062096172,iterative_all_layers,male,pclarc,6,0.6210977351560906,-0.017581445963408826,2.0,
black_hair,0.7647759500850821,0.8975609756097561,iterative_all_layers,male,pclarc,6,0.7409529211571186,0.023823028927963508,2.0,
blond_hair,0.8848082595870206,0.9156342182890855,iterative_all_layers,male,pclarc,6,0.863716814159292,0.02109144542772856,2.0,
blurry,0.6390243902439025,0.7422764227642277,iterative_all_layers,male,pclarc,6,0.6747967479674797,-0.03577235772357723,2.0,
brown_hair,0.6580459770114943,0.7995689655172414,iterative_all_layers,male,pclarc,6,0.6602011494252874,-0.0021551724137931494,2.0,
bushy_eyebrows,0.5403584229390681,0.5545519713261648,iterative_all_layers,male,pclarc,6,0.5564874551971326,-0.016129032258064502,2.0,
chubby,0.6162037037037037,0.6836805555555556,iterative_all_layers,male,pclarc,6,0.5990740740740741,0.017129629629629606,2.0,
double_chin,0.5535398230088495,0.6607669616519174,iterative_all_layers,male,pclarc,6,0.5424778761061947,0.011061946902654829,2.0,
eyeglasses,0.9293203883495146,0.9867961165048542,iterative_all_layers,male,pclarc,6,0.9268932038834952,0.0024271844660194164,2.0,
goatee,0.6491525423728814,0.7603813559322034,iterative_all_layers,male,pclarc,6,0.6555084745762711,-0.0063559322033897026,2.0,
gray_hair,0.8806584362139918,0.9645457423235201,iterative_all_layers,male,pclarc,6,0.882716049382716,-0.002057613168724215,2.0,
heavy_makeup,0.5436705362078496,0.6005685856432126,iterative_all_layers,male,pclarc,6,0.5494353628681987,-0.005764826660349165,2.0,
high_cheekbones,0.5363969465648855,0.4517251908396947,iterative_all_layers,male,pclarc,6,0.5442137404580153,-0.007816793893129836,2.0,
male,0.98828125,0.98919677734375,iterative_all_layers,male,pclarc,6,0.98828125,0.0,2.0,
mouth_slightly_open,0.5330272421181512,0.546985001530456,iterative_all_layers,male,pclarc,6,0.5284664830119375,0.004560759106213674,2.0,
mustache,0.6970338983050848,0.7885593220338983,iterative_all_layers,male,pclarc,6,0.6991525423728814,-0.0021186440677966045,2.0,
narrow_eyes,0.5827793605571383,0.5311807534029757,iterative_all_layers,male,pclarc,6,0.5463754352643242,0.03640392529281411,2.0,
no_beard,0.5374949657672171,0.47668143374949656,iterative_all_layers,male,pclarc,6,0.5427305678614579,-0.005235602094240788,2.0,
oval_face,0.5016897081413211,0.4519969278033794,iterative_all_layers,male,pclarc,6,0.5061443932411674,-0.004454685099846367,2.0,
pale_skin,0.613931523022432,0.7426210153482881,iterative_all_layers,male,pclarc,6,0.613931523022432,0.0,2.0,
pointy_nose,0.5063319764812302,0.5689733152419719,iterative_all_layers,male,pclarc,6,0.49724106739032115,0.009090909090909038,2.0,
receding_hairline,0.5044642857142857,0.5252511160714285,iterative_all_layers,male,pclarc,6,0.5044642857142857,0.0,2.0,
rosy_cheeks,0.6223234063499876,0.7420625153827222,iterative_all_layers,male,pclarc,6,0.6265075067683977,-0.004184100418410108,2.0,
sideburns,0.6141001855287569,0.6263450834879406,iterative_all_layers,male,pclarc,6,0.6473098330241187,-0.033209647495361816,2.0,
smiling,0.8457303645705897,0.9617078541717641,iterative_all_layers,male,pclarc,6,0.8375336432591143,0.008196721311475419,2.0,
straight_hair,0.5473593073593073,0.5594805194805195,iterative_all_layers,male,pclarc,6,0.5695238095238095,-0.022164502164502276,2.0,
wavy_hair,0.5151501068872572,0.552932428664374,iterative_all_layers,male,pclarc,6,0.5196579607770239,-0.004507853889766711,2.0,
wearing_earrings,0.6563998190863862,0.7368611488014474,iterative_all_layers,male,pclarc,6,0.6630031659882406,-0.006603346901854379,2.0,
wearing_hat,0.9045201441205373,0.9680096080358117,iterative_all_layers,male,pclarc,6,0.9068675619609128,-0.0023474178403755097,2.0,
wearing_lipstick,0.5687769413884063,0.5531107250852474,iterative_all_layers,male,pclarc,6,0.552306504535804,0.0164704368526023,2.0,
wearing_necklace,0.5668390433096315,0.6311570782159017,iterative_all_layers,male,pclarc,6,0.6044602456367163,-0.03762120232708477,2.0,
wearing_necktie,0.4899425287356322,0.524066091954023,iterative_all_layers,male,pclarc,6,0.5150862068965517,-0.025143678160919503,2.0,
young,0.8706709956709957,0.9489989177489178,iterative_all_layers,male,pclarc,6,0.8706709956709957,0.0,2.0,
5_o_clock_shadow,0.5213620071684588,0.5668817204301075,iterative_all_layers,male,pclarc,7,0.5625089605734768,-0.04114695340501795,2.0,
arched_eyebrows,0.5881720430107527,0.624731182795699,iterative_all_layers,male,pclarc,7,0.5720430107526882,0.016129032258064502,2.0,
attractive,0.5022415940224159,0.5787671232876712,iterative_all_layers,male,pclarc,7,0.4942714819427148,0.007970112079701053,2.0,
bags_under_eyes,0.5061515959735008,0.4418824744041986,iterative_all_layers,male,pclarc,7,0.5213800223694399,-0.015228426395939132,2.0,
bald,0.7476635514018692,0.8777258566978193,iterative_all_layers,male,pclarc,7,0.7810413885180241,-0.03337783711615483,2.0,
bangs,0.7152888182299947,0.8163751987281399,iterative_all_layers,male,pclarc,7,0.7107843137254902,0.0045045045045044585,2.0,
big_lips,0.46205357142857145,0.4789341517857143,iterative_all_layers,male,pclarc,7,0.47544642857142855,-0.013392857142857095,2.0,
big_nose,0.6179691219479018,0.6778888662177788,iterative_all_layers,male,pclarc,7,0.6210977351560906,-0.003128613208188802,2.0,
black_hair,0.7357345433919456,0.8957458876914349,iterative_all_layers,male,pclarc,7,0.7409529211571186,-0.005218377765173088,2.0,
blond_hair,0.868141592920354,0.9162241887905606,iterative_all_layers,male,pclarc,7,0.863716814159292,0.004424778761061954,2.0,
blurry,0.6451219512195122,0.7004065040650407,iterative_all_layers,male,pclarc,7,0.6747967479674797,-0.02967479674796747,2.0,
brown_hair,0.6558908045977012,0.7940014367816093,iterative_all_layers,male,pclarc,7,0.6602011494252874,-0.004310344827586188,2.0,
bushy_eyebrows,0.5403584229390681,0.5571326164874552,iterative_all_layers,male,pclarc,7,0.5564874551971326,-0.016129032258064502,2.0,
chubby,0.6060185185185185,0.6847222222222222,iterative_all_layers,male,pclarc,7,0.5990740740740741,0.00694444444444442,2.0,
double_chin,0.5491150442477876,0.6563421828908556,iterative_all_layers,male,pclarc,7,0.5424778761061947,0.006637168141592875,2.0,
eyeglasses,0.931747572815534,0.9866990291262137,iterative_all_layers,male,pclarc,7,0.9268932038834952,0.004854368932038833,2.0,
goatee,0.6533898305084747,0.7610169491525424,iterative_all_layers,male,pclarc,7,0.6555084745762711,-0.0021186440677964935,2.0,
gray_hair,0.8744855967078189,0.9648622981956316,iterative_all_layers,male,pclarc,7,0.882716049382716,-0.008230452674897082,2.0,
heavy_makeup,0.541025033562347,0.6048329779673063,iterative_all_layers,male,pclarc,7,0.5494353628681987,-0.008410329305851727,2.0,
high_cheekbones,0.5442137404580153,0.4508702290076336,iterative_all_layers,male,pclarc,7,0.5442137404580153,0.0,2.0,
male,0.98828125,0.98931884765625,iterative_all_layers,male,pclarc,7,0.98828125,0.0,2.0,
mouth_slightly_open,0.5288950107131926,0.545393327211509,iterative_all_layers,male,pclarc,7,0.5284664830119375,0.0004285277012550104,2.0,
mustache,0.701271186440678,0.7870762711864406,iterative_all_layers,male,pclarc,7,0.6991525423728814,0.0021186440677966045,2.0,
narrow_eyes,0.5910098132320354,0.5295979740424185,iterative_all_layers,male,pclarc,7,0.5463754352643242,0.04463437796771119,2.0,
no_beard,0.5427305678614579,0.47966169955698756,iterative_all_layers,male,pclarc,7,0.5427305678614579,0.0,2.0,
oval_face,0.5097542242703533,0.44592933947772656,iterative_all_layers,male,pclarc,7,0.5061443932411674,0.0036098310291858837,2.0,
pale_skin,0.6118654073199528,0.7535419126328218,iterative_all_layers,male,pclarc,7,0.613931523022432,-0.0020661157024792765,2.0,
pointy_nose,0.49724106739032115,0.5748530076888285,iterative_all_layers,male,pclarc,7,0.49724106739032115,0.0,2.0,
receding_hairline,0.5044642857142857,0.5299944196428571,iterative_all_layers,male,pclarc,7,0.5044642857142857,0.0,2.0,
rosy_cheeks,0.6223234063499876,0.7423086389367463,iterative_all_layers,male,pclarc,7,0.6265075067683977,-0.004184100418410108,2.0,
sideburns,0.6018552875695733,0.6315398886827458,iterative_all_layers,male,pclarc,7,0.6473098330241187,-0.045454545454545414,2.0,
smiling,0.8580254465378028,0.9617078541717642,iterative_all_layers,male,pclarc,7,0.8375336432591143,0.020491803278688492,2.0,
straight_hair,0.5387012987012987,0.553073593073593,iterative_all_layers,male,pclarc,7,0.5695238095238095,-0.030822510822510862,2.0,
wavy_hair,0.5245840691514081,0.5559066827772098,iterative_all_layers,male,pclarc,7,0.5196579607770239,0.0049261083743842304,2.0,
wearing_earrings,0.6563998190863862,0.7416553595658073,iterative_all_layers,male,pclarc,7,0.6630031659882406,-0.006603346901854379,2.0,
wearing_hat,0.8952396549841686,0.9680096080358117,iterative_all_layers,male,pclarc,7,0.9068675619609128,-0.011627906976744207,2.0,
wearing_lipstick,0.5655922280126102,0.5509875828347166,iterative_all_layers,male,pclarc,7,0.552306504535804,0.013285723476806233,2.0,
wearing_necklace,0.5623141564318035,0.6360698125404007,iterative_all_layers,male,pclarc,7,0.6044602456367163,-0.04214608920491281,2.0,
wearing_necktie,0.4877873563218391,0.5296336206896552,iterative_all_layers,male,pclarc,7,0.5150862068965517,-0.027298850574712596,2.0,
young,0.8736471861471862,0.9476461038961038,iterative_all_layers,male,pclarc,7,0.8706709956709957,0.0029761904761904656,2.0,
5_o_clock_shadow,0.5169175627240143,0.5686021505376344,iterative_all_layers,male,pclarc,8,0.5625089605734768,-0.04559139784946242,2.0,
arched_eyebrows,0.5854838709677419,0.6171274961597542,iterative_all_layers,male,pclarc,8,0.5720430107526882,0.013440860215053752,2.0,
attractive,0.5022415940224159,0.573785803237858,iterative_all_layers,male,pclarc,8,0.4942714819427148,0.007970112079701053,2.0,
bags_under_eyes,0.5273165275746365,0.43835498580400933,iterative_all_layers,male,pclarc,8,0.5213800223694399,0.005936505205196618,2.0,
bald,0.7476635514018692,0.876502002670227,iterative_all_layers,male,pclarc,8,0.7810413885180241,-0.03337783711615483,2.0,
bangs,0.708532061473238,0.8137254901960784,iterative_all_layers,male,pclarc,8,0.7107843137254902,-0.0022522522522522292,2.0,
big_lips,0.46651785714285715,0.4767020089285714,iterative_all_layers,male,pclarc,8,0.47544642857142855,-0.008928571428571397,2.0,
big_nose,0.6238862817112154,0.6799292661361627,iterative_all_layers,male,pclarc,8,0.6210977351560906,0.002788546555124838,2.0,
black_hair,0.7403857061826432,0.8986954055587068,iterative_all_layers,male,pclarc,8,0.7409529211571186,-0.0005672149744754273,2.0,
blond_hair,0.8848082595870206,0.9140117994100295,iterative_all_layers,male,pclarc,8,0.863716814159292,0.02109144542772856,2.0,
blurry,0.6951219512195121,0.6601626016260163,iterative_all_layers,male,pclarc,8,0.6747967479674797,0.020325203252032464,2.0,
brown_hair,0.6350574712643677,0.7853807471264368,iterative_all_layers,male,pclarc,8,0.6602011494252874,-0.02514367816091967,2.0,
bushy_eyebrows,0.5403584229390681,0.5602867383512545,iterative_all_layers,male,pclarc,8,0.5564874551971326,-0.016129032258064502,2.0,
chubby,0.6060185185185185,0.6894675925925926,iterative_all_layers,male,pclarc,8,0.5990740740740741,0.00694444444444442,2.0,
double_chin,0.5491150442477876,0.6622418879056047,iterative_all_layers,male,pclarc,8,0.5424778761061947,0.006637168141592875,2.0,
eyeglasses,0.9220388349514563,0.9851456310679612,iterative_all_layers,male,pclarc,8,0.9268932038834952,-0.004854368932038833,2.0,
goatee,0.6427966101694915,0.7565677966101695,iterative_all_layers,male,pclarc,8,0.6555084745762711,-0.012711864406779627,2.0,
gray_hair,0.8786008230452675,0.9664450775561887,iterative_all_layers,male,pclarc,8,0.882716049382716,-0.00411522633744843,2.0,
heavy_makeup,0.5463160388533522,0.5966200742320145,iterative_all_layers,male,pclarc,8,0.5494353628681987,-0.003119324014846492,2.0,
high_cheekbones,0.5400305343511451,0.45306870229007634,iterative_all_layers,male,pclarc,8,0.5442137404580153,-0.004183206106870174,2.0,
male,0.98828125,0.9898681640625,iterative_all_layers,male,pclarc,8,0.98828125,0.0,2.0,
mouth_slightly_open,0.5408631772268135,0.5404346495255585,iterative_all_layers,male,pclarc,8,0.5284664830119375,0.012396694214875992,2.0,
mustache,0.7033898305084746,0.7819915254237289,iterative_all_layers,male,pclarc,8,0.6991525423728814,0.004237288135593209,2.0,
narrow_eyes,0.5848369737258626,0.5248496359607471,iterative_all_layers,male,pclarc,8,0.5463754352643242,0.038461538461538436,2.0,
no_beard,0.5425694724124044,0.48280306081353197,iterative_all_layers,male,pclarc,8,0.5427305678614579,-0.00016109544905351658,2.0,
oval_face,0.5124423963133641,0.45345622119815665,iterative_all_layers,male,pclarc,8,0.5061443932411674,0.006298003072196634,2.0,
pale_skin,0.6118654073199528,0.749409681227863,iterative_all_layers,male,pclarc,8,0.613931523022432,-0.0020661157024792765,2.0,
pointy_nose,0.4997286295793758,0.5722297602894617,iterative_all_layers,male,pclarc,8,0.49724106739032115,0.0024875621890546595,2.0,
receding_hairline,0.4888392857142857,0.5291573660714286,iterative_all_layers,male,pclarc,8,0.5044642857142857,-0.015625,2.0,
rosy_cheeks,0.6265075067683977,0.7460004922471081,iterative_all_layers,male,pclarc,8,0.6265075067683977,0.0,2.0,
sideburns,0.6432282003710575,0.6374768089053804,iterative_all_layers,male,pclarc,8,0.6473098330241187,-0.004081632653061162,2.0,
smiling,0.8576584291656473,0.962870075850257,iterative_all_layers,male,pclarc,8,0.8375336432591143,0.020124785906532994,2.0,
straight_hair,0.5543722943722944,0.5582683982683982,iterative_all_layers,male,pclarc,8,0.5695238095238095,-0.015151515151515138,2.0,
wavy_hair,0.5176131610744493,0.5478204294079375,iterative_all_layers,male,pclarc,8,0.5196579607770239,-0.00204479970257454,2.0,
wearing_earrings,0.6720940750791498,0.7495251017639077,iterative_all_layers,male,pclarc,8,0.6630031659882406,0.00909090909090915,2.0,
wearing_hat,0.9161480510972814,0.9666994213342068,iterative_all_layers,male,pclarc,8,0.9068675619609128,0.009280489136368586,2.0,
wearing_lipstick,0.5719616547642026,0.5519526474940488,iterative_all_layers,male,pclarc,8,0.552306504535804,0.019655150228398588,2.0,
wearing_necklace,0.5736263736263736,0.648093083387201,iterative_all_layers,male,pclarc,8,0.6044602456367163,-0.03083387201034271,2.0,
wearing_necktie,0.49856321839080464,0.5271192528735632,iterative_all_layers,male,pclarc,8,0.5150862068965517,-0.01652298850574707,2.0,
young,0.8706709956709957,0.9479843073593074,iterative_all_layers,male,pclarc,8,0.8706709956709957,0.0,2.0,
5_o_clock_shadow,0.5213620071684588,0.5574193548387096,iterative_all_layers,male,pclarc,9,0.5625089605734768,-0.04114695340501795,2.0,
arched_eyebrows,0.6051459293394778,0.6139016897081413,iterative_all_layers,male,pclarc,9,0.5720430107526882,0.0331029185867896,2.0,
attractive,0.5022415940224159,0.586239103362391,iterative_all_layers,male,pclarc,9,0.4942714819427148,0.007970112079701053,2.0,
bags_under_eyes,0.4951389486363245,0.43585993289168035,iterative_all_layers,male,pclarc,9,0.5213800223694399,-0.026241073733115405,2.0,
bald,0.7476635514018692,0.8766132621272807,iterative_all_layers,male,pclarc,9,0.7810413885180241,-0.03337783711615483,2.0,
bangs,0.7107843137254902,0.8076311605723371,iterative_all_layers,male,pclarc,9,0.7107843137254902,0.0,2.0,
big_lips,0.4888392857142857,0.4818638392857143,iterative_all_layers,male,pclarc,9,0.47544642857142855,0.01339285714285715,2.0,
big_nose,0.6266748282663401,0.685302319254574,iterative_all_layers,male,pclarc,9,0.6210977351560906,0.005577093110249565,2.0,
black_hair,0.7676687464549063,0.8985819625638116,iterative_all_layers,male,pclarc,9,0.7409529211571186,0.02671582529778771,2.0,
blond_hair,0.863716814159292,0.912684365781711,iterative_all_layers,male,pclarc,9,0.863716814159292,0.0,2.0,
blurry,0.693089430894309,0.6853658536585365,iterative_all_layers,male,pclarc,9,0.6747967479674797,0.018292682926829285,2.0,
brown_hair,0.6810344827586207,0.7878951149425287,iterative_all_layers,male,pclarc,9,0.6602011494252874,0.02083333333333326,2.0,
bushy_eyebrows,0.5564874551971326,0.5555555555555556,iterative_all_layers,male,pclarc,9,0.5564874551971326,0.0,2.0,
chubby,0.6106481481481482,0.6883101851851852,iterative_all_layers,male,pclarc,9,0.5990740740740741,0.01157407407407407,2.0,
double_chin,0.5491150442477876,0.6702064896755163,iterative_all_layers,male,pclarc,9,0.5424778761061947,0.006637168141592875,2.0,
eyeglasses,0.9366019417475728,0.986116504854369,iterative_all_layers,male,pclarc,9,0.9268932038834952,0.009708737864077666,2.0,
goatee,0.6491525423728814,0.7536016949152542,iterative_all_layers,male,pclarc,9,0.6555084745762711,-0.0063559322033897026,2.0,
gray_hair,0.8786008230452675,0.9654954099398544,iterative_all_layers,male,pclarc,9,0.882716049382716,-0.00411522633744843,2.0,
heavy_makeup,0.546789860222696,0.5973308062860302,iterative_all_layers,male,pclarc,9,0.5494353628681987,-0.002645502645502673,2.0,
high_cheekbones,0.5476641221374046,0.4533129770992367,iterative_all_layers,male,pclarc,9,0.5442137404580153,0.0034503816793892694,2.0,
male,0.98828125,0.99053955078125,iterative_all_layers,male,pclarc,9,0.98828125,0.0,2.0,
mouth_slightly_open,0.5408631772268135,0.5382920110192838,iterative_all_layers,male,pclarc,9,0.5284664830119375,0.012396694214875992,2.0,
mustache,0.701271186440678,0.7866525423728814,iterative_all_layers,male,pclarc,9,0.6991525423728814,0.0021186440677966045,2.0,
narrow_eyes,0.5525482747704971,0.5238999683444128,iterative_all_layers,male,pclarc,9,0.5463754352643242,0.006172839506172867,2.0,
no_beard,0.5479661699556988,0.4819170358437374,iterative_all_layers,male,pclarc,9,0.5427305678614579,0.005235602094240899,2.0,
oval_face,0.5097542242703533,0.4481566820276497,iterative_all_layers,male,pclarc,9,0.5061443932411674,0.0036098310291858837,2.0,
pale_skin,0.6180637544273908,0.7517709563164109,iterative_all_layers,male,pclarc,9,0.613931523022432,0.004132231404958775,2.0,
pointy_nose,0.4997286295793758,0.5620081411126187,iterative_all_layers,male,pclarc,9,0.49724106739032115,0.0024875621890546595,2.0,
receding_hairline,0.4910714285714286,0.5285993303571429,iterative_all_layers,male,pclarc,9,0.5044642857142857,-0.013392857142857095,2.0,
rosy_cheeks,0.6223234063499876,0.7487078513413734,iterative_all_layers,male,pclarc,9,0.6265075067683977,-0.004184100418410108,2.0,
sideburns,0.5916512059369202,0.6374768089053804,iterative_all_layers,male,pclarc,9,0.6473098330241187,-0.05565862708719849,2.0,
smiling,0.8457303645705897,0.9620748715439198,iterative_all_layers,male,pclarc,9,0.8375336432591143,0.008196721311475419,2.0,
straight_hair,0.5122077922077922,0.5492640692640693,iterative_all_layers,male,pclarc,9,0.5695238095238095,-0.05731601731601732,2.0,
wavy_hair,0.5295101775257923,0.5538618830746352,iterative_all_layers,male,pclarc,9,0.5196579607770239,0.009852216748768461,2.0,
wearing_earrings,0.6745816372682044,0.7502487562189055,iterative_all_layers,male,pclarc,9,0.6630031659882406,0.011578471279963809,2.0,
wearing_hat,0.9045201441205373,0.9721585325908941,iterative_all_layers,male,pclarc,9,0.9068675619609128,-0.0023474178403755097,2.0,
wearing_lipstick,0.5504407128610951,0.5466126230457441,iterative_all_layers,male,pclarc,9,0.552306504535804,-0.0018657916747089054,2.0,
wearing_necklace,0.5788623141564317,0.6546864899806076,iterative_all_layers,male,pclarc,9,0.6044602456367163,-0.025597931480284553,2.0,
wearing_necktie,0.5445402298850575,0.5357399425287357,iterative_all_layers,male,pclarc,9,0.5150862068965517,0.029454022988505746,2.0,
young,0.8706709956709957,0.9487959956709956,iterative_all_layers,male,pclarc,9,0.8706709956709957,0.0,2.0,
5_o_clock_shadow,0.5146953405017921,0.5634408602150537,iterative_all_layers,male,pclarc,10,0.5625089605734768,-0.04781362007168466,2.0,
arched_eyebrows,0.5881720430107527,0.614516129032258,iterative_all_layers,male,pclarc,10,0.5720430107526882,0.016129032258064502,2.0,
attractive,0.49769613947696134,0.589601494396015,iterative_all_layers,male,pclarc,10,0.4942714819427148,0.0034246575342465335,2.0,
bags_under_eyes,0.4621010066247957,0.4275144110814764,iterative_all_layers,male,pclarc,10,0.5213800223694399,-0.059279015744644226,2.0,
bald,0.7595683133066311,0.8770582999554961,iterative_all_layers,male,pclarc,10,0.7810413885180241,-0.021473075211392967,2.0,
bangs,0.696078431372549,0.8029941706412295,iterative_all_layers,male,pclarc,10,0.7107843137254902,-0.014705882352941235,2.0,
big_lips,0.5111607142857143,0.5111607142857143,iterative_all_layers,male,pclarc,10,0.47544642857142855,0.035714285714285754,2.0,
big_nose,0.6237162483846834,0.6814255594096443,iterative_all_layers,male,pclarc,10,0.6210977351560906,0.002618513228592856,2.0,
black_hair,0.7479296653431651,0.8971072036301759,iterative_all_layers,male,pclarc,10,0.7409529211571186,0.006976744186046435,2.0,
blond_hair,0.868141592920354,0.9095870206489676,iterative_all_layers,male,pclarc,10,0.863716814159292,0.004424778761061954,2.0,
blurry,0.6491869918699187,0.7178861788617886,iterative_all_layers,male,pclarc,10,0.6747967479674797,-0.025609756097561,2.0,
brown_hair,0.6745689655172413,0.771551724137931,iterative_all_layers,male,pclarc,10,0.6602011494252874,0.014367816091953922,2.0,
bushy_eyebrows,0.5564874551971326,0.5567025089605735,iterative_all_layers,male,pclarc,10,0.5564874551971326,0.0,2.0,
chubby,0.6106481481481482,0.6807870370370371,iterative_all_layers,male,pclarc,10,0.5990740740740741,0.01157407407407407,2.0,
double_chin,0.5491150442477876,0.6786135693215338,iterative_all_layers,male,pclarc,10,0.5424778761061947,0.006637168141592875,2.0,
eyeglasses,0.9366019417475728,0.986504854368932,iterative_all_layers,male,pclarc,10,0.9268932038834952,0.009708737864077666,2.0,
goatee,0.6576271186440679,0.7559322033898306,iterative_all_layers,male,pclarc,10,0.6555084745762711,0.0021186440677967155,2.0,
gray_hair,0.8765432098765432,0.9661285216840773,iterative_all_layers,male,pclarc,10,0.882716049382716,-0.006172839506172756,2.0,
heavy_makeup,0.5771144278606966,0.6033325436310512,iterative_all_layers,male,pclarc,10,0.5494353628681987,0.027679064992497837,2.0,
high_cheekbones,0.5362137404580153,0.45282442748091606,iterative_all_layers,male,pclarc,10,0.5442137404580153,-0.008000000000000007,2.0,
male,0.98828125,0.99139404296875,iterative_all_layers,male,pclarc,10,0.98828125,0.0,2.0,
mouth_slightly_open,0.5371594735231099,0.5373737373737375,iterative_all_layers,male,pclarc,10,0.5284664830119375,0.008692990511172338,2.0,
mustache,0.6826271186440678,0.7991525423728812,iterative_all_layers,male,pclarc,10,0.6991525423728814,-0.016525423728813604,2.0,
narrow_eyes,0.5422602089268755,0.5159860715416271,iterative_all_layers,male,pclarc,10,0.5463754352643242,-0.004115226337448652,2.0,
no_beard,0.5428916633105114,0.47925896093435355,iterative_all_layers,male,pclarc,10,0.5427305678614579,0.00016109544905351658,2.0,
oval_face,0.5124423963133641,0.4542242703533026,iterative_all_layers,male,pclarc,10,0.5061443932411674,0.006298003072196634,2.0,
pale_skin,0.5761511216056671,0.7461629279811097,iterative_all_layers,male,pclarc,10,0.613931523022432,-0.037780401416764975,2.0,
pointy_nose,0.4765716870194482,0.5565807327001356,iterative_all_layers,male,pclarc,10,0.49724106739032115,-0.02066938037087296,2.0,
receding_hairline,0.5022321428571428,0.5272042410714286,iterative_all_layers,male,pclarc,10,0.5044642857142857,-0.0022321428571429047,2.0,
rosy_cheeks,0.6496431208466651,0.7410780211666257,iterative_all_layers,male,pclarc,10,0.6265075067683977,0.023135614078267364,2.0,
sideburns,0.6493506493506493,0.6556586270871986,iterative_all_layers,male,pclarc,10,0.6473098330241187,0.0020408163265306367,2.0,
smiling,0.8498287252263275,0.9622583802299975,iterative_all_layers,male,pclarc,10,0.8375336432591143,0.012295081967213184,2.0,
straight_hair,0.4922077922077922,0.5381818181818183,iterative_all_layers,male,pclarc,10,0.5695238095238095,-0.07731601731601734,2.0,
wavy_hair,0.5245840691514081,0.5606469002695418,iterative_all_layers,male,pclarc,10,0.5196579607770239,0.0049261083743842304,2.0,
wearing_earrings,0.6836725463591136,0.7601990049751244,iterative_all_layers,male,pclarc,10,0.6630031659882406,0.02066938037087296,2.0,
wearing_hat,0.9045201441205373,0.9721585325908942,iterative_all_layers,male,pclarc,10,0.9068675619609128,-0.0023474178403755097,2.0,
wearing_lipstick,0.5472559994852988,0.5429453773402818,iterative_all_layers,male,pclarc,10,0.552306504535804,-0.005050505050505194,2.0,
wearing_necklace,0.6074337427278604,0.6633484162895927,iterative_all_layers,male,pclarc,10,0.6044602456367163,0.0029734970911441394,2.0,
wearing_necktie,0.5567528735632183,0.5369971264367817,iterative_all_layers,male,pclarc,10,0.5150862068965517,0.04166666666666663,2.0,
young,0.8766233766233766,0.9497429653679653,iterative_all_layers,male,pclarc,10,0.8706709956709957,0.005952380952380931,2.0,
5_o_clock_shadow,0.5330465949820788,0.5665949820788531,iterative_all_layers,male,pclarc,11,0.5625089605734768,-0.02946236559139792,2.0,
arched_eyebrows,0.592626728110599,0.6139016897081413,iterative_all_layers,male,pclarc,11,0.5720430107526882,0.02058371735791087,2.0,
attractive,0.49769613947696134,0.5991282689912827,iterative_all_layers,male,pclarc,11,0.4942714819427148,0.0034246575342465335,2.0,
bags_under_eyes,0.4739740170351889,0.4451518540824228,iterative_all_layers,male,pclarc,11,0.5213800223694399,-0.047406005334251045,2.0,
bald,0.7595683133066311,0.8719403649310191,iterative_all_layers,male,pclarc,11,0.7810413885180241,-0.021473075211392967,2.0,
bangs,0.696078431372549,0.8071012188659248,iterative_all_layers,male,pclarc,11,0.7107843137254902,-0.014705882352941235,2.0,
big_lips,0.5133928571428572,0.5270647321428571,iterative_all_layers,male,pclarc,11,0.47544642857142855,0.03794642857142866,2.0,
big_nose,0.6266748282663401,0.6886349724546011,iterative_all_layers,male,pclarc,11,0.6210977351560906,0.005577093110249565,2.0,
black_hair,0.7479296653431651,0.8882586500283608,iterative_all_layers,male,pclarc,11,0.7409529211571186,0.006976744186046435,2.0,
blond_hair,0.8492625368731563,0.9084070796460177,iterative_all_layers,male,pclarc,11,0.863716814159292,-0.014454277286135686,2.0,
blurry,0.6991869918699187,0.7609756097560976,iterative_all_layers,male,pclarc,11,0.6747967479674797,0.024390243902439046,2.0,
brown_hair,0.6831896551724138,0.7713721264367817,iterative_all_layers,male,pclarc,11,0.6602011494252874,0.02298850574712641,2.0,
bushy_eyebrows,0.5954121863799283,0.5620071684587814,iterative_all_layers,male,pclarc,11,0.5564874551971326,0.03892473118279571,2.0,
chubby,0.5958333333333333,0.6666666666666667,iterative_all_layers,male,pclarc,11,0.5990740740740741,-0.0032407407407407662,2.0,
double_chin,0.5469026548672566,0.6874631268436578,iterative_all_layers,male,pclarc,11,0.5424778761061947,0.004424778761061954,2.0,
eyeglasses,0.9293203883495146,0.9888349514563106,iterative_all_layers,male,pclarc,11,0.9268932038834952,0.0024271844660194164,2.0,
goatee,0.6533898305084747,0.7629237288135593,iterative_all_layers,male,pclarc,11,0.6555084745762711,-0.0021186440677964935,2.0,
gray_hair,0.8806584362139918,0.9670781893004116,iterative_all_layers,male,pclarc,11,0.882716049382716,-0.002057613168724215,2.0,
heavy_makeup,0.5494353628681987,0.6011213772407803,iterative_all_layers,male,pclarc,11,0.5494353628681987,0.0,2.0,
high_cheekbones,0.5478473282442748,0.45471755725190843,iterative_all_layers,male,pclarc,11,0.5442137404580153,0.003633587786259551,2.0,
male,0.98828125,0.9920654296875,iterative_all_layers,male,pclarc,11,0.98828125,0.0,2.0,
mouth_slightly_open,0.5375880012243649,0.5401285583103765,iterative_all_layers,male,pclarc,11,0.5284664830119375,0.009121518212427349,2.0,
mustache,0.7305084745762712,0.8082627118644068,iterative_all_layers,male,pclarc,11,0.6991525423728814,0.031355932203389836,2.0,
narrow_eyes,0.5484330484330484,0.5191516302627414,iterative_all_layers,male,pclarc,11,0.5463754352643242,0.002057613168724215,2.0,
no_beard,0.5402738622633911,0.4934353604510673,iterative_all_layers,male,pclarc,11,0.5427305678614579,-0.0024567055980667662,2.0,
oval_face,0.5124423963133641,0.46006144393241166,iterative_all_layers,male,pclarc,11,0.5061443932411674,0.006298003072196634,2.0,
pale_skin,0.5844155844155844,0.7848288075560803,iterative_all_layers,male,pclarc,11,0.613931523022432,-0.029515938606847647,2.0,
pointy_nose,0.488150158299412,0.5426503844414292,iterative_all_layers,male,pclarc,11,0.49724106739032115,-0.00909090909090915,2.0,
receding_hairline,0.5022321428571428,0.5186941964285714,iterative_all_layers,male,pclarc,11,0.5044642857142857,-0.0022321428571429047,2.0,
rosy_cheeks,0.6517351710558701,0.7339404380999262,iterative_all_layers,male,pclarc,11,0.6265075067683977,0.025227664287472362,2.0,
sideburns,0.65139146567718,0.6460111317254175,iterative_all_layers,male,pclarc,11,0.6473098330241187,0.004081632653061273,2.0,
smiling,0.8457303645705897,0.9620137019818937,iterative_all_layers,male,pclarc,11,0.8375336432591143,0.008196721311475419,2.0,
straight_hair,0.5165367965367965,0.5328138528138529,iterative_all_layers,male,pclarc,11,0.5695238095238095,-0.05298701298701303,2.0,
wavy_hair,0.5245840691514081,0.5780276977414258,iterative_all_layers,male,pclarc,11,0.5196579607770239,0.0049261083743842304,2.0,
wearing_earrings,0.6853007688828585,0.7554047942107643,iterative_all_layers,male,pclarc,11,0.6630031659882406,0.022297602894617907,2.0,
wearing_hat,0.9045201441205373,0.9727044437165628,iterative_all_layers,male,pclarc,11,0.9068675619609128,-0.0023474178403755097,2.0,
wearing_lipstick,0.5472559994852988,0.5404362092260182,iterative_all_layers,male,pclarc,11,0.552306504535804,-0.005050505050505194,2.0,
wearing_necklace,0.6194570135746607,0.6544279250161603,iterative_all_layers,male,pclarc,11,0.6044602456367163,0.014996767937944355,2.0,
wearing_necktie,0.5962643678160919,0.5736350574712644,iterative_all_layers,male,pclarc,11,0.5150862068965517,0.08117816091954022,2.0,
young,0.8706709956709957,0.948728354978355,iterative_all_layers,male,pclarc,11,0.8706709956709957,0.0,2.0,
5_o_clock_shadow,0.5374910394265233,0.5645878136200717,iterative_all_layers,male,pclarc,12,0.5625089605734768,-0.025017921146953448,2.0,
arched_eyebrows,0.592626728110599,0.6170506912442397,iterative_all_layers,male,pclarc,12,0.5720430107526882,0.02058371735791087,2.0,
attractive,0.49769613947696134,0.592029887920299,iterative_all_layers,male,pclarc,12,0.4942714819427148,0.0034246575342465335,2.0,
bags_under_eyes,0.4722963090424159,0.4399036393357996,iterative_all_layers,male,pclarc,12,0.5213800223694399,-0.04908371332702405,2.0,
bald,0.7595683133066311,0.8721628838451267,iterative_all_layers,male,pclarc,12,0.7810413885180241,-0.021473075211392967,2.0,
bangs,0.7017753047164812,0.8080286168521462,iterative_all_layers,male,pclarc,12,0.7107843137254902,-0.009009009009009028,2.0,
big_lips,0.5111607142857143,0.5258091517857143,iterative_all_layers,male,pclarc,12,0.47544642857142855,0.035714285714285754,2.0,
big_nose,0.6122219955111202,0.6837380126504794,iterative_all_layers,male,pclarc,12,0.6210977351560906,-0.008875739644970349,2.0,
black_hair,0.750255246738514,0.8946114577424844,iterative_all_layers,male,pclarc,12,0.7409529211571186,0.009302325581395321,2.0,
blond_hair,0.8781710914454277,0.9103244837758112,iterative_all_layers,male,pclarc,12,0.863716814159292,0.014454277286135686,2.0,
blurry,0.6971544715447154,0.7979674796747968,iterative_all_layers,male,pclarc,12,0.6747967479674797,0.022357723577235755,2.0,
brown_hair,0.6810344827586207,0.7670617816091954,iterative_all_layers,male,pclarc,12,0.6602011494252874,0.02083333333333326,2.0,
bushy_eyebrows,0.5770609318996416,0.5641577060931899,iterative_all_layers,male,pclarc,12,0.5564874551971326,0.020573476702508975,2.0,
chubby,0.5912037037037037,0.6716435185185186,iterative_all_layers,male,pclarc,12,0.5990740740740741,-0.007870370370370416,2.0,
double_chin,0.5469026548672566,0.6827433628318583,iterative_all_layers,male,pclarc,12,0.5424778761061947,0.004424778761061954,2.0,
eyeglasses,0.931747572815534,0.9894174757281553,iterative_all_layers,male,pclarc,12,0.9268932038834952,0.004854368932038833,2.0,
goatee,0.6576271186440679,0.7580508474576271,iterative_all_layers,male,pclarc,12,0.6555084745762711,0.0021186440677967155,2.0,
gray_hair,0.882716049382716,0.9683444127888572,iterative_all_layers,male,pclarc,12,0.882716049382716,0.0,2.0,
heavy_makeup,0.537155492379373,0.5983574192529417,iterative_all_layers,male,pclarc,12,0.5494353628681987,-0.012279870488825728,2.0,
high_cheekbones,0.5323969465648855,0.45154198473282436,iterative_all_layers,male,pclarc,12,0.5442137404580153,-0.01181679389312984,2.0,
male,0.98828125,0.9931640625,iterative_all_layers,male,pclarc,12,0.98828125,0.0,2.0,
mouth_slightly_open,0.5380165289256198,0.5484542393633303,iterative_all_layers,male,pclarc,12,0.5284664830119375,0.009550045913682248,2.0,
mustache,0.6991525423728814,0.7894067796610169,iterative_all_layers,male,pclarc,12,0.6991525423728814,0.0,2.0,
narrow_eyes,0.5848369737258626,0.5172522950300729,iterative_all_layers,male,pclarc,12,0.5463754352643242,0.038461538461538436,2.0,
no_beard,0.5376560612162706,0.49923479661699555,iterative_all_layers,male,pclarc,12,0.5427305678614579,-0.005074506645187271,2.0,
oval_face,0.5168970814132104,0.4482334869431643,iterative_all_layers,male,pclarc,12,0.5061443932411674,0.010752688172043001,2.0,
pale_skin,0.5844155844155844,0.7874852420306966,iterative_all_layers,male,pclarc,12,0.613931523022432,-0.029515938606847647,2.0,
pointy_nose,0.49724106739032115,0.5517865219357756,iterative_all_layers,male,pclarc,12,0.49724106739032115,0.0,2.0,
receding_hairline,0.4910714285714286,0.5288783482142858,iterative_all_layers,male,pclarc,12,0.5044642857142857,-0.013392857142857095,2.0,
rosy_cheeks,0.6223234063499876,0.7245877430470096,iterative_all_layers,male,pclarc,12,0.6265075067683977,-0.004184100418410108,2.0,
sideburns,0.6493506493506493,0.6538033395176251,iterative_all_layers,male,pclarc,12,0.6473098330241187,0.0020408163265306367,2.0,
smiling,0.8539270858820651,0.9621972106679716,iterative_all_layers,male,pclarc,12,0.8375336432591143,0.016393442622950838,2.0,
straight_hair,0.4878787878787879,0.5309090909090909,iterative_all_layers,male,pclarc,12,0.5695238095238095,-0.08164502164502163,2.0,
wavy_hair,0.5245840691514081,0.5737522074542244,iterative_all_layers,male,pclarc,12,0.5196579607770239,0.0049261083743842304,2.0,
wearing_earrings,0.669606512890095,0.7607417458163728,iterative_all_layers,male,pclarc,12,0.6630031659882406,0.006603346901854379,2.0,
wearing_hat,0.9045201441205373,0.974014630418168,iterative_all_layers,male,pclarc,12,0.9068675619609128,-0.0023474178403755097,2.0,
wearing_lipstick,0.5358360676832015,0.5422376632567716,iterative_all_layers,male,pclarc,12,0.552306504535804,-0.01647043685260252,2.0,
wearing_necklace,0.6096961861667745,0.6436974789915966,iterative_all_layers,male,pclarc,12,0.6044602456367163,0.0052359405300581585,2.0,
wearing_necktie,0.6235632183908046,0.5890804597701149,iterative_all_layers,male,pclarc,12,0.5150862068965517,0.10847701149425293,2.0,
young,0.8676948051948052,0.9493371212121212,iterative_all_layers,male,pclarc,12,0.8706709956709957,-0.0029761904761904656,2.0,
5_o_clock_shadow,0.5397132616487454,0.5561290322580645,iterative_all_layers,male,pclarc,13,0.5625089605734768,-0.022795698924731322,2.0,
arched_eyebrows,0.5810291858678955,0.6223502304147465,iterative_all_layers,male,pclarc,13,0.5720430107526882,0.008986175115207384,2.0,
attractive,0.49769613947696134,0.5966376089663761,iterative_all_layers,male,pclarc,13,0.4942714819427148,0.0034246575342465335,2.0,
bags_under_eyes,0.4663598038372193,0.4380968768820442,iterative_all_layers,male,pclarc,13,0.5213800223694399,-0.05502021853222061,2.0,
bald,0.7572318647085002,0.8782821539830885,iterative_all_layers,male,pclarc,13,0.7810413885180241,-0.023809523809523836,2.0,
bangs,0.699523052464229,0.8072337042925277,iterative_all_layers,male,pclarc,13,0.7107843137254902,-0.011261261261261257,2.0,
big_lips,0.515625,0.5189732142857143,iterative_all_layers,male,pclarc,13,0.47544642857142855,0.04017857142857145,2.0,
big_nose,0.6209277018295586,0.6840100659729307,iterative_all_layers,male,pclarc,13,0.6210977351560906,-0.000170033326531982,2.0,
black_hair,0.7479296653431651,0.8915484968803177,iterative_all_layers,male,pclarc,13,0.7409529211571186,0.006976744186046435,2.0,
blond_hair,0.8803834808259587,0.9128318584070796,iterative_all_layers,male,pclarc,13,0.863716814159292,0.01666666666666672,2.0,
blurry,0.6951219512195121,0.8056910569105691,iterative_all_layers,male,pclarc,13,0.6747967479674797,0.020325203252032464,2.0,
brown_hair,0.6831896551724138,0.7702945402298851,iterative_all_layers,male,pclarc,13,0.6602011494252874,0.02298850574712641,2.0,
bushy_eyebrows,0.5653763440860214,0.5532616487455196,iterative_all_layers,male,pclarc,13,0.5564874551971326,0.008888888888888835,2.0,
chubby,0.5810185185185186,0.6730324074074074,iterative_all_layers,male,pclarc,13,0.5990740740740741,-0.01805555555555549,2.0,
double_chin,0.5402654867256637,0.6706489675516223,iterative_all_layers,male,pclarc,13,0.5424778761061947,-0.0022123893805310324,2.0,
eyeglasses,0.9366019417475728,0.9884466019417475,iterative_all_layers,male,pclarc,13,0.9268932038834952,0.009708737864077666,2.0,
goatee,0.6555084745762711,0.7514830508474575,iterative_all_layers,male,pclarc,13,0.6555084745762711,0.0,2.0,
gray_hair,0.8806584362139918,0.9692940804051915,iterative_all_layers,male,pclarc,13,0.882716049382716,-0.002057613168724215,2.0,
heavy_makeup,0.5398009950248757,0.6028587222617073,iterative_all_layers,male,pclarc,13,0.5494353628681987,-0.009634367843323055,2.0,
high_cheekbones,0.5323969465648855,0.45178625954198476,iterative_all_layers,male,pclarc,13,0.5442137404580153,-0.01181679389312984,2.0,
male,0.98828125,0.993408203125,iterative_all_layers,male,pclarc,13,0.98828125,0.0,2.0,
mouth_slightly_open,0.5338842975206611,0.5475359657177838,iterative_all_layers,male,pclarc,13,0.5284664830119375,0.005417814508723584,2.0,
mustache,0.726271186440678,0.7866525423728814,iterative_all_layers,male,pclarc,13,0.6991525423728814,0.027118644067796627,2.0,
narrow_eyes,0.5381449825894271,0.5011079455523899,iterative_all_layers,male,pclarc,13,0.5463754352643242,-0.008230452674897082,2.0,
no_beard,0.5350382601691502,0.4937575513491743,iterative_all_layers,male,pclarc,13,0.5427305678614579,-0.007692307692307665,2.0,
oval_face,0.5142089093701997,0.4466973886328725,iterative_all_layers,male,pclarc,13,0.5061443932411674,0.008064516129032251,2.0,
pale_skin,0.5844155844155844,0.7842384887839433,iterative_all_layers,male,pclarc,13,0.613931523022432,-0.029515938606847647,2.0,
pointy_nose,0.49724106739032115,0.5457259158751696,iterative_all_layers,male,pclarc,13,0.49724106739032115,0.0,2.0,
receding_hairline,0.4888392857142857,0.5244140625,iterative_all_layers,male,pclarc,13,0.5044642857142857,-0.015625,2.0,
rosy_cheeks,0.6496431208466651,0.7221265075067684,iterative_all_layers,male,pclarc,13,0.6265075067683977,0.023135614078267364,2.0,
sideburns,0.6534322820037106,0.6489795918367347,iterative_all_layers,male,pclarc,13,0.6473098330241187,0.00612244897959191,2.0,
smiling,0.8494617078541717,0.9621360411059456,iterative_all_layers,male,pclarc,13,0.8375336432591143,0.011928064595057464,2.0,
straight_hair,0.4987012987012987,0.5364502164502164,iterative_all_layers,male,pclarc,13,0.5695238095238095,-0.07082251082251084,2.0,
wavy_hair,0.522121014964216,0.5760758434798774,iterative_all_layers,male,pclarc,13,0.5196579607770239,0.0024630541871921707,2.0,
wearing_earrings,0.6968792401628223,0.7728629579375847,iterative_all_layers,male,pclarc,13,0.6630031659882406,0.033876074174581716,2.0,
wearing_hat,0.9045201441205373,0.9746697237689704,iterative_all_layers,male,pclarc,13,0.9068675619609128,-0.0023474178403755097,2.0,
wearing_lipstick,0.5472559994852988,0.5478993759248537,iterative_all_layers,male,pclarc,13,0.552306504535804,-0.005050505050505194,2.0,
wearing_necklace,0.6217194570135747,0.6508080155138979,iterative_all_layers,male,pclarc,13,0.6044602456367163,0.017259211376858374,2.0,
wearing_necktie,0.584051724137931,0.5847701149425287,iterative_all_layers,male,pclarc,13,0.5150862068965517,0.06896551724137934,2.0,
young,0.8676948051948052,0.9510281385281385,iterative_all_layers,male,pclarc,13,0.8706709956709957,-0.0029761904761904656,2.0,
5_o_clock_shadow,0.5352688172043011,0.5578494623655914,iterative_all_layers,male,pclarc,14,0.5625089605734768,-0.027240143369175684,2.0,
arched_eyebrows,0.592626728110599,0.6254992319508449,iterative_all_layers,male,pclarc,14,0.5720430107526882,0.02058371735791087,2.0,
attractive,0.49769613947696134,0.600747198007472,iterative_all_layers,male,pclarc,14,0.4942714819427148,0.0034246575342465335,2.0,
bags_under_eyes,0.469758237976426,0.4415383291749118,iterative_all_layers,male,pclarc,14,0.5213800223694399,-0.0516217843930139,2.0,
bald,0.7572318647085002,0.8813974187805963,iterative_all_layers,male,pclarc,14,0.7810413885180241,-0.023809523809523836,2.0,
bangs,0.699523052464229,0.809220985691574,iterative_all_layers,male,pclarc,14,0.7107843137254902,-0.011261261261261257,2.0,
big_lips,0.49107142857142855,0.5188337053571429,iterative_all_layers,male,pclarc,14,0.47544642857142855,0.015625,2.0,
big_nose,0.615010542066245,0.685574372577025,iterative_all_layers,male,pclarc,14,0.6210977351560906,-0.006087193089845622,2.0,
black_hair,0.7432785025524674,0.8893930799773114,iterative_all_layers,male,pclarc,14,0.7409529211571186,0.0023255813953487747,2.0,
blond_hair,0.8803834808259587,0.9140117994100294,iterative_all_layers,male,pclarc,14,0.863716814159292,0.01666666666666672,2.0,
blurry,0.6991869918699187,0.8113821138211382,iterative_all_layers,male,pclarc,14,0.6747967479674797,0.024390243902439046,2.0,
brown_hair,0.6896551724137931,0.7765804597701149,iterative_all_layers,male,pclarc,14,0.6602011494252874,0.029454022988505746,2.0,
bushy_eyebrows,0.5675985663082437,0.5561290322580645,iterative_all_layers,male,pclarc,14,0.5564874551971326,0.011111111111111072,2.0,
chubby,0.5810185185185186,0.674074074074074,iterative_all_layers,male,pclarc,14,0.5990740740740741,-0.01805555555555549,2.0,
double_chin,0.5424778761061947,0.672566371681416,iterative_all_layers,male,pclarc,14,0.5424778761061947,0.0,2.0,
eyeglasses,0.9293203883495146,0.9901941747572816,iterative_all_layers,male,pclarc,14,0.9268932038834952,0.0024271844660194164,2.0,
goatee,0.6576271186440679,0.7555084745762712,iterative_all_layers,male,pclarc,14,0.6555084745762711,0.0021186440677967155,2.0,
gray_hair,0.882716049382716,0.9692940804051915,iterative_all_layers,male,pclarc,14,0.882716049382716,0.0,2.0,
heavy_makeup,0.5674800600173734,0.6045170970544105,iterative_all_layers,male,pclarc,14,0.5494353628681987,0.01804469714917467,2.0,
high_cheekbones,0.5363969465648855,0.45392366412213747,iterative_all_layers,male,pclarc,14,0.5442137404580153,-0.007816793893129836,2.0,
male,0.98828125,0.9932861328125,iterative_all_layers,male,pclarc,14,0.98828125,0.0,2.0,
mouth_slightly_open,0.5454239363330272,0.5483930211202939,iterative_all_layers,male,pclarc,14,0.5284664830119375,0.016957453321089666,2.0,
mustache,0.726271186440678,0.7843220338983051,iterative_all_layers,male,pclarc,14,0.6991525423728814,0.027118644067796627,2.0,
narrow_eyes,0.5402025957581513,0.49857549857549854,iterative_all_layers,male,pclarc,14,0.5463754352643242,-0.006172839506172867,2.0,
no_beard,0.5376560612162706,0.4919855014095852,iterative_all_layers,male,pclarc,14,0.5427305678614579,-0.005074506645187271,2.0,
oval_face,0.511520737327189,0.44769585253456223,iterative_all_layers,male,pclarc,14,0.5061443932411674,0.005376344086021501,2.0,
pale_skin,0.5844155844155844,0.7842384887839433,iterative_all_layers,male,pclarc,14,0.613931523022432,-0.029515938606847647,2.0,
pointy_nose,0.49724106739032115,0.5456354590682949,iterative_all_layers,male,pclarc,14,0.49724106739032115,0.0,2.0,
receding_hairline,0.49776785714285715,0.5284598214285714,iterative_all_layers,male,pclarc,14,0.5044642857142857,-0.006696428571428548,2.0,
rosy_cheeks,0.6538272212650751,0.7226187546148166,iterative_all_layers,male,pclarc,14,0.6265075067683977,0.02731971449667736,2.0,
sideburns,0.6554730983302413,0.6493506493506492,iterative_all_layers,male,pclarc,14,0.6473098330241187,0.008163265306122547,2.0,
smiling,0.8535600685099095,0.9619525324198679,iterative_all_layers,male,pclarc,14,0.8375336432591143,0.01602642525079523,2.0,
straight_hair,0.5165367965367965,0.5412987012987013,iterative_all_layers,male,pclarc,14,0.5695238095238095,-0.05298701298701303,2.0,
wavy_hair,0.5245840691514081,0.5824890789106795,iterative_all_layers,male,pclarc,14,0.5196579607770239,0.0049261083743842304,2.0,
wearing_earrings,0.7043419267299864,0.769606512890095,iterative_all_layers,male,pclarc,14,0.6630031659882406,0.041338760741745806,2.0,
wearing_hat,0.9045201441205373,0.9752156348946391,iterative_all_layers,male,pclarc,14,0.9068675619609128,-0.0023474178403755097,2.0,
wearing_lipstick,0.5358360676832015,0.5522743357138262,iterative_all_layers,male,pclarc,14,0.552306504535804,-0.01647043685260252,2.0,
wearing_necklace,0.6217194570135747,0.6505494505494506,iterative_all_layers,male,pclarc,14,0.6044602456367163,0.017259211376858374,2.0,
wearing_necktie,0.6048850574712643,0.5838721264367817,iterative_all_layers,male,pclarc,14,0.5150862068965517,0.0897988505747126,2.0,
young,0.8676948051948052,0.9507575757575757,iterative_all_layers,male,pclarc,14,0.8706709956709957,-0.0029761904761904656,2.0,
5_o_clock_shadow,0.5508243727598566,0.5555555555555556,iterative_all_layers,male,pclarc,15,0.5625089605734768,-0.01168458781362014,2.0,
arched_eyebrows,0.5845622119815668,0.6387096774193548,iterative_all_layers,male,pclarc,15,0.5720430107526882,0.012519201228878618,2.0,
attractive,0.5011207970112079,0.5937733499377335,iterative_all_layers,male,pclarc,15,0.4942714819427148,0.0068493150684931225,2.0,
bags_under_eyes,0.47991052224038544,0.44145229286759013,iterative_all_layers,male,pclarc,15,0.5213800223694399,-0.04146950012905448,2.0,
bald,0.7548954161103694,0.8869603916332889,iterative_all_layers,male,pclarc,15,0.7810413885180241,-0.026145972407654705,2.0,
bangs,0.6825649178590355,0.8015368309485956,iterative_all_layers,male,pclarc,15,0.7107843137254902,-0.028219395866454722,2.0,
big_lips,0.47544642857142855,0.5150669642857143,iterative_all_layers,male,pclarc,15,0.47544642857142855,0.0,2.0,
big_nose,0.6151805753927769,0.6984969053934571,iterative_all_layers,male,pclarc,15,0.6210977351560906,-0.00591715976331364,2.0,
black_hair,0.753148043108338,0.8891661939875213,iterative_all_layers,male,pclarc,15,0.7409529211571186,0.012195121951219412,2.0,
blond_hair,0.8759587020648968,0.9148967551622419,iterative_all_layers,male,pclarc,15,0.863716814159292,0.012241887905604765,2.0,
blurry,0.6910569105691057,0.7747967479674797,iterative_all_layers,male,pclarc,15,0.6747967479674797,0.016260162601625994,2.0,
brown_hair,0.6853448275862069,0.7850215517241379,iterative_all_layers,male,pclarc,15,0.6602011494252874,0.025143678160919447,2.0,
bushy_eyebrows,0.5653763440860214,0.5562724014336917,iterative_all_layers,male,pclarc,15,0.5564874551971326,0.008888888888888835,2.0,
chubby,0.5787037037037037,0.6829861111111112,iterative_all_layers,male,pclarc,15,0.5990740740740741,-0.020370370370370372,2.0,
double_chin,0.5358407079646017,0.6648967551622419,iterative_all_layers,male,pclarc,15,0.5424778761061947,-0.006637168141592986,2.0,
eyeglasses,0.9293203883495146,0.9899029126213592,iterative_all_layers,male,pclarc,15,0.9268932038834952,0.0024271844660194164,2.0,
goatee,0.6597457627118644,0.7555084745762711,iterative_all_layers,male,pclarc,15,0.6555084745762711,0.004237288135593209,2.0,
gray_hair,0.8909465020576132,0.9715099715099715,iterative_all_layers,male,pclarc,15,0.882716049382716,0.008230452674897193,2.0,
heavy_makeup,0.5446181789465372,0.599936823817421,iterative_all_layers,male,pclarc,15,0.5494353628681987,-0.0048171839216615275,2.0,
high_cheekbones,0.5323969465648855,0.45471755725190843,iterative_all_layers,male,pclarc,15,0.5442137404580153,-0.01181679389312984,2.0,
male,0.98828125,0.99267578125,iterative_all_layers,male,pclarc,15,0.98828125,0.0,2.0,
mouth_slightly_open,0.5347413529231712,0.5485766758494032,iterative_all_layers,male,pclarc,15,0.5284664830119375,0.006274869911233605,2.0,
mustache,0.701271186440678,0.7970338983050848,iterative_all_layers,male,pclarc,15,0.6991525423728814,0.0021186440677966045,2.0,
narrow_eyes,0.5079138968027856,0.4767331433998101,iterative_all_layers,male,pclarc,15,0.5463754352643242,-0.03846153846153855,2.0,
no_beard,0.5374949657672171,0.4911800241643174,iterative_all_layers,male,pclarc,15,0.5427305678614579,-0.005235602094240788,2.0,
oval_face,0.5043778801843318,0.44546850998463905,iterative_all_layers,male,pclarc,15,0.5061443932411674,-0.0017665130568356169,2.0,
pale_skin,0.5823494687131051,0.7901416765053129,iterative_all_layers,male,pclarc,15,0.613931523022432,-0.031582054309326923,2.0,
pointy_nose,0.48566259611035734,0.5234735413839892,iterative_all_layers,male,pclarc,15,0.49724106739032115,-0.011578471279963809,2.0,
receding_hairline,0.4888392857142857,0.5235770089285714,iterative_all_layers,male,pclarc,15,0.5044642857142857,-0.015625,2.0,
rosy_cheeks,0.6748707851341373,0.7243416194929856,iterative_all_layers,male,pclarc,15,0.6265075067683977,0.048363278365739615,2.0,
sideburns,0.6432282003710575,0.6434137291280148,iterative_all_layers,male,pclarc,15,0.6473098330241187,-0.004081632653061162,2.0,
smiling,0.8416320039148519,0.9623807193540495,iterative_all_layers,male,pclarc,15,0.8375336432591143,0.004098360655737654,2.0,
straight_hair,0.5387012987012987,0.5442424242424242,iterative_all_layers,male,pclarc,15,0.5695238095238095,-0.030822510822510862,2.0,
wavy_hair,0.531554977228367,0.5704991170183102,iterative_all_layers,male,pclarc,15,0.5196579607770239,0.011897016451343112,2.0,
wearing_earrings,0.6943916779737676,0.765445499773858,iterative_all_layers,male,pclarc,15,0.6630031659882406,0.031388511985526946,2.0,
wearing_hat,0.9161480510972814,0.9772900971721804,iterative_all_layers,male,pclarc,15,0.9068675619609128,0.009280489136368586,2.0,
wearing_lipstick,0.5655922280126102,0.5520169851380042,iterative_all_layers,male,pclarc,15,0.552306504535804,0.013285723476806233,2.0,
wearing_necklace,0.6149321266968326,0.6489980607627667,iterative_all_layers,male,pclarc,15,0.6044602456367163,0.010471881060116317,2.0,
wearing_necktie,0.5567528735632183,0.5707614942528736,iterative_all_layers,male,pclarc,15,0.5150862068965517,0.04166666666666663,2.0,
young,0.8736471861471862,0.9538014069264069,iterative_all_layers,male,pclarc,15,0.8706709956709957,0.0029761904761904656,2.0,
5_o_clock_shadow,0.5346953405017921,0.552258064516129,iterative_all_layers,male,pclarc,16,0.5625089605734768,-0.02781362007168464,2.0,
arched_eyebrows,0.5854838709677419,0.6402457757296468,iterative_all_layers,male,pclarc,16,0.5720430107526882,0.013440860215053752,2.0,
attractive,0.5045454545454545,0.6042341220423413,iterative_all_layers,male,pclarc,16,0.4942714819427148,0.010273972602739712,2.0,
bags_under_eyes,0.4663598038372193,0.4504861051363675,iterative_all_layers,male,pclarc,16,0.5213800223694399,-0.05502021853222061,2.0,
bald,0.7548954161103694,0.8914107699154428,iterative_all_layers,male,pclarc,16,0.7810413885180241,-0.026145972407654705,2.0,
bangs,0.6713036565977742,0.7927927927927928,iterative_all_layers,male,pclarc,16,0.7107843137254902,-0.03948065712771598,2.0,
big_lips,0.45982142857142855,0.5041852678571429,iterative_all_layers,male,pclarc,16,0.47544642857142855,-0.015625,2.0,
big_nose,0.6210977351560906,0.6912874923485003,iterative_all_layers,male,pclarc,16,0.6210977351560906,0.0,2.0,
black_hair,0.7456040839478162,0.8908678389109472,iterative_all_layers,male,pclarc,16,0.7409529211571186,0.0046511627906975495,2.0,
blond_hair,0.8948377581120943,0.9122418879056047,iterative_all_layers,male,pclarc,16,0.863716814159292,0.031120943952802294,2.0,
blurry,0.6910569105691057,0.775609756097561,iterative_all_layers,male,pclarc,16,0.6747967479674797,0.016260162601625994,2.0,
brown_hair,0.6853448275862069,0.7902298850574713,iterative_all_layers,male,pclarc,16,0.6602011494252874,0.025143678160919447,2.0,
bushy_eyebrows,0.5381362007168459,0.5542652329749104,iterative_all_layers,male,pclarc,16,0.5564874551971326,-0.01835125448028674,2.0,
chubby,0.5833333333333333,0.6820601851851851,iterative_all_layers,male,pclarc,16,0.5990740740740741,-0.015740740740740833,2.0,
double_chin,0.5402654867256637,0.6617994100294985,iterative_all_layers,male,pclarc,16,0.5424778761061947,-0.0022123893805310324,2.0,
eyeglasses,0.9268932038834952,0.9902912621359223,iterative_all_layers,male,pclarc,16,0.9268932038834952,0.0,2.0,
goatee,0.6889830508474576,0.7555084745762711,iterative_all_layers,male,pclarc,16,0.6555084745762711,0.03347457627118644,2.0,
gray_hair,0.8930041152263375,0.9667616334283,iterative_all_layers,male,pclarc,16,0.882716049382716,0.010288065843621519,2.0,
heavy_makeup,0.5318644870883678,0.5966990444602385,iterative_all_layers,male,pclarc,16,0.5494353628681987,-0.017570875779830963,2.0,
high_cheekbones,0.5363969465648855,0.4515419847328244,iterative_all_layers,male,pclarc,16,0.5442137404580153,-0.007816793893129836,2.0,
male,0.98828125,0.99224853515625,iterative_all_layers,male,pclarc,16,0.98828125,0.0,2.0,
mouth_slightly_open,0.5467095194367921,0.5470462197734924,iterative_all_layers,male,pclarc,16,0.5284664830119375,0.018243036424854586,2.0,
mustache,0.7097457627118644,0.7985169491525425,iterative_all_layers,male,pclarc,16,0.6991525423728814,0.010593220338983023,2.0,
narrow_eyes,0.4591642924976258,0.4609053497942387,iterative_all_layers,male,pclarc,16,0.5463754352643242,-0.08721114276669839,2.0,
no_beard,0.5479661699556988,0.48135320177204993,iterative_all_layers,male,pclarc,16,0.5427305678614579,0.005235602094240899,2.0,
oval_face,0.49723502304147466,0.45069124423963136,iterative_all_layers,male,pclarc,16,0.5061443932411674,-0.00890937019969279,2.0,
pale_skin,0.5823494687131051,0.7650531286894924,iterative_all_layers,male,pclarc,16,0.613931523022432,-0.031582054309326923,2.0,
pointy_nose,0.47819990954319314,0.5188602442333785,iterative_all_layers,male,pclarc,16,0.49724106739032115,-0.01904115784712801,2.0,
receding_hairline,0.5044642857142857,0.5287388392857142,iterative_all_layers,male,pclarc,16,0.5044642857142857,0.0,2.0,
rosy_cheeks,0.6790548855525473,0.7319714496677332,iterative_all_layers,male,pclarc,16,0.6265075067683977,0.05254737878414961,2.0,
sideburns,0.6534322820037106,0.6434137291280149,iterative_all_layers,male,pclarc,16,0.6473098330241187,0.00612244897959191,2.0,
smiling,0.8494617078541717,0.9634206019084903,iterative_all_layers,male,pclarc,16,0.8375336432591143,0.011928064595057464,2.0,
straight_hair,0.5230303030303031,0.5523809523809524,iterative_all_layers,male,pclarc,16,0.5695238095238095,-0.046493506493506476,2.0,
wavy_hair,0.5266288688539827,0.5699414443721535,iterative_all_layers,male,pclarc,16,0.5196579607770239,0.006970908076958882,2.0,
wearing_earrings,0.6853007688828585,0.7662596110357304,iterative_all_layers,male,pclarc,16,0.6630031659882406,0.022297602894617907,2.0,
wearing_hat,0.9138006332569057,0.9781635549732504,iterative_all_layers,male,pclarc,16,0.9068675619609128,0.006933071295992965,2.0,
wearing_lipstick,0.5541722962105128,0.5536897638808467,iterative_all_layers,male,pclarc,16,0.552306504535804,0.0018657916747087944,2.0,
wearing_necklace,0.6330316742081448,0.660245636716225,iterative_all_layers,male,pclarc,16,0.6044602456367163,0.02857142857142847,2.0,
wearing_necktie,0.5862068965517242,0.5463362068965518,iterative_all_layers,male,pclarc,16,0.5150862068965517,0.07112068965517249,2.0,
young,0.8706709956709957,0.956642316017316,iterative_all_layers,male,pclarc,16,0.8706709956709957,0.0,2.0,
5_o_clock_shadow,0.5235842293906809,0.5382078853046595,iterative_all_layers,male,pclarc,17,0.5625089605734768,-0.038924731182795824,2.0,
arched_eyebrows,0.5980030721966205,0.6489247311827957,iterative_all_layers,male,pclarc,17,0.5720430107526882,0.02596006144393237,2.0,
attractive,0.5011207970112079,0.6044831880448319,iterative_all_layers,male,pclarc,17,0.4942714819427148,0.0068493150684931225,2.0,
bags_under_eyes,0.4900628065043448,0.45926180848317993,iterative_all_layers,male,pclarc,17,0.5213800223694399,-0.031317215865095116,2.0,
bald,0.7548954161103694,0.8912995104583888,iterative_all_layers,male,pclarc,17,0.7810413885180241,-0.026145972407654705,2.0,
bangs,0.6645468998410176,0.7802066772655007,iterative_all_layers,male,pclarc,17,0.7107843137254902,-0.04623741388447267,2.0,
big_lips,0.46205357142857145,0.49107142857142855,iterative_all_layers,male,pclarc,17,0.47544642857142855,-0.013392857142857095,2.0,
big_nose,0.6125620621641842,0.6830578793443515,iterative_all_layers,male,pclarc,17,0.6210977351560906,-0.008535672991906385,2.0,
black_hair,0.7310833806012479,0.888712422007941,iterative_all_layers,male,pclarc,17,0.7409529211571186,-0.009869540555870748,2.0,
blond_hair,0.865929203539823,0.9107669616519174,iterative_all_layers,male,pclarc,17,0.863716814159292,0.0022123893805309214,2.0,
blurry,0.593089430894309,0.7829268292682927,iterative_all_layers,male,pclarc,17,0.6747967479674797,-0.0817073170731707,2.0,
brown_hair,0.6853448275862069,0.7841235632183908,iterative_all_layers,male,pclarc,17,0.6602011494252874,0.025143678160919447,2.0,
bushy_eyebrows,0.5242293906810036,0.5525448028673835,iterative_all_layers,male,pclarc,17,0.5564874551971326,-0.032258064516129004,2.0,
chubby,0.5833333333333333,0.6747685185185186,iterative_all_layers,male,pclarc,17,0.5990740740740741,-0.015740740740740833,2.0,
double_chin,0.5380530973451327,0.6620943952802361,iterative_all_layers,male,pclarc,17,0.5424778761061947,-0.004424778761061954,2.0,
eyeglasses,0.9268932038834952,0.9914563106796116,iterative_all_layers,male,pclarc,17,0.9268932038834952,0.0,2.0,
goatee,0.6639830508474576,0.7641949152542372,iterative_all_layers,male,pclarc,17,0.6555084745762711,0.008474576271186418,2.0,
gray_hair,0.8524849635960747,0.96232985121874,iterative_all_layers,male,pclarc,17,0.882716049382716,-0.030231085786641243,2.0,
heavy_makeup,0.5085287846481876,0.5861960041064518,iterative_all_layers,male,pclarc,17,0.5494353628681987,-0.04090657822001109,2.0,
high_cheekbones,0.5211297709923663,0.4594198473282443,iterative_all_layers,male,pclarc,17,0.5442137404580153,-0.023083969465648946,2.0,
male,0.98828125,0.9912109375,iterative_all_layers,male,pclarc,17,0.98828125,0.0,2.0,
mouth_slightly_open,0.5438628711355984,0.538047138047138,iterative_all_layers,male,pclarc,17,0.5284664830119375,0.015396388123660842,2.0,
mustache,0.7055084745762712,0.8122881355932203,iterative_all_layers,male,pclarc,17,0.6991525423728814,0.006355932203389814,2.0,
narrow_eyes,0.5319721430832542,0.4742006964229186,iterative_all_layers,male,pclarc,17,0.5463754352643242,-0.014403292181069949,2.0,
no_beard,0.5556584776480065,0.48038662907772856,iterative_all_layers,male,pclarc,17,0.5427305678614579,0.012927909786548564,2.0,
oval_face,0.511520737327189,0.440937019969278,iterative_all_layers,male,pclarc,17,0.5061443932411674,0.005376344086021501,2.0,
pale_skin,0.5802833530106257,0.7455726092089728,iterative_all_layers,male,pclarc,17,0.613931523022432,-0.03364817001180631,2.0,
pointy_nose,0.4806874717322478,0.5033016734509272,iterative_all_layers,male,pclarc,17,0.49724106739032115,-0.01655359565807335,2.0,
receding_hairline,0.5044642857142857,0.5284598214285714,iterative_all_layers,male,pclarc,17,0.5044642857142857,0.0,2.0,
rosy_cheeks,0.6517351710558701,0.7312330790056609,iterative_all_layers,male,pclarc,17,0.6265075067683977,0.025227664287472362,2.0,
sideburns,0.661595547309833,0.6419294990723563,iterative_all_layers,male,pclarc,17,0.6473098330241187,0.014285714285714346,2.0,
smiling,0.8327012478590653,0.9563861022755077,iterative_all_layers,male,pclarc,17,0.8375336432591143,-0.004832395400048983,2.0,
straight_hair,0.5122077922077922,0.5458008658008657,iterative_all_layers,male,pclarc,17,0.5695238095238095,-0.05731601731601732,2.0,
wavy_hair,0.522121014964216,0.5520029742541128,iterative_all_layers,male,pclarc,17,0.5196579607770239,0.0024630541871921707,2.0,
wearing_earrings,0.7134328358208956,0.7830845771144278,iterative_all_layers,male,pclarc,17,0.6630031659882406,0.050429669832654955,2.0,
wearing_hat,0.9161480510972814,0.9781635549732504,iterative_all_layers,male,pclarc,17,0.9068675619609128,0.009280489136368586,2.0,
wearing_lipstick,0.5650453580389887,0.539342469278775,iterative_all_layers,male,pclarc,17,0.552306504535804,0.01273885350318471,2.0,
wearing_necklace,0.6262443438914027,0.6595992243051066,iterative_all_layers,male,pclarc,17,0.6044602456367163,0.021784098254686413,2.0,
wearing_necktie,0.5524425287356323,0.5402298850574713,iterative_all_layers,male,pclarc,17,0.5150862068965517,0.03735632183908055,2.0,
young,0.8795995670995671,0.9531926406926408,iterative_all_layers,male,pclarc,17,0.8706709956709957,0.008928571428571397,2.0,
5_o_clock_shadow,0.5235842293906809,0.5498207885304659,iterative_all_layers,male,pclarc,18,0.5625089605734768,-0.038924731182795824,2.0,
arched_eyebrows,0.5908602150537634,0.6567204301075269,iterative_all_layers,male,pclarc,18,0.5720430107526882,0.018817204301075252,2.0,
attractive,0.5045454545454545,0.5900373599003735,iterative_all_layers,male,pclarc,18,0.4942714819427148,0.010273972602739712,2.0,
bags_under_eyes,0.49767701970231437,0.4468725802288566,iterative_all_layers,male,pclarc,18,0.5213800223694399,-0.02370300266712555,2.0,
bald,0.7787049399198932,0.8904094348019581,iterative_all_layers,male,pclarc,18,0.7810413885180241,-0.002336448598130869,2.0,
bangs,0.6498410174880763,0.7662294647588765,iterative_all_layers,male,pclarc,18,0.7107843137254902,-0.0609432962374139,2.0,
big_lips,0.4732142857142857,0.49762834821428564,iterative_all_layers,male,pclarc,18,0.47544642857142855,-0.002232142857142849,2.0,
big_nose,0.6096034822825274,0.6770046929198122,iterative_all_layers,male,pclarc,18,0.6210977351560906,-0.011494252873563204,2.0,
black_hair,0.7456040839478162,0.8915484968803177,iterative_all_layers,male,pclarc,18,0.7409529211571186,0.0046511627906975495,2.0,
blond_hair,0.8470501474926253,0.9072271386430678,iterative_all_layers,male,pclarc,18,0.863716814159292,-0.01666666666666672,2.0,
blurry,0.5971544715447155,0.7504065040650406,iterative_all_layers,male,pclarc,18,0.6747967479674797,-0.07764227642276422,2.0,
brown_hair,0.6831896551724138,0.7841235632183907,iterative_all_layers,male,pclarc,18,0.6602011494252874,0.02298850574712641,2.0,
bushy_eyebrows,0.5359139784946236,0.5499641577060931,iterative_all_layers,male,pclarc,18,0.5564874551971326,-0.020573476702508975,2.0,
chubby,0.5856481481481481,0.6739583333333334,iterative_all_layers,male,pclarc,18,0.5990740740740741,-0.013425925925925952,2.0,
double_chin,0.5380530973451327,0.6491150442477875,iterative_all_layers,male,pclarc,18,0.5424778761061947,-0.004424778761061954,2.0,
eyeglasses,0.9341747572815534,0.9902912621359223,iterative_all_layers,male,pclarc,18,0.9268932038834952,0.007281553398058249,2.0,
goatee,0.6889830508474576,0.759322033898305,iterative_all_layers,male,pclarc,18,0.6555084745762711,0.03347457627118644,2.0,
gray_hair,0.8524849635960747,0.9566318455207344,iterative_all_layers,male,pclarc,18,0.882716049382716,-0.030231085786641243,2.0,
heavy_makeup,0.5313906657190239,0.587775408670931,iterative_all_layers,male,pclarc,18,0.5494353628681987,-0.018044697149174782,2.0,
high_cheekbones,0.5285801526717557,0.46070229007633584,iterative_all_layers,male,pclarc,18,0.5442137404580153,-0.015633587786259562,2.0,
male,0.98828125,0.98870849609375,iterative_all_layers,male,pclarc,18,0.98828125,0.0,2.0,
mouth_slightly_open,0.5294765840220386,0.5321701867156413,iterative_all_layers,male,pclarc,18,0.5284664830119375,0.0010101010101010166,2.0,
mustache,0.7347457627118644,0.8125,iterative_all_layers,male,pclarc,18,0.6991525423728814,0.035593220338983045,2.0,
narrow_eyes,0.5504906616017727,0.5147198480531814,iterative_all_layers,male,pclarc,18,0.5463754352643242,0.004115226337448541,2.0,
no_beard,0.5582762786951269,0.4795811518324607,iterative_all_layers,male,pclarc,18,0.5427305678614579,0.015545710833668958,2.0,
oval_face,0.49185867895545315,0.4364823348694316,iterative_all_layers,male,pclarc,18,0.5061443932411674,-0.01428571428571429,2.0,
pale_skin,0.5844155844155844,0.7136953955135773,iterative_all_layers,male,pclarc,18,0.613931523022432,-0.029515938606847647,2.0,
pointy_nose,0.49724106739032115,0.5016734509271822,iterative_all_layers,male,pclarc,18,0.49724106739032115,0.0,2.0,
receding_hairline,0.5267857142857143,0.5269252232142857,iterative_all_layers,male,pclarc,18,0.5044642857142857,0.022321428571428603,2.0,
rosy_cheeks,0.6496431208466651,0.7218803839527443,iterative_all_layers,male,pclarc,18,0.6265075067683977,0.023135614078267364,2.0,
sideburns,0.661595547309833,0.6389610389610391,iterative_all_layers,male,pclarc,18,0.6473098330241187,0.014285714285714346,2.0,
smiling,0.8487276731098605,0.9584046978223636,iterative_all_layers,male,pclarc,18,0.8375336432591143,0.011194029850746245,2.0,
straight_hair,0.6008658008658009,0.5684848484848485,iterative_all_layers,male,pclarc,18,0.5695238095238095,0.03134199134199134,2.0,
wavy_hair,0.5196579607770239,0.5715215168695975,iterative_all_layers,male,pclarc,18,0.5196579607770239,0.0,2.0,
wearing_earrings,0.7018543645409316,0.7867028493894166,iterative_all_layers,male,pclarc,18,0.6630031659882406,0.038851198552691035,2.0,
wearing_hat,0.918495468937657,0.9775084616224479,iterative_all_layers,male,pclarc,18,0.9068675619609128,0.011627906976744207,2.0,
wearing_lipstick,0.5536254262368911,0.544039117287525,iterative_all_layers,male,pclarc,18,0.552306504535804,0.0013189217010871612,2.0,
wearing_necklace,0.6239819004524887,0.6699418228829994,iterative_all_layers,male,pclarc,18,0.6044602456367163,0.019521654815772393,2.0,
wearing_necktie,0.5732758620689655,0.5129310344827587,iterative_all_layers,male,pclarc,18,0.5150862068965517,0.05818965517241381,2.0,
young,0.8593073593073592,0.9506222943722944,iterative_all_layers,male,pclarc,18,0.8706709956709957,-0.011363636363636465,2.0,
5_o_clock_shadow,0.5925448028673835,0.5545519713261648,iterative_all_layers,male,pclarc,19,0.5625089605734768,0.030035842293906767,2.0,
arched_eyebrows,0.592626728110599,0.6546082949308756,iterative_all_layers,male,pclarc,19,0.5720430107526882,0.02058371735791087,2.0,
attractive,0.509090909090909,0.5694894146948942,iterative_all_layers,male,pclarc,19,0.4942714819427148,0.01481942714819423,2.0,
bags_under_eyes,0.49255785941667385,0.44988385098511574,iterative_all_layers,male,pclarc,19,0.5213800223694399,-0.028822162952766073,2.0,
bald,0.7548954161103694,0.8880729862038274,iterative_all_layers,male,pclarc,19,0.7810413885180241,-0.026145972407654705,2.0,
bangs,0.6645468998410176,0.7543720190779015,iterative_all_layers,male,pclarc,19,0.7107843137254902,-0.04623741388447267,2.0,
big_lips,0.49107142857142855,0.5099051339285714,iterative_all_layers,male,pclarc,19,0.47544642857142855,0.015625,2.0,
big_nose,0.5923621029721826,0.6710875331564986,iterative_all_layers,male,pclarc,19,0.6210977351560906,-0.028735632183907955,2.0,
black_hair,0.7357345433919456,0.8873511060692002,iterative_all_layers,male,pclarc,19,0.7409529211571186,-0.005218377765173088,2.0,
blond_hair,0.8448377581120944,0.9013274336283186,iterative_all_layers,male,pclarc,19,0.863716814159292,-0.01887905604719764,2.0,
blurry,0.6369918699186992,0.751219512195122,iterative_all_layers,male,pclarc,19,0.6747967479674797,-0.03780487804878052,2.0,
brown_hair,0.6558908045977012,0.7652658045977011,iterative_all_layers,male,pclarc,19,0.6602011494252874,-0.004310344827586188,2.0,
bushy_eyebrows,0.5119713261648745,0.5334767025089606,iterative_all_layers,male,pclarc,19,0.5564874551971326,-0.0445161290322581,2.0,
chubby,0.600462962962963,0.6679398148148148,iterative_all_layers,male,pclarc,19,0.5990740740740741,0.001388888888888884,2.0,
double_chin,0.5502949852507375,0.6398230088495576,iterative_all_layers,male,pclarc,19,0.5424778761061947,0.007817109144542811,2.0,
eyeglasses,0.9244660194174756,0.9871844660194175,iterative_all_layers,male,pclarc,19,0.9268932038834952,-0.0024271844660195274,2.0,
goatee,0.6889830508474576,0.7572033898305084,iterative_all_layers,male,pclarc,19,0.6555084745762711,0.03347457627118644,2.0,
gray_hair,0.8771763216207661,0.9604305159860715,iterative_all_layers,male,pclarc,19,0.882716049382716,-0.005539727761949886,2.0,
heavy_makeup,0.5256258390586749,0.5738766485035143,iterative_all_layers,male,pclarc,19,0.5494353628681987,-0.023809523809523836,2.0,
high_cheekbones,0.528763358778626,0.48299236641221377,iterative_all_layers,male,pclarc,19,0.5442137404580153,-0.01545038167938928,2.0,
male,0.98828125,0.9920654296875,iterative_all_layers,male,pclarc,19,0.98828125,0.0,2.0,
mouth_slightly_open,0.5224977043158862,0.5245179063360882,iterative_all_layers,male,pclarc,19,0.5284664830119375,-0.005968778696051391,2.0,
mustache,0.7432203389830508,0.8226694915254237,iterative_all_layers,male,pclarc,19,0.6991525423728814,0.04406779661016946,2.0,
narrow_eyes,0.5381449825894271,0.5302310857866414,iterative_all_layers,male,pclarc,19,0.5463754352643242,-0.008230452674897082,2.0,
no_beard,0.5402738622633911,0.45034232782923883,iterative_all_layers,male,pclarc,19,0.5427305678614579,-0.0024567055980667662,2.0,
oval_face,0.5088325652841782,0.4258832565284178,iterative_all_layers,male,pclarc,19,0.5061443932411674,0.0026881720430107503,2.0,
pale_skin,0.5864817001180638,0.7033648170011807,iterative_all_layers,male,pclarc,19,0.613931523022432,-0.02744982290436826,2.0,
pointy_nose,0.4799185888738128,0.48647670737222976,iterative_all_layers,male,pclarc,19,0.49724106739032115,-0.017322478516508366,2.0,
receding_hairline,0.5066964285714286,0.5373883928571428,iterative_all_layers,male,pclarc,19,0.5044642857142857,0.0022321428571429047,2.0,
rosy_cheeks,0.6538272212650751,0.747969480679301,iterative_all_layers,male,pclarc,19,0.6265075067683977,0.02731971449667736,2.0,
sideburns,0.65139146567718,0.6541743970315399,iterative_all_layers,male,pclarc,19,0.6473098330241187,0.004081632653061273,2.0,
smiling,0.828235869831172,0.9501468069488622,iterative_all_layers,male,pclarc,19,0.8375336432591143,-0.009297773427942246,2.0,
straight_hair,0.5695238095238095,0.5776623376623377,iterative_all_layers,male,pclarc,19,0.5695238095238095,0.0,2.0,
wavy_hair,0.5126870527000651,0.5537689376336091,iterative_all_layers,male,pclarc,19,0.5196579607770239,-0.006970908076958771,2.0,
wearing_earrings,0.7191768430574401,0.7857078245137946,iterative_all_layers,male,pclarc,19,0.6630031659882406,0.05617367706919951,2.0,
wearing_hat,0.9045201441205373,0.979582923899989,iterative_all_layers,male,pclarc,19,0.9068675619609128,-0.0023474178403755097,2.0,
wearing_lipstick,0.5491217911600077,0.5291127838898539,iterative_all_layers,male,pclarc,19,0.552306504535804,-0.0031847133757962887,2.0,
wearing_necklace,0.6201680672268908,0.6527472527472528,iterative_all_layers,male,pclarc,19,0.6044602456367163,0.015707821590174476,2.0,
wearing_necktie,0.5797413793103449,0.5271192528735631,iterative_all_layers,male,pclarc,19,0.5150862068965517,0.06465517241379315,2.0,
young,0.8533549783549783,0.9451433982683983,iterative_all_layers,male,pclarc,19,0.8706709956709957,-0.017316017316017396,2.0,
5_o_clock_shadow,0.5625089605734768,0.5716129032258065,iterative_all_layers,male,pclarc,20,0.5625089605734768,0.0,2.0,
arched_eyebrows,0.5774193548387097,0.640168970814132,iterative_all_layers,male,pclarc,20,0.5720430107526882,0.005376344086021501,2.0,
attractive,0.5011207970112079,0.5759651307596513,iterative_all_layers,male,pclarc,20,0.4942714819427148,0.0068493150684931225,2.0,
bags_under_eyes,0.4790071410135077,0.4269981932375463,iterative_all_layers,male,pclarc,20,0.5213800223694399,-0.0423728813559322,2.0,
bald,0.7548954161103694,0.8877392078326659,iterative_all_layers,male,pclarc,20,0.7810413885180241,-0.026145972407654705,2.0,
bangs,0.6622946475887652,0.7469528351881294,iterative_all_layers,male,pclarc,20,0.7107843137254902,-0.04848966613672501,2.0,
big_lips,0.46651785714285715,0.5297154017857143,iterative_all_layers,male,pclarc,20,0.47544642857142855,-0.008928571428571397,2.0,
big_nose,0.5981092294089642,0.6649663334013467,iterative_all_layers,male,pclarc,20,0.6210977351560906,-0.02298850574712641,2.0,
black_hair,0.7038003403289846,0.8910947249007374,iterative_all_layers,male,pclarc,20,0.7409529211571186,-0.037152580828133996,2.0,
blond_hair,0.868141592920354,0.9026548672566371,iterative_all_layers,male,pclarc,20,0.863716814159292,0.004424778761061954,2.0,
blurry,0.5910569105691057,0.7418699186991871,iterative_all_layers,male,pclarc,20,0.6747967479674797,-0.08373983739837398,2.0,
brown_hair,0.6702586206896551,0.7372485632183908,iterative_all_layers,male,pclarc,20,0.6602011494252874,0.010057471264367734,2.0,
bushy_eyebrows,0.5208602150537635,0.5373476702508961,iterative_all_layers,male,pclarc,20,0.5564874551971326,-0.035627240143369154,2.0,
chubby,0.5652777777777778,0.6791666666666667,iterative_all_layers,male,pclarc,20,0.5990740740740741,-0.033796296296296324,2.0,
double_chin,0.582448377581121,0.6306784660766962,iterative_all_layers,male,pclarc,20,0.5424778761061947,0.03997050147492631,2.0,
eyeglasses,0.9341747572815534,0.986504854368932,iterative_all_layers,male,pclarc,20,0.9268932038834952,0.007281553398058249,2.0,
goatee,0.686864406779661,0.7694915254237289,iterative_all_layers,male,pclarc,20,0.6555084745762711,0.031355932203389836,2.0,
gray_hair,0.8771763216207661,0.958531180753403,iterative_all_layers,male,pclarc,20,0.882716049382716,-0.005539727761949886,2.0,
heavy_makeup,0.5299692016109927,0.5528705677959409,iterative_all_layers,male,pclarc,20,0.5494353628681987,-0.019466161257206016,2.0,
high_cheekbones,0.5434809160305344,0.4886106870229008,iterative_all_layers,male,pclarc,20,0.5442137404580153,-0.0007328244274809048,2.0,
male,0.98828125,0.990966796875,iterative_all_layers,male,pclarc,20,0.98828125,0.0,2.0,
mouth_slightly_open,0.5187940006121824,0.5281910009182736,iterative_all_layers,male,pclarc,20,0.5284664830119375,-0.009672482399755156,2.0,
mustache,0.7474576271186442,0.8233050847457627,iterative_all_layers,male,pclarc,20,0.6991525423728814,0.04830508474576278,2.0,
narrow_eyes,0.5484330484330484,0.5400443178220956,iterative_all_layers,male,pclarc,20,0.5463754352643242,0.002057613168724215,2.0,
no_beard,0.527184857027789,0.44937575513491745,iterative_all_layers,male,pclarc,20,0.5427305678614579,-0.015545710833668958,2.0,
oval_face,0.511520737327189,0.4410906298003072,iterative_all_layers,male,pclarc,20,0.5061443932411674,0.005376344086021501,2.0,
pale_skin,0.5487012987012987,0.6838842975206612,iterative_all_layers,male,pclarc,20,0.613931523022432,-0.06523022432113335,2.0,
pointy_nose,0.4799185888738128,0.49570330167345095,iterative_all_layers,male,pclarc,20,0.49724106739032115,-0.017322478516508366,2.0,
receding_hairline,0.5111607142857143,0.5453404017857143,iterative_all_layers,male,pclarc,20,0.5044642857142857,0.006696428571428603,2.0,
rosy_cheeks,0.6327836573960128,0.7462466158011322,iterative_all_layers,male,pclarc,20,0.6265075067683977,0.006276150627615107,2.0,
sideburns,0.6656771799628942,0.6430426716141001,iterative_all_layers,male,pclarc,20,0.6473098330241187,0.01836734693877551,2.0,
smiling,0.8367996085148031,0.9485563983361879,iterative_all_layers,male,pclarc,20,0.8375336432591143,-0.0007340347443112183,2.0,
straight_hair,0.5516883116883117,0.571948051948052,iterative_all_layers,male,pclarc,20,0.5695238095238095,-0.01783549783549787,2.0,
wavy_hair,0.5077609443256809,0.5566502463054187,iterative_all_layers,male,pclarc,20,0.5196579607770239,-0.011897016451343001,2.0,
wearing_earrings,0.7051108095884215,0.7924920850293984,iterative_all_layers,male,pclarc,20,0.6630031659882406,0.04210764360018093,2.0,
wearing_hat,0.9230811223932744,0.9786002838737853,iterative_all_layers,male,pclarc,20,0.9068675619609128,0.016213560432361662,2.0,
wearing_lipstick,0.5509875828347166,0.5197194878723541,iterative_all_layers,male,pclarc,20,0.552306504535804,-0.0013189217010873833,2.0,
wearing_necklace,0.6292178409825468,0.6563671622495152,iterative_all_layers,male,pclarc,20,0.6044602456367163,0.024757595345830552,2.0,
wearing_necktie,0.5632183908045977,0.5068247126436782,iterative_all_layers,male,pclarc,20,0.5150862068965517,0.04813218390804597,2.0,
young,0.8622835497835497,0.9424377705627706,iterative_all_layers,male,pclarc,20,0.8706709956709957,-0.008387445887445999,2.0,
5_o_clock_shadow,0.5936200716845879,0.5624372759856631,iterative_all_layers,male,pclarc,21,0.5625089605734768,0.03111111111111109,2.0,
arched_eyebrows,0.5854838709677419,0.6390937019969278,iterative_all_layers,male,pclarc,21,0.5720430107526882,0.013440860215053752,2.0,
attractive,0.5,0.5655666251556662,iterative_all_layers,male,pclarc,21,0.4942714819427148,0.005728518057285192,2.0,
bags_under_eyes,0.45530413834638217,0.4113395853049987,iterative_all_layers,male,pclarc,21,0.5213800223694399,-0.06607588402305775,2.0,
bald,0.7691366266132622,0.8966399643969738,iterative_all_layers,male,pclarc,21,0.7810413885180241,-0.011904761904761862,2.0,
bangs,0.6667991520932697,0.759009009009009,iterative_all_layers,male,pclarc,21,0.7107843137254902,-0.04398516163222055,2.0,
big_lips,0.47544642857142855,0.50390625,iterative_all_layers,male,pclarc,21,0.47544642857142855,0.0,2.0,
big_nose,0.5841664966333402,0.6304155614500442,iterative_all_layers,male,pclarc,21,0.6210977351560906,-0.036931238522750376,2.0,
black_hair,0.6648893930799773,0.8847419171866138,iterative_all_layers,male,pclarc,21,0.7409529211571186,-0.07606352807714134,2.0,
blond_hair,0.8592920353982301,0.8943952802359882,iterative_all_layers,male,pclarc,21,0.863716814159292,-0.004424778761061954,2.0,
blurry,0.5849593495934959,0.7410569105691057,iterative_all_layers,male,pclarc,21,0.6747967479674797,-0.08983739837398375,2.0,
brown_hair,0.6745689655172413,0.7169540229885059,iterative_all_layers,male,pclarc,21,0.6602011494252874,0.014367816091953922,2.0,
bushy_eyebrows,0.5063799283154122,0.5245878136200717,iterative_all_layers,male,pclarc,21,0.5564874551971326,-0.05010752688172038,2.0,
chubby,0.5560185185185186,0.6607638888888889,iterative_all_layers,male,pclarc,21,0.5990740740740741,-0.043055555555555514,2.0,
double_chin,0.5591445427728613,0.6166666666666666,iterative_all_layers,male,pclarc,21,0.5424778761061947,0.016666666666666607,2.0,
eyeglasses,0.924757281553398,0.9876699029126215,iterative_all_layers,male,pclarc,21,0.9268932038834952,-0.002135922330097184,2.0,
goatee,0.6661016949152543,0.7684322033898304,iterative_all_layers,male,pclarc,21,0.6555084745762711,0.010593220338983134,2.0,
gray_hair,0.8874643874643875,0.940804051915163,iterative_all_layers,male,pclarc,21,0.882716049382716,0.0047483380816715215,2.0,
heavy_makeup,0.5186369738608545,0.5444997236042012,iterative_all_layers,male,pclarc,21,0.5494353628681987,-0.030798389007344218,2.0,
high_cheekbones,0.5352977099236641,0.4893435114503817,iterative_all_layers,male,pclarc,21,0.5442137404580153,-0.008916030534351194,2.0,
male,0.97265625,0.991943359375,iterative_all_layers,male,pclarc,21,0.98828125,-0.015625,2.0,
mouth_slightly_open,0.5052647689011326,0.5119681665136211,iterative_all_layers,male,pclarc,21,0.5284664830119375,-0.02320171411080496,2.0,
mustache,0.7182203389830508,0.8228813559322035,iterative_all_layers,male,pclarc,21,0.6991525423728814,0.01906779661016944,2.0,
narrow_eyes,0.6177587844254511,0.5837290281734726,iterative_all_layers,male,pclarc,21,0.5463754352643242,0.07138334916112687,2.0,
no_beard,0.5222714458316553,0.45590012082158676,iterative_all_layers,male,pclarc,21,0.5427305678614579,-0.0204591220298026,2.0,
oval_face,0.5124423963133641,0.4185099846390169,iterative_all_layers,male,pclarc,21,0.5061443932411674,0.006298003072196634,2.0,
pale_skin,0.5548996458087367,0.6809327036599764,iterative_all_layers,male,pclarc,21,0.613931523022432,-0.059031877213695294,2.0,
pointy_nose,0.4633649932157395,0.48394391677973775,iterative_all_layers,male,pclarc,21,0.49724106739032115,-0.03387607417458166,2.0,
receding_hairline,0.5401785714285714,0.5245535714285714,iterative_all_layers,male,pclarc,21,0.5044642857142857,0.0357142857142857,2.0,
rosy_cheeks,0.6054639428993355,0.6881614570514398,iterative_all_layers,male,pclarc,21,0.6265075067683977,-0.021043563869062254,2.0,
sideburns,0.6120593692022264,0.6356215213358071,iterative_all_layers,male,pclarc,21,0.6473098330241187,-0.03525046382189234,2.0,
smiling,0.6906655248348421,0.8142280401272326,iterative_all_layers,male,pclarc,21,0.8375336432591143,-0.14686811842427216,2.0,
straight_hair,0.5538528138528138,0.5852813852813853,iterative_all_layers,male,pclarc,21,0.5695238095238095,-0.015670995670995724,2.0,
wavy_hair,0.5171949065898318,0.5803513337670788,iterative_all_layers,male,pclarc,21,0.5196579607770239,-0.0024630541871920597,2.0,
wearing_earrings,0.6720036182722751,0.7592944369063772,iterative_all_layers,male,pclarc,21,0.6630031659882406,0.009000452284034455,2.0,
wearing_hat,0.9300141936892674,0.9788186483240529,iterative_all_layers,male,pclarc,21,0.9068675619609128,0.023146631728354627,2.0,
wearing_lipstick,0.4914752621758991,0.4834330566814643,iterative_all_layers,male,pclarc,21,0.552306504535804,-0.06083124235990489,2.0,
wearing_necklace,0.6374272786037491,0.6793794440853265,iterative_all_layers,male,pclarc,21,0.6044602456367163,0.03296703296703285,2.0,
wearing_necktie,0.6063218390804598,0.5479525862068966,iterative_all_layers,male,pclarc,21,0.5150862068965517,0.09123563218390807,2.0,
young,0.8338744588744589,0.9010416666666667,iterative_all_layers,male,pclarc,21,0.8706709956709957,-0.03679653679653683,2.0,
5_o_clock_shadow,0.5908243727598567,0.5915412186379928,iterative_all_layers,male,pclarc,22,0.5625089605734768,0.028315412186379896,2.0,
arched_eyebrows,0.5899385560675883,0.5943164362519201,iterative_all_layers,male,pclarc,22,0.5720430107526882,0.01789554531490012,2.0,
attractive,0.4965753424657534,0.5297633872976338,iterative_all_layers,male,pclarc,22,0.4942714819427148,0.0023038605230386033,2.0,
bags_under_eyes,0.4773294330207348,0.44601221715563977,iterative_all_layers,male,pclarc,22,0.5213800223694399,-0.04405058934870515,2.0,
bald,0.7023809523809523,0.878727191811304,iterative_all_layers,male,pclarc,22,0.7810413885180241,-0.07866043613707174,2.0,
bangs,0.7131690514043456,0.7886857445680976,iterative_all_layers,male,pclarc,22,0.7107843137254902,0.0023847376788553865,2.0,
big_lips,0.5424107142857143,0.5373883928571428,iterative_all_layers,male,pclarc,22,0.47544642857142855,0.06696428571428575,2.0,
big_nose,0.5441066449024009,0.598857376045705,iterative_all_layers,male,pclarc,22,0.6210977351560906,-0.07699109025368966,2.0,
black_hair,0.645150311968236,0.8701077708451503,iterative_all_layers,male,pclarc,22,0.7409529211571186,-0.09580260918888261,2.0,
blond_hair,0.8737463126843659,0.8967551622418879,iterative_all_layers,male,pclarc,22,0.863716814159292,0.010029498525073843,2.0,
blurry,0.6369918699186992,0.7378048780487805,iterative_all_layers,male,pclarc,22,0.6747967479674797,-0.03780487804878052,2.0,
brown_hair,0.6537356321839081,0.6783405172413793,iterative_all_layers,male,pclarc,22,0.6602011494252874,-0.006465517241379337,2.0,
bushy_eyebrows,0.46408602150537637,0.4980645161290323,iterative_all_layers,male,pclarc,22,0.5564874551971326,-0.09240143369175624,2.0,
chubby,0.5481481481481482,0.621875,iterative_all_layers,male,pclarc,22,0.5990740740740741,-0.05092592592592593,2.0,
double_chin,0.5836283185840708,0.6050147492625368,iterative_all_layers,male,pclarc,22,0.5424778761061947,0.04115044247787614,2.0,
eyeglasses,0.8662135922330096,0.9602912621359223,iterative_all_layers,male,pclarc,22,0.9268932038834952,-0.06067961165048552,2.0,
goatee,0.6241525423728813,0.7190677966101695,iterative_all_layers,male,pclarc,22,0.6555084745762711,-0.031355932203389836,2.0,
gray_hair,0.7905982905982906,0.9072491294713516,iterative_all_layers,male,pclarc,22,0.882716049382716,-0.09211775878442541,2.0,
heavy_makeup,0.47168917318171044,0.5335228618810708,iterative_all_layers,male,pclarc,22,0.5494353628681987,-0.07774618968648828,2.0,
high_cheekbones,0.5120305343511451,0.4534351145038168,iterative_all_layers,male,pclarc,22,0.5442137404580153,-0.0321832061068702,2.0,
male,0.87890625,0.9908447265625,iterative_all_layers,male,pclarc,22,0.98828125,-0.109375,2.0,
mouth_slightly_open,0.5093970003060913,0.4938475665748393,iterative_all_layers,male,pclarc,22,0.5284664830119375,-0.019069482705846297,2.0,
mustache,0.6847457627118644,0.7949152542372881,iterative_all_layers,male,pclarc,22,0.6991525423728814,-0.014406779661017,2.0,
narrow_eyes,0.6163342830009497,0.6058879392212725,iterative_all_layers,male,pclarc,22,0.5463754352643242,0.06995884773662553,2.0,
no_beard,0.5196536447845348,0.464679822795006,iterative_all_layers,male,pclarc,22,0.5427305678614579,-0.023076923076923106,2.0,
oval_face,0.4802611367127496,0.43425499231950837,iterative_all_layers,male,pclarc,22,0.5061443932411674,-0.02588325652841783,2.0,
pale_skin,0.5274498229043684,0.666469893742621,iterative_all_layers,male,pclarc,22,0.613931523022432,-0.08648170011806366,2.0,
pointy_nose,0.4840343735866124,0.46540027137042056,iterative_all_layers,male,pclarc,22,0.49724106739032115,-0.013206693803708758,2.0,
receding_hairline,0.5334821428571428,0.5152064732142857,iterative_all_layers,male,pclarc,22,0.5044642857142857,0.029017857142857095,2.0,
rosy_cheeks,0.5740831897612602,0.6775781442284027,iterative_all_layers,male,pclarc,22,0.6265075067683977,-0.052424317007137566,2.0,
sideburns,0.5651205936920223,0.6185528756957328,iterative_all_layers,male,pclarc,22,0.6473098330241187,-0.08218923933209643,2.0,
smiling,0.7197210667971616,0.8315390261805725,iterative_all_layers,male,pclarc,22,0.8375336432591143,-0.11781257646195264,2.0,
straight_hair,0.5668398268398268,0.5696969696969697,iterative_all_layers,male,pclarc,22,0.5695238095238095,-0.002683982683982733,2.0,
wavy_hair,0.5241658146667906,0.5818384608234966,iterative_all_layers,male,pclarc,22,0.5196579607770239,0.004507853889766711,2.0,
wearing_earrings,0.5850293984622343,0.6723654454997738,iterative_all_layers,male,pclarc,22,0.6630031659882406,-0.07797376752600627,2.0,
wearing_hat,0.9274484113986243,0.9795829238999891,iterative_all_layers,male,pclarc,22,0.9068675619609128,0.020580849437711546,2.0,
wearing_lipstick,0.4821463038023548,0.4730746960046323,iterative_all_layers,male,pclarc,22,0.552306504535804,-0.0701602007334492,2.0,
wearing_necklace,0.5959922430510666,0.6474466709760828,iterative_all_layers,male,pclarc,22,0.6044602456367163,-0.008468002585649725,2.0,
wearing_necktie,0.5560344827586207,0.5105962643678161,iterative_all_layers,male,pclarc,22,0.5150862068965517,0.04094827586206895,2.0,
young,0.7099567099567099,0.7978896103896104,iterative_all_layers,male,pclarc,22,0.8706709956709957,-0.1607142857142858,2.0,
5_o_clock_shadow,0.551326164874552,0.5366308243727599,iterative_all_layers,male,pclarc,23,0.5625089605734768,-0.011182795698924775,2.0,
arched_eyebrows,0.47096774193548385,0.4477726574500767,iterative_all_layers,male,pclarc,23,0.5720430107526882,-0.1010752688172043,2.0,
attractive,0.5022415940224159,0.5283935242839353,iterative_all_layers,male,pclarc,23,0.4942714819427148,0.007970112079701053,2.0,
bags_under_eyes,0.5069689408930569,0.5292093263357136,iterative_all_layers,male,pclarc,23,0.5213800223694399,-0.014411081476383036,2.0,
bald,0.4766355140186916,0.3564753004005341,iterative_all_layers,male,pclarc,23,0.7810413885180241,-0.3044058744993325,2.0,
bangs,0.4813195548489666,0.48145204027556965,iterative_all_layers,male,pclarc,23,0.7107843137254902,-0.22946475887652362,2.0,
big_lips,0.5066964285714286,0.47726004464285715,iterative_all_layers,male,pclarc,23,0.47544642857142855,0.031250000000000056,2.0,
big_nose,0.5030265932122696,0.4529687818812487,iterative_all_layers,male,pclarc,23,0.6210977351560906,-0.11807114194382096,2.0,
black_hair,0.5150311968235961,0.5411230856494611,iterative_all_layers,male,pclarc,23,0.7409529211571186,-0.22592172433352253,2.0,
blond_hair,0.4550147492625369,0.5169616519174041,iterative_all_layers,male,pclarc,23,0.863716814159292,-0.40870206489675515,2.0,
blurry,0.5768292682926829,0.5024390243902439,iterative_all_layers,male,pclarc,23,0.6747967479674797,-0.0979674796747968,2.0,
brown_hair,0.548132183908046,0.5660919540229885,iterative_all_layers,male,pclarc,23,0.6602011494252874,-0.11206896551724144,2.0,
bushy_eyebrows,0.498494623655914,0.4679569892473118,iterative_all_layers,male,pclarc,23,0.5564874551971326,-0.05799283154121859,2.0,
chubby,0.4740740740740741,0.41921296296296295,iterative_all_layers,male,pclarc,23,0.5990740740740741,-0.125,2.0,
double_chin,0.44469026548672563,0.4800884955752212,iterative_all_layers,male,pclarc,23,0.5424778761061947,-0.09778761061946906,2.0,
eyeglasses,0.534368932038835,0.5444660194174757,iterative_all_layers,male,pclarc,23,0.9268932038834952,-0.3925242718446602,2.0,
goatee,0.4572033898305085,0.46016949152542375,iterative_all_layers,male,pclarc,23,0.6555084745762711,-0.19830508474576264,2.0,
gray_hair,0.48559670781893005,0.47799936688825584,iterative_all_layers,male,pclarc,23,0.882716049382716,-0.3971193415637859,2.0,
heavy_makeup,0.45751401721550977,0.46134407328437177,iterative_all_layers,male,pclarc,23,0.5494353628681987,-0.09192134565268895,2.0,
high_cheekbones,0.46549618320610686,0.43230534351145045,iterative_all_layers,male,pclarc,23,0.5442137404580153,-0.07871755725190843,2.0,
male,0.5078125,0.65142822265625,iterative_all_layers,male,pclarc,23,0.98828125,-0.48046875,2.0,
mouth_slightly_open,0.48546066727884907,0.45050505050505046,iterative_all_layers,male,pclarc,23,0.5284664830119375,-0.04300581573308848,2.0,
mustache,0.48898305084745763,0.5474576271186441,iterative_all_layers,male,pclarc,23,0.6991525423728814,-0.21016949152542375,2.0,
narrow_eyes,0.5655270655270654,0.5745489078822412,iterative_all_layers,male,pclarc,23,0.5463754352643242,0.019151630262741248,2.0,
no_beard,0.45207410390656466,0.48956906967378166,iterative_all_layers,male,pclarc,23,0.5427305678614579,-0.09065646395489324,2.0,
oval_face,0.49807987711213514,0.5314900153609832,iterative_all_layers,male,pclarc,23,0.5061443932411674,-0.008064516129032306,2.0,
pale_skin,0.5171192443919717,0.499409681227863,iterative_all_layers,male,pclarc,23,0.613931523022432,-0.09681227863046038,2.0,
pointy_nose,0.5187697874265038,0.5462686567164179,iterative_all_layers,male,pclarc,23,0.49724106739032115,0.02152872003618267,2.0,
receding_hairline,0.41964285714285715,0.4321986607142857,iterative_all_layers,male,pclarc,23,0.5044642857142857,-0.08482142857142855,2.0,
rosy_cheeks,0.5364262859955697,0.5171055870046763,iterative_all_layers,male,pclarc,23,0.6265075067683977,-0.09008122077282799,2.0,
sideburns,0.37810760667903526,0.38181818181818183,iterative_all_layers,male,pclarc,23,0.6473098330241187,-0.26920222634508345,2.0,
smiling,0.5045877171519452,0.4891118179593834,iterative_all_layers,male,pclarc,23,0.8375336432591143,-0.3329459261071691,2.0,
straight_hair,0.5311688311688312,0.5014718614718614,iterative_all_layers,male,pclarc,23,0.5695238095238095,-0.038354978354978364,2.0,
wavy_hair,0.5151501068872572,0.5097127985872293,iterative_all_layers,male,pclarc,23,0.5196579607770239,-0.004507853889766711,2.0,
wearing_earrings,0.47652645861601084,0.47449118046132965,iterative_all_layers,male,pclarc,23,0.6630031659882406,-0.18647670737222977,2.0,
wearing_hat,0.5294246096735452,0.6000655093350802,iterative_all_layers,male,pclarc,23,0.9068675619609128,-0.3774429522873676,2.0,
wearing_lipstick,0.49224731390336485,0.4549958180531428,iterative_all_layers,male,pclarc,23,0.552306504535804,-0.06005919063243914,2.0,
wearing_necklace,0.5289592760180996,0.5495798319327732,iterative_all_layers,male,pclarc,23,0.6044602456367163,-0.07550096961861674,2.0,
wearing_necktie,0.5660919540229885,0.6086566091954023,iterative_all_layers,male,pclarc,23,0.5150862068965517,0.051005747126436796,2.0,
young,0.4477813852813852,0.4402732683982684,iterative_all_layers,male,pclarc,23,0.8706709956709957,-0.4228896103896105,2.0,
